NAME	GS<br> follow link to MSigDB	GS DETAILS	SIZE	ES	NES	NOM p-val	FDR q-val	FWER p-val	RANK AT MAX	LEADING EDGE	
FIBROBLAST GROWTH FACTOR RECEPTOR SIGNALING PATHWAY%GOBP%GO:0008543	FIBROBLAST GROWTH FACTOR RECEPTOR SIGNALING PATHWAY%GOBP%GO:0008543	Details ...	20	-0.68864316	-1.9109896	0.0	0.7293661	0.611	1970	tags=50%, list=16%, signal=60%	
NEGATIVE REGULATION OF MITOTIC NUCLEAR DIVISION%GOBP%GO:0045839	NEGATIVE REGULATION OF MITOTIC NUCLEAR DIVISION%GOBP%GO:0045839	Details ...	32	-0.6027693	-1.8841482	0.0025608195	0.5358691	0.746	1935	tags=41%, list=16%, signal=48%	
NEGATIVE REGULATION OF CHROMOSOME SEGREGATION%GOBP%GO:0051985	NEGATIVE REGULATION OF CHROMOSOME SEGREGATION%GOBP%GO:0051985	Details ...	27	-0.6089474	-1.8644232	0.0024539877	0.46417218	0.8265	1935	tags=41%, list=16%, signal=48%	
NEGATIVE REGULATION OF NUCLEAR DIVISION%GOBP%GO:0051784	NEGATIVE REGULATION OF NUCLEAR DIVISION%GOBP%GO:0051784	Details ...	34	-0.584726	-1.8611249	0.0	0.3619995	0.84	1935	tags=38%, list=16%, signal=45%	
CENTRAL NERVOUS SYSTEM NEURON DEVELOPMENT%GOBP%GO:0021954	CENTRAL NERVOUS SYSTEM NEURON DEVELOPMENT%GOBP%GO:0021954	Details ...	26	-0.62562484	-1.859651	0.0012315271	0.29478565	0.8455	1041	tags=31%, list=9%, signal=34%	
POSITIVE REGULATION OF FILOPODIUM ASSEMBLY%GOBP%GO:0051491	POSITIVE REGULATION OF FILOPODIUM ASSEMBLY%GOBP%GO:0051491	Details ...	17	-0.6960093	-1.8595227	0.0023337223	0.24591415	0.8455	2062	tags=65%, list=17%, signal=78%	
INTRACILIARY TRANSPORT%GOBP%GO:0042073	INTRACILIARY TRANSPORT%GOBP%GO:0042073	Details ...	31	-0.58250296	-1.8455704	0.0025062656	0.25120714	0.888	2098	tags=39%, list=17%, signal=47%	
NEGATIVE REGULATION OF CHROMOSOME SEPARATION%GOBP%GO:1905819	NEGATIVE REGULATION OF CHROMOSOME SEPARATION%GOBP%GO:1905819	Details ...	27	-0.6089474	-1.84007	0.0012437811	0.23716296	0.909	1935	tags=41%, list=16%, signal=48%	
NEGATIVE REGULATION OF MITOTIC METAPHASE/ANAPHASE TRANSITION%GOBP%GO:0045841	NEGATIVE REGULATION OF MITOTIC METAPHASE/ANAPHASE TRANSITION%GOBP%GO:0045841	Details ...	26	-0.61162716	-1.8353709	0.0	0.22242947	0.921	1935	tags=42%, list=16%, signal=50%	
NEGATIVE REGULATION OF SISTER CHROMATID SEGREGATION%GOBP%GO:0033046	NEGATIVE REGULATION OF SISTER CHROMATID SEGREGATION%GOBP%GO:0033046	Details ...	26	-0.61162716	-1.8269622	0.0	0.22172141	0.945	1935	tags=42%, list=16%, signal=50%	
NEGATIVE REGULATION OF METAPHASE/ANAPHASE TRANSITION OF CELL CYCLE%GOBP%GO:1902100	NEGATIVE REGULATION OF METAPHASE/ANAPHASE TRANSITION OF CELL CYCLE%GOBP%GO:1902100	Details ...	27	-0.6089474	-1.8240961	0.001310616	0.20970087	0.953	1935	tags=41%, list=16%, signal=48%	
CENTROMERE COMPLEX ASSEMBLY%GOBP%GO:0034508	CENTROMERE COMPLEX ASSEMBLY%GOBP%GO:0034508	Details ...	16	-0.68808097	-1.8237697	0.0011467889	0.19293873	0.9535	2163	tags=63%, list=18%, signal=76%	
NEGATIVE REGULATION OF MITOTIC SISTER CHROMATID SEGREGATION%GOBP%GO:0033048	NEGATIVE REGULATION OF MITOTIC SISTER CHROMATID SEGREGATION%GOBP%GO:0033048	Details ...	26	-0.61162716	-1.8141046	0.0036452005	0.19861339	0.973	1935	tags=42%, list=16%, signal=50%	
NEGATIVE REGULATION OF MITOTIC SISTER CHROMATID SEPARATION%GOBP%GO:2000816	NEGATIVE REGULATION OF MITOTIC SISTER CHROMATID SEPARATION%GOBP%GO:2000816	Details ...	26	-0.61162716	-1.8105727	0.0025252525	0.19196014	0.977	1935	tags=42%, list=16%, signal=50%	
PEPTIDE CATABOLIC PROCESS%GOBP%GO:0043171	PEPTIDE CATABOLIC PROCESS%GOBP%GO:0043171	Details ...	15	-0.7009184	-1.8039886	0.0032223416	0.19298887	0.9835	635	tags=33%, list=5%, signal=35%	
SPINDLE ASSEMBLY CHECKPOINT SIGNALING%GOBP%GO:0071173	SPINDLE ASSEMBLY CHECKPOINT SIGNALING%GOBP%GO:0071173	Details ...	25	-0.5965546	-1.7819725	0.004705882	0.23405498	0.995	1935	tags=40%, list=16%, signal=48%	
MITOTIC SPINDLE CHECKPOINT SIGNALING%GOBP%GO:0071174	MITOTIC SPINDLE CHECKPOINT SIGNALING%GOBP%GO:0071174	Details ...	25	-0.5965546	-1.7800108	0.002484472	0.22564201	0.996	1935	tags=40%, list=16%, signal=48%	
PID_AURORA_B_PATHWAY%MSIGDB_C2%PID_AURORA_B_PATHWAY	PID_AURORA_B_PATHWAY%MSIGDB_C2%PID_AURORA_B_PATHWAY	Details ...	21	-0.6283818	-1.7753469	0.004733728	0.22425346	0.9965	1004	tags=33%, list=8%, signal=36%	
SPINDLE CHECKPOINT SIGNALING%GOBP%GO:0031577	SPINDLE CHECKPOINT SIGNALING%GOBP%GO:0031577	Details ...	26	-0.5937554	-1.7623022	0.00622665	0.24713148	0.9985	1935	tags=38%, list=16%, signal=46%	
CELL FATE SPECIFICATION%GOBP%GO:0001708	CELL FATE SPECIFICATION%GOBP%GO:0001708	Details ...	18	-0.6431574	-1.7614629	0.0076502734	0.23700123	0.9985	1351	tags=39%, list=11%, signal=44%	
MEIOSIS%REACTOME%R-HSA-1500620.4	MEIOSIS%REACTOME%R-HSA-1500620.4		40	-0.528083	-1.7472317	0.0013262599	0.26229978	0.999	2730	tags=43%, list=23%, signal=55%	
CENTROSOME CYCLE%GOBP%GO:0007098	CENTROSOME CYCLE%GOBP%GO:0007098		76	-0.46545416	-1.7411675	0.001459854	0.26619962	0.999	2761	tags=37%, list=23%, signal=48%	
MITOTIC SPINDLE ASSEMBLY CHECKPOINT SIGNALING%GOBP%GO:0007094	MITOTIC SPINDLE ASSEMBLY CHECKPOINT SIGNALING%GOBP%GO:0007094		25	-0.5965546	-1.7322899	0.0048602675	0.2801651	1.0	1935	tags=40%, list=16%, signal=48%	
REGULATION OF FILOPODIUM ASSEMBLY%GOBP%GO:0051489	REGULATION OF FILOPODIUM ASSEMBLY%GOBP%GO:0051489		23	-0.59016395	-1.7156286	0.00952381	0.31917483	1.0	2062	tags=57%, list=17%, signal=68%	
POSITIVE REGULATION OF CHROMOSOME SEGREGATION%GOBP%GO:0051984	POSITIVE REGULATION OF CHROMOSOME SEGREGATION%GOBP%GO:0051984		28	-0.5659968	-1.7131114	0.0038071065	0.31444457	1.0	2584	tags=46%, list=21%, signal=59%	
CELLULAR RESPONSE TO FIBROBLAST GROWTH FACTOR STIMULUS%GOBP%GO:0044344	CELLULAR RESPONSE TO FIBROBLAST GROWTH FACTOR STIMULUS%GOBP%GO:0044344		31	-0.5444797	-1.7015353	0.0077619664	0.33945647	1.0	1970	tags=39%, list=16%, signal=46%	
MEIOTIC RECOMBINATION%REACTOME%R-HSA-912446.7	MEIOTIC RECOMBINATION%REACTOME%R-HSA-912446.7		20	-0.6176667	-1.6967642	0.0091743115	0.34270647	1.0	2692	tags=45%, list=22%, signal=58%	
AURORA B SIGNALING%PATHWAY INTERACTION DATABASE NCI-NATURE CURATED DATA%AURORA B SIGNALING	AURORA B SIGNALING%PATHWAY INTERACTION DATABASE NCI-NATURE CURATED DATA%AURORA B SIGNALING		36	-0.52824175	-1.687249	0.0064102565	0.36221287	1.0	1004	tags=25%, list=8%, signal=27%	
NUCLEAR RECEPTORS%WIKIPATHWAYS_20250810%WP170%HOMO SAPIENS	NUCLEAR RECEPTORS%WIKIPATHWAYS_20250810%WP170%HOMO SAPIENS		17	-0.6343373	-1.6861507	0.014134276	0.3538221	1.0	2882	tags=47%, list=24%, signal=62%	
DNA IR DOUBLE STRAND BREAKS AND CELLULAR RESPONSE VIA ATM%WIKIPATHWAYS_20250810%WP3959%HOMO SAPIENS	DNA IR DOUBLE STRAND BREAKS AND CELLULAR RESPONSE VIA ATM%WIKIPATHWAYS_20250810%WP3959%HOMO SAPIENS		43	-0.505339	-1.683864	0.0012484394	0.34999618	1.0	2402	tags=33%, list=20%, signal=41%	
RESPONSE TO FIBROBLAST GROWTH FACTOR%GOBP%GO:0071774	RESPONSE TO FIBROBLAST GROWTH FACTOR%GOBP%GO:0071774		33	-0.5290262	-1.6636456	0.008474576	0.41099218	1.0	1970	tags=36%, list=16%, signal=43%	
PRESYNAPTIC PHASE OF HOMOLOGOUS DNA PAIRING AND STRAND EXCHANGE%REACTOME%R-HSA-5693616.6	PRESYNAPTIC PHASE OF HOMOLOGOUS DNA PAIRING AND STRAND EXCHANGE%REACTOME%R-HSA-5693616.6		37	-0.513515	-1.6621577	0.006756757	0.40329117	1.0	2284	tags=35%, list=19%, signal=43%	
IMPAIRED BRCA2 BINDING TO RAD51%REACTOME%R-HSA-9709570.2	IMPAIRED BRCA2 BINDING TO RAD51%REACTOME%R-HSA-9709570.2		32	-0.5283454	-1.6495602	0.012285012	0.43855688	1.0	2284	tags=38%, list=19%, signal=46%	
REGULATION OF HEART RATE BY CARDIAC CONDUCTION%GOBP%GO:0086091	REGULATION OF HEART RATE BY CARDIAC CONDUCTION%GOBP%GO:0086091		22	-0.573733	-1.6418927	0.008423586	0.45515937	1.0	1562	tags=45%, list=13%, signal=52%	
DEVELOPMENTAL GROWTH INVOLVED IN MORPHOGENESIS%GOBP%GO:0060560	DEVELOPMENTAL GROWTH INVOLVED IN MORPHOGENESIS%GOBP%GO:0060560		40	-0.50138706	-1.6396031	0.014647137	0.4512244	1.0	1059	tags=23%, list=9%, signal=25%	
GENES RELATED TO PRIMARY CILIUM DEVELOPMENT BASED ON CRISPR %WIKIPATHWAYS_20250810%WP4536%HOMO SAPIENS	GENES RELATED TO PRIMARY CILIUM DEVELOPMENT BASED ON CRISPR %WIKIPATHWAYS_20250810%WP4536%HOMO SAPIENS		75	-0.43796092	-1.6365631	0.004769475	0.4502014	1.0	1809	tags=28%, list=15%, signal=33%	
PEPTIDE METABOLIC PROCESS%GOBP%GO:0006518	PEPTIDE METABOLIC PROCESS%GOBP%GO:0006518		36	-0.49802792	-1.6234543	0.0137157105	0.49011007	1.0	635	tags=22%, list=5%, signal=23%	
DEFECTIVE HOMOLOGOUS RECOMBINATION REPAIR (HRR) DUE TO BRCA2 LOSS OF FUNCTION%REACTOME%R-HSA-9701190.3	DEFECTIVE HOMOLOGOUS RECOMBINATION REPAIR (HRR) DUE TO BRCA2 LOSS OF FUNCTION%REACTOME%R-HSA-9701190.3		38	-0.49292132	-1.6185797	0.009271523	0.49731743	1.0	2521	tags=37%, list=21%, signal=46%	
MIRNA REGULATION OF P53 PATHWAY IN PROSTATE CANCER%WIKIPATHWAYS_20250810%WP3982%HOMO SAPIENS	MIRNA REGULATION OF P53 PATHWAY IN PROSTATE CANCER%WIKIPATHWAYS_20250810%WP3982%HOMO SAPIENS		20	-0.583407	-1.6182164	0.0121654505	0.48589674	1.0	2325	tags=55%, list=19%, signal=68%	
DISEASES OF DNA DOUBLE-STRAND BREAK REPAIR%REACTOME%R-HSA-9675136.4	DISEASES OF DNA DOUBLE-STRAND BREAK REPAIR%REACTOME%R-HSA-9675136.4		38	-0.49292132	-1.617816	0.0025773195	0.47546443	1.0	2521	tags=37%, list=21%, signal=46%	
REGULATION OF ATTACHMENT OF SPINDLE MICROTUBULES TO KINETOCHORE%GOBP%GO:0051988	REGULATION OF ATTACHMENT OF SPINDLE MICROTUBULES TO KINETOCHORE%GOBP%GO:0051988		22	-0.5624727	-1.6170267	0.017052375	0.467019	1.0	2213	tags=41%, list=18%, signal=50%	
BILE ACID BIOSYNTHETIC PROCESS%GOBP%GO:0006699	BILE ACID BIOSYNTHETIC PROCESS%GOBP%GO:0006699		16	-0.61750096	-1.6165433	0.014959724	0.45766246	1.0	1423	tags=44%, list=12%, signal=50%	
DNA DOUBLE-STRAND BREAK PROCESSING%GOBP%GO:0000729	DNA DOUBLE-STRAND BREAK PROCESSING%GOBP%GO:0000729		15	-0.61941475	-1.6150453	0.021608643	0.45318252	1.0	1916	tags=47%, list=16%, signal=55%	
DNA MISMATCH REPAIR%WIKIPATHWAYS_20250810%WP531%HOMO SAPIENS	DNA MISMATCH REPAIR%WIKIPATHWAYS_20250810%WP531%HOMO SAPIENS		18	-0.5923287	-1.6118221	0.024009604	0.45466724	1.0	1484	tags=33%, list=12%, signal=38%	
EAR MORPHOGENESIS%GOBP%GO:0042471	EAR MORPHOGENESIS%GOBP%GO:0042471		25	-0.5474774	-1.6087941	0.014167651	0.45612207	1.0	1093	tags=32%, list=9%, signal=35%	
PI3 KINASE PATHWAY%PANTHER PATHWAY%P00048	PI3 KINASE PATHWAY%PANTHER PATHWAY%P00048		32	-0.5084086	-1.6084386	0.01142132	0.44736126	1.0	2190	tags=41%, list=18%, signal=50%	
LOCOMOTORY BEHAVIOR%GOBP%GO:0007626	LOCOMOTORY BEHAVIOR%GOBP%GO:0007626		21	-0.56580585	-1.6083359	0.017381229	0.4381635	1.0	1353	tags=29%, list=11%, signal=32%	
MICROTUBULE ORGANIZING CENTER ORGANIZATION%GOBP%GO:0031023	MICROTUBULE ORGANIZING CENTER ORGANIZATION%GOBP%GO:0031023		87	-0.4218029	-1.6023493	0.0016447369	0.45128205	1.0	2761	tags=36%, list=23%, signal=46%	
HOMOLOGOUS DNA PAIRING AND STRAND EXCHANGE%REACTOME%R-HSA-5693579.5	HOMOLOGOUS DNA PAIRING AND STRAND EXCHANGE%REACTOME%R-HSA-5693579.5		40	-0.48500964	-1.6011516	0.006393862	0.44660378	1.0	2521	tags=35%, list=21%, signal=44%	
PI3K CASCADE%REACTOME DATABASE ID RELEASE 93%109704	PI3K CASCADE%REACTOME DATABASE ID RELEASE 93%109704		19	-0.5763057	-1.5997653	0.021939954	0.44243935	1.0	1957	tags=47%, list=16%, signal=56%	
REGULATION OF MITOTIC SISTER CHROMATID SEPARATION%GOBP%GO:0010965	REGULATION OF MITOTIC SISTER CHROMATID SEPARATION%GOBP%GO:0010965		52	-0.46212825	-1.5989478	0.007978723	0.43677348	1.0	1935	tags=33%, list=16%, signal=39%	
OLIGODENDROCYTE DIFFERENTIATION%GOBP%GO:0048709	OLIGODENDROCYTE DIFFERENTIATION%GOBP%GO:0048709		24	-0.5414948	-1.5983799	0.017766498	0.4305872	1.0	624	tags=25%, list=5%, signal=26%	
DISEASES OF DNA REPAIR%REACTOME%R-HSA-9675135.6	DISEASES OF DNA REPAIR%REACTOME%R-HSA-9675135.6		47	-0.4667894	-1.597654	0.015172414	0.42499417	1.0	2521	tags=34%, list=21%, signal=43%	
REGULATION OF PH%GOBP%GO:0006885	REGULATION OF PH%GOBP%GO:0006885		59	-0.44421238	-1.5975378	0.009602195	0.4175625	1.0	2149	tags=34%, list=18%, signal=41%	
CARDIAC SEPTUM MORPHOGENESIS%GOBP%GO:0060411	CARDIAC SEPTUM MORPHOGENESIS%GOBP%GO:0060411		32	-0.51317626	-1.5972996	0.0075662043	0.41088092	1.0	1003	tags=25%, list=8%, signal=27%	
HINDBRAIN DEVELOPMENT%GOBP%GO:0030902	HINDBRAIN DEVELOPMENT%GOBP%GO:0030902		21	-0.56386054	-1.5953346	0.015738498	0.41052458	1.0	3035	tags=48%, list=25%, signal=64%	
POLO-LIKE KINASE MEDIATED EVENTS%REACTOME%R-HSA-156711.4	POLO-LIKE KINASE MEDIATED EVENTS%REACTOME%R-HSA-156711.4		16	-0.609003	-1.5948582	0.019300362	0.40494797	1.0	2805	tags=50%, list=23%, signal=65%	
NEGATIVE REGULATION OF MITOTIC CELL CYCLE%GOBP%GO:0045930	NEGATIVE REGULATION OF MITOTIC CELL CYCLE%GOBP%GO:0045930		148	-0.38709226	-1.5936139	0.0	0.4022414	1.0	2402	tags=33%, list=20%, signal=41%	
NEGATIVE REGULATION OF ENDOTHELIAL CELL PROLIFERATION%GOBP%GO:0001937	NEGATIVE REGULATION OF ENDOTHELIAL CELL PROLIFERATION%GOBP%GO:0001937		21	-0.5624608	-1.589691	0.023584906	0.4079715	1.0	1419	tags=48%, list=12%, signal=54%	
RETICULOPHAGY%GOBP%GO:0061709	RETICULOPHAGY%GOBP%GO:0061709		20	-0.5666284	-1.5844688	0.018604651	0.41857916	1.0	1612	tags=30%, list=13%, signal=35%	
RENAL WATER HOMEOSTASIS%GOBP%GO:0003091	RENAL WATER HOMEOSTASIS%GOBP%GO:0003091		16	-0.5903517	-1.5782039	0.022883296	0.4325306	1.0	200	tags=19%, list=2%, signal=19%	
IRS-MEDIATED SIGNALLING%REACTOME DATABASE ID RELEASE 93%112399	IRS-MEDIATED SIGNALLING%REACTOME DATABASE ID RELEASE 93%112399		22	-0.55262065	-1.5765349	0.022277229	0.4310206	1.0	2190	tags=50%, list=18%, signal=61%	
MEIOSIS I%GOBP%GO:0007127	MEIOSIS I%GOBP%GO:0007127		45	-0.47487536	-1.5763028	0.0138121545	0.42490032	1.0	2014	tags=33%, list=17%, signal=40%	
MEIOSIS I CELL CYCLE PROCESS%GOBP%GO:0061982	MEIOSIS I CELL CYCLE PROCESS%GOBP%GO:0061982		47	-0.4614526	-1.5748948	0.010709505	0.42290807	1.0	2014	tags=32%, list=17%, signal=38%	
INSULIN RECEPTOR SIGNALING PATHWAY%GOBP%GO:0008286	INSULIN RECEPTOR SIGNALING PATHWAY%GOBP%GO:0008286		43	-0.46998635	-1.5733577	0.015006822	0.42164892	1.0	2315	tags=47%, list=19%, signal=57%	
INNER EAR MORPHOGENESIS%GOBP%GO:0042472	INNER EAR MORPHOGENESIS%GOBP%GO:0042472		22	-0.54717344	-1.5683609	0.02237927	0.43233648	1.0	872	tags=32%, list=7%, signal=34%	
REGULATION OF MITOTIC SISTER CHROMATID SEGREGATION%GOBP%GO:0033047	REGULATION OF MITOTIC SISTER CHROMATID SEGREGATION%GOBP%GO:0033047		47	-0.45514187	-1.5678568	0.011857707	0.42754743	1.0	2267	tags=34%, list=19%, signal=42%	
TRANSCRIPTIONAL REGULATION BY MECP2%REACTOME%R-HSA-8986944.4	TRANSCRIPTIONAL REGULATION BY MECP2%REACTOME%R-HSA-8986944.4		42	-0.46830577	-1.5662793	0.021650879	0.4270503	1.0	540	tags=19%, list=4%, signal=20%	
PROTEIN LOCALIZATION TO CENTROSOME%GOBP%GO:0071539	PROTEIN LOCALIZATION TO CENTROSOME%GOBP%GO:0071539		19	-0.55857754	-1.5636523	0.02948403	0.42963907	1.0	3149	tags=58%, list=26%, signal=78%	
CILIOPATHIES%WIKIPATHWAYS_20250810%WP4803%HOMO SAPIENS	CILIOPATHIES%WIKIPATHWAYS_20250810%WP4803%HOMO SAPIENS		106	-0.39542162	-1.5596977	0.0017241379	0.43711382	1.0	3985	tags=50%, list=33%, signal=74%	
RECEPTOR RECYCLING%GOBP%GO:0001881	RECEPTOR RECYCLING%GOBP%GO:0001881		17	-0.5766748	-1.5535666	0.03782506	0.45168245	1.0	3205	tags=53%, list=27%, signal=72%	
NEGATIVE REGULATION OF AXONOGENESIS%GOBP%GO:0050771	NEGATIVE REGULATION OF AXONOGENESIS%GOBP%GO:0050771		17	-0.58923745	-1.550338	0.02913753	0.45691538	1.0	2196	tags=53%, list=18%, signal=65%	
KIDNEY DEVELOPMENT%REACTOME%R-HSA-9830369.1	KIDNEY DEVELOPMENT%REACTOME%R-HSA-9830369.1		23	-0.5279176	-1.5484952	0.020556228	0.4575314	1.0	1351	tags=30%, list=11%, signal=34%	
IGF1R SIGNALING CASCADE%REACTOME%R-HSA-2428924.4	IGF1R SIGNALING CASCADE%REACTOME%R-HSA-2428924.4		24	-0.52042794	-1.546142	0.03589109	0.45946726	1.0	2190	tags=46%, list=18%, signal=56%	
MITOTIC SISTER CHROMATID COHESION%GOBP%GO:0007064	MITOTIC SISTER CHROMATID COHESION%GOBP%GO:0007064		19	-0.56568795	-1.5446068	0.030120483	0.45848268	1.0	2730	tags=53%, list=23%, signal=68%	
PROTEIN-DNA COMPLEX ASSEMBLY%GOBP%GO:0065004	PROTEIN-DNA COMPLEX ASSEMBLY%GOBP%GO:0065004		108	-0.39035922	-1.5421444	0.003407155	0.4610267	1.0	2918	tags=32%, list=24%, signal=42%	
CHONDROCYTE DIFFERENTIATION%GOBP%GO:0002062	CHONDROCYTE DIFFERENTIATION%GOBP%GO:0002062		26	-0.5166621	-1.5362405	0.032258064	0.4754543	1.0	844	tags=35%, list=7%, signal=37%	
DENDRITE MORPHOGENESIS%GOBP%GO:0048813	DENDRITE MORPHOGENESIS%GOBP%GO:0048813		28	-0.5078079	-1.5336627	0.030624263	0.47851166	1.0	2152	tags=43%, list=18%, signal=52%	
PROTEIN LOCALIZATION TO MICROTUBULE ORGANIZING CENTER%GOBP%GO:1905508	PROTEIN LOCALIZATION TO MICROTUBULE ORGANIZING CENTER%GOBP%GO:1905508		19	-0.55857754	-1.5315613	0.030788178	0.47988912	1.0	3149	tags=58%, list=26%, signal=78%	
SIGNALING BY TYPE 1 INSULIN-LIKE GROWTH FACTOR 1 RECEPTOR (IGF1R)%REACTOME%R-HSA-2404192.5	SIGNALING BY TYPE 1 INSULIN-LIKE GROWTH FACTOR 1 RECEPTOR (IGF1R)%REACTOME%R-HSA-2404192.5		24	-0.52042794	-1.529616	0.03533569	0.48088127	1.0	2190	tags=46%, list=18%, signal=56%	
BONE MORPHOGENESIS%GOBP%GO:0060349	BONE MORPHOGENESIS%GOBP%GO:0060349		25	-0.5142071	-1.5290977	0.036719706	0.4768089	1.0	896	tags=32%, list=7%, signal=35%	
DNA REPAIR PATHWAYS FULL NETWORK%WIKIPATHWAYS_20250810%WP4946%HOMO SAPIENS	DNA REPAIR PATHWAYS FULL NETWORK%WIKIPATHWAYS_20250810%WP4946%HOMO SAPIENS		90	-0.40127242	-1.5267522	0.004854369	0.47932526	1.0	2807	tags=36%, list=23%, signal=46%	
POSITIVE REGULATION OF GLUCOSE METABOLIC PROCESS%GOBP%GO:0010907	POSITIVE REGULATION OF GLUCOSE METABOLIC PROCESS%GOBP%GO:0010907		24	-0.52607495	-1.5251433	0.032846715	0.47929746	1.0	1778	tags=42%, list=15%, signal=49%	
GOLGI TO ENDOSOME TRANSPORT%GOBP%GO:0006895	GOLGI TO ENDOSOME TRANSPORT%GOBP%GO:0006895		15	-0.586324	-1.5245864	0.03976608	0.4757435	1.0	2621	tags=53%, list=22%, signal=68%	
SIGNALING BY FGFR2 IN DISEASE%REACTOME%R-HSA-5655253.3	SIGNALING BY FGFR2 IN DISEASE%REACTOME%R-HSA-5655253.3		27	-0.4987151	-1.5226771	0.02997602	0.47688085	1.0	2190	tags=30%, list=18%, signal=36%	
3Q29 COPY NUMBER VARIATION SYNDROME%WIKIPATHWAYS_20250810%WP4906%HOMO SAPIENS	3Q29 COPY NUMBER VARIATION SYNDROME%WIKIPATHWAYS_20250810%WP4906%HOMO SAPIENS		35	-0.4844104	-1.5216993	0.020725388	0.47479865	1.0	1734	tags=34%, list=14%, signal=40%	
MULTICELLULAR ORGANISMAL-LEVEL WATER HOMEOSTASIS%GOBP%GO:0050891	MULTICELLULAR ORGANISMAL-LEVEL WATER HOMEOSTASIS%GOBP%GO:0050891		21	-0.53440696	-1.5172411	0.04884005	0.48478007	1.0	200	tags=19%, list=2%, signal=19%	
ENERGY HOMEOSTASIS%GOBP%GO:0097009	ENERGY HOMEOSTASIS%GOBP%GO:0097009		29	-0.49477044	-1.5151451	0.03580247	0.48650476	1.0	1798	tags=31%, list=15%, signal=36%	
IRS-RELATED EVENTS TRIGGERED BY IGF1R%REACTOME%R-HSA-2428928.3	IRS-RELATED EVENTS TRIGGERED BY IGF1R%REACTOME%R-HSA-2428928.3		24	-0.52042794	-1.5147995	0.03136763	0.48222715	1.0	2190	tags=46%, list=18%, signal=56%	
INSULIN IGF PATHWAY-PROTEIN KINASE B SIGNALING CASCADE%PANTHER PATHWAY%P00033	INSULIN IGF PATHWAY-PROTEIN KINASE B SIGNALING CASCADE%PANTHER PATHWAY%P00033		17	-0.55921966	-1.5135148	0.043829296	0.48128104	1.0	1714	tags=41%, list=14%, signal=48%	
RETINOBLASTOMA GENE IN CANCER%WIKIPATHWAYS_20250810%WP2446%HOMO SAPIENS	RETINOBLASTOMA GENE IN CANCER%WIKIPATHWAYS_20250810%WP2446%HOMO SAPIENS		68	-0.41070488	-1.5112952	0.013119534	0.48354214	1.0	3055	tags=43%, list=25%, signal=57%	
HOMOLOGOUS RECOMBINATION%GOBP%GO:0035825	HOMOLOGOUS RECOMBINATION%GOBP%GO:0035825		39	-0.45720577	-1.5064821	0.020718232	0.4951481	1.0	2056	tags=33%, list=17%, signal=40%	
MIRNA REGULATION OF DNA DAMAGE RESPONSE%WIKIPATHWAYS_20250810%WP1530%HOMO SAPIENS	MIRNA REGULATION OF DNA DAMAGE RESPONSE%WIKIPATHWAYS_20250810%WP1530%HOMO SAPIENS		56	-0.42414317	-1.4987115	0.023154847	0.5181286	1.0	2325	tags=38%, list=19%, signal=46%	
REGULATION OF LYSOSOMAL LUMEN PH%GOBP%GO:0035751	REGULATION OF LYSOSOMAL LUMEN PH%GOBP%GO:0035751		26	-0.50387424	-1.495977	0.03968254	0.52296406	1.0	2149	tags=35%, list=18%, signal=42%	
MESODERMAL COMMITMENT PATHWAY%WIKIPATHWAYS_20250810%WP2857%HOMO SAPIENS	MESODERMAL COMMITMENT PATHWAY%WIKIPATHWAYS_20250810%WP2857%HOMO SAPIENS		91	-0.38912678	-1.4951527	0.008474576	0.52031773	1.0	1633	tags=27%, list=14%, signal=32%	
RESOLUTION OF SISTER CHROMATID COHESION%REACTOME DATABASE ID RELEASE 93%2500257	RESOLUTION OF SISTER CHROMATID COHESION%REACTOME DATABASE ID RELEASE 93%2500257		96	-0.3852378	-1.4912461	0.0097402595	0.52948457	1.0	2749	tags=41%, list=23%, signal=52%	
CENTROSOME DUPLICATION%GOBP%GO:0051298	CENTROSOME DUPLICATION%GOBP%GO:0051298		33	-0.46728143	-1.4903517	0.025316456	0.52734035	1.0	725	tags=21%, list=6%, signal=23%	
NEGATIVE REGULATION OF MITOTIC CELL CYCLE PHASE TRANSITION%GOBP%GO:1901991	NEGATIVE REGULATION OF MITOTIC CELL CYCLE PHASE TRANSITION%GOBP%GO:1901991		116	-0.37136498	-1.4890295	0.0	0.5265217	1.0	2056	tags=29%, list=17%, signal=35%	
ACTIVATION OF THE PRE-REPLICATIVE COMPLEX%REACTOME%R-HSA-68962.6	ACTIVATION OF THE PRE-REPLICATIVE COMPLEX%REACTOME%R-HSA-68962.6		32	-0.4782091	-1.4880102	0.031407036	0.5251005	1.0	3699	tags=50%, list=31%, signal=72%	
MARKERS OF KIDNEY CELL LINEAGE%WIKIPATHWAYS_20250810%WP5236%HOMO SAPIENS	MARKERS OF KIDNEY CELL LINEAGE%WIKIPATHWAYS_20250810%WP5236%HOMO SAPIENS		23	-0.5118579	-1.4854151	0.04332553	0.5297729	1.0	380	tags=26%, list=3%, signal=27%	
FOXO-MEDIATED TRANSCRIPTION OF CELL DEATH GENES%REACTOME DATABASE ID RELEASE 93%9614657	FOXO-MEDIATED TRANSCRIPTION OF CELL DEATH GENES%REACTOME DATABASE ID RELEASE 93%9614657		15	-0.57945186	-1.4848515	0.043123543	0.52667767	1.0	1060	tags=27%, list=9%, signal=29%	
DEFECTIVE HOMOLOGOUS RECOMBINATION REPAIR (HRR) DUE TO BRCA1 LOSS OF FUNCTION%REACTOME%R-HSA-9701192.4	DEFECTIVE HOMOLOGOUS RECOMBINATION REPAIR (HRR) DUE TO BRCA1 LOSS OF FUNCTION%REACTOME%R-HSA-9701192.4		23	-0.50688	-1.4818219	0.04795322	0.5328635	1.0	3835	tags=52%, list=32%, signal=76%	
DIOL BIOSYNTHETIC PROCESS%GOBP%GO:0034312	DIOL BIOSYNTHETIC PROCESS%GOBP%GO:0034312		16	-0.56182843	-1.4809576	0.04472477	0.530957	1.0	521	tags=19%, list=4%, signal=20%	
RND3 GTPASE CYCLE%REACTOME DATABASE ID RELEASE 93%9696264	RND3 GTPASE CYCLE%REACTOME DATABASE ID RELEASE 93%9696264		39	-0.45443472	-1.4786453	0.03152585	0.53442127	1.0	2501	tags=49%, list=21%, signal=61%	
INOSITOL PHOSPHATE METABOLISM%REACTOME DATABASE ID RELEASE 93%1483249	INOSITOL PHOSPHATE METABOLISM%REACTOME DATABASE ID RELEASE 93%1483249		36	-0.45770097	-1.4775889	0.04187192	0.5332021	1.0	2902	tags=36%, list=24%, signal=47%	
MESONEPHROS DEVELOPMENT%GOBP%GO:0001823	MESONEPHROS DEVELOPMENT%GOBP%GO:0001823		17	-0.5503457	-1.4757478	0.062713794	0.5355192	1.0	896	tags=41%, list=7%, signal=44%	
MESONEPHRIC EPITHELIUM DEVELOPMENT%GOBP%GO:0072163	MESONEPHRIC EPITHELIUM DEVELOPMENT%GOBP%GO:0072163		16	-0.55215794	-1.4737978	0.05344418	0.53775656	1.0	896	tags=44%, list=7%, signal=47%	
MECP2 AND ASSOCIATED RETT SYNDROME%WIKIPATHWAYS_20250810%WP3584%HOMO SAPIENS	MECP2 AND ASSOCIATED RETT SYNDROME%WIKIPATHWAYS_20250810%WP3584%HOMO SAPIENS		42	-0.4403909	-1.4729816	0.019505851	0.53603566	1.0	1597	tags=29%, list=13%, signal=33%	
RESOLUTION OF D-LOOP STRUCTURES THROUGH SYNTHESIS-DEPENDENT STRAND ANNEALING (SDSA)%REACTOME%R-HSA-5693554.3	RESOLUTION OF D-LOOP STRUCTURES THROUGH SYNTHESIS-DEPENDENT STRAND ANNEALING (SDSA)%REACTOME%R-HSA-5693554.3		24	-0.50111204	-1.4723368	0.04511278	0.53335285	1.0	3835	tags=50%, list=32%, signal=73%	
REGULATION OF CHROMOSOME SEPARATION%GOBP%GO:1905818	REGULATION OF CHROMOSOME SEPARATION%GOBP%GO:1905818		65	-0.39862454	-1.4694778	0.016616315	0.53892946	1.0	2053	tags=32%, list=17%, signal=39%	
RESPONSE TO CALCIUM ION%GOBP%GO:0051592	RESPONSE TO CALCIUM ION%GOBP%GO:0051592		59	-0.41322967	-1.4684914	0.012931035	0.53762996	1.0	2237	tags=32%, list=19%, signal=39%	
IMPAIRED BRCA2 BINDING TO PALB2%REACTOME%R-HSA-9709603.2	IMPAIRED BRCA2 BINDING TO PALB2%REACTOME%R-HSA-9709603.2		23	-0.50688	-1.4684533	0.046436284	0.5329407	1.0	3835	tags=52%, list=32%, signal=76%	
REGULATION OF GLUCOSE METABOLIC PROCESS%GOBP%GO:0010906	REGULATION OF GLUCOSE METABOLIC PROCESS%GOBP%GO:0010906		48	-0.42570156	-1.4594122	0.02328767	0.56149256	1.0	1807	tags=29%, list=15%, signal=34%	
BIOCARTA_CELLCYCLE_PATHWAY%MSIGDB_C2%BIOCARTA_CELLCYCLE_PATHWAY	BIOCARTA_CELLCYCLE_PATHWAY%MSIGDB_C2%BIOCARTA_CELLCYCLE_PATHWAY		19	-0.5243209	-1.4585497	0.05582524	0.55968463	1.0	2031	tags=32%, list=17%, signal=38%	
DEFECTIVE HDR THROUGH HOMOLOGOUS RECOMBINATION REPAIR (HRR) DUE TO PALB2 LOSS OF BRCA2 RAD51 RAD51C BINDING FUNCTION%REACTOME DATABASE ID RELEASE 93%9704646	DEFECTIVE HDR THROUGH HOMOLOGOUS RECOMBINATION REPAIR (HRR) DUE TO PALB2 LOSS OF BRCA2 RAD51 RAD51C BINDING FUNCTION%REACTOME DATABASE ID RELEASE 93%9704646		23	-0.50688	-1.4579262	0.065398335	0.5571354	1.0	3835	tags=52%, list=32%, signal=76%	
MICROTUBULE-BASED TRANSPORT%GOBP%GO:0099111	MICROTUBULE-BASED TRANSPORT%GOBP%GO:0099111		120	-0.36620778	-1.4578767	0.007168459	0.5525286	1.0	2501	tags=33%, list=21%, signal=41%	
HALLMARK_SPERMATOGENESIS%MSIGDBHALLMARK%HALLMARK_SPERMATOGENESIS	HALLMARK_SPERMATOGENESIS%MSIGDBHALLMARK%HALLMARK_SPERMATOGENESIS		47	-0.4286786	-1.4577909	0.037383176	0.5481176	1.0	2341	tags=36%, list=19%, signal=45%	
PROTEIN LOCALIZATION TO CHROMOSOME, CENTROMERIC REGION%GOBP%GO:0071459	PROTEIN LOCALIZATION TO CHROMOSOME, CENTROMERIC REGION%GOBP%GO:0071459		16	-0.54889685	-1.4549664	0.07311586	0.5540958	1.0	1715	tags=31%, list=14%, signal=36%	
DNA DAMAGE RESPONSE%WIKIPATHWAYS_20250810%WP707%HOMO SAPIENS	DNA DAMAGE RESPONSE%WIKIPATHWAYS_20250810%WP707%HOMO SAPIENS		55	-0.4113748	-1.4547377	0.026785715	0.5502868	1.0	2325	tags=36%, list=19%, signal=45%	
BILE ACID METABOLIC PROCESS%GOBP%GO:0008206	BILE ACID METABOLIC PROCESS%GOBP%GO:0008206		20	-0.51910317	-1.4545102	0.062801935	0.5464826	1.0	1423	tags=35%, list=12%, signal=40%	
DEFECTIVE HDR THROUGH HOMOLOGOUS RECOMBINATION REPAIR (HRR) DUE TO PALB2 LOSS OF BRCA1 BINDING FUNCTION%REACTOME%R-HSA-9704331.4	DEFECTIVE HDR THROUGH HOMOLOGOUS RECOMBINATION REPAIR (HRR) DUE TO PALB2 LOSS OF BRCA1 BINDING FUNCTION%REACTOME%R-HSA-9704331.4		23	-0.50688	-1.4539748	0.047732696	0.5440182	1.0	3835	tags=52%, list=32%, signal=76%	
REGULATION OF NEUROTRANSMITTER SECRETION%GOBP%GO:0046928	REGULATION OF NEUROTRANSMITTER SECRETION%GOBP%GO:0046928		28	-0.47892562	-1.4535832	0.044080604	0.5410346	1.0	2572	tags=43%, list=21%, signal=54%	
DEFECTIVE HOMOLOGOUS RECOMBINATION REPAIR (HRR) DUE TO PALB2 LOSS OF FUNCTION%REACTOME DATABASE ID RELEASE 93%9701193	DEFECTIVE HOMOLOGOUS RECOMBINATION REPAIR (HRR) DUE TO PALB2 LOSS OF FUNCTION%REACTOME DATABASE ID RELEASE 93%9701193		23	-0.50688	-1.4517329	0.06370192	0.5434764	1.0	3835	tags=52%, list=32%, signal=76%	
SYNTHESIS OF IP3 AND IP4 IN THE CYTOSOL%REACTOME%R-HSA-1855204.5	SYNTHESIS OF IP3 AND IP4 IN THE CYTOSOL%REACTOME%R-HSA-1855204.5		19	-0.5272247	-1.4499278	0.045673076	0.5457177	1.0	828	tags=21%, list=7%, signal=23%	
HALLMARK_E2F_TARGETS%MSIGDBHALLMARK%HALLMARK_E2F_TARGETS	HALLMARK_E2F_TARGETS%MSIGDBHALLMARK%HALLMARK_E2F_TARGETS		159	-0.34641635	-1.4495201	0.0019607844	0.54290223	1.0	2264	tags=32%, list=19%, signal=39%	
MESONEPHRIC TUBULE DEVELOPMENT%GOBP%GO:0072164	MESONEPHRIC TUBULE DEVELOPMENT%GOBP%GO:0072164		16	-0.55215794	-1.4484841	0.06370876	0.54242885	1.0	896	tags=44%, list=7%, signal=47%	
NEGATIVE REGULATION OF ACTIN FILAMENT DEPOLYMERIZATION%GOBP%GO:0030835	NEGATIVE REGULATION OF ACTIN FILAMENT DEPOLYMERIZATION%GOBP%GO:0030835		17	-0.5435928	-1.4481946	0.06973995	0.53914857	1.0	1877	tags=53%, list=16%, signal=63%	
FANCONI ANEMIA PATHWAY%PATHWAY INTERACTION DATABASE NCI-NATURE CURATED DATA%FANCONI ANEMIA PATHWAY	FANCONI ANEMIA PATHWAY%PATHWAY INTERACTION DATABASE NCI-NATURE CURATED DATA%FANCONI ANEMIA PATHWAY		41	-0.43478128	-1.4449606	0.030985916	0.54675967	1.0	2521	tags=39%, list=21%, signal=49%	
SYNTHESIS OF BILE ACIDS AND BILE SALTS%REACTOME%R-HSA-192105.4	SYNTHESIS OF BILE ACIDS AND BILE SALTS%REACTOME%R-HSA-192105.4		20	-0.5185872	-1.4442557	0.06513872	0.54516983	1.0	2882	tags=55%, list=24%, signal=72%	
PHOSPHATIDYLGLYCEROL METABOLIC PROCESS%GOBP%GO:0046471	PHOSPHATIDYLGLYCEROL METABOLIC PROCESS%GOBP%GO:0046471		18	-0.53357846	-1.4440675	0.062283736	0.5416312	1.0	1838	tags=44%, list=15%, signal=52%	
CHK1 CHK2(CDS1) MEDIATED INACTIVATION OF CYCLIN B:CDK1 COMPLEX%REACTOME%R-HSA-75035.6	CHK1 CHK2(CDS1) MEDIATED INACTIVATION OF CYCLIN B:CDK1 COMPLEX%REACTOME%R-HSA-75035.6		15	-0.56075335	-1.4439833	0.061904762	0.53778946	1.0	538	tags=27%, list=4%, signal=28%	
RESPONSE TO BMP%GOBP%GO:0071772	RESPONSE TO BMP%GOBP%GO:0071772		31	-0.46067867	-1.4425775	0.0563204	0.5386853	1.0	989	tags=32%, list=8%, signal=35%	
INTERACTOME OF POLYCOMB REPRESSIVE COMPLEX 2 PRC2 %WIKIPATHWAYS_20250810%WP2916%HOMO SAPIENS	INTERACTOME OF POLYCOMB REPRESSIVE COMPLEX 2 PRC2 %WIKIPATHWAYS_20250810%WP2916%HOMO SAPIENS		15	-0.560983	-1.4401598	0.070930235	0.5433047	1.0	2899	tags=53%, list=24%, signal=70%	
MEIOTIC NUCLEAR DIVISION%GOBP%GO:0140013	MEIOTIC NUCLEAR DIVISION%GOBP%GO:0140013		64	-0.40130848	-1.4400274	0.03665689	0.5396729	1.0	2350	tags=33%, list=20%, signal=41%	
REGULATION OF CELLULAR PH%GOBP%GO:0030641	REGULATION OF CELLULAR PH%GOBP%GO:0030641		57	-0.40604997	-1.4392786	0.028064992	0.53836375	1.0	2149	tags=32%, list=18%, signal=38%	
MITOTIC CELL CYCLE CHECKPOINT SIGNALING%GOBP%GO:0007093	MITOTIC CELL CYCLE CHECKPOINT SIGNALING%GOBP%GO:0007093		93	-0.3751878	-1.4387397	0.013157895	0.5363012	1.0	2402	tags=28%, list=20%, signal=35%	
REGULATION OF INTRACELLULAR PH%GOBP%GO:0051453	REGULATION OF INTRACELLULAR PH%GOBP%GO:0051453		56	-0.40744573	-1.436898	0.030478954	0.5390916	1.0	2149	tags=32%, list=18%, signal=39%	
CARDIAC CONDUCTION SYSTEM DEVELOPMENT%GOBP%GO:0003161	CARDIAC CONDUCTION SYSTEM DEVELOPMENT%GOBP%GO:0003161		18	-0.5311615	-1.4362345	0.06658596	0.53754246	1.0	1003	tags=28%, list=8%, signal=30%	
BIOCARTA_ATRBRCA_PATHWAY%MSIGDB_C2%BIOCARTA_ATRBRCA_PATHWAY	BIOCARTA_ATRBRCA_PATHWAY%MSIGDB_C2%BIOCARTA_ATRBRCA_PATHWAY		20	-0.5073202	-1.4357126	0.056712963	0.53553855	1.0	2284	tags=40%, list=19%, signal=49%	
SISTER CHROMATID COHESION%GOBP%GO:0007062	SISTER CHROMATID COHESION%GOBP%GO:0007062		35	-0.4391547	-1.4355278	0.03841229	0.5324268	1.0	2874	tags=43%, list=24%, signal=56%	
HAIR FOLLICLE DEVELOPMENT CYTODIFFERENTIATION STAGE 3 OF 3%WIKIPATHWAYS_20250810%WP2840%HOMO SAPIENS	HAIR FOLLICLE DEVELOPMENT CYTODIFFERENTIATION STAGE 3 OF 3%WIKIPATHWAYS_20250810%WP2840%HOMO SAPIENS		47	-0.424499	-1.4341887	0.028493894	0.53311455	1.0	1610	tags=32%, list=13%, signal=37%	
CELLULAR RESPONSE TO BMP STIMULUS%GOBP%GO:0071773	CELLULAR RESPONSE TO BMP STIMULUS%GOBP%GO:0071773		31	-0.46067867	-1.4327413	0.055137843	0.5343209	1.0	989	tags=32%, list=8%, signal=35%	
CELLULAR RESPONSE TO METAL ION%GOBP%GO:0071248	CELLULAR RESPONSE TO METAL ION%GOBP%GO:0071248		64	-0.39597455	-1.4310862	0.032934133	0.5362752	1.0	2400	tags=38%, list=20%, signal=47%	
ENDODERM DIFFERENTIATION%WIKIPATHWAYS_20250810%WP2853%HOMO SAPIENS	ENDODERM DIFFERENTIATION%WIKIPATHWAYS_20250810%WP2853%HOMO SAPIENS		91	-0.37014768	-1.4303831	0.019261638	0.5349209	1.0	2257	tags=33%, list=19%, signal=40%	
HDR THROUGH HOMOLOGOUS RECOMBINATION (HRR)%REACTOME%R-HSA-5685942.4	HDR THROUGH HOMOLOGOUS RECOMBINATION (HRR)%REACTOME%R-HSA-5685942.4		62	-0.4011768	-1.4300145	0.02894356	0.53249866	1.0	2692	tags=34%, list=22%, signal=43%	
DENDRITE DEVELOPMENT%GOBP%GO:0016358	DENDRITE DEVELOPMENT%GOBP%GO:0016358		40	-0.4376341	-1.4299092	0.04489796	0.5292019	1.0	2152	tags=38%, list=18%, signal=46%	
TRANSPORT ALONG MICROTUBULE%GOBP%GO:0010970	TRANSPORT ALONG MICROTUBULE%GOBP%GO:0010970		112	-0.35775253	-1.4290607	0.010309278	0.5284605	1.0	2501	tags=32%, list=21%, signal=40%	
PROTEIN LOCALIZATION TO MICROTUBULE CYTOSKELETON%GOBP%GO:0072698	PROTEIN LOCALIZATION TO MICROTUBULE CYTOSKELETON%GOBP%GO:0072698		32	-0.45586267	-1.4286492	0.040868454	0.5263085	1.0	3163	tags=50%, list=26%, signal=68%	
NUCLEOSOME ASSEMBLY%REACTOME DATABASE ID RELEASE 93%774815	NUCLEOSOME ASSEMBLY%REACTOME DATABASE ID RELEASE 93%774815		23	-0.48927924	-1.4266388	0.07047388	0.52980983	1.0	2361	tags=48%, list=20%, signal=59%	
URETERIC BUD DEVELOPMENT%GOBP%GO:0001657	URETERIC BUD DEVELOPMENT%GOBP%GO:0001657		15	-0.55403394	-1.4265442	0.07756563	0.52663386	1.0	896	tags=47%, list=7%, signal=50%	
REGULATION OF G2/M TRANSITION OF MITOTIC CELL CYCLE%GOBP%GO:0010389	REGULATION OF G2/M TRANSITION OF MITOTIC CELL CYCLE%GOBP%GO:0010389		77	-0.38263613	-1.426121	0.024024025	0.52466524	1.0	2376	tags=31%, list=20%, signal=39%	
NUCLEAR CHROMOSOME SEGREGATION%GOBP%GO:0098813	NUCLEAR CHROMOSOME SEGREGATION%GOBP%GO:0098813		150	-0.3427088	-1.4258028	0.007968128	0.5223686	1.0	1935	tags=26%, list=16%, signal=31%	
POSTREPLICATION REPAIR%GOBP%GO:0006301	POSTREPLICATION REPAIR%GOBP%GO:0006301		31	-0.456732	-1.4251546	0.056234717	0.5211581	1.0	2793	tags=48%, list=23%, signal=63%	
PIGMENTATION%GOBP%GO:0043473	PIGMENTATION%GOBP%GO:0043473		60	-0.39820024	-1.424166	0.040502794	0.52108496	1.0	3220	tags=43%, list=27%, signal=59%	
DISASSEMBLY OF THE DESTRUCTION COMPLEX AND RECRUITMENT OF AXIN TO THE MEMBRANE%REACTOME DATABASE ID RELEASE 93%4641262	DISASSEMBLY OF THE DESTRUCTION COMPLEX AND RECRUITMENT OF AXIN TO THE MEMBRANE%REACTOME DATABASE ID RELEASE 93%4641262		27	-0.472697	-1.4189972	0.06609547	0.53536344	1.0	1443	tags=33%, list=12%, signal=38%	
P53 PATHWAY FEEDBACK LOOPS 2%PANTHER PATHWAY%P04398	P53 PATHWAY FEEDBACK LOOPS 2%PANTHER PATHWAY%P04398		35	-0.44124055	-1.4184979	0.0513834	0.53373605	1.0	2312	tags=43%, list=19%, signal=53%	
ACTIVATION OF ATR IN RESPONSE TO REPLICATION STRESS%REACTOME%R-HSA-176187.4	ACTIVATION OF ATR IN RESPONSE TO REPLICATION STRESS%REACTOME%R-HSA-176187.4		36	-0.44582197	-1.4179957	0.051114023	0.53191334	1.0	3671	tags=47%, list=30%, signal=68%	
FGFR2 MUTANT RECEPTOR ACTIVATION%REACTOME%R-HSA-1839126.4	FGFR2 MUTANT RECEPTOR ACTIVATION%REACTOME%R-HSA-1839126.4		19	-0.51828104	-1.4166399	0.08742515	0.533142	1.0	191	tags=11%, list=2%, signal=11%	
REPLICATION FORK PROCESSING%GOBP%GO:0031297	REPLICATION FORK PROCESSING%GOBP%GO:0031297		42	-0.4264333	-1.4162686	0.03956344	0.5310214	1.0	2284	tags=38%, list=19%, signal=47%	
PID_ATM_PATHWAY%MSIGDB_C2%PID_ATM_PATHWAY	PID_ATM_PATHWAY%MSIGDB_C2%PID_ATM_PATHWAY		22	-0.48653442	-1.4149581	0.0729927	0.5322502	1.0	2056	tags=32%, list=17%, signal=38%	
RESOLUTION OF D-LOOP STRUCTURES THROUGH HOLLIDAY JUNCTION INTERMEDIATES%REACTOME%R-HSA-5693568.6	RESOLUTION OF D-LOOP STRUCTURES THROUGH HOLLIDAY JUNCTION INTERMEDIATES%REACTOME%R-HSA-5693568.6		30	-0.458674	-1.4143919	0.055762082	0.530924	1.0	2692	tags=33%, list=22%, signal=43%	
DNA STRAND ELONGATION%GOBP%GO:0022616	DNA STRAND ELONGATION%GOBP%GO:0022616		18	-0.52052236	-1.4128937	0.07966706	0.53266203	1.0	1484	tags=39%, list=12%, signal=44%	
SIGNALING BY FGFR2 IIIA TM%REACTOME%R-HSA-8851708.2	SIGNALING BY FGFR2 IIIA TM%REACTOME%R-HSA-8851708.2		19	-0.518281	-1.4128412	0.08859223	0.529568	1.0	191	tags=11%, list=2%, signal=11%	
DEVELOPMENTAL GROWTH%GOBP%GO:0048589	DEVELOPMENTAL GROWTH%GOBP%GO:0048589		83	-0.36522728	-1.4121108	0.021472393	0.5288027	1.0	1227	tags=20%, list=10%, signal=23%	
HEDGEHOG%IOB%HEDGEHOG	HEDGEHOG%IOB%HEDGEHOG		18	-0.5209726	-1.4112862	0.07590362	0.52835464	1.0	3905	tags=44%, list=32%, signal=66%	
REGULATION OF SISTER CHROMATID SEGREGATION%GOBP%GO:0033045	REGULATION OF SISTER CHROMATID SEGREGATION%GOBP%GO:0033045		89	-0.3640262	-1.4096658	0.022012578	0.530838	1.0	2041	tags=25%, list=17%, signal=30%	
ATTACHMENT OF MITOTIC SPINDLE MICROTUBULES TO KINETOCHORE%GOBP%GO:0051315	ATTACHMENT OF MITOTIC SPINDLE MICROTUBULES TO KINETOCHORE%GOBP%GO:0051315		16	-0.5412112	-1.4094716	0.08523409	0.5283531	1.0	2907	tags=56%, list=24%, signal=74%	
NUCLEAR DIVISION%GOBP%GO:0000280	NUCLEAR DIVISION%GOBP%GO:0000280		190	-0.32832044	-1.4090463	0.0062761507	0.5266239	1.0	1908	tags=25%, list=16%, signal=30%	
DEPOSITION OF NEW CENPA-CONTAINING NUCLEOSOMES AT THE CENTROMERE%REACTOME DATABASE ID RELEASE 93%606279	DEPOSITION OF NEW CENPA-CONTAINING NUCLEOSOMES AT THE CENTROMERE%REACTOME DATABASE ID RELEASE 93%606279		23	-0.48927924	-1.4086305	0.06626506	0.52487487	1.0	2361	tags=48%, list=20%, signal=59%	
VACUOLAR ACIDIFICATION%GOBP%GO:0007035	VACUOLAR ACIDIFICATION%GOBP%GO:0007035		29	-0.4645798	-1.4085399	0.05773956	0.5220651	1.0	2961	tags=38%, list=25%, signal=50%	
INTRACELLULAR PH REDUCTION%GOBP%GO:0051452	INTRACELLULAR PH REDUCTION%GOBP%GO:0051452		36	-0.44094938	-1.4078828	0.055627424	0.5212411	1.0	1922	tags=28%, list=16%, signal=33%	
NEGATIVE REGULATION OF NOTCH SIGNALING PATHWAY%GOBP%GO:0045746	NEGATIVE REGULATION OF NOTCH SIGNALING PATHWAY%GOBP%GO:0045746		19	-0.5029165	-1.4078135	0.09070034	0.51842946	1.0	1567	tags=32%, list=13%, signal=36%	
AMP ACTIVATED PROTEIN KINASE SIGNALING%WIKIPATHWAYS_20250810%WP1403%HOMO SAPIENS	AMP ACTIVATED PROTEIN KINASE SIGNALING%WIKIPATHWAYS_20250810%WP1403%HOMO SAPIENS		45	-0.4133926	-1.4076513	0.046875	0.5159934	1.0	770	tags=22%, list=6%, signal=24%	
RESOLUTION OF D-LOOP STRUCTURES%REACTOME%R-HSA-5693537.3	RESOLUTION OF D-LOOP STRUCTURES%REACTOME%R-HSA-5693537.3		30	-0.458674	-1.4065421	0.059050065	0.51672417	1.0	2692	tags=33%, list=22%, signal=43%	
CARDIAC MUSCLE CELL CONTRACTION%GOBP%GO:0086003	CARDIAC MUSCLE CELL CONTRACTION%GOBP%GO:0086003		22	-0.48363137	-1.4054089	0.07185629	0.51755285	1.0	1856	tags=41%, list=15%, signal=48%	
NEGATIVE REGULATION OF DEVELOPMENTAL GROWTH%GOBP%GO:0048640	NEGATIVE REGULATION OF DEVELOPMENTAL GROWTH%GOBP%GO:0048640		24	-0.48435128	-1.4052304	0.07897934	0.51523376	1.0	994	tags=33%, list=8%, signal=36%	
PHOSPHOINOSITIDES METABOLISM%WIKIPATHWAYS_20250810%WP4971%HOMO SAPIENS	PHOSPHOINOSITIDES METABOLISM%WIKIPATHWAYS_20250810%WP4971%HOMO SAPIENS		35	-0.44008303	-1.4043692	0.07301173	0.51521564	1.0	2504	tags=29%, list=21%, signal=36%	
MITOTIC PROMETAPHASE%REACTOME%R-HSA-68877.8	MITOTIC PROMETAPHASE%REACTOME%R-HSA-68877.8		171	-0.33374566	-1.4026772	0.013186813	0.5178109	1.0	2451	tags=37%, list=20%, signal=46%	
CARDIAC SEPTUM DEVELOPMENT%GOBP%GO:0003279	CARDIAC SEPTUM DEVELOPMENT%GOBP%GO:0003279		43	-0.42001668	-1.4010382	0.05387648	0.52013767	1.0	1003	tags=19%, list=8%, signal=20%	
EPIGENETIC REGULATION BY WDR5-CONTAINING HISTONE MODIFYING COMPLEXES%REACTOME DATABASE ID RELEASE 93%9917777	EPIGENETIC REGULATION BY WDR5-CONTAINING HISTONE MODIFYING COMPLEXES%REACTOME DATABASE ID RELEASE 93%9917777		93	-0.36333945	-1.3990277	0.023923445	0.52379346	1.0	2465	tags=32%, list=20%, signal=40%	
AQUAPORIN-MEDIATED TRANSPORT%REACTOME%R-HSA-445717.4	AQUAPORIN-MEDIATED TRANSPORT%REACTOME%R-HSA-445717.4		23	-0.4819533	-1.3979167	0.09738717	0.5245295	1.0	607	tags=17%, list=5%, signal=18%	
VENTRICULAR SEPTUM MORPHOGENESIS%GOBP%GO:0060412	VENTRICULAR SEPTUM MORPHOGENESIS%GOBP%GO:0060412		21	-0.4928503	-1.3963845	0.074285716	0.5267672	1.0	1487	tags=29%, list=12%, signal=33%	
RND1 GTPASE CYCLE%REACTOME DATABASE ID RELEASE 93%9696273	RND1 GTPASE CYCLE%REACTOME DATABASE ID RELEASE 93%9696273		40	-0.4205387	-1.3953112	0.053299494	0.52747107	1.0	2109	tags=48%, list=18%, signal=57%	
MLL4 AND MLL3 COMPLEXES REGULATE EXPRESSION OF PPARG TARGET GENES IN ADIPOGENESIS AND HEPATIC STEATOSIS%REACTOME DATABASE ID RELEASE 93%9841922	MLL4 AND MLL3 COMPLEXES REGULATE EXPRESSION OF PPARG TARGET GENES IN ADIPOGENESIS AND HEPATIC STEATOSIS%REACTOME DATABASE ID RELEASE 93%9841922		65	-0.38229504	-1.3921831	0.031007752	0.5351192	1.0	2465	tags=37%, list=20%, signal=46%	
GROWTH%GOBP%GO:0040007	GROWTH%GOBP%GO:0040007		83	-0.36522728	-1.3901528	0.01898734	0.53902364	1.0	1227	tags=20%, list=10%, signal=23%	
WNT%NETPATH%WNT	WNT%NETPATH%WNT		36	-0.42939156	-1.3890814	0.07133244	0.53973895	1.0	2701	tags=31%, list=22%, signal=39%	
VASOPRESSIN REGULATES RENAL WATER HOMEOSTASIS VIA AQUAPORINS%REACTOME DATABASE ID RELEASE 93%432040	VASOPRESSIN REGULATES RENAL WATER HOMEOSTASIS VIA AQUAPORINS%REACTOME DATABASE ID RELEASE 93%432040		23	-0.4819533	-1.3874799	0.089073636	0.542031	1.0	607	tags=17%, list=5%, signal=18%	
REGULATION OF HEMATOPOIETIC PROGENITOR CELL DIFFERENTIATION%GOBP%GO:1901532	REGULATION OF HEMATOPOIETIC PROGENITOR CELL DIFFERENTIATION%GOBP%GO:1901532		24	-0.46878815	-1.3868953	0.078313254	0.5410921	1.0	1487	tags=29%, list=12%, signal=33%	
RHOD GTPASE CYCLE%REACTOME DATABASE ID RELEASE 93%9013405	RHOD GTPASE CYCLE%REACTOME DATABASE ID RELEASE 93%9013405		49	-0.39438364	-1.3866124	0.048177082	0.53904885	1.0	2546	tags=43%, list=21%, signal=54%	
NEGATIVE REGULATION OF SIGNAL TRANSDUCTION BY P53 CLASS MEDIATOR%GOBP%GO:1901797	NEGATIVE REGULATION OF SIGNAL TRANSDUCTION BY P53 CLASS MEDIATOR%GOBP%GO:1901797		25	-0.46329364	-1.3844563	0.08219178	0.5432039	1.0	2398	tags=40%, list=20%, signal=50%	
HALLMARK OF CANCER METASTASIS AND EPITHELIAL TO MESENCHYMAL TRANSITION%WIKIPATHWAYS_20250810%WP5469%HOMO SAPIENS	HALLMARK OF CANCER METASTASIS AND EPITHELIAL TO MESENCHYMAL TRANSITION%WIKIPATHWAYS_20250810%WP5469%HOMO SAPIENS		15	-0.5279353	-1.38376	0.09966777	0.54261756	1.0	2899	tags=33%, list=24%, signal=44%	
HALLMARK_PROTEIN_SECRETION%MSIGDBHALLMARK%HALLMARK_PROTEIN_SECRETION	HALLMARK_PROTEIN_SECRETION%MSIGDBHALLMARK%HALLMARK_PROTEIN_SECRETION		78	-0.36970612	-1.3823738	0.038338657	0.5445377	1.0	2672	tags=38%, list=22%, signal=49%	
REGULATION OF CHROMOSOME SEGREGATION%GOBP%GO:0051983	REGULATION OF CHROMOSOME SEGREGATION%GOBP%GO:0051983		112	-0.34809095	-1.3819168	0.022648083	0.54324496	1.0	2053	tags=26%, list=17%, signal=31%	
EPIGENETIC REGULATION OF GENE EXPRESSION BY MLL3 AND MLL4 COMPLEXES%REACTOME%R-HSA-9818564.1	EPIGENETIC REGULATION OF GENE EXPRESSION BY MLL3 AND MLL4 COMPLEXES%REACTOME%R-HSA-9818564.1		65	-0.38229504	-1.3814253	0.04327666	0.54205763	1.0	2465	tags=37%, list=20%, signal=46%	
PHOTORECEPTOR CELL MAINTENANCE%GOBP%GO:0045494	PHOTORECEPTOR CELL MAINTENANCE%GOBP%GO:0045494		19	-0.5005184	-1.3811629	0.08488372	0.540179	1.0	1810	tags=37%, list=15%, signal=43%	
POSITIVE REGULATION OF CELL DIVISION%GOBP%GO:0051781	POSITIVE REGULATION OF CELL DIVISION%GOBP%GO:0051781		37	-0.4211105	-1.3807313	0.06266667	0.5388657	1.0	2062	tags=32%, list=17%, signal=39%	
EPIGENETIC REGULATION OF ADIPOGENESIS GENES BY MLL3 AND MLL4 COMPLEXES%REACTOME DATABASE ID RELEASE 93%9851695	EPIGENETIC REGULATION OF ADIPOGENESIS GENES BY MLL3 AND MLL4 COMPLEXES%REACTOME DATABASE ID RELEASE 93%9851695		65	-0.38229504	-1.3800137	0.04017857	0.5384952	1.0	2465	tags=37%, list=20%, signal=46%	
PROTEIN DEGLYCOSYLATION%GOBP%GO:0006517	PROTEIN DEGLYCOSYLATION%GOBP%GO:0006517		16	-0.52019024	-1.3794769	0.09662921	0.53760374	1.0	2650	tags=44%, list=22%, signal=56%	
WNT SIGNALING PATHWAY%GOBP%GO:0016055	WNT SIGNALING PATHWAY%GOBP%GO:0016055		82	-0.36355734	-1.3788079	0.033690657	0.5371947	1.0	2262	tags=33%, list=19%, signal=40%	
OUTFLOW TRACT SEPTUM MORPHOGENESIS%GOBP%GO:0003148	OUTFLOW TRACT SEPTUM MORPHOGENESIS%GOBP%GO:0003148		16	-0.52081484	-1.3782119	0.09276018	0.5364287	1.0	1003	tags=25%, list=8%, signal=27%	
PROTEIN-LIPID COMPLEX ASSEMBLY%GOBP%GO:0065005	PROTEIN-LIPID COMPLEX ASSEMBLY%GOBP%GO:0065005		16	-0.5159453	-1.378021	0.09747706	0.53434414	1.0	727	tags=25%, list=6%, signal=27%	
REGULATION OF CELL CYCLE G2/M PHASE TRANSITION%GOBP%GO:1902749	REGULATION OF CELL CYCLE G2/M PHASE TRANSITION%GOBP%GO:1902749		83	-0.36261523	-1.3774961	0.026898734	0.5333751	1.0	2489	tags=30%, list=21%, signal=38%	
CLATHRIN-DEPENDENT ENDOCYTOSIS%GOBP%GO:0072583	CLATHRIN-DEPENDENT ENDOCYTOSIS%GOBP%GO:0072583		28	-0.45364812	-1.3766046	0.07133593	0.5336536	1.0	2178	tags=32%, list=18%, signal=39%	
DNA REPLICATION%PANTHER PATHWAY%P00017	DNA REPLICATION%PANTHER PATHWAY%P00017		15	-0.5277284	-1.3758057	0.08928572	0.5336286	1.0	2181	tags=40%, list=18%, signal=49%	
SISTER CHROMATID SEGREGATION%GOBP%GO:0000819	SISTER CHROMATID SEGREGATION%GOBP%GO:0000819		122	-0.34044296	-1.3718767	0.026642984	0.5441439	1.0	1864	tags=26%, list=15%, signal=31%	
NEGATIVE REGULATION OF CHROMOSOME ORGANIZATION%GOBP%GO:2001251	NEGATIVE REGULATION OF CHROMOSOME ORGANIZATION%GOBP%GO:2001251		63	-0.3835585	-1.3715677	0.03313253	0.5425724	1.0	2005	tags=33%, list=17%, signal=40%	
MITOTIC CYTOKINESIS%GOBP%GO:0000281	MITOTIC CYTOKINESIS%GOBP%GO:0000281		79	-0.36243135	-1.3705809	0.0368	0.5431396	1.0	1888	tags=24%, list=16%, signal=28%	
CELL GROWTH%GOBP%GO:0016049	CELL GROWTH%GOBP%GO:0016049		39	-0.41629735	-1.3704492	0.06815203	0.54095864	1.0	1059	tags=18%, list=9%, signal=20%	
PIGMENT GRANULE ORGANIZATION%GOBP%GO:0048753	PIGMENT GRANULE ORGANIZATION%GOBP%GO:0048753		32	-0.43581706	-1.3689009	0.07790549	0.54333454	1.0	2314	tags=41%, list=19%, signal=50%	
NERVE DEVELOPMENT%GOBP%GO:0021675	NERVE DEVELOPMENT%GOBP%GO:0021675		22	-0.47276357	-1.3680749	0.09168704	0.5434032	1.0	1211	tags=23%, list=10%, signal=25%	
TRANSCRIPTIONAL REGULATION BY E2F6%REACTOME%R-HSA-8953750.3	TRANSCRIPTIONAL REGULATION BY E2F6%REACTOME%R-HSA-8953750.3		33	-0.43447918	-1.3677193	0.08190224	0.5420392	1.0	3158	tags=42%, list=26%, signal=57%	
MICROTUBULE-BASED MOVEMENT%GOBP%GO:0007018	MICROTUBULE-BASED MOVEMENT%GOBP%GO:0007018		191	-0.31995213	-1.3671448	0.004474273	0.54151535	1.0	2501	tags=29%, list=21%, signal=36%	
KIDNEY DEVELOPMENT%GOBP%GO:0001822	KIDNEY DEVELOPMENT%GOBP%GO:0001822		86	-0.3566785	-1.3668301	0.036418818	0.5400113	1.0	1367	tags=30%, list=11%, signal=34%	
INTRAFLAGELLAR TRANSPORT%REACTOME%R-HSA-5620924.5	INTRAFLAGELLAR TRANSPORT%REACTOME%R-HSA-5620924.5		29	-0.43995327	-1.365163	0.0920882	0.5430663	1.0	2098	tags=34%, list=17%, signal=42%	
MELANOSOME ORGANIZATION%GOBP%GO:0032438	MELANOSOME ORGANIZATION%GOBP%GO:0032438		32	-0.43581706	-1.3650409	0.06940874	0.54094225	1.0	2314	tags=41%, list=19%, signal=50%	
DEVELOPMENTAL CELL GROWTH%GOBP%GO:0048588	DEVELOPMENTAL CELL GROWTH%GOBP%GO:0048588		38	-0.41772488	-1.365003	0.07001321	0.5385801	1.0	1059	tags=18%, list=9%, signal=20%	
NUCLEAR RECEPTOR TRANSCRIPTION PATHWAY%REACTOME DATABASE ID RELEASE 93%383280	NUCLEAR RECEPTOR TRANSCRIPTION PATHWAY%REACTOME DATABASE ID RELEASE 93%383280		27	-0.45523944	-1.3638744	0.07457212	0.5398965	1.0	2882	tags=37%, list=24%, signal=49%	
SPHINGOLIPID PATHWAY%WIKIPATHWAYS_20250810%WP1422%HOMO SAPIENS	SPHINGOLIPID PATHWAY%WIKIPATHWAYS_20250810%WP1422%HOMO SAPIENS		19	-0.49541938	-1.3624355	0.101992965	0.54191524	1.0	455	tags=21%, list=4%, signal=22%	
EML4 AND NUDC IN MITOTIC SPINDLE FORMATION%REACTOME DATABASE ID RELEASE 93%9648025	EML4 AND NUDC IN MITOTIC SPINDLE FORMATION%REACTOME DATABASE ID RELEASE 93%9648025		89	-0.35221207	-1.3617846	0.021558871	0.5416146	1.0	2417	tags=35%, list=20%, signal=43%	
REGULATION OF CHOLESTEROL METABOLIC PROCESS%GOBP%GO:0090181	REGULATION OF CHOLESTEROL METABOLIC PROCESS%GOBP%GO:0090181		29	-0.4475459	-1.3600316	0.07608695	0.5448959	1.0	1689	tags=31%, list=14%, signal=36%	
DNA-TEMPLATED DNA REPLICATION%GOBP%GO:0006261	DNA-TEMPLATED DNA REPLICATION%GOBP%GO:0006261		112	-0.34243867	-1.359663	0.019642858	0.5435906	1.0	2092	tags=27%, list=17%, signal=32%	
PI3K AKT MTOR SIGNALING AND THERAPEUTIC OPPORTUNITIES IN PROSTATE CANCER%WIKIPATHWAYS_20250810%WP3844%HOMO SAPIENS	PI3K AKT MTOR SIGNALING AND THERAPEUTIC OPPORTUNITIES IN PROSTATE CANCER%WIKIPATHWAYS_20250810%WP3844%HOMO SAPIENS		25	-0.4611042	-1.3591617	0.08816425	0.5426659	1.0	2031	tags=36%, list=17%, signal=43%	
REGULATION OF CHOLESTEROL BIOSYNTHETIC PROCESS%GOBP%GO:0045540	REGULATION OF CHOLESTEROL BIOSYNTHETIC PROCESS%GOBP%GO:0045540		19	-0.4869259	-1.3590243	0.099759616	0.54065967	1.0	1528	tags=32%, list=13%, signal=36%	
PHOSPHATIDYLCHOLINE METABOLIC PROCESS%GOBP%GO:0046470	PHOSPHATIDYLCHOLINE METABOLIC PROCESS%GOBP%GO:0046470		35	-0.42345807	-1.3585652	0.084635414	0.53973544	1.0	2342	tags=49%, list=19%, signal=60%	
MEIOTIC CHROMOSOME SEGREGATION%GOBP%GO:0045132	MEIOTIC CHROMOSOME SEGREGATION%GOBP%GO:0045132		22	-0.4745742	-1.3573905	0.1	0.54115295	1.0	2267	tags=41%, list=19%, signal=50%	
SYNTHESIS OF PIPS AT THE PLASMA MEMBRANE%REACTOME DATABASE ID RELEASE 93%1660499	SYNTHESIS OF PIPS AT THE PLASMA MEMBRANE%REACTOME DATABASE ID RELEASE 93%1660499		46	-0.40286225	-1.3567377	0.07310345	0.54093224	1.0	2701	tags=33%, list=22%, signal=42%	
FANCONI ANEMIA%WIKIPATHWAYS_20250810%WP5465%HOMO SAPIENS	FANCONI ANEMIA%WIKIPATHWAYS_20250810%WP5465%HOMO SAPIENS		36	-0.41869462	-1.3566964	0.08530184	0.5386776	1.0	2521	tags=39%, list=21%, signal=49%	
REGULATION OF PYRUVATE METABOLISM%REACTOME DATABASE ID RELEASE 93%9861718	REGULATION OF PYRUVATE METABOLISM%REACTOME DATABASE ID RELEASE 93%9861718		30	-0.43988216	-1.3566128	0.08516129	0.53659564	1.0	1890	tags=33%, list=16%, signal=39%	
REGULATION OF IRE1-MEDIATED UNFOLDED PROTEIN RESPONSE%GOBP%GO:1903894	REGULATION OF IRE1-MEDIATED UNFOLDED PROTEIN RESPONSE%GOBP%GO:1903894		15	-0.5214795	-1.3553519	0.10763889	0.53830916	1.0	2543	tags=40%, list=21%, signal=51%	
RELEASE OF SEQUESTERED CALCIUM ION INTO CYTOSOL%GOBP%GO:0051209	RELEASE OF SEQUESTERED CALCIUM ION INTO CYTOSOL%GOBP%GO:0051209		20	-0.47648284	-1.3505797	0.102870815	0.55133015	1.0	685	tags=25%, list=6%, signal=26%	
INTRACELLULAR GLUCOSE HOMEOSTASIS%GOBP%GO:0001678	INTRACELLULAR GLUCOSE HOMEOSTASIS%GOBP%GO:0001678		40	-0.4136609	-1.3500317	0.063535914	0.55055285	1.0	1528	tags=33%, list=13%, signal=37%	
AXON GUIDANCE MEDIATED BY NETRIN%PANTHER PATHWAY%P00009	AXON GUIDANCE MEDIATED BY NETRIN%PANTHER PATHWAY%P00009		22	-0.4721711	-1.3494633	0.09352518	0.54993623	1.0	2312	tags=50%, list=19%, signal=62%	
NEGATIVE REGULATION OF G2/M TRANSITION OF MITOTIC CELL CYCLE%GOBP%GO:0010972	NEGATIVE REGULATION OF G2/M TRANSITION OF MITOTIC CELL CYCLE%GOBP%GO:0010972		54	-0.3848738	-1.349077	0.067659	0.5488236	1.0	2284	tags=30%, list=19%, signal=36%	
ATTACHMENT OF SPINDLE MICROTUBULES TO KINETOCHORE%GOBP%GO:0008608	ATTACHMENT OF SPINDLE MICROTUBULES TO KINETOCHORE%GOBP%GO:0008608		27	-0.44541776	-1.3476527	0.096370466	0.5511483	1.0	3677	tags=63%, list=31%, signal=90%	
MEIOTIC SYNAPSIS%REACTOME%R-HSA-1221632.3	MEIOTIC SYNAPSIS%REACTOME%R-HSA-1221632.3		21	-0.4820222	-1.3468593	0.094159715	0.5514494	1.0	2284	tags=38%, list=19%, signal=47%	
DAP12 SIGNALING%REACTOME DATABASE ID RELEASE 93%2424491	DAP12 SIGNALING%REACTOME DATABASE ID RELEASE 93%2424491		17	-0.5045211	-1.3464407	0.1378531	0.5504954	1.0	2190	tags=41%, list=18%, signal=50%	
MISCELLANEOUS TRANSPORT AND BINDING EVENTS%REACTOME DATABASE ID RELEASE 93%5223345	MISCELLANEOUS TRANSPORT AND BINDING EVENTS%REACTOME DATABASE ID RELEASE 93%5223345		20	-0.47895443	-1.3462168	0.107540175	0.5489471	1.0	1168	tags=25%, list=10%, signal=28%	
REGULATION OF FATTY ACID OXIDATION%GOBP%GO:0046320	REGULATION OF FATTY ACID OXIDATION%GOBP%GO:0046320		20	-0.4747985	-1.3441368	0.10253317	0.5533384	1.0	1423	tags=30%, list=12%, signal=34%	
REGULATION OF MITOTIC METAPHASE/ANAPHASE TRANSITION%GOBP%GO:0030071	REGULATION OF MITOTIC METAPHASE/ANAPHASE TRANSITION%GOBP%GO:0030071		77	-0.35935774	-1.3440176	0.05112782	0.5514004	1.0	1935	tags=25%, list=16%, signal=29%	
CELL-CELL ADHESION MEDIATED BY CADHERIN%GOBP%GO:0044331	CELL-CELL ADHESION MEDIATED BY CADHERIN%GOBP%GO:0044331		20	-0.4812196	-1.3433287	0.09794438	0.5514246	1.0	78	tags=15%, list=1%, signal=15%	
RENAL SYSTEM DEVELOPMENT%GOBP%GO:0072001	RENAL SYSTEM DEVELOPMENT%GOBP%GO:0072001		88	-0.35034668	-1.3424045	0.046546545	0.5522013	1.0	1367	tags=30%, list=11%, signal=33%	
MORPHOGENESIS OF A BRANCHING STRUCTURE%GOBP%GO:0001763	MORPHOGENESIS OF A BRANCHING STRUCTURE%GOBP%GO:0001763		29	-0.4362477	-1.3423939	0.08019441	0.5499565	1.0	380	tags=28%, list=3%, signal=28%	
RENAL SYSTEM PROCESS%GOBP%GO:0003014	RENAL SYSTEM PROCESS%GOBP%GO:0003014		55	-0.38147232	-1.3411912	0.0625	0.55146104	1.0	1505	tags=24%, list=13%, signal=27%	
REGULATION OF CENTRIOLE REPLICATION%GOBP%GO:0046599	REGULATION OF CENTRIOLE REPLICATION%GOBP%GO:0046599		21	-0.46898055	-1.3405845	0.10869565	0.55111444	1.0	2056	tags=33%, list=17%, signal=40%	
REGULATION OF CIRCADIAN RHYTHM%GOBP%GO:0042752	REGULATION OF CIRCADIAN RHYTHM%GOBP%GO:0042752		71	-0.3646509	-1.339202	0.057507988	0.55322456	1.0	2338	tags=30%, list=19%, signal=36%	
PID_P53_REGULATION_PATHWAY%MSIGDB_C2%PID_P53_REGULATION_PATHWAY	PID_P53_REGULATION_PATHWAY%MSIGDB_C2%PID_P53_REGULATION_PATHWAY		47	-0.39209992	-1.3391694	0.08544727	0.5510992	1.0	2465	tags=30%, list=20%, signal=37%	
MITOTIC G2/M TRANSITION CHECKPOINT%GOBP%GO:0044818	MITOTIC G2/M TRANSITION CHECKPOINT%GOBP%GO:0044818		41	-0.40604544	-1.3386757	0.08203125	0.5504253	1.0	2284	tags=29%, list=19%, signal=36%	
PID_FANCONI_PATHWAY%MSIGDB_C2%PID_FANCONI_PATHWAY	PID_FANCONI_PATHWAY%MSIGDB_C2%PID_FANCONI_PATHWAY		37	-0.41648734	-1.3384306	0.073569484	0.54894805	1.0	2521	tags=38%, list=21%, signal=48%	
RECIPROCAL MEIOTIC RECOMBINATION%GOBP%GO:0007131	RECIPROCAL MEIOTIC RECOMBINATION%GOBP%GO:0007131		31	-0.4276032	-1.3383096	0.08939213	0.54712	1.0	2014	tags=29%, list=17%, signal=35%	
REGULATION OF STEROL BIOSYNTHETIC PROCESS%GOBP%GO:0106118	REGULATION OF STEROL BIOSYNTHETIC PROCESS%GOBP%GO:0106118		19	-0.4869259	-1.3354377	0.11547619	0.55423164	1.0	1528	tags=32%, list=13%, signal=36%	
REGULATION OF METAPHASE/ANAPHASE TRANSITION OF CELL CYCLE%GOBP%GO:1902099	REGULATION OF METAPHASE/ANAPHASE TRANSITION OF CELL CYCLE%GOBP%GO:1902099		78	-0.35868567	-1.3323045	0.044585988	0.56210876	1.0	1935	tags=24%, list=16%, signal=29%	
MORPHOGENESIS OF A BRANCHING EPITHELIUM%GOBP%GO:0061138	MORPHOGENESIS OF A BRANCHING EPITHELIUM%GOBP%GO:0061138		28	-0.43790954	-1.3317238	0.10744811	0.5618563	1.0	380	tags=29%, list=3%, signal=29%	
ENERGY METABOLISM%WIKIPATHWAYS_20250810%WP1541%HOMO SAPIENS	ENERGY METABOLISM%WIKIPATHWAYS_20250810%WP1541%HOMO SAPIENS		36	-0.41533273	-1.3312464	0.07421875	0.5611579	1.0	1528	tags=25%, list=13%, signal=29%	
REGULATION OF ACTION POTENTIAL%GOBP%GO:0098900	REGULATION OF ACTION POTENTIAL%GOBP%GO:0098900		33	-0.42291114	-1.3309166	0.100636944	0.5600411	1.0	1175	tags=24%, list=10%, signal=27%	
RECIPROCAL HOMOLOGOUS RECOMBINATION%GOBP%GO:0140527	RECIPROCAL HOMOLOGOUS RECOMBINATION%GOBP%GO:0140527		31	-0.4276032	-1.3304871	0.10392902	0.5591752	1.0	2014	tags=29%, list=17%, signal=35%	
NEURON PROJECTION EXTENSION%GOBP%GO:1990138	NEURON PROJECTION EXTENSION%GOBP%GO:1990138		28	-0.4353022	-1.3297527	0.10236221	0.55934095	1.0	1059	tags=18%, list=9%, signal=20%	
PID_ATR_PATHWAY%MSIGDB_C2%PID_ATR_PATHWAY	PID_ATR_PATHWAY%MSIGDB_C2%PID_ATR_PATHWAY		32	-0.42165276	-1.3294452	0.097297296	0.5581601	1.0	1588	tags=25%, list=13%, signal=29%	
NEGATIVE REGULATION OF NEURON PROJECTION DEVELOPMENT%GOBP%GO:0010977	NEGATIVE REGULATION OF NEURON PROJECTION DEVELOPMENT%GOBP%GO:0010977		46	-0.40214708	-1.3274148	0.08345324	0.5626006	1.0	1701	tags=33%, list=14%, signal=38%	
NEGATIVE REGULATION OF T CELL PROLIFERATION%GOBP%GO:0042130	NEGATIVE REGULATION OF T CELL PROLIFERATION%GOBP%GO:0042130		24	-0.45627934	-1.326927	0.10506798	0.5620464	1.0	380	tags=17%, list=3%, signal=17%	
NEGATIVE REGULATION OF LYMPHOCYTE PROLIFERATION%GOBP%GO:0050672	NEGATIVE REGULATION OF LYMPHOCYTE PROLIFERATION%GOBP%GO:0050672		25	-0.45050368	-1.3266304	0.11529412	0.5608252	1.0	744	tags=20%, list=6%, signal=21%	
DNA-TEMPLATED DNA REPLICATION MAINTENANCE OF FIDELITY%GOBP%GO:0045005	DNA-TEMPLATED DNA REPLICATION MAINTENANCE OF FIDELITY%GOBP%GO:0045005		50	-0.3817571	-1.3232813	0.06648199	0.56952703	1.0	2284	tags=34%, list=19%, signal=42%	
BMP SIGNALING PATHWAY%GOBP%GO:0030509	BMP SIGNALING PATHWAY%GOBP%GO:0030509		28	-0.43319708	-1.3231114	0.0948718	0.56792206	1.0	989	tags=32%, list=8%, signal=35%	
CARDIAC CHAMBER MORPHOGENESIS%GOBP%GO:0003206	CARDIAC CHAMBER MORPHOGENESIS%GOBP%GO:0003206		45	-0.38879123	-1.3229887	0.08010336	0.5661543	1.0	1487	tags=24%, list=12%, signal=28%	
MICROTUBULE ORGANIZING CENTER LOCALIZATION%GOBP%GO:0061842	MICROTUBULE ORGANIZING CENTER LOCALIZATION%GOBP%GO:0061842		16	-0.500261	-1.3228526	0.13172337	0.5644736	1.0	2123	tags=38%, list=18%, signal=45%	
TRANSCRIPTIONAL REGULATION OF BROWN AND BEIGE ADIPOCYTE DIFFERENTIATION%REACTOME%R-HSA-9843743.1	TRANSCRIPTIONAL REGULATION OF BROWN AND BEIGE ADIPOCYTE DIFFERENTIATION%REACTOME%R-HSA-9843743.1		23	-0.4505197	-1.3225441	0.12639405	0.5633371	1.0	3006	tags=30%, list=25%, signal=40%	
NEGATIVE REGULATION OF MONONUCLEAR CELL PROLIFERATION%GOBP%GO:0032945	NEGATIVE REGULATION OF MONONUCLEAR CELL PROLIFERATION%GOBP%GO:0032945		25	-0.45050368	-1.3224894	0.12395709	0.5613955	1.0	744	tags=20%, list=6%, signal=21%	
NEGATIVE REGULATION OF CELL PROJECTION ORGANIZATION%GOBP%GO:0031345	NEGATIVE REGULATION OF CELL PROJECTION ORGANIZATION%GOBP%GO:0031345		82	-0.3476634	-1.3220881	0.05496183	0.560558	1.0	1701	tags=27%, list=14%, signal=31%	
NEGATIVE REGULATION OF EPITHELIAL CELL PROLIFERATION%GOBP%GO:0050680	NEGATIVE REGULATION OF EPITHELIAL CELL PROLIFERATION%GOBP%GO:0050680		60	-0.37119412	-1.3214234	0.066187054	0.5605883	1.0	1419	tags=30%, list=12%, signal=34%	
HEDGEHOG%NETPATH%HEDGEHOG	HEDGEHOG%NETPATH%HEDGEHOG		16	-0.4955145	-1.3210908	0.14349777	0.55950695	1.0	3905	tags=44%, list=32%, signal=65%	
MITOTIC NUCLEAR DIVISION%GOBP%GO:0140014	MITOTIC NUCLEAR DIVISION%GOBP%GO:0140014		135	-0.32111225	-1.3197576	0.013157895	0.5617185	1.0	1864	tags=25%, list=15%, signal=29%	
AMEBOIDAL-TYPE CELL MIGRATION%GOBP%GO:0001667	AMEBOIDAL-TYPE CELL MIGRATION%GOBP%GO:0001667		55	-0.3718008	-1.3193942	0.066216215	0.5607816	1.0	989	tags=24%, list=8%, signal=26%	
HDR THROUGH SINGLE STRAND ANNEALING (SSA)%REACTOME DATABASE ID RELEASE 93%5685938	HDR THROUGH SINGLE STRAND ANNEALING (SSA)%REACTOME DATABASE ID RELEASE 93%5685938		35	-0.4067591	-1.3184749	0.083120205	0.5616803	1.0	2284	tags=31%, list=19%, signal=39%	
AXO-DENDRITIC TRANSPORT%GOBP%GO:0008088	AXO-DENDRITIC TRANSPORT%GOBP%GO:0008088		48	-0.3850642	-1.3180567	0.06866953	0.5608868	1.0	3483	tags=50%, list=29%, signal=70%	
BRANCHING MORPHOGENESIS OF AN EPITHELIAL TUBE%GOBP%GO:0048754	BRANCHING MORPHOGENESIS OF AN EPITHELIAL TUBE%GOBP%GO:0048754		27	-0.43826303	-1.3178271	0.10691004	0.5595486	1.0	380	tags=30%, list=3%, signal=31%	
NEGATIVE REGULATION OF CELL CYCLE G2/M PHASE TRANSITION%GOBP%GO:1902750	NEGATIVE REGULATION OF CELL CYCLE G2/M PHASE TRANSITION%GOBP%GO:1902750		55	-0.37400144	-1.312521	0.07604017	0.5741189	1.0	2284	tags=29%, list=19%, signal=36%	
MISMATCH REPAIR%GOBP%GO:0006298	MISMATCH REPAIR%GOBP%GO:0006298		25	-0.44378743	-1.3121015	0.116981134	0.5733977	1.0	4672	tags=72%, list=39%, signal=117%	
ATM SIGNALING%WIKIPATHWAYS_20250810%WP2516%HOMO SAPIENS	ATM SIGNALING%WIKIPATHWAYS_20250810%WP2516%HOMO SAPIENS		27	-0.4443448	-1.3109533	0.11294416	0.57500523	1.0	2402	tags=30%, list=20%, signal=37%	
MITOTIC SISTER CHROMATID SEGREGATION%GOBP%GO:0000070	MITOTIC SISTER CHROMATID SEGREGATION%GOBP%GO:0000070		118	-0.32341844	-1.3102512	0.04042179	0.57513714	1.0	1864	tags=25%, list=15%, signal=30%	
FEMALE GAMETE GENERATION%GOBP%GO:0007292	FEMALE GAMETE GENERATION%GOBP%GO:0007292		41	-0.3987995	-1.3101532	0.09690444	0.5733809	1.0	1116	tags=22%, list=9%, signal=24%	
REGULATION OF BETA-CELL DEVELOPMENT%REACTOME%R-HSA-186712.4	REGULATION OF BETA-CELL DEVELOPMENT%REACTOME%R-HSA-186712.4		17	-0.4883015	-1.3094193	0.14484356	0.5737159	1.0	2739	tags=47%, list=23%, signal=61%	
TRANSCRIPTIONAL REGULATION OF BROWN AND BEIGE ADIPOCYTE DIFFERENTIATION BY EBF2%REACTOME%R-HSA-9844594.1	TRANSCRIPTIONAL REGULATION OF BROWN AND BEIGE ADIPOCYTE DIFFERENTIATION BY EBF2%REACTOME%R-HSA-9844594.1		23	-0.4505197	-1.3085934	0.1278649	0.57433116	1.0	3006	tags=30%, list=25%, signal=40%	
DNA DAMAGE TELOMERE STRESS INDUCED SENESCENCE%REACTOME%R-HSA-2559586.5	DNA DAMAGE TELOMERE STRESS INDUCED SENESCENCE%REACTOME%R-HSA-2559586.5		27	-0.43228877	-1.3081263	0.11389237	0.57379425	1.0	2031	tags=33%, list=17%, signal=40%	
DNA SYNTHESIS INVOLVED IN DNA REPAIR%GOBP%GO:0000731	DNA SYNTHESIS INVOLVED IN DNA REPAIR%GOBP%GO:0000731		32	-0.41632232	-1.3071847	0.10628019	0.57481104	1.0	2523	tags=41%, list=21%, signal=51%	
PHOSPHATIDYLCHOLINE BIOSYNTHETIC PROCESS%GOBP%GO:0006656	PHOSPHATIDYLCHOLINE BIOSYNTHETIC PROCESS%GOBP%GO:0006656		15	-0.5047176	-1.3068165	0.16152018	0.5739322	1.0	1069	tags=47%, list=9%, signal=51%	
G1 TO S CELL CYCLE CONTROL%WIKIPATHWAYS_20250810%WP45%HOMO SAPIENS	G1 TO S CELL CYCLE CONTROL%WIKIPATHWAYS_20250810%WP45%HOMO SAPIENS		50	-0.37818995	-1.306457	0.09461427	0.57312965	1.0	2706	tags=32%, list=22%, signal=41%	
CELL LINEAGE MAP FOR NEURONAL DIFFERENTIATION%WIKIPATHWAYS_20250810%WP5417%HOMO SAPIENS	CELL LINEAGE MAP FOR NEURONAL DIFFERENTIATION%WIKIPATHWAYS_20250810%WP5417%HOMO SAPIENS		46	-0.384537	-1.3048197	0.091836736	0.5763513	1.0	2600	tags=39%, list=22%, signal=50%	
CENTROSOME LOCALIZATION%GOBP%GO:0051642	CENTROSOME LOCALIZATION%GOBP%GO:0051642		16	-0.500261	-1.30422	0.13547647	0.57624024	1.0	2123	tags=38%, list=18%, signal=45%	
COHESIN COMPLEX CORNELIA DE LANGE SYNDROME%WIKIPATHWAYS_20250810%WP5117%HOMO SAPIENS	COHESIN COMPLEX CORNELIA DE LANGE SYNDROME%WIKIPATHWAYS_20250810%WP5117%HOMO SAPIENS		26	-0.42997923	-1.3039255	0.110199295	0.57516086	1.0	2867	tags=46%, list=24%, signal=60%	
KIDNEY EPITHELIUM DEVELOPMENT%GOBP%GO:0072073	KIDNEY EPITHELIUM DEVELOPMENT%GOBP%GO:0072073		32	-0.41699332	-1.3034613	0.11826544	0.57469696	1.0	1351	tags=38%, list=11%, signal=42%	
INTRAFLAGELLAR TRANSPORT PROTEINS BINDING TO DYNEIN%WIKIPATHWAYS_20250810%WP4532%HOMO SAPIENS	INTRAFLAGELLAR TRANSPORT PROTEINS BINDING TO DYNEIN%WIKIPATHWAYS_20250810%WP4532%HOMO SAPIENS		16	-0.4826704	-1.3029746	0.14149822	0.574235	1.0	1771	tags=31%, list=15%, signal=37%	
SPHINGOID METABOLIC PROCESS%GOBP%GO:0046519	SPHINGOID METABOLIC PROCESS%GOBP%GO:0046519		15	-0.503619	-1.302745	0.14419696	0.57297003	1.0	1345	tags=33%, list=11%, signal=37%	
REGULATION OF CARDIAC MUSCLE CELL ACTION POTENTIAL%GOBP%GO:0098901	REGULATION OF CARDIAC MUSCLE CELL ACTION POTENTIAL%GOBP%GO:0098901		22	-0.45732865	-1.3025299	0.14578313	0.57169014	1.0	1175	tags=23%, list=10%, signal=25%	
REGULATION OF RELEASE OF SEQUESTERED CALCIUM ION INTO CYTOSOL BY SARCOPLASMIC RETICULUM%GOBP%GO:0010880	REGULATION OF RELEASE OF SEQUESTERED CALCIUM ION INTO CYTOSOL BY SARCOPLASMIC RETICULUM%GOBP%GO:0010880		17	-0.4768638	-1.3021163	0.13287514	0.5710512	1.0	2659	tags=47%, list=22%, signal=60%	
POSITIVE REGULATION OF OSTEOBLAST DIFFERENTIATION%GOBP%GO:0045669	POSITIVE REGULATION OF OSTEOBLAST DIFFERENTIATION%GOBP%GO:0045669		35	-0.40911826	-1.3019094	0.12043302	0.5697715	1.0	2270	tags=51%, list=19%, signal=63%	
PROTEIN-DNA COMPLEX ORGANIZATION%GOBP%GO:0071824	PROTEIN-DNA COMPLEX ORGANIZATION%GOBP%GO:0071824		127	-0.31880093	-1.3006183	0.04347826	0.57194364	1.0	2918	tags=29%, list=24%, signal=38%	
MITOTIC SPINDLE CHECKPOINT%REACTOME%R-HSA-69618.4	MITOTIC SPINDLE CHECKPOINT%REACTOME%R-HSA-69618.4		102	-0.32552978	-1.3000163	0.044217687	0.57192916	1.0	3632	tags=48%, list=30%, signal=68%	
PROTEIN DEMANNOSYLATION%GOBP%GO:0036507	PROTEIN DEMANNOSYLATION%GOBP%GO:0036507		15	-0.4949063	-1.2975094	0.15271494	0.57801485	1.0	2650	tags=40%, list=22%, signal=51%	
PEROXISOME ORGANIZATION%GOBP%GO:0007031	PEROXISOME ORGANIZATION%GOBP%GO:0007031		30	-0.4198202	-1.2970989	0.12718205	0.57737756	1.0	3340	tags=33%, list=28%, signal=46%	
NEGATIVE REGULATION OF PROTEIN DEPOLYMERIZATION%GOBP%GO:1901880	NEGATIVE REGULATION OF PROTEIN DEPOLYMERIZATION%GOBP%GO:1901880		31	-0.41272458	-1.2970755	0.11300121	0.5755216	1.0	1877	tags=39%, list=16%, signal=46%	
PHOSPHOLIPID METABOLISM%REACTOME DATABASE ID RELEASE 93%1483257	PHOSPHOLIPID METABOLISM%REACTOME DATABASE ID RELEASE 93%1483257		162	-0.31024718	-1.2957205	0.035580523	0.57779926	1.0	2170	tags=26%, list=18%, signal=31%	
DNA REPLICATION%GOBP%GO:0006260	DNA REPLICATION%GOBP%GO:0006260		141	-0.31320813	-1.2948817	0.035916824	0.5785967	1.0	2284	tags=26%, list=19%, signal=32%	
CELLULAR RESPONSE TO CALCIUM ION%GOBP%GO:0071277	CELLULAR RESPONSE TO CALCIUM ION%GOBP%GO:0071277		33	-0.40875208	-1.2943114	0.098280095	0.5784735	1.0	2394	tags=36%, list=20%, signal=45%	
STIMULI-SENSING CHANNELS%REACTOME%R-HSA-2672351.7	STIMULI-SENSING CHANNELS%REACTOME%R-HSA-2672351.7		60	-0.35817775	-1.293081	0.071104385	0.58054376	1.0	792	tags=13%, list=7%, signal=14%	
POSITIVE REGULATION OF PLASMA MEMBRANE BOUNDED CELL PROJECTION ASSEMBLY%GOBP%GO:0120034	POSITIVE REGULATION OF PLASMA MEMBRANE BOUNDED CELL PROJECTION ASSEMBLY%GOBP%GO:0120034		77	-0.3472167	-1.2885092	0.060897436	0.59334576	1.0	2098	tags=34%, list=17%, signal=41%	
PRE IMPLANTATION EMBRYO%WIKIPATHWAYS_20250810%WP3527%HOMO SAPIENS	PRE IMPLANTATION EMBRYO%WIKIPATHWAYS_20250810%WP3527%HOMO SAPIENS		32	-0.40558207	-1.2873311	0.10576923	0.5951371	1.0	2630	tags=38%, list=22%, signal=48%	
CELL CYCLE DNA REPLICATION%GOBP%GO:0044786	CELL CYCLE DNA REPLICATION%GOBP%GO:0044786		19	-0.4627474	-1.286775	0.14688602	0.5949761	1.0	777	tags=16%, list=6%, signal=17%	
MEIOTIC CELL CYCLE%GOBP%GO:0051321	MEIOTIC CELL CYCLE%GOBP%GO:0051321		91	-0.33747846	-1.2840744	0.04116638	0.6018394	1.0	2433	tags=29%, list=20%, signal=36%	
TRANSLESION SYNTHESIS BY POLI%REACTOME DATABASE ID RELEASE 93%5656121	TRANSLESION SYNTHESIS BY POLI%REACTOME DATABASE ID RELEASE 93%5656121		17	-0.48121676	-1.2837703	0.14754099	0.6008399	1.0	2181	tags=41%, list=18%, signal=50%	
REGULATION OF GLUCONEOGENESIS%GOBP%GO:0006111	REGULATION OF GLUCONEOGENESIS%GOBP%GO:0006111		23	-0.43841508	-1.2831194	0.14516129	0.6010672	1.0	1807	tags=26%, list=15%, signal=31%	
CARDIAC MUSCLE CONTRACTION%GOBP%GO:0060048	CARDIAC MUSCLE CONTRACTION%GOBP%GO:0060048		29	-0.41819063	-1.2813231	0.13140604	0.60501736	1.0	2569	tags=45%, list=21%, signal=57%	
ENDOPLASMIC RETICULUM TUBULAR NETWORK ORGANIZATION%GOBP%GO:0071786	ENDOPLASMIC RETICULUM TUBULAR NETWORK ORGANIZATION%GOBP%GO:0071786		15	-0.49781367	-1.2807034	0.17551963	0.6051444	1.0	3435	tags=53%, list=29%, signal=75%	
CYTOSKELETON-DEPENDENT CYTOKINESIS%GOBP%GO:0061640	CYTOSKELETON-DEPENDENT CYTOKINESIS%GOBP%GO:0061640		85	-0.3349454	-1.2799815	0.075851396	0.6055873	1.0	1888	tags=22%, list=16%, signal=26%	
CALMODULIN INDUCED EVENTS%REACTOME%R-HSA-111933.3	CALMODULIN INDUCED EVENTS%REACTOME%R-HSA-111933.3		21	-0.44552383	-1.2782983	0.14527845	0.60893714	1.0	818	tags=19%, list=7%, signal=20%	
AMPLIFICATION OF SIGNAL FROM UNATTACHED KINETOCHORES VIA A MAD2 INHIBITORY SIGNAL%REACTOME%R-HSA-141444.4	AMPLIFICATION OF SIGNAL FROM UNATTACHED KINETOCHORES VIA A MAD2 INHIBITORY SIGNAL%REACTOME%R-HSA-141444.4		85	-0.33431998	-1.2782458	0.06790123	0.607197	1.0	2417	tags=33%, list=20%, signal=41%	
PROTEIN ALPHA-1,2-DEMANNOSYLATION%GOBP%GO:0036508	PROTEIN ALPHA-1,2-DEMANNOSYLATION%GOBP%GO:0036508		15	-0.4949063	-1.2762764	0.1719457	0.6117519	1.0	2650	tags=40%, list=22%, signal=51%	
MEIOTIC CELL CYCLE PROCESS%GOBP%GO:1903046	MEIOTIC CELL CYCLE PROCESS%GOBP%GO:1903046		76	-0.34442642	-1.2755486	0.081120946	0.612261	1.0	2433	tags=30%, list=20%, signal=38%	
PROTEIN LOCALIZATION TO CYTOSKELETON%GOBP%GO:0044380	PROTEIN LOCALIZATION TO CYTOSKELETON%GOBP%GO:0044380		37	-0.3899906	-1.2736824	0.10810811	0.6164741	1.0	3163	tags=43%, list=26%, signal=58%	
AMPLIFICATION OF SIGNAL FROM THE KINETOCHORES%REACTOME%R-HSA-141424.4	AMPLIFICATION OF SIGNAL FROM THE KINETOCHORES%REACTOME%R-HSA-141424.4		85	-0.33431998	-1.272799	0.085427135	0.61742336	1.0	2417	tags=33%, list=20%, signal=41%	
BIOCARTA_P53HYPOXIA_PATHWAY%MSIGDB_C2%BIOCARTA_P53HYPOXIA_PATHWAY	BIOCARTA_P53HYPOXIA_PATHWAY%MSIGDB_C2%BIOCARTA_P53HYPOXIA_PATHWAY		15	-0.48572654	-1.2725375	0.1599099	0.6163663	1.0	1548	tags=20%, list=13%, signal=23%	
GLYCEROPHOSPHOLIPID BIOSYNTHESIS%REACTOME DATABASE ID RELEASE 93%1483206	GLYCEROPHOSPHOLIPID BIOSYNTHESIS%REACTOME DATABASE ID RELEASE 93%1483206		93	-0.328045	-1.2698028	0.05901639	0.62333596	1.0	2170	tags=31%, list=18%, signal=38%	
PHOSPHORYLATION OF THE APC C%REACTOME DATABASE ID RELEASE 93%176412	PHOSPHORYLATION OF THE APC C%REACTOME DATABASE ID RELEASE 93%176412		20	-0.4487692	-1.2692993	0.14338236	0.6231239	1.0	1606	tags=25%, list=13%, signal=29%	
NUCLEAR DNA REPLICATION%GOBP%GO:0033260	NUCLEAR DNA REPLICATION%GOBP%GO:0033260		19	-0.4627474	-1.2686408	0.16018845	0.6233831	1.0	777	tags=16%, list=6%, signal=17%	
1Q21 1 COPY NUMBER VARIATION SYNDROME%WIKIPATHWAYS_20250810%WP4905%HOMO SAPIENS	1Q21 1 COPY NUMBER VARIATION SYNDROME%WIKIPATHWAYS_20250810%WP4905%HOMO SAPIENS		17	-0.4662467	-1.2681599	0.16549295	0.6230654	1.0	1856	tags=29%, list=15%, signal=35%	
ORGANIC HYDROXY COMPOUND TRANSPORT%GOBP%GO:0015850	ORGANIC HYDROXY COMPOUND TRANSPORT%GOBP%GO:0015850		72	-0.34458467	-1.2677593	0.095679015	0.6224211	1.0	1489	tags=28%, list=12%, signal=32%	
CYCLIN A B1 B2 ASSOCIATED EVENTS DURING G2 M TRANSITION%REACTOME%R-HSA-69273.10	CYCLIN A B1 B2 ASSOCIATED EVENTS DURING G2 M TRANSITION%REACTOME%R-HSA-69273.10		30	-0.41410482	-1.2666503	0.14267015	0.6241176	1.0	1490	tags=30%, list=12%, signal=34%	
RHOB GTPASE CYCLE%REACTOME DATABASE ID RELEASE 93%9013026	RHOB GTPASE CYCLE%REACTOME DATABASE ID RELEASE 93%9013026		61	-0.35332513	-1.2665404	0.107988164	0.6225586	1.0	570	tags=16%, list=5%, signal=17%	
REGULATION OF OSTEOBLAST DIFFERENTIATION%GOBP%GO:0045667	REGULATION OF OSTEOBLAST DIFFERENTIATION%GOBP%GO:0045667		64	-0.3529636	-1.2651054	0.09710145	0.6253883	1.0	2299	tags=39%, list=19%, signal=48%	
PHOSPHATIDYL INOSITOL PHOSPHATE PATHWAY%WIKIPATHWAYS_20250810%WP5411%HOMO SAPIENS	PHOSPHATIDYL INOSITOL PHOSPHATE PATHWAY%WIKIPATHWAYS_20250810%WP5411%HOMO SAPIENS		33	-0.39540112	-1.2650832	0.12406948	0.62355256	1.0	2902	tags=39%, list=24%, signal=52%	
CENTRAL NERVOUS SYSTEM NEURON DIFFERENTIATION%GOBP%GO:0021953	CENTRAL NERVOUS SYSTEM NEURON DIFFERENTIATION%GOBP%GO:0021953		44	-0.37561867	-1.2648518	0.12583669	0.62237066	1.0	1041	tags=23%, list=9%, signal=25%	
ROLE OF PHOSPHOLIPIDS IN PHAGOCYTOSIS%REACTOME%R-HSA-2029485.3	ROLE OF PHOSPHOLIPIDS IN PHAGOCYTOSIS%REACTOME%R-HSA-2029485.3		17	-0.47173864	-1.2643188	0.1627385	0.62218976	1.0	1714	tags=41%, list=14%, signal=48%	
CENTRIOLE REPLICATION%GOBP%GO:0007099	CENTRIOLE REPLICATION%GOBP%GO:0007099		21	-0.45232403	-1.2641453	0.16367981	0.6209	1.0	645	tags=19%, list=5%, signal=20%	
NEUROTROPHIN SIGNALING PATHWAY%GOBP%GO:0038179	NEUROTROPHIN SIGNALING PATHWAY%GOBP%GO:0038179		15	-0.49432796	-1.2632455	0.18530701	0.62209946	1.0	3420	tags=53%, list=28%, signal=74%	
AXONAL TRANSPORT%GOBP%GO:0098930	AXONAL TRANSPORT%GOBP%GO:0098930		42	-0.37422597	-1.2609425	0.12297297	0.62778085	1.0	3483	tags=52%, list=29%, signal=73%	
CILIARY LANDSCAPE%WIKIPATHWAYS_20250810%WP4352%HOMO SAPIENS	CILIARY LANDSCAPE%WIKIPATHWAYS_20250810%WP4352%HOMO SAPIENS		159	-0.29723674	-1.2606181	0.04828974	0.6270373	1.0	2542	tags=30%, list=21%, signal=38%	
CAM PATHWAY%REACTOME%R-HSA-111997.3	CAM PATHWAY%REACTOME%R-HSA-111997.3		21	-0.44552383	-1.2594757	0.15517241	0.6290293	1.0	818	tags=19%, list=7%, signal=20%	
NEUTRAL LIPID METABOLIC PROCESS%GOBP%GO:0006638	NEUTRAL LIPID METABOLIC PROCESS%GOBP%GO:0006638		44	-0.3688968	-1.2567562	0.12188729	0.6363122	1.0	2068	tags=32%, list=17%, signal=38%	
NUCLEOTIDE EXCISION REPAIR IN XERODERMA PIGMENTOSUM %WIKIPATHWAYS_20250810%WP5114%HOMO SAPIENS	NUCLEOTIDE EXCISION REPAIR IN XERODERMA PIGMENTOSUM %WIKIPATHWAYS_20250810%WP5114%HOMO SAPIENS		43	-0.3736776	-1.2564144	0.1167147	0.63558376	1.0	2807	tags=35%, list=23%, signal=45%	
NEGATIVE REGULATION OF CALCIUM ION TRANSMEMBRANE TRANSPORT%GOBP%GO:1903170	NEGATIVE REGULATION OF CALCIUM ION TRANSMEMBRANE TRANSPORT%GOBP%GO:1903170		18	-0.46043697	-1.2561307	0.18887602	0.6346209	1.0	1951	tags=33%, list=16%, signal=40%	
TARGETING YAP IN PANCREATIC DUCTAL ADENOCARCINOMA PDAC %WIKIPATHWAYS_20250810%WP5495%HOMO SAPIENS	TARGETING YAP IN PANCREATIC DUCTAL ADENOCARCINOMA PDAC %WIKIPATHWAYS_20250810%WP5495%HOMO SAPIENS		19	-0.4549159	-1.25567	0.15690866	0.6342518	1.0	1528	tags=32%, list=13%, signal=36%	
DAG AND IP3 SIGNALING%REACTOME DATABASE ID RELEASE 93%1489509	DAG AND IP3 SIGNALING%REACTOME DATABASE ID RELEASE 93%1489509		27	-0.42135468	-1.2551416	0.16519547	0.6341534	1.0	818	tags=19%, list=7%, signal=20%	
CARDIAC CONDUCTION%GOBP%GO:0061337	CARDIAC CONDUCTION%GOBP%GO:0061337		34	-0.40011644	-1.2537358	0.13458951	0.63698286	1.0	2640	tags=47%, list=22%, signal=60%	
PROTEIN LOCALIZATION TO CHROMOSOME%GOBP%GO:0034502	PROTEIN LOCALIZATION TO CHROMOSOME%GOBP%GO:0034502		64	-0.34607464	-1.2527255	0.09461427	0.63861483	1.0	3354	tags=42%, list=28%, signal=58%	
NEGATIVE REGULATION OF CELL CYCLE PHASE TRANSITION%GOBP%GO:1901988	NEGATIVE REGULATION OF CELL CYCLE PHASE TRANSITION%GOBP%GO:1901988		160	-0.29712355	-1.2526677	0.053030305	0.6369568	1.0	1968	tags=24%, list=16%, signal=28%	
LYSOSOMAL LUMEN ACIDIFICATION%GOBP%GO:0007042	LYSOSOMAL LUMEN ACIDIFICATION%GOBP%GO:0007042		21	-0.45326874	-1.2515339	0.1953602	0.6390438	1.0	1922	tags=29%, list=16%, signal=34%	
G2 M DNA DAMAGE CHECKPOINT%REACTOME DATABASE ID RELEASE 93%69473	G2 M DNA DAMAGE CHECKPOINT%REACTOME DATABASE ID RELEASE 93%69473		57	-0.35217962	-1.2510097	0.10300429	0.6389397	1.0	2284	tags=26%, list=19%, signal=32%	
ANDROGEN RECEPTOR SIGNALING%WIKIPATHWAYS_20250810%WP138%HOMO SAPIENS	ANDROGEN RECEPTOR SIGNALING%WIKIPATHWAYS_20250810%WP138%HOMO SAPIENS		64	-0.3427885	-1.2478329	0.09561128	0.647634	1.0	2465	tags=31%, list=20%, signal=39%	
NEGATIVE REGULATION OF ACTIN FILAMENT POLYMERIZATION%GOBP%GO:0030837	NEGATIVE REGULATION OF ACTIN FILAMENT POLYMERIZATION%GOBP%GO:0030837		24	-0.43074346	-1.2463052	0.1798299	0.6508488	1.0	1515	tags=29%, list=13%, signal=33%	
CANONICAL WNT SIGNALING PATHWAY%PATHWAY INTERACTION DATABASE NCI-NATURE CURATED DATA%CANONICAL WNT SIGNALING PATHWAY	CANONICAL WNT SIGNALING PATHWAY%PATHWAY INTERACTION DATABASE NCI-NATURE CURATED DATA%CANONICAL WNT SIGNALING PATHWAY		17	-0.46689323	-1.2455988	0.17924528	0.6513603	1.0	1222	tags=29%, list=10%, signal=33%	
AXON EXTENSION%GOBP%GO:0048675	AXON EXTENSION%GOBP%GO:0048675		19	-0.44935805	-1.2429187	0.18284994	0.6586108	1.0	1059	tags=21%, list=9%, signal=23%	
ZINC HOMEOSTASIS%WIKIPATHWAYS_20250810%WP3529%HOMO SAPIENS	ZINC HOMEOSTASIS%WIKIPATHWAYS_20250810%WP3529%HOMO SAPIENS		19	-0.44810978	-1.2405936	0.19263804	0.6646972	1.0	2686	tags=47%, list=22%, signal=61%	
BETA-KETOTHIOLASE DEFICIENCY%SMPDB%SMP0000173	BETA-KETOTHIOLASE DEFICIENCY%SMPDB%SMP0000173		27	-0.40595448	-1.2404628	0.15555556	0.66322774	1.0	2254	tags=41%, list=19%, signal=50%	
ACYLGLYCEROL METABOLIC PROCESS%GOBP%GO:0006639	ACYLGLYCEROL METABOLIC PROCESS%GOBP%GO:0006639		44	-0.3688968	-1.2396177	0.13682865	0.6641637	1.0	2068	tags=32%, list=17%, signal=38%	
KIDNEY MORPHOGENESIS%GOBP%GO:0060993	KIDNEY MORPHOGENESIS%GOBP%GO:0060993		22	-0.43155813	-1.2394322	0.16830467	0.66290945	1.0	1351	tags=32%, list=11%, signal=36%	
AMYLOID FIBRIL FORMATION%GOBP%GO:1990000	AMYLOID FIBRIL FORMATION%GOBP%GO:1990000		19	-0.44542518	-1.2390621	0.1882494	0.6622498	1.0	2568	tags=42%, list=21%, signal=53%	
NEGATIVE REGULATION OF CELL CYCLE PROCESS%GOBP%GO:0010948	NEGATIVE REGULATION OF CELL CYCLE PROCESS%GOBP%GO:0010948		195	-0.2882366	-1.2390442	0.05399061	0.6604343	1.0	2056	tags=24%, list=17%, signal=28%	
REGULATION OF CDC42 ACTIVITY%PATHWAY INTERACTION DATABASE NCI-NATURE CURATED DATA%REGULATION OF CDC42 ACTIVITY	REGULATION OF CDC42 ACTIVITY%PATHWAY INTERACTION DATABASE NCI-NATURE CURATED DATA%REGULATION OF CDC42 ACTIVITY		26	-0.42030075	-1.2377589	0.17355372	0.6628523	1.0	2062	tags=31%, list=17%, signal=37%	
CLASS I PEROXISOMAL MEMBRANE PROTEIN IMPORT%REACTOME DATABASE ID RELEASE 93%9603798	CLASS I PEROXISOMAL MEMBRANE PROTEIN IMPORT%REACTOME DATABASE ID RELEASE 93%9603798		18	-0.44948238	-1.2374872	0.19552414	0.661936	1.0	3205	tags=33%, list=27%, signal=45%	
ENERGY DEPENDENT REGULATION OF MTOR BY LKB1-AMPK%REACTOME%R-HSA-380972.4	ENERGY DEPENDENT REGULATION OF MTOR BY LKB1-AMPK%REACTOME%R-HSA-380972.4		28	-0.4101834	-1.2369704	0.15605493	0.6618458	1.0	1528	tags=29%, list=13%, signal=33%	
MITOTIC SPINDLE ORGANIZATION%GOBP%GO:0007052	MITOTIC SPINDLE ORGANIZATION%GOBP%GO:0007052		82	-0.32688698	-1.2367331	0.080058224	0.6608065	1.0	1935	tags=23%, list=16%, signal=27%	
SKELETAL SYSTEM MORPHOGENESIS%GOBP%GO:0048705	SKELETAL SYSTEM MORPHOGENESIS%GOBP%GO:0048705		51	-0.3526308	-1.2360101	0.12824208	0.6613902	1.0	1093	tags=20%, list=9%, signal=21%	
3-HYDROXY-3-METHYLGLUTARYL-COA LYASE DEFICIENCY%PATHWHIZ%PW000063	3-HYDROXY-3-METHYLGLUTARYL-COA LYASE DEFICIENCY%PATHWHIZ%PW000063		27	-0.40595448	-1.235141	0.16058394	0.6625015	1.0	2254	tags=41%, list=19%, signal=50%	
3-HYDROXYISOBUTYRIC ACID DEHYDROGENASE DEFICIENCY%SMPDB%SMP0000521	3-HYDROXYISOBUTYRIC ACID DEHYDROGENASE DEFICIENCY%SMPDB%SMP0000521		27	-0.40595448	-1.233607	0.16878173	0.6657588	1.0	2254	tags=41%, list=19%, signal=50%	
PID_THROMBIN_PAR1_PATHWAY%MSIGDB_C2%PID_THROMBIN_PAR1_PATHWAY	PID_THROMBIN_PAR1_PATHWAY%MSIGDB_C2%PID_THROMBIN_PAR1_PATHWAY		19	-0.45339355	-1.2329035	0.18325242	0.66631395	1.0	1714	tags=32%, list=14%, signal=37%	
ISOBUTYRYL-COA DEHYDROGENASE DEFICIENCY%SMPDB%SMP0000523	ISOBUTYRYL-COA DEHYDROGENASE DEFICIENCY%SMPDB%SMP0000523		27	-0.40595448	-1.2323799	0.17291415	0.66626555	1.0	2254	tags=41%, list=19%, signal=50%	
MAPLE SYRUP URINE DISEASE%PATHWHIZ%PW000064	MAPLE SYRUP URINE DISEASE%PATHWHIZ%PW000064		27	-0.40595448	-1.232279	0.17682198	0.66480964	1.0	2254	tags=41%, list=19%, signal=50%	
PIECEMEAL MICROAUTOPHAGY OF THE NUCLEUS%GOBP%GO:0034727	PIECEMEAL MICROAUTOPHAGY OF THE NUCLEUS%GOBP%GO:0034727		18	-0.44852412	-1.2318012	0.19288175	0.6646473	1.0	2050	tags=28%, list=17%, signal=33%	
METHYLMALONIC ACIDURIA%SMPDB%SMP0000200	METHYLMALONIC ACIDURIA%SMPDB%SMP0000200		27	-0.40595448	-1.2317373	0.17691343	0.66307044	1.0	2254	tags=41%, list=19%, signal=50%	
CELLULAR RESPONSE TO CORTICOSTEROID STIMULUS%GOBP%GO:0071384	CELLULAR RESPONSE TO CORTICOSTEROID STIMULUS%GOBP%GO:0071384		18	-0.45268404	-1.2316285	0.20710059	0.6616585	1.0	1249	tags=39%, list=10%, signal=43%	
3-METHYLGLUTACONIC ACIDURIA TYPE I%SMPDB%SMP0000139	3-METHYLGLUTACONIC ACIDURIA TYPE I%SMPDB%SMP0000139		27	-0.40595448	-1.2310057	0.16830467	0.66203874	1.0	2254	tags=41%, list=19%, signal=50%	
PID_BARD1_PATHWAY%MSIGDB_C2%PID_BARD1_PATHWAY	PID_BARD1_PATHWAY%MSIGDB_C2%PID_BARD1_PATHWAY		26	-0.41705084	-1.2297574	0.16521738	0.6644378	1.0	2284	tags=31%, list=19%, signal=38%	
AKT SIGNALING AND ARTD FAMILY MEMBERS%WIKIPATHWAYS_20250810%WP5531%HOMO SAPIENS	AKT SIGNALING AND ARTD FAMILY MEMBERS%WIKIPATHWAYS_20250810%WP5531%HOMO SAPIENS		26	-0.4147376	-1.2293596	0.19183168	0.6640654	1.0	2312	tags=42%, list=19%, signal=52%	
LONG-CHAIN FATTY ACID TRANSPORT%GOBP%GO:0015909	LONG-CHAIN FATTY ACID TRANSPORT%GOBP%GO:0015909		21	-0.43254897	-1.2273438	0.18487395	0.66900426	1.0	1460	tags=33%, list=12%, signal=38%	
CA-DEPENDENT EVENTS%REACTOME%R-HSA-111996.3	CA-DEPENDENT EVENTS%REACTOME%R-HSA-111996.3		23	-0.421838	-1.2269087	0.17667845	0.6686833	1.0	1352	tags=22%, list=11%, signal=24%	
NEGATIVE REGULATION OF CELL-MATRIX ADHESION%GOBP%GO:0001953	NEGATIVE REGULATION OF CELL-MATRIX ADHESION%GOBP%GO:0001953		25	-0.41622534	-1.2264173	0.17552534	0.668618	1.0	600	tags=20%, list=5%, signal=21%	
ISOVALERIC ACIDURIA%PATHWHIZ%PW000091	ISOVALERIC ACIDURIA%PATHWHIZ%PW000091		27	-0.40595448	-1.2255	0.19109027	0.6699724	1.0	2254	tags=41%, list=19%, signal=50%	
ATR SIGNALING PATHWAY%PATHWAY INTERACTION DATABASE NCI-NATURE CURATED DATA%ATR SIGNALING PATHWAY	ATR SIGNALING PATHWAY%PATHWAY INTERACTION DATABASE NCI-NATURE CURATED DATA%ATR SIGNALING PATHWAY		39	-0.3729251	-1.2246236	0.15423514	0.6712294	1.0	2284	tags=26%, list=19%, signal=32%	
CELL CYCLE%WIKIPATHWAYS_20250810%WP179%HOMO SAPIENS	CELL CYCLE%WIKIPATHWAYS_20250810%WP179%HOMO SAPIENS		90	-0.32294294	-1.2241445	0.10651828	0.67107105	1.0	2371	tags=27%, list=20%, signal=33%	
DOUBLE-STRAND BREAK REPAIR VIA HOMOLOGOUS RECOMBINATION%GOBP%GO:0000724	DOUBLE-STRAND BREAK REPAIR VIA HOMOLOGOUS RECOMBINATION%GOBP%GO:0000724		103	-0.31249386	-1.2241389	0.08482871	0.6693171	1.0	2257	tags=27%, list=19%, signal=33%	
3-HYDROXYISOBUTYRIC ACIDURIA%PATHWHIZ%PW000498	3-HYDROXYISOBUTYRIC ACIDURIA%PATHWHIZ%PW000498		27	-0.40595448	-1.2238709	0.15737298	0.6684829	1.0	2254	tags=41%, list=19%, signal=50%	
GLYCEROPHOSPHOLIPID BIOSYNTHETIC PATHWAY%WIKIPATHWAYS_20250810%WP2533%HOMO SAPIENS	GLYCEROPHOSPHOLIPID BIOSYNTHETIC PATHWAY%WIKIPATHWAYS_20250810%WP2533%HOMO SAPIENS		20	-0.431758	-1.2223648	0.20243903	0.6718165	1.0	2891	tags=50%, list=24%, signal=66%	
CELLULAR PIGMENTATION%GOBP%GO:0033059	CELLULAR PIGMENTATION%GOBP%GO:0033059		49	-0.35637727	-1.2221426	0.14966887	0.6707881	1.0	3220	tags=43%, list=27%, signal=58%	
NEPHRON EPITHELIUM MORPHOGENESIS%GOBP%GO:0072088	NEPHRON EPITHELIUM MORPHOGENESIS%GOBP%GO:0072088		17	-0.4547895	-1.2219625	0.21621622	0.6696084	1.0	1351	tags=35%, list=11%, signal=40%	
NEPHRON MORPHOGENESIS%GOBP%GO:0072028	NEPHRON MORPHOGENESIS%GOBP%GO:0072028		17	-0.4547895	-1.220811	0.19830714	0.67181647	1.0	1351	tags=35%, list=11%, signal=40%	
RECOMBINATIONAL REPAIR%GOBP%GO:0000725	RECOMBINATIONAL REPAIR%GOBP%GO:0000725		106	-0.3083887	-1.2208055	0.096283786	0.67007804	1.0	2257	tags=26%, list=19%, signal=32%	
RORA,B,C AND NR1D1 (REV-ERBA) REGULATE GENE EXPRESSION%REACTOME%R-HSA-9933387.1	RORA,B,C AND NR1D1 (REV-ERBA) REGULATE GENE EXPRESSION%REACTOME%R-HSA-9933387.1		24	-0.41749725	-1.2205082	0.18928571	0.6693107	1.0	3067	tags=50%, list=25%, signal=67%	
ISOVALERIC ACIDEMIA%PATHWHIZ%PW000500	ISOVALERIC ACIDEMIA%PATHWHIZ%PW000500		27	-0.40595448	-1.2196367	0.18181819	0.67050654	1.0	2254	tags=41%, list=19%, signal=50%	
POSITIVE REGULATION OF CANONICAL WNT SIGNALING PATHWAY%GOBP%GO:0090263	POSITIVE REGULATION OF CANONICAL WNT SIGNALING PATHWAY%GOBP%GO:0090263		64	-0.3373874	-1.2184545	0.14701378	0.67286086	1.0	1768	tags=30%, list=15%, signal=35%	
RAB GERANYLGERANYLATION%REACTOME DATABASE ID RELEASE 93%8873719	RAB GERANYLGERANYLATION%REACTOME DATABASE ID RELEASE 93%8873719		51	-0.3559168	-1.2182853	0.15127176	0.6717167	1.0	2542	tags=31%, list=21%, signal=40%	
POSITIVE REGULATION OF D-GLUCOSE IMPORT%GOBP%GO:0046326	POSITIVE REGULATION OF D-GLUCOSE IMPORT%GOBP%GO:0046326		17	-0.45916134	-1.2180339	0.20665084	0.67085874	1.0	2590	tags=47%, list=22%, signal=60%	
WHITE FAT CELL DIFFERENTIATION%WIKIPATHWAYS_20250810%WP4149%HOMO SAPIENS	WHITE FAT CELL DIFFERENTIATION%WIKIPATHWAYS_20250810%WP4149%HOMO SAPIENS		20	-0.43554717	-1.2168916	0.20417634	0.67295456	1.0	2630	tags=35%, list=22%, signal=45%	
FATTY ACYL-COA BIOSYNTHESIS%REACTOME%R-HSA-75105.12	FATTY ACYL-COA BIOSYNTHESIS%REACTOME%R-HSA-75105.12		25	-0.4107814	-1.2165781	0.20308788	0.672305	1.0	2241	tags=40%, list=19%, signal=49%	
2-METHYL-3-HYDROXYBUTYRYL-COA DEHYDROGENASE DEFICIENCY%PATHWHIZ%PW000061	2-METHYL-3-HYDROXYBUTYRYL-COA DEHYDROGENASE DEFICIENCY%PATHWHIZ%PW000061		27	-0.40595448	-1.2154685	0.18101266	0.67439264	1.0	2254	tags=41%, list=19%, signal=50%	
CYCLIN DEPENDENT KINASE 4 6 INHIBITORS IN BREAST CANCER%WIKIPATHWAYS_20250810%WP5497%HOMO SAPIENS	CYCLIN DEPENDENT KINASE 4 6 INHIBITORS IN BREAST CANCER%WIKIPATHWAYS_20250810%WP5497%HOMO SAPIENS		28	-0.40136278	-1.214681	0.16806723	0.675394	1.0	2312	tags=39%, list=19%, signal=49%	
G-PROTEIN MEDIATED EVENTS%REACTOME%R-HSA-112040.3	G-PROTEIN MEDIATED EVENTS%REACTOME%R-HSA-112040.3		36	-0.37386096	-1.2138568	0.17610838	0.6765146	1.0	1352	tags=22%, list=11%, signal=25%	
METHYLMALONATE SEMIALDEHYDE DEHYDROGENASE DEFICIENCY%SMPDB%SMP0000384	METHYLMALONATE SEMIALDEHYDE DEHYDROGENASE DEFICIENCY%SMPDB%SMP0000384		27	-0.40595448	-1.2132045	0.2007435	0.6770171	1.0	2254	tags=41%, list=19%, signal=50%	
CILIUM ASSEMBLY%GOBP%GO:0060271	CILIUM ASSEMBLY%GOBP%GO:0060271		188	-0.2811081	-1.2129792	0.06387665	0.6760365	1.0	2360	tags=26%, list=20%, signal=32%	
NUCLEAR MIGRATION%GOBP%GO:0007097	NUCLEAR MIGRATION%GOBP%GO:0007097		18	-0.4447509	-1.2127157	0.21403913	0.6752764	1.0	2417	tags=39%, list=20%, signal=49%	
VALINE, LEUCINE, AND ISOLEUCINE DEGRADATION%PATHWHIZ%PW000051	VALINE, LEUCINE, AND ISOLEUCINE DEGRADATION%PATHWHIZ%PW000051		27	-0.40595448	-1.2126381	0.20275344	0.67381454	1.0	2254	tags=41%, list=19%, signal=50%	
PROPIONIC ACIDEMIA%PATHWHIZ%PW000062	PROPIONIC ACIDEMIA%PATHWHIZ%PW000062		27	-0.40595448	-1.2122904	0.19117647	0.6733333	1.0	2254	tags=41%, list=19%, signal=50%	
B CELL RECEPTOR SIGNALING PATHWAY%GOBP%GO:0050853	B CELL RECEPTOR SIGNALING PATHWAY%GOBP%GO:0050853		16	-0.45023572	-1.2115352	0.21269095	0.67424756	1.0	44	tags=13%, list=0%, signal=13%	
3-METHYLGLUTACONIC ACIDURIA TYPE IV%SMPDB%SMP0000141	3-METHYLGLUTACONIC ACIDURIA TYPE IV%SMPDB%SMP0000141		27	-0.40595448	-1.2115183	0.2027194	0.6726124	1.0	2254	tags=41%, list=19%, signal=50%	
3-METHYLCROTONYL-COA CARBOXYLASE DEFICIENCY TYPE I%SMPDB%SMP0000237	3-METHYLCROTONYL-COA CARBOXYLASE DEFICIENCY TYPE I%SMPDB%SMP0000237		27	-0.40595448	-1.2114837	0.18674698	0.67105216	1.0	2254	tags=41%, list=19%, signal=50%	
3-METHYLGLUTACONIC ACIDURIA TYPE III%SMPDB%SMP0000140	3-METHYLGLUTACONIC ACIDURIA TYPE III%SMPDB%SMP0000140		27	-0.40595448	-1.2109655	0.20156047	0.67109287	1.0	2254	tags=41%, list=19%, signal=50%	
MUSCLE CONTRACTION%GOBP%GO:0006936	MUSCLE CONTRACTION%GOBP%GO:0006936		79	-0.3199745	-1.2108154	0.12715855	0.6699738	1.0	2642	tags=35%, list=22%, signal=45%	
SPINDLE ASSEMBLY%GOBP%GO:0051225	SPINDLE ASSEMBLY%GOBP%GO:0051225		82	-0.31878635	-1.2106533	0.124223605	0.6688849	1.0	1864	tags=21%, list=15%, signal=24%	
CYTOKINESIS%GOBP%GO:0000910	CYTOKINESIS%GOBP%GO:0000910		87	-0.31311658	-1.2103561	0.118421055	0.6682054	1.0	1888	tags=22%, list=16%, signal=26%	
MITOTIC DNA INTEGRITY CHECKPOINT SIGNALING%GOBP%GO:0044774	MITOTIC DNA INTEGRITY CHECKPOINT SIGNALING%GOBP%GO:0044774		55	-0.34336013	-1.2091651	0.1380814	0.6705927	1.0	2402	tags=25%, list=20%, signal=32%	
AGE RELATED MACULAR DEGENERATION%WIKIPATHWAYS_20250810%WP5526%HOMO SAPIENS	AGE RELATED MACULAR DEGENERATION%WIKIPATHWAYS_20250810%WP5526%HOMO SAPIENS		15	-0.46558914	-1.208521	0.22380953	0.67105865	1.0	1778	tags=40%, list=15%, signal=47%	
FATTY ACID METABOLISM%REACTOME%R-HSA-8978868.7	FATTY ACID METABOLISM%REACTOME%R-HSA-8978868.7		118	-0.30322278	-1.2077197	0.10017889	0.67202955	1.0	2269	tags=26%, list=19%, signal=32%	
GLIOBLASTOMA SIGNALING%WIKIPATHWAYS_20250810%WP2261%HOMO SAPIENS	GLIOBLASTOMA SIGNALING%WIKIPATHWAYS_20250810%WP2261%HOMO SAPIENS		66	-0.3297342	-1.2074748	0.124475524	0.6711954	1.0	2153	tags=30%, list=18%, signal=37%	
NEUROPEPTIDE SIGNALING PATHWAY%GOBP%GO:0007218	NEUROPEPTIDE SIGNALING PATHWAY%GOBP%GO:0007218		18	-0.44297656	-1.2064526	0.21882352	0.673051	1.0	1177	tags=28%, list=10%, signal=31%	
GASTRIC CANCER NETWORK 1%WIKIPATHWAYS_20250810%WP2361%HOMO SAPIENS	GASTRIC CANCER NETWORK 1%WIKIPATHWAYS_20250810%WP2361%HOMO SAPIENS		19	-0.4383872	-1.2056508	0.20262218	0.6741975	1.0	1789	tags=42%, list=15%, signal=49%	
CARTILAGE DEVELOPMENT%GOBP%GO:0051216	CARTILAGE DEVELOPMENT%GOBP%GO:0051216		41	-0.36452937	-1.2047842	0.19264892	0.6754304	1.0	844	tags=24%, list=7%, signal=26%	
PATTERN SPECIFICATION PROCESS%GOBP%GO:0007389	PATTERN SPECIFICATION PROCESS%GOBP%GO:0007389		118	-0.29898855	-1.2037696	0.09548611	0.6772295	1.0	1555	tags=25%, list=13%, signal=29%	
INNER EAR DEVELOPMENT%GOBP%GO:0048839	INNER EAR DEVELOPMENT%GOBP%GO:0048839		35	-0.37502408	-1.2027124	0.16753927	0.67913246	1.0	872	tags=23%, list=7%, signal=25%	
EAR DEVELOPMENT%GOBP%GO:0043583	EAR DEVELOPMENT%GOBP%GO:0043583		42	-0.3563751	-1.2025324	0.18067227	0.67815274	1.0	1093	tags=24%, list=9%, signal=26%	
HALLMARK_MITOTIC_SPINDLE%MSIGDBHALLMARK%HALLMARK_MITOTIC_SPINDLE	HALLMARK_MITOTIC_SPINDLE%MSIGDBHALLMARK%HALLMARK_MITOTIC_SPINDLE		149	-0.2897606	-1.2020459	0.077071294	0.67823285	1.0	1571	tags=23%, list=13%, signal=27%	
NEPHRON TUBULE MORPHOGENESIS%GOBP%GO:0072078	NEPHRON TUBULE MORPHOGENESIS%GOBP%GO:0072078		15	-0.45657557	-1.20103	0.2324263	0.68009305	1.0	380	tags=27%, list=3%, signal=28%	
BARD1 SIGNALING EVENTS%PATHWAY INTERACTION DATABASE NCI-NATURE CURATED DATA%BARD1 SIGNALING EVENTS	BARD1 SIGNALING EVENTS%PATHWAY INTERACTION DATABASE NCI-NATURE CURATED DATA%BARD1 SIGNALING EVENTS		27	-0.39395472	-1.2008098	0.19629629	0.67918235	1.0	2284	tags=30%, list=19%, signal=36%	
DNA STRAND ELONGATION INVOLVED IN DNA REPLICATION%GOBP%GO:0006271	DNA STRAND ELONGATION INVOLVED IN DNA REPLICATION%GOBP%GO:0006271		15	-0.46120167	-1.1998947	0.25174013	0.6805719	1.0	1484	tags=33%, list=12%, signal=38%	
RHOJ GTPASE CYCLE%REACTOME DATABASE ID RELEASE 93%9013409	RHOJ GTPASE CYCLE%REACTOME DATABASE ID RELEASE 93%9013409		51	-0.35074276	-1.1997609	0.15006821	0.67938435	1.0	2637	tags=35%, list=22%, signal=45%	
POSITIVE REGULATION OF CILIUM ASSEMBLY%GOBP%GO:0045724	POSITIVE REGULATION OF CILIUM ASSEMBLY%GOBP%GO:0045724		21	-0.42268428	-1.199414	0.22341697	0.6789867	1.0	3666	tags=57%, list=30%, signal=82%	
TISSUE REMODELING%GOBP%GO:0048771	TISSUE REMODELING%GOBP%GO:0048771		22	-0.418883	-1.1984607	0.20293398	0.6805841	1.0	2510	tags=45%, list=21%, signal=57%	
NEGATIVE REGULATION OF AMIDE METABOLIC PROCESS%GOBP%GO:0034249	NEGATIVE REGULATION OF AMIDE METABOLIC PROCESS%GOBP%GO:0034249		20	-0.42858225	-1.1970516	0.22639225	0.68366224	1.0	2289	tags=30%, list=19%, signal=37%	
RND2 GTPASE CYCLE%REACTOME DATABASE ID RELEASE 93%9696270	RND2 GTPASE CYCLE%REACTOME DATABASE ID RELEASE 93%9696270		37	-0.3734657	-1.1950117	0.175	0.6890168	1.0	742	tags=24%, list=6%, signal=26%	
INHIBITION OF GNAQ REGULATED SIGNALING IN UVEAL MELANOMA%WIKIPATHWAYS_20250810%WP5490%HOMO SAPIENS	INHIBITION OF GNAQ REGULATED SIGNALING IN UVEAL MELANOMA%WIKIPATHWAYS_20250810%WP5490%HOMO SAPIENS		24	-0.40807354	-1.1936665	0.19506173	0.691911	1.0	2270	tags=38%, list=19%, signal=46%	
ARTERY DEVELOPMENT%GOBP%GO:0060840	ARTERY DEVELOPMENT%GOBP%GO:0060840		34	-0.37757733	-1.193396	0.20737913	0.6912319	1.0	1487	tags=26%, list=12%, signal=30%	
EPITHELIAL TUBE MORPHOGENESIS%GOBP%GO:0060562	EPITHELIAL TUBE MORPHOGENESIS%GOBP%GO:0060562		90	-0.30944866	-1.1926843	0.11237785	0.69194317	1.0	494	tags=16%, list=4%, signal=16%	
SYNAPTIC SIGNALING ASSOCIATED WITH AUTISM SPECTRUM DISORDER%WIKIPATHWAYS_20250810%WP4539%HOMO SAPIENS	SYNAPTIC SIGNALING ASSOCIATED WITH AUTISM SPECTRUM DISORDER%WIKIPATHWAYS_20250810%WP4539%HOMO SAPIENS		34	-0.37913013	-1.1919711	0.2062893	0.692775	1.0	2232	tags=35%, list=19%, signal=43%	
ARTERY MORPHOGENESIS%GOBP%GO:0048844	ARTERY MORPHOGENESIS%GOBP%GO:0048844		27	-0.39196005	-1.1905302	0.2064277	0.6960245	1.0	1487	tags=30%, list=12%, signal=34%	
RESPONSE TO METAL ION%GOBP%GO:0010038	RESPONSE TO METAL ION%GOBP%GO:0010038		116	-0.30030903	-1.1903902	0.11132438	0.6949134	1.0	2237	tags=29%, list=19%, signal=36%	
BARDET BIEDL SYNDROME%WIKIPATHWAYS_20250810%WP5234%HOMO SAPIENS	BARDET BIEDL SYNDROME%WIKIPATHWAYS_20250810%WP5234%HOMO SAPIENS		65	-0.3268872	-1.1895175	0.15328467	0.6962923	1.0	1890	tags=23%, list=16%, signal=27%	
NEGATIVE REGULATION OF TRANSLATION%GOBP%GO:0017148	NEGATIVE REGULATION OF TRANSLATION%GOBP%GO:0017148		84	-0.31314	-1.1894867	0.1453958	0.69478965	1.0	2603	tags=30%, list=22%, signal=38%	
CELLULAR RESPONSE TO KETONE%GOBP%GO:1901655	CELLULAR RESPONSE TO KETONE%GOBP%GO:1901655		32	-0.37895635	-1.1894639	0.20838627	0.6932653	1.0	1650	tags=28%, list=14%, signal=33%	
RESPONSE TO ZINC ION%GOBP%GO:0010043	RESPONSE TO ZINC ION%GOBP%GO:0010043		16	-0.44255635	-1.1892687	0.2505721	0.69234747	1.0	1625	tags=31%, list=13%, signal=36%	
GLYCEROPHOSPHOLIPID METABOLIC PROCESS%GOBP%GO:0006650	GLYCEROPHOSPHOLIPID METABOLIC PROCESS%GOBP%GO:0006650		192	-0.27895728	-1.189166	0.07466064	0.69107425	1.0	1838	tags=21%, list=15%, signal=25%	
DIOL METABOLIC PROCESS%GOBP%GO:0034311	DIOL METABOLIC PROCESS%GOBP%GO:0034311		20	-0.42203316	-1.1878893	0.22248521	0.69384325	1.0	794	tags=20%, list=7%, signal=21%	
NEURAL TUBE DEVELOPMENT%GOBP%GO:0021915	NEURAL TUBE DEVELOPMENT%GOBP%GO:0021915		39	-0.36071023	-1.186999	0.20131579	0.69518614	1.0	1222	tags=18%, list=10%, signal=20%	
HEART CONTRACTION%GOBP%GO:0060047	HEART CONTRACTION%GOBP%GO:0060047		32	-0.37843037	-1.1865239	0.20200753	0.69520247	1.0	2569	tags=41%, list=21%, signal=52%	
CELLULAR RESPONSE TO ALCOHOL%GOBP%GO:0097306	CELLULAR RESPONSE TO ALCOHOL%GOBP%GO:0097306		40	-0.35644805	-1.1860594	0.20184697	0.6951276	1.0	1094	tags=20%, list=9%, signal=22%	
ACTIVATION OF HOX GENES DURING DIFFERENTIATION%REACTOME DATABASE ID RELEASE 93%5619507	ACTIVATION OF HOX GENES DURING DIFFERENTIATION%REACTOME DATABASE ID RELEASE 93%5619507		52	-0.34113473	-1.1856213	0.16292135	0.6950322	1.0	3305	tags=33%, list=27%, signal=45%	
TRANSLESION SYNTHESIS BY REV1%REACTOME%R-HSA-110312.3	TRANSLESION SYNTHESIS BY REV1%REACTOME%R-HSA-110312.3		16	-0.44598958	-1.1853582	0.23206279	0.6943104	1.0	2181	tags=38%, list=18%, signal=46%	
B CELL DIFFERENTIATION%GOBP%GO:0030183	B CELL DIFFERENTIATION%GOBP%GO:0030183		47	-0.34825963	-1.1849183	0.18844567	0.6942214	1.0	1782	tags=28%, list=15%, signal=32%	
REGULATION OF ACTIN CYTOSKELETON%WIKIPATHWAYS_20250810%WP51%HOMO SAPIENS	REGULATION OF ACTIN CYTOSKELETON%WIKIPATHWAYS_20250810%WP51%HOMO SAPIENS		80	-0.31235138	-1.1846831	0.13535032	0.6934883	1.0	2312	tags=29%, list=19%, signal=35%	
BIOCARTA_ALK_PATHWAY%MSIGDB_C2%BIOCARTA_ALK_PATHWAY	BIOCARTA_ALK_PATHWAY%MSIGDB_C2%BIOCARTA_ALK_PATHWAY		22	-0.4113039	-1.1844025	0.2326139	0.69280785	1.0	737	tags=23%, list=6%, signal=24%	
GOLGI ASSOCIATED VESICLE BIOGENESIS%REACTOME DATABASE ID RELEASE 93%432722	GOLGI ASSOCIATED VESICLE BIOGENESIS%REACTOME DATABASE ID RELEASE 93%432722		52	-0.3380128	-1.1842535	0.17167382	0.6917609	1.0	2312	tags=31%, list=19%, signal=38%	
ACTIVATION OF ANTERIOR HOX GENES IN HINDBRAIN DEVELOPMENT DURING EARLY EMBRYOGENESIS%REACTOME DATABASE ID RELEASE 93%5617472	ACTIVATION OF ANTERIOR HOX GENES IN HINDBRAIN DEVELOPMENT DURING EARLY EMBRYOGENESIS%REACTOME DATABASE ID RELEASE 93%5617472		52	-0.34113473	-1.1831765	0.17614424	0.6938269	1.0	3305	tags=33%, list=27%, signal=45%	
NEGATIVE REGULATION OF CELL CYCLE G1/S PHASE TRANSITION%GOBP%GO:1902807	NEGATIVE REGULATION OF CELL CYCLE G1/S PHASE TRANSITION%GOBP%GO:1902807		41	-0.35881546	-1.1831483	0.17326057	0.69238025	1.0	988	tags=22%, list=8%, signal=24%	
HEME SIGNALING%REACTOME%R-HSA-9707616.4	HEME SIGNALING%REACTOME%R-HSA-9707616.4		39	-0.3619333	-1.1806399	0.20103092	0.69923836	1.0	2465	tags=33%, list=20%, signal=42%	
LYSOSOME ORGANIZATION%GOBP%GO:0007040	LYSOSOME ORGANIZATION%GOBP%GO:0007040		77	-0.3147849	-1.1805267	0.16253869	0.6980805	1.0	2149	tags=27%, list=18%, signal=33%	
PYRUVATE METABOLISM%REACTOME%R-HSA-70268.10	PYRUVATE METABOLISM%REACTOME%R-HSA-70268.10		39	-0.36296457	-1.1799418	0.18710493	0.6984379	1.0	1890	tags=28%, list=16%, signal=33%	
DNA REPLICATION%WIKIPATHWAYS_20250810%WP466%HOMO SAPIENS	DNA REPLICATION%WIKIPATHWAYS_20250810%WP466%HOMO SAPIENS		32	-0.37411258	-1.17961	0.21176471	0.69804686	1.0	3699	tags=44%, list=31%, signal=63%	
POSITIVE REGULATION OF CYTOKINESIS%GOBP%GO:0032467	POSITIVE REGULATION OF CYTOKINESIS%GOBP%GO:0032467		33	-0.3726513	-1.177559	0.19094247	0.7033541	1.0	2062	tags=30%, list=17%, signal=36%	
LYTIC VACUOLE ORGANIZATION%GOBP%GO:0080171	LYTIC VACUOLE ORGANIZATION%GOBP%GO:0080171		77	-0.3147849	-1.1775112	0.16329704	0.70197636	1.0	2149	tags=27%, list=18%, signal=33%	
EPITHELIAL TUBE FORMATION%GOBP%GO:0072175	EPITHELIAL TUBE FORMATION%GOBP%GO:0072175		38	-0.36784995	-1.1772748	0.21532364	0.701212	1.0	1222	tags=21%, list=10%, signal=23%	
NUCLEOTIDE EXCISION REPAIR%WIKIPATHWAYS_20250810%WP4753%HOMO SAPIENS	NUCLEOTIDE EXCISION REPAIR%WIKIPATHWAYS_20250810%WP4753%HOMO SAPIENS		32	-0.37690142	-1.1772581	0.22181372	0.69972265	1.0	1672	tags=25%, list=14%, signal=29%	
SUMOYLATION OF TRANSCRIPTION FACTORS%REACTOME%R-HSA-3232118.9	SUMOYLATION OF TRANSCRIPTION FACTORS%REACTOME%R-HSA-3232118.9		16	-0.4456981	-1.1762145	0.242741	0.701733	1.0	1548	tags=19%, list=13%, signal=21%	
BIOCARTA_IGF1MTOR_PATHWAY%MSIGDB_C2%BIOCARTA_IGF1MTOR_PATHWAY	BIOCARTA_IGF1MTOR_PATHWAY%MSIGDB_C2%BIOCARTA_IGF1MTOR_PATHWAY		17	-0.43966126	-1.1757053	0.24238876	0.70194477	1.0	3047	tags=35%, list=25%, signal=47%	
MULTICELLULAR ORGANISMAL-LEVEL CHEMICAL HOMEOSTASIS%GOBP%GO:0140962	MULTICELLULAR ORGANISMAL-LEVEL CHEMICAL HOMEOSTASIS%GOBP%GO:0140962		37	-0.366508	-1.1745178	0.2160414	0.7044872	1.0	537	tags=22%, list=4%, signal=23%	
MICROTUBULE CYTOSKELETON ORGANIZATION INVOLVED IN MITOSIS%GOBP%GO:1902850	MICROTUBULE CYTOSKELETON ORGANIZATION INVOLVED IN MITOSIS%GOBP%GO:1902850		110	-0.29910722	-1.1744946	0.12190813	0.7030347	1.0	1935	tags=22%, list=16%, signal=26%	
16P13 11 COPY NUMBER VARIATION SYNDROME %WIKIPATHWAYS_20250810%WP5502%HOMO SAPIENS	16P13 11 COPY NUMBER VARIATION SYNDROME %WIKIPATHWAYS_20250810%WP5502%HOMO SAPIENS		20	-0.42356387	-1.1729456	0.25241545	0.7066066	1.0	2417	tags=35%, list=20%, signal=44%	
PATHWAYS AFFECTED IN ADENOID CYSTIC CARCINOMA%WIKIPATHWAYS_20250810%WP3651%HOMO SAPIENS	PATHWAYS AFFECTED IN ADENOID CYSTIC CARCINOMA%WIKIPATHWAYS_20250810%WP3651%HOMO SAPIENS		42	-0.3546872	-1.1729386	0.19736843	0.70509744	1.0	2199	tags=31%, list=18%, signal=38%	
NEGATIVE REGULATION OF CATION TRANSMEMBRANE TRANSPORT%GOBP%GO:1904063	NEGATIVE REGULATION OF CATION TRANSMEMBRANE TRANSPORT%GOBP%GO:1904063		33	-0.36995533	-1.1729007	0.23761117	0.70369405	1.0	2022	tags=39%, list=17%, signal=47%	
HEART PROCESS%GOBP%GO:0003015	HEART PROCESS%GOBP%GO:0003015		35	-0.36217383	-1.1725225	0.20203304	0.70344496	1.0	2569	tags=40%, list=21%, signal=51%	
TRANSLESION SYNTHESIS BY POLK%REACTOME%R-HSA-5655862.2	TRANSLESION SYNTHESIS BY POLK%REACTOME%R-HSA-5655862.2		17	-0.43634513	-1.1719358	0.2511737	0.7039377	1.0	2523	tags=41%, list=21%, signal=52%	
NEGATIVE REGULATION OF PROTEIN POLYMERIZATION%GOBP%GO:0032272	NEGATIVE REGULATION OF PROTEIN POLYMERIZATION%GOBP%GO:0032272		32	-0.37883654	-1.1719058	0.22779922	0.70252526	1.0	1515	tags=25%, list=13%, signal=29%	
CARDIAC CHAMBER DEVELOPMENT%GOBP%GO:0003205	CARDIAC CHAMBER DEVELOPMENT%GOBP%GO:0003205		56	-0.32850787	-1.1711196	0.19416058	0.7036257	1.0	1487	tags=20%, list=12%, signal=22%	
PLC BETA MEDIATED EVENTS%REACTOME DATABASE ID RELEASE 93%112043	PLC BETA MEDIATED EVENTS%REACTOME DATABASE ID RELEASE 93%112043		32	-0.37551188	-1.1707028	0.212987	0.70352745	1.0	818	tags=19%, list=7%, signal=20%	
TRANSLESION SYNTHESIS%GOBP%GO:0019985	TRANSLESION SYNTHESIS%GOBP%GO:0019985		22	-0.4110295	-1.1699693	0.26108375	0.7044918	1.0	2523	tags=41%, list=21%, signal=52%	
CIRCADIAN RHYTHM GENES%WIKIPATHWAYS_20250810%WP3594%HOMO SAPIENS	CIRCADIAN RHYTHM GENES%WIKIPATHWAYS_20250810%WP3594%HOMO SAPIENS		106	-0.29897746	-1.1693426	0.15652174	0.7051053	1.0	2398	tags=27%, list=20%, signal=34%	
OLIGODENDROCYTE DEVELOPMENT%GOBP%GO:0014003	OLIGODENDROCYTE DEVELOPMENT%GOBP%GO:0014003		18	-0.431452	-1.1692446	0.2425968	0.70393735	1.0	624	tags=22%, list=5%, signal=23%	
RESPONSE TO KETONE%GOBP%GO:1901654	RESPONSE TO KETONE%GOBP%GO:1901654		46	-0.3437081	-1.1684825	0.20923913	0.7050129	1.0	1650	tags=26%, list=14%, signal=30%	
HEART MORPHOGENESIS%GOBP%GO:0003007	HEART MORPHOGENESIS%GOBP%GO:0003007		90	-0.30508494	-1.1675104	0.15156507	0.70678693	1.0	1487	tags=21%, list=12%, signal=24%	
REGULATION OF CENTROSOME DUPLICATION%GOBP%GO:0010824	REGULATION OF CENTROSOME DUPLICATION%GOBP%GO:0010824		37	-0.36166376	-1.167358	0.21282052	0.705814	1.0	2625	tags=32%, list=22%, signal=41%	
NEUROTRANSMITTER RECEPTORS AND POSTSYNAPTIC SIGNAL TRANSMISSION%REACTOME DATABASE ID RELEASE 93%112314	NEUROTRANSMITTER RECEPTORS AND POSTSYNAPTIC SIGNAL TRANSMISSION%REACTOME DATABASE ID RELEASE 93%112314		84	-0.3055735	-1.1673484	0.18995291	0.70435315	1.0	1772	tags=24%, list=15%, signal=28%	
RAC 1 CELL MOTILITY SIGNALING PATHWAY%SMPDB%SMP0063795	RAC 1 CELL MOTILITY SIGNALING PATHWAY%SMPDB%SMP0063795		20	-0.41818747	-1.1672142	0.25631768	0.70331925	1.0	1291	tags=25%, list=11%, signal=28%	
POSITIVE REGULATION OF CELL CYCLE G2/M PHASE TRANSITION%GOBP%GO:1902751	POSITIVE REGULATION OF CELL CYCLE G2/M PHASE TRANSITION%GOBP%GO:1902751		22	-0.40315178	-1.1661483	0.24346793	0.70534885	1.0	1139	tags=23%, list=9%, signal=25%	
FATTY ACID BETA OXIDATION%WIKIPATHWAYS_20250810%WP143%HOMO SAPIENS	FATTY ACID BETA OXIDATION%WIKIPATHWAYS_20250810%WP143%HOMO SAPIENS		19	-0.4233727	-1.1646565	0.2657926	0.7088182	1.0	2254	tags=32%, list=19%, signal=39%	
GLUTATHIONE CONJUGATION%REACTOME%R-HSA-156590.4	GLUTATHIONE CONJUGATION%REACTOME%R-HSA-156590.4		26	-0.39417455	-1.1638002	0.23871733	0.71018064	1.0	1603	tags=23%, list=13%, signal=27%	
REGULATION OF ACTIN FILAMENT DEPOLYMERIZATION%GOBP%GO:0030834	REGULATION OF ACTIN FILAMENT DEPOLYMERIZATION%GOBP%GO:0030834		24	-0.3992235	-1.1633669	0.24646984	0.7101744	1.0	1877	tags=42%, list=16%, signal=49%	
PHOSPHORYLATED BMAL1:CLOCK (ARNTL:CLOCK) ACTIVATES EXPRESSION OF CORE CLOCK GENES%REACTOME DATABASE ID RELEASE 93%9931510	PHOSPHORYLATED BMAL1:CLOCK (ARNTL:CLOCK) ACTIVATES EXPRESSION OF CORE CLOCK GENES%REACTOME DATABASE ID RELEASE 93%9931510		17	-0.43760362	-1.163043	0.27909738	0.70982724	1.0	148	tags=12%, list=1%, signal=12%	
GLYCOSYLPHOSPHATIDYL INOSITOL ANCHOR PATHWAY%WIKIPATHWAYS_20250810%WP5505%HOMO SAPIENS	GLYCOSYLPHOSPHATIDYL INOSITOL ANCHOR PATHWAY%WIKIPATHWAYS_20250810%WP5505%HOMO SAPIENS		23	-0.4011049	-1.162639	0.2599278	0.70971596	1.0	2646	tags=30%, list=22%, signal=39%	
PHASE II - CONJUGATION OF COMPOUNDS%REACTOME%R-HSA-156580.4	PHASE II - CONJUGATION OF COMPOUNDS%REACTOME%R-HSA-156580.4		52	-0.33717963	-1.1624364	0.1962111	0.70889854	1.0	3502	tags=37%, list=29%, signal=51%	
NEGATIVE REGULATION OF SEQUESTERING OF CALCIUM ION%GOBP%GO:0051283	NEGATIVE REGULATION OF SEQUESTERING OF CALCIUM ION%GOBP%GO:0051283		21	-0.4115468	-1.1618375	0.2449465	0.7095202	1.0	685	tags=24%, list=6%, signal=25%	
INSULIN RECEPTOR SIGNALLING CASCADE%REACTOME DATABASE ID RELEASE 93%74751	INSULIN RECEPTOR SIGNALLING CASCADE%REACTOME DATABASE ID RELEASE 93%74751		27	-0.38812307	-1.1615111	0.2411693	0.70917666	1.0	2190	tags=41%, list=18%, signal=50%	
CELL-CELL ADHESION VIA PLASMA-MEMBRANE ADHESION MOLECULES%GOBP%GO:0098742	CELL-CELL ADHESION VIA PLASMA-MEMBRANE ADHESION MOLECULES%GOBP%GO:0098742		79	-0.3096431	-1.1612132	0.1828479	0.70873547	1.0	853	tags=16%, list=7%, signal=18%	
GABA-B_RECEPTOR_II_SIGNALING%PANTHER PATHWAY%P05731	GABA-B_RECEPTOR_II_SIGNALING%PANTHER PATHWAY%P05731		18	-0.42999157	-1.1611608	0.23803967	0.7074683	1.0	1689	tags=22%, list=14%, signal=26%	
SYNTHESIS OF PA%REACTOME%R-HSA-1483166.8	SYNTHESIS OF PA%REACTOME%R-HSA-1483166.8		22	-0.40822133	-1.1610099	0.2452381	0.7065351	1.0	2170	tags=36%, list=18%, signal=44%	
SPHINGOLIPID METABOLISM IN SENESCENCE%WIKIPATHWAYS_20250810%WP5121%HOMO SAPIENS	SPHINGOLIPID METABOLISM IN SENESCENCE%WIKIPATHWAYS_20250810%WP5121%HOMO SAPIENS		20	-0.41780344	-1.1609181	0.26589596	0.7054019	1.0	2717	tags=40%, list=23%, signal=52%	
CARDIAC CONDUCTION%REACTOME%R-HSA-5576891.4	CARDIAC CONDUCTION%REACTOME%R-HSA-5576891.4		54	-0.33461618	-1.1606575	0.21598879	0.7048407	1.0	2707	tags=41%, list=22%, signal=52%	
TARGETED THERAPY IN BREAST CANCER%WIKIPATHWAYS_20250810%WP5496%HOMO SAPIENS	TARGETED THERAPY IN BREAST CANCER%WIKIPATHWAYS_20250810%WP5496%HOMO SAPIENS		18	-0.42366862	-1.1605492	0.25791326	0.70377386	1.0	2312	tags=44%, list=19%, signal=55%	
HIPPO MERLIN SIGNALING DYSREGULATION%WIKIPATHWAYS_20250810%WP4541%HOMO SAPIENS	HIPPO MERLIN SIGNALING DYSREGULATION%WIKIPATHWAYS_20250810%WP4541%HOMO SAPIENS		60	-0.32326347	-1.1602174	0.18237083	0.7034505	1.0	1064	tags=20%, list=9%, signal=22%	
MITOTIC RECOMBINATION%GOBP%GO:0006312	MITOTIC RECOMBINATION%GOBP%GO:0006312		16	-0.4430684	-1.1600789	0.2547619	0.7024651	1.0	1479	tags=25%, list=12%, signal=28%	
APOPTOTIC CLEAVAGE OF CELLULAR PROTEINS%REACTOME DATABASE ID RELEASE 93%111465	APOPTOTIC CLEAVAGE OF CELLULAR PROTEINS%REACTOME DATABASE ID RELEASE 93%111465		32	-0.36634064	-1.1583335	0.21756226	0.7068417	1.0	1525	tags=22%, list=13%, signal=25%	
MBDNF AND PROBDNF REGULATION OF GABA NEUROTRANSMISSION%WIKIPATHWAYS_20250810%WP4829%HOMO SAPIENS	MBDNF AND PROBDNF REGULATION OF GABA NEUROTRANSMISSION%WIKIPATHWAYS_20250810%WP4829%HOMO SAPIENS		18	-0.4221778	-1.1580595	0.2716763	0.7063572	1.0	1064	tags=28%, list=9%, signal=30%	
POSITIVE REGULATION OF MITOTIC CELL CYCLE PHASE TRANSITION%GOBP%GO:1901992	POSITIVE REGULATION OF MITOTIC CELL CYCLE PHASE TRANSITION%GOBP%GO:1901992		61	-0.31715825	-1.1556064	0.20669578	0.7130367	1.0	1850	tags=23%, list=15%, signal=27%	
ANTERIOR/POSTERIOR PATTERN SPECIFICATION%GOBP%GO:0009952	ANTERIOR/POSTERIOR PATTERN SPECIFICATION%GOBP%GO:0009952		40	-0.35141724	-1.154379	0.21208054	0.71563524	1.0	1355	tags=28%, list=11%, signal=31%	
SPHINGOLIPID DE NOVO BIOSYNTHESIS%REACTOME DATABASE ID RELEASE 93%1660661	SPHINGOLIPID DE NOVO BIOSYNTHESIS%REACTOME DATABASE ID RELEASE 93%1660661		32	-0.3682525	-1.1535151	0.23648648	0.7171252	1.0	455	tags=9%, list=4%, signal=10%	
THYROTROPIN-RELEASING HORMONE RECEPTOR SIGNALING PATHWAY%PANTHER PATHWAY%P04394	THYROTROPIN-RELEASING HORMONE RECEPTOR SIGNALING PATHWAY%PANTHER PATHWAY%P04394		32	-0.37091994	-1.1532397	0.23828648	0.71658945	1.0	3240	tags=31%, list=27%, signal=43%	
SPHINGOLIPID CATABOLIC PROCESS%GOBP%GO:0030149	SPHINGOLIPID CATABOLIC PROCESS%GOBP%GO:0030149		25	-0.38301492	-1.1526946	0.25341615	0.716975	1.0	1521	tags=28%, list=13%, signal=32%	
REGULATION OF LONG-TERM SYNAPTIC POTENTIATION%GOBP%GO:1900271	REGULATION OF LONG-TERM SYNAPTIC POTENTIATION%GOBP%GO:1900271		17	-0.4327539	-1.152127	0.28217238	0.7174945	1.0	727	tags=18%, list=6%, signal=19%	
BIOCARTA_EIF4_PATHWAY%MSIGDB_C2%BIOCARTA_EIF4_PATHWAY	BIOCARTA_EIF4_PATHWAY%MSIGDB_C2%BIOCARTA_EIF4_PATHWAY		18	-0.42901373	-1.1504757	0.28014615	0.721495	1.0	1872	tags=39%, list=16%, signal=46%	
REGULATION OF CELL PROJECTION ASSEMBLY%GOBP%GO:0060491	REGULATION OF CELL PROJECTION ASSEMBLY%GOBP%GO:0060491		136	-0.27928132	-1.1499642	0.12547529	0.7218029	1.0	2098	tags=28%, list=17%, signal=33%	
CARDIAC MUSCLE CELL ACTION POTENTIAL INVOLVED IN CONTRACTION%GOBP%GO:0086002	CARDIAC MUSCLE CELL ACTION POTENTIAL INVOLVED IN CONTRACTION%GOBP%GO:0086002		19	-0.41630453	-1.1486135	0.26840317	0.72496206	1.0	1856	tags=37%, list=15%, signal=43%	
COPPER HOMEOSTASIS%WIKIPATHWAYS_20250810%WP3286%HOMO SAPIENS	COPPER HOMEOSTASIS%WIKIPATHWAYS_20250810%WP3286%HOMO SAPIENS		36	-0.3552966	-1.147942	0.2362301	0.7258105	1.0	1714	tags=28%, list=14%, signal=32%	
PEROXISOMAL TRANSPORT%GOBP%GO:0043574	PEROXISOMAL TRANSPORT%GOBP%GO:0043574		19	-0.4138661	-1.1470425	0.28128725	0.7274523	1.0	3205	tags=32%, list=27%, signal=43%	
G1/S TRANSITION OF MITOTIC CELL CYCLE%GOBP%GO:0000082	G1/S TRANSITION OF MITOTIC CELL CYCLE%GOBP%GO:0000082		56	-0.32491654	-1.1461809	0.2057554	0.72883314	1.0	2529	tags=32%, list=21%, signal=41%	
POSITIVE REGULATION OF METAPHASE/ANAPHASE TRANSITION OF CELL CYCLE%GOBP%GO:1902101	POSITIVE REGULATION OF METAPHASE/ANAPHASE TRANSITION OF CELL CYCLE%GOBP%GO:1902101		16	-0.43071693	-1.1455088	0.28520286	0.7297082	1.0	2267	tags=31%, list=19%, signal=38%	
CHROMOSOME LOCALIZATION%GOBP%GO:0050000	CHROMOSOME LOCALIZATION%GOBP%GO:0050000		78	-0.3057539	-1.1445394	0.20192307	0.73152906	1.0	3550	tags=42%, list=29%, signal=60%	
SPINDLE ORGANIZATION%GOBP%GO:0007051	SPINDLE ORGANIZATION%GOBP%GO:0007051		131	-0.28096166	-1.143915	0.15048544	0.7322898	1.0	1935	tags=21%, list=16%, signal=25%	
PEROXISOMAL MEMBRANE TRANSPORT%GOBP%GO:0015919	PEROXISOMAL MEMBRANE TRANSPORT%GOBP%GO:0015919		19	-0.4138661	-1.1432521	0.2748538	0.73316956	1.0	3205	tags=32%, list=27%, signal=43%	
ANTEROGRADE AXONAL TRANSPORT%GOBP%GO:0008089	ANTEROGRADE AXONAL TRANSPORT%GOBP%GO:0008089		31	-0.37323785	-1.1422237	0.24683544	0.7351879	1.0	2965	tags=45%, list=25%, signal=60%	
SPERM FLAGELLUM ASSEMBLY%GOBP%GO:0120316	SPERM FLAGELLUM ASSEMBLY%GOBP%GO:0120316		17	-0.43248868	-1.141855	0.27708095	0.7350538	1.0	1987	tags=29%, list=17%, signal=35%	
SPHINGOLIPID METABOLISM INTEGRATED PATHWAY%WIKIPATHWAYS_20250810%WP4726%HOMO SAPIENS	SPHINGOLIPID METABOLISM INTEGRATED PATHWAY%WIKIPATHWAYS_20250810%WP4726%HOMO SAPIENS		18	-0.4164965	-1.1414803	0.27051	0.7349018	1.0	2405	tags=39%, list=20%, signal=49%	
CEREBRAL CORTEX DEVELOPMENT%GOBP%GO:0021987	CEREBRAL CORTEX DEVELOPMENT%GOBP%GO:0021987		32	-0.36349845	-1.139817	0.26537997	0.7391794	1.0	2417	tags=34%, list=20%, signal=43%	
WNT SIGNALING PATHWAY%PANTHER PATHWAY%P00057	WNT SIGNALING PATHWAY%PANTHER PATHWAY%P00057		147	-0.2715103	-1.1393663	0.15267175	0.73926973	1.0	2573	tags=27%, list=21%, signal=34%	
TRANSCRIPTIONAL REGULATION OF GRANULOPOIESIS%REACTOME DATABASE ID RELEASE 93%9616222	TRANSCRIPTIONAL REGULATION OF GRANULOPOIESIS%REACTOME DATABASE ID RELEASE 93%9616222		19	-0.40889764	-1.1386644	0.29276693	0.7402382	1.0	47	tags=11%, list=0%, signal=11%	
PID_FOXO_PATHWAY%MSIGDB_C2%PID_FOXO_PATHWAY	PID_FOXO_PATHWAY%MSIGDB_C2%PID_FOXO_PATHWAY		37	-0.34801248	-1.1380086	0.23958333	0.74101925	1.0	2465	tags=32%, list=20%, signal=41%	
POSITIVE REGULATION OF G2/M TRANSITION OF MITOTIC CELL CYCLE%GOBP%GO:0010971	POSITIVE REGULATION OF G2/M TRANSITION OF MITOTIC CELL CYCLE%GOBP%GO:0010971		19	-0.41348884	-1.1376662	0.2694685	0.740763	1.0	2376	tags=37%, list=20%, signal=46%	
LYMPHOCYTE DIFFERENTIATION%GOBP%GO:0030098	LYMPHOCYTE DIFFERENTIATION%GOBP%GO:0030098		97	-0.2883678	-1.137574	0.20272572	0.7396432	1.0	1479	tags=21%, list=12%, signal=23%	
ACTIVATION OF NMDA RECEPTORS AND POSTSYNAPTIC EVENTS%REACTOME DATABASE ID RELEASE 93%442755	ACTIVATION OF NMDA RECEPTORS AND POSTSYNAPTIC EVENTS%REACTOME DATABASE ID RELEASE 93%442755		46	-0.33375612	-1.1363453	0.2348901	0.7424072	1.0	1767	tags=26%, list=15%, signal=30%	
NEGATIVE REGULATION OF MONOATOMIC ION TRANSMEMBRANE TRANSPORT%GOBP%GO:0034766	NEGATIVE REGULATION OF MONOATOMIC ION TRANSMEMBRANE TRANSPORT%GOBP%GO:0034766		34	-0.36205417	-1.1361394	0.25743854	0.7416948	1.0	2022	tags=38%, list=17%, signal=46%	
EMBRYO DEVELOPMENT ENDING IN BIRTH OR EGG HATCHING%GOBP%GO:0009792	EMBRYO DEVELOPMENT ENDING IN BIRTH OR EGG HATCHING%GOBP%GO:0009792		128	-0.27632025	-1.1360825	0.16931216	0.7404819	1.0	1355	tags=18%, list=11%, signal=20%	
MITOTIC SPINDLE ASSEMBLY%GOBP%GO:0090307	MITOTIC SPINDLE ASSEMBLY%GOBP%GO:0090307		43	-0.3413584	-1.1360658	0.20954907	0.7391264	1.0	3891	tags=42%, list=32%, signal=62%	
REGULATION OF VASOCONSTRICTION%GOBP%GO:0019229	REGULATION OF VASOCONSTRICTION%GOBP%GO:0019229		17	-0.4216598	-1.1359593	0.28293243	0.73809344	1.0	352	tags=18%, list=3%, signal=18%	
VENTRICULAR SEPTUM DEVELOPMENT%GOBP%GO:0003281	VENTRICULAR SEPTUM DEVELOPMENT%GOBP%GO:0003281		28	-0.3773053	-1.1354401	0.27791262	0.73837554	1.0	835	tags=18%, list=7%, signal=19%	
REGULATION OF DOUBLE-STRAND BREAK REPAIR VIA NONHOMOLOGOUS END JOINING%GOBP%GO:2001032	REGULATION OF DOUBLE-STRAND BREAK REPAIR VIA NONHOMOLOGOUS END JOINING%GOBP%GO:2001032		16	-0.4388632	-1.1349133	0.3091733	0.73873734	1.0	1341	tags=25%, list=11%, signal=28%	
PID_WNT_NONCANONICAL_PATHWAY%MSIGDB_C2%PID_WNT_NONCANONICAL_PATHWAY	PID_WNT_NONCANONICAL_PATHWAY%MSIGDB_C2%PID_WNT_NONCANONICAL_PATHWAY		22	-0.39851618	-1.1345837	0.28308824	0.7384683	1.0	3051	tags=41%, list=25%, signal=55%	
PHOSPHATIDYLINOSITOL METABOLIC PROCESS%GOBP%GO:0046488	PHOSPHATIDYLINOSITOL METABOLIC PROCESS%GOBP%GO:0046488		100	-0.29042068	-1.1343936	0.19250426	0.73770255	1.0	2832	tags=26%, list=24%, signal=34%	
FOXM1 TRANSCRIPTION FACTOR NETWORK%PATHWAY INTERACTION DATABASE NCI-NATURE CURATED DATA%FOXM1 TRANSCRIPTION FACTOR NETWORK	FOXM1 TRANSCRIPTION FACTOR NETWORK%PATHWAY INTERACTION DATABASE NCI-NATURE CURATED DATA%FOXM1 TRANSCRIPTION FACTOR NETWORK		39	-0.34073603	-1.1340936	0.2417127	0.737308	1.0	865	tags=21%, list=7%, signal=22%	
POSITIVE REGULATION OF MITOTIC METAPHASE/ANAPHASE TRANSITION%GOBP%GO:0045842	POSITIVE REGULATION OF MITOTIC METAPHASE/ANAPHASE TRANSITION%GOBP%GO:0045842		16	-0.43071693	-1.1333612	0.29858848	0.7384084	1.0	2267	tags=31%, list=19%, signal=38%	
REGULATION OF CANONICAL WNT SIGNALING PATHWAY%GOBP%GO:0060828	REGULATION OF CANONICAL WNT SIGNALING PATHWAY%GOBP%GO:0060828		153	-0.27543807	-1.1305152	0.17210145	0.7467264	1.0	1768	tags=23%, list=15%, signal=26%	
OXYTOCIN RECEPTOR MEDIATED SIGNALING PATHWAY%PANTHER PATHWAY%P04391	OXYTOCIN RECEPTOR MEDIATED SIGNALING PATHWAY%PANTHER PATHWAY%P04391		23	-0.3865776	-1.1290146	0.28724673	0.75042486	1.0	3240	tags=35%, list=27%, signal=47%	
REGIONALIZATION%GOBP%GO:0003002	REGIONALIZATION%GOBP%GO:0003002		98	-0.29150575	-1.1286271	0.20259319	0.75033975	1.0	1487	tags=23%, list=12%, signal=27%	
CELL CYCLE G1/S PHASE TRANSITION%GOBP%GO:0044843	CELL CYCLE G1/S PHASE TRANSITION%GOBP%GO:0044843		58	-0.31740144	-1.1252733	0.20899855	0.7603471	1.0	2529	tags=31%, list=21%, signal=39%	
HETEROCHROMATIN FORMATION%GOBP%GO:0031507	HETEROCHROMATIN FORMATION%GOBP%GO:0031507		81	-0.297562	-1.1251608	0.23100775	0.7593382	1.0	2093	tags=22%, list=17%, signal=27%	
CHROMOSOME MAINTENANCE%REACTOME DATABASE ID RELEASE 93%73886	CHROMOSOME MAINTENANCE%REACTOME DATABASE ID RELEASE 93%73886		83	-0.2952264	-1.1247126	0.21085271	0.7594942	1.0	2448	tags=28%, list=20%, signal=35%	
GLYCOGEN METABOLIC PROCESS%GOBP%GO:0005977	GLYCOGEN METABOLIC PROCESS%GOBP%GO:0005977		28	-0.36701295	-1.1241918	0.27798277	0.7598819	1.0	3047	tags=43%, list=25%, signal=57%	
PID_HES_HEY_PATHWAY%MSIGDB_C2%PID_HES_HEY_PATHWAY	PID_HES_HEY_PATHWAY%MSIGDB_C2%PID_HES_HEY_PATHWAY		30	-0.36425933	-1.1241541	0.2725	0.7585949	1.0	2739	tags=33%, list=23%, signal=43%	
RHO GTPASES ACTIVATE FORMINS%REACTOME DATABASE ID RELEASE 93%5663220	RHO GTPASES ACTIVATE FORMINS%REACTOME DATABASE ID RELEASE 93%5663220		109	-0.28128773	-1.12402	0.22024867	0.75760466	1.0	2417	tags=30%, list=20%, signal=38%	
CALCIUM-ION REGULATED EXOCYTOSIS%GOBP%GO:0017156	CALCIUM-ION REGULATED EXOCYTOSIS%GOBP%GO:0017156		18	-0.41355726	-1.1232479	0.28640777	0.75883573	1.0	1710	tags=33%, list=14%, signal=39%	
RHOF GTPASE CYCLE%REACTOME%R-HSA-9035034.5	RHOF GTPASE CYCLE%REACTOME%R-HSA-9035034.5		40	-0.33499312	-1.1217345	0.25753424	0.76275676	1.0	2597	tags=43%, list=22%, signal=54%	
AORTA DEVELOPMENT%GOBP%GO:0035904	AORTA DEVELOPMENT%GOBP%GO:0035904		19	-0.40762883	-1.1216012	0.3059789	0.761814	1.0	835	tags=16%, list=7%, signal=17%	
REGULATION OF TP53 ACTIVITY THROUGH PHOSPHORYLATION%REACTOME%R-HSA-6804756.4	REGULATION OF TP53 ACTIVITY THROUGH PHOSPHORYLATION%REACTOME%R-HSA-6804756.4		87	-0.2951659	-1.1211189	0.2140575	0.76214427	1.0	1588	tags=18%, list=13%, signal=21%	
REGULATION OF AXONOGENESIS%GOBP%GO:0050770	REGULATION OF AXONOGENESIS%GOBP%GO:0050770		53	-0.3207935	-1.1206952	0.26553673	0.7622092	1.0	2196	tags=30%, list=18%, signal=37%	
NEGATIVE REGULATION OF TRANSMEMBRANE RECEPTOR PROTEIN SERINE/THREONINE KINASE SIGNALING PATHWAY%GOBP%GO:0090101	NEGATIVE REGULATION OF TRANSMEMBRANE RECEPTOR PROTEIN SERINE/THREONINE KINASE SIGNALING PATHWAY%GOBP%GO:0090101		86	-0.29586202	-1.1203789	0.22555205	0.7619003	1.0	3072	tags=38%, list=26%, signal=51%	
CARDIAC VENTRICLE DEVELOPMENT%GOBP%GO:0003231	CARDIAC VENTRICLE DEVELOPMENT%GOBP%GO:0003231		43	-0.3352049	-1.1203463	0.2657718	0.76062304	1.0	1487	tags=21%, list=12%, signal=24%	
GLUCAN METABOLIC PROCESS%GOBP%GO:0044042	GLUCAN METABOLIC PROCESS%GOBP%GO:0044042		28	-0.36701295	-1.1193209	0.29736513	0.76277363	1.0	3047	tags=43%, list=25%, signal=57%	
ACTIN-MEDIATED CELL CONTRACTION%GOBP%GO:0070252	ACTIN-MEDIATED CELL CONTRACTION%GOBP%GO:0070252		34	-0.35762864	-1.1192262	0.2921493	0.7617239	1.0	1856	tags=32%, list=15%, signal=38%	
RESPONSE TO STARVATION%GOBP%GO:0042594	RESPONSE TO STARVATION%GOBP%GO:0042594		135	-0.27159914	-1.1185682	0.18540435	0.7625358	1.0	1843	tags=20%, list=15%, signal=23%	
REGULATION OF STEM CELL DIFFERENTIATION%GOBP%GO:2000736	REGULATION OF STEM CELL DIFFERENTIATION%GOBP%GO:2000736		51	-0.32317665	-1.1178638	0.25871313	0.76352507	1.0	1487	tags=20%, list=12%, signal=22%	
ABERRANT REGULATION OF MITOTIC G1 S TRANSITION IN CANCER DUE TO RB1 DEFECTS%REACTOME DATABASE ID RELEASE 93%9659787	ABERRANT REGULATION OF MITOTIC G1 S TRANSITION IN CANCER DUE TO RB1 DEFECTS%REACTOME DATABASE ID RELEASE 93%9659787		16	-0.41922057	-1.1170123	0.3074205	0.76506084	1.0	2371	tags=31%, list=20%, signal=39%	
NEPHRON DEVELOPMENT%GOBP%GO:0072006	NEPHRON DEVELOPMENT%GOBP%GO:0072006		43	-0.33363006	-1.1165798	0.27214378	0.7651295	1.0	1351	tags=30%, list=11%, signal=34%	
LAGGING STRAND SYNTHESIS%REACTOME%R-HSA-69186.4	LAGGING STRAND SYNTHESIS%REACTOME%R-HSA-69186.4		20	-0.40126058	-1.1165068	0.29312426	0.76396525	1.0	2181	tags=30%, list=18%, signal=37%	
FATTY ACID AND LIPOPROTEIN TRANSPORT IN HEPATOCYTES%WIKIPATHWAYS_20250810%WP5323%HOMO SAPIENS	FATTY ACID AND LIPOPROTEIN TRANSPORT IN HEPATOCYTES%WIKIPATHWAYS_20250810%WP5323%HOMO SAPIENS		20	-0.40224355	-1.1163849	0.2962515	0.7629872	1.0	1309	tags=30%, list=11%, signal=34%	
PHOSPHATIDYLINOSITOL 3-KINASE/PROTEIN KINASE B SIGNAL TRANSDUCTION%GOBP%GO:0043491	PHOSPHATIDYLINOSITOL 3-KINASE/PROTEIN KINASE B SIGNAL TRANSDUCTION%GOBP%GO:0043491		33	-0.3479417	-1.115663	0.27340823	0.76404643	1.0	1714	tags=30%, list=14%, signal=35%	
SIGNALING EVENTS MEDIATED BY HDAC CLASS III%PATHWAY INTERACTION DATABASE NCI-NATURE CURATED DATA%SIGNALING EVENTS MEDIATED BY HDAC CLASS III	SIGNALING EVENTS MEDIATED BY HDAC CLASS III%PATHWAY INTERACTION DATABASE NCI-NATURE CURATED DATA%SIGNALING EVENTS MEDIATED BY HDAC CLASS III		22	-0.39578333	-1.1156238	0.31904763	0.76281977	1.0	1134	tags=27%, list=9%, signal=30%	
FATTY ACID OXIDATION%GOBP%GO:0019395	FATTY ACID OXIDATION%GOBP%GO:0019395		53	-0.32359645	-1.1152536	0.23965763	0.76273423	1.0	2653	tags=26%, list=22%, signal=34%	
BIOCARTA_G1_PATHWAY%MSIGDB_C2%BIOCARTA_G1_PATHWAY	BIOCARTA_G1_PATHWAY%MSIGDB_C2%BIOCARTA_G1_PATHWAY		19	-0.4089461	-1.1150233	0.2965909	0.7621694	1.0	3725	tags=47%, list=31%, signal=68%	
PID_HDAC_CLASSIII_PATHWAY%MSIGDB_C2%PID_HDAC_CLASSIII_PATHWAY	PID_HDAC_CLASSIII_PATHWAY%MSIGDB_C2%PID_HDAC_CLASSIII_PATHWAY		18	-0.4093691	-1.1147715	0.30363423	0.7616269	1.0	1134	tags=28%, list=9%, signal=31%	
CARBOHYDRATE TRANSPORT%GOBP%GO:0008643	CARBOHYDRATE TRANSPORT%GOBP%GO:0008643		22	-0.383751	-1.1147639	0.29520294	0.7603001	1.0	2929	tags=36%, list=24%, signal=48%	
METAPHASE CHROMOSOME ALIGNMENT%GOBP%GO:0051310	METAPHASE CHROMOSOME ALIGNMENT%GOBP%GO:0051310		72	-0.29868352	-1.1146674	0.25825825	0.7592649	1.0	3550	tags=43%, list=29%, signal=61%	
REGULATION OF SIGNALING BY CBL%REACTOME DATABASE ID RELEASE 93%912631	REGULATION OF SIGNALING BY CBL%REACTOME DATABASE ID RELEASE 93%912631		16	-0.4263914	-1.1129247	0.32629108	0.76380914	1.0	534	tags=25%, list=4%, signal=26%	
ENDOCARDIAL CUSHION DEVELOPMENT%GOBP%GO:0003197	ENDOCARDIAL CUSHION DEVELOPMENT%GOBP%GO:0003197		24	-0.38303173	-1.1125337	0.2886076	0.76379186	1.0	1487	tags=33%, list=12%, signal=38%	
SENSORY PERCEPTION OF CHEMICAL STIMULUS%GOBP%GO:0007606	SENSORY PERCEPTION OF CHEMICAL STIMULUS%GOBP%GO:0007606		23	-0.38181472	-1.1121256	0.2994012	0.76379657	1.0	626	tags=17%, list=5%, signal=18%	
REGULATION OF B CELL PROLIFERATION%GOBP%GO:0030888	REGULATION OF B CELL PROLIFERATION%GOBP%GO:0030888		17	-0.41191787	-1.1119384	0.29196218	0.7630873	1.0	1999	tags=35%, list=17%, signal=42%	
SUMOYLATION OF TRANSCRIPTION COFACTORS%REACTOME DATABASE ID RELEASE 93%3899300	SUMOYLATION OF TRANSCRIPTION COFACTORS%REACTOME DATABASE ID RELEASE 93%3899300		40	-0.33945113	-1.1119236	0.27962717	0.76179683	1.0	2564	tags=28%, list=21%, signal=35%	
DEACTIVATION OF THE BETA-CATENIN TRANSACTIVATING COMPLEX%REACTOME%R-HSA-3769402.5	DEACTIVATION OF THE BETA-CATENIN TRANSACTIVATING COMPLEX%REACTOME%R-HSA-3769402.5		36	-0.35009873	-1.1110251	0.2864516	0.7635277	1.0	1028	tags=17%, list=9%, signal=18%	
HS-GAG BIOSYNTHESIS%REACTOME DATABASE ID RELEASE 93%2022928	HS-GAG BIOSYNTHESIS%REACTOME DATABASE ID RELEASE 93%2022928		23	-0.3862131	-1.1109973	0.30071598	0.76227593	1.0	689	tags=17%, list=6%, signal=18%	
ACYL CHAIN REMODELLING OF PC%REACTOME%R-HSA-1482788.5	ACYL CHAIN REMODELLING OF PC%REACTOME%R-HSA-1482788.5		15	-0.4296546	-1.1109473	0.34135166	0.7611113	1.0	1369	tags=33%, list=11%, signal=38%	
G0 AND EARLY G1%REACTOME DATABASE ID RELEASE 93%1538133	G0 AND EARLY G1%REACTOME DATABASE ID RELEASE 93%1538133		27	-0.36771035	-1.1105871	0.30510587	0.7609885	1.0	2398	tags=33%, list=20%, signal=42%	
CA2+ PATHWAY%REACTOME%R-HSA-4086398.5	CA2+ PATHWAY%REACTOME%R-HSA-4086398.5		39	-0.33142367	-1.1102558	0.27192983	0.76081437	1.0	3597	tags=44%, list=30%, signal=62%	
PROTEIN LOCALIZATION TO LYSOSOME%GOBP%GO:0061462	PROTEIN LOCALIZATION TO LYSOSOME%GOBP%GO:0061462		39	-0.33785677	-1.1092734	0.27001357	0.7628146	1.0	2314	tags=33%, list=19%, signal=41%	
WNT SIGNALING PATHWAY, PLANAR CELL POLARITY PATHWAY%GOBP%GO:0060071	WNT SIGNALING PATHWAY, PLANAR CELL POLARITY PATHWAY%GOBP%GO:0060071		27	-0.3663098	-1.1090463	0.29685536	0.7622784	1.0	2180	tags=41%, list=18%, signal=50%	
PID_CDC42_REG_PATHWAY%MSIGDB_C2%PID_CDC42_REG_PATHWAY	PID_CDC42_REG_PATHWAY%MSIGDB_C2%PID_CDC42_REG_PATHWAY		19	-0.40105078	-1.1086766	0.33096084	0.76219517	1.0	2062	tags=26%, list=17%, signal=32%	
NOTCH-MEDIATED HES HEY NETWORK%PATHWAY INTERACTION DATABASE NCI-NATURE CURATED DATA%NOTCH-MEDIATED HES HEY NETWORK	NOTCH-MEDIATED HES HEY NETWORK%PATHWAY INTERACTION DATABASE NCI-NATURE CURATED DATA%NOTCH-MEDIATED HES HEY NETWORK		34	-0.34413147	-1.108338	0.29427794	0.76199496	1.0	2739	tags=32%, list=23%, signal=42%	
CALCIUM ION TRANSMEMBRANE IMPORT INTO CYTOSOL%GOBP%GO:0097553	CALCIUM ION TRANSMEMBRANE IMPORT INTO CYTOSOL%GOBP%GO:0097553		30	-0.36044896	-1.1083245	0.30440253	0.7607118	1.0	1090	tags=20%, list=9%, signal=22%	
CHEMICAL SYNAPTIC TRANSMISSION%GOBP%GO:0007268	CHEMICAL SYNAPTIC TRANSMISSION%GOBP%GO:0007268		123	-0.27479285	-1.1082984	0.2	0.7594884	1.0	2456	tags=25%, list=20%, signal=31%	
PID_FOXM1_PATHWAY%MSIGDB_C2%PID_FOXM1_PATHWAY	PID_FOXM1_PATHWAY%MSIGDB_C2%PID_FOXM1_PATHWAY		35	-0.3463584	-1.1063032	0.2925532	0.764887	1.0	865	tags=20%, list=7%, signal=21%	
5HT1 TYPE RECEPTOR MEDIATED SIGNALING PATHWAY%PANTHER PATHWAY%P04373	5HT1 TYPE RECEPTOR MEDIATED SIGNALING PATHWAY%PANTHER PATHWAY%P04373		15	-0.43268895	-1.1062495	0.32413793	0.7637318	1.0	3484	tags=47%, list=29%, signal=66%	
REGULATION OF MITOTIC SPINDLE ORGANIZATION%GOBP%GO:0060236	REGULATION OF MITOTIC SPINDLE ORGANIZATION%GOBP%GO:0060236		37	-0.34090346	-1.1061386	0.28793773	0.76278543	1.0	1691	tags=27%, list=14%, signal=31%	
NEUTRAL LIPID BIOSYNTHETIC PROCESS%GOBP%GO:0046460	NEUTRAL LIPID BIOSYNTHETIC PROCESS%GOBP%GO:0046460		15	-0.4223913	-1.1061169	0.30687204	0.7615466	1.0	1838	tags=40%, list=15%, signal=47%	
MITOCHONDRIAL GENE EXPRESSION%WIKIPATHWAYS_20250810%WP391%HOMO SAPIENS	MITOCHONDRIAL GENE EXPRESSION%WIKIPATHWAYS_20250810%WP391%HOMO SAPIENS		16	-0.41875827	-1.1059817	0.3261105	0.7606859	1.0	1480	tags=19%, list=12%, signal=21%	
CARBOHYDRATE TRANSMEMBRANE TRANSPORT%GOBP%GO:0034219	CARBOHYDRATE TRANSMEMBRANE TRANSPORT%GOBP%GO:0034219		21	-0.39106476	-1.1058961	0.32374102	0.7596686	1.0	2929	tags=38%, list=24%, signal=50%	
INITIATION OF NUCLEAR ENVELOPE (NE) REFORMATION%REACTOME DATABASE ID RELEASE 93%2995383	INITIATION OF NUCLEAR ENVELOPE (NE) REFORMATION%REACTOME DATABASE ID RELEASE 93%2995383		16	-0.4193778	-1.1058942	0.3371958	0.7583795	1.0	865	tags=25%, list=7%, signal=27%	
5HT2 TYPE RECEPTOR MEDIATED SIGNALING PATHWAY%PANTHER PATHWAY%P04374	5HT2 TYPE RECEPTOR MEDIATED SIGNALING PATHWAY%PANTHER PATHWAY%P04374		23	-0.3865776	-1.1058049	0.3221321	0.7573508	1.0	3240	tags=35%, list=27%, signal=47%	
PI METABOLISM%REACTOME DATABASE ID RELEASE 93%1483255	PI METABOLISM%REACTOME DATABASE ID RELEASE 93%1483255		70	-0.30168188	-1.1051801	0.23748212	0.7581781	1.0	2741	tags=26%, list=23%, signal=33%	
ANTEROGRADE TRANS-SYNAPTIC SIGNALING%GOBP%GO:0098916	ANTEROGRADE TRANS-SYNAPTIC SIGNALING%GOBP%GO:0098916		123	-0.27479285	-1.1045984	0.22564103	0.75881296	1.0	2456	tags=25%, list=20%, signal=31%	
BIOLOGICAL OXIDATIONS%REACTOME%R-HSA-211859.4	BIOLOGICAL OXIDATIONS%REACTOME%R-HSA-211859.4		108	-0.27896056	-1.1045804	0.23049001	0.7575895	1.0	2958	tags=32%, list=25%, signal=43%	
NEGATIVE REGULATION OF PROTEIN SERINE/THREONINE KINASE ACTIVITY%GOBP%GO:0071901	NEGATIVE REGULATION OF PROTEIN SERINE/THREONINE KINASE ACTIVITY%GOBP%GO:0071901		25	-0.3736019	-1.1040615	0.29742962	0.75793785	1.0	1216	tags=20%, list=10%, signal=22%	
OUTFLOW TRACT MORPHOGENESIS%GOBP%GO:0003151	OUTFLOW TRACT MORPHOGENESIS%GOBP%GO:0003151		33	-0.34732985	-1.1039613	0.2935197	0.7569979	1.0	1487	tags=24%, list=12%, signal=28%	
BIOCARTA_WNT_PATHWAY%MSIGDB_C2%BIOCARTA_WNT_PATHWAY	BIOCARTA_WNT_PATHWAY%MSIGDB_C2%BIOCARTA_WNT_PATHWAY		18	-0.40286106	-1.1038055	0.30990782	0.75622094	1.0	737	tags=17%, list=6%, signal=18%	
POSITIVE CHEMOTAXIS%GOBP%GO:0050918	POSITIVE CHEMOTAXIS%GOBP%GO:0050918		15	-0.4258929	-1.1034544	0.3141542	0.7560875	1.0	604	tags=20%, list=5%, signal=21%	
HALLMARK_UV_RESPONSE_DN%MSIGDBHALLMARK%HALLMARK_UV_RESPONSE_DN	HALLMARK_UV_RESPONSE_DN%MSIGDBHALLMARK%HALLMARK_UV_RESPONSE_DN		100	-0.28357515	-1.1032538	0.2270364	0.7554642	1.0	894	tags=17%, list=7%, signal=18%	
NEGATIVE REGULATION OF COLD-INDUCED THERMOGENESIS%GOBP%GO:0120163	NEGATIVE REGULATION OF COLD-INDUCED THERMOGENESIS%GOBP%GO:0120163		34	-0.34707436	-1.1029062	0.2932331	0.75542754	1.0	3137	tags=41%, list=26%, signal=56%	
CRANIAL SKELETAL SYSTEM DEVELOPMENT%GOBP%GO:1904888	CRANIAL SKELETAL SYSTEM DEVELOPMENT%GOBP%GO:1904888		17	-0.4140132	-1.1023923	0.3282532	0.75587624	1.0	1093	tags=24%, list=9%, signal=26%	
SMOOTH MUSCLE CONTRACTION%GOBP%GO:0006939	SMOOTH MUSCLE CONTRACTION%GOBP%GO:0006939		16	-0.41666114	-1.1016464	0.3133098	0.7571645	1.0	630	tags=25%, list=5%, signal=26%	
PROTEIN ACYLATION%GOBP%GO:0043543	PROTEIN ACYLATION%GOBP%GO:0043543		46	-0.32490462	-1.1009867	0.29691517	0.7580793	1.0	2952	tags=35%, list=25%, signal=46%	
DEFECTIVE BINDING OF RB1 MUTANTS TO E2F1,(E2F2, E2F3)%REACTOME DATABASE ID RELEASE 93%9661069	DEFECTIVE BINDING OF RB1 MUTANTS TO E2F1,(E2F2, E2F3)%REACTOME DATABASE ID RELEASE 93%9661069		16	-0.41922057	-1.1009775	0.32201406	0.75684154	1.0	2371	tags=31%, list=20%, signal=39%	
PCNA-DEPENDENT LONG PATCH BASE EXCISION REPAIR%REACTOME%R-HSA-5651801.3	PCNA-DEPENDENT LONG PATCH BASE EXCISION REPAIR%REACTOME%R-HSA-5651801.3		21	-0.3828034	-1.1002718	0.3106796	0.75793403	1.0	1484	tags=24%, list=12%, signal=27%	
REGULATION OF ANDROGEN RECEPTOR ACTIVITY%PATHWAY INTERACTION DATABASE NCI-NATURE CURATED DATA%REGULATION OF ANDROGEN RECEPTOR ACTIVITY	REGULATION OF ANDROGEN RECEPTOR ACTIVITY%PATHWAY INTERACTION DATABASE NCI-NATURE CURATED DATA%REGULATION OF ANDROGEN RECEPTOR ACTIVITY		43	-0.3289126	-1.0999327	0.28474113	0.7577964	1.0	3250	tags=44%, list=27%, signal=60%	
MICROAUTOPHAGY%GOBP%GO:0016237	MICROAUTOPHAGY%GOBP%GO:0016237		21	-0.3855825	-1.0990405	0.32601157	0.7595566	1.0	2050	tags=24%, list=17%, signal=29%	
SECRETORY GRANULE ORGANIZATION%GOBP%GO:0033363	SECRETORY GRANULE ORGANIZATION%GOBP%GO:0033363		32	-0.3511537	-1.09869	0.3131313	0.7594566	1.0	3111	tags=44%, list=26%, signal=59%	
STEM CELL DIFFERENTIATION%GOBP%GO:0048863	STEM CELL DIFFERENTIATION%GOBP%GO:0048863		72	-0.29919425	-1.0986191	0.26546004	0.7584614	1.0	1265	tags=17%, list=11%, signal=19%	
REGULATION OF NEUROTRANSMITTER TRANSPORT%GOBP%GO:0051588	REGULATION OF NEUROTRANSMITTER TRANSPORT%GOBP%GO:0051588		36	-0.3444016	-1.097786	0.31011826	0.7600046	1.0	2572	tags=36%, list=21%, signal=46%	
COREGULATION OF ANDROGEN RECEPTOR ACTIVITY%PATHWAY INTERACTION DATABASE NCI-NATURE CURATED DATA%COREGULATION OF ANDROGEN RECEPTOR ACTIVITY	COREGULATION OF ANDROGEN RECEPTOR ACTIVITY%PATHWAY INTERACTION DATABASE NCI-NATURE CURATED DATA%COREGULATION OF ANDROGEN RECEPTOR ACTIVITY		54	-0.31772408	-1.0967892	0.2825175	0.7620736	1.0	2232	tags=24%, list=19%, signal=29%	
NUCLEAR PORE COMPLEX (NPC) DISASSEMBLY%REACTOME DATABASE ID RELEASE 93%3301854	NUCLEAR PORE COMPLEX (NPC) DISASSEMBLY%REACTOME DATABASE ID RELEASE 93%3301854		30	-0.3547493	-1.0964062	0.29556075	0.76212794	1.0	1822	tags=30%, list=15%, signal=35%	
SPHINGOLIPID METABOLISM OVERVIEW%WIKIPATHWAYS_20250810%WP4725%HOMO SAPIENS	SPHINGOLIPID METABOLISM OVERVIEW%WIKIPATHWAYS_20250810%WP4725%HOMO SAPIENS		18	-0.40437344	-1.0931714	0.3383546	0.771588	1.0	2405	tags=39%, list=20%, signal=49%	
EMBRYONIC SKELETAL SYSTEM DEVELOPMENT%GOBP%GO:0048706	EMBRYONIC SKELETAL SYSTEM DEVELOPMENT%GOBP%GO:0048706		32	-0.34535697	-1.0931661	0.30314466	0.77033836	1.0	1093	tags=16%, list=9%, signal=17%	
EMBRYONIC PATTERN SPECIFICATION%GOBP%GO:0009880	EMBRYONIC PATTERN SPECIFICATION%GOBP%GO:0009880		19	-0.39625785	-1.092972	0.32382134	0.7697569	1.0	1218	tags=26%, list=10%, signal=29%	
NEGATIVE REGULATION OF G1/S TRANSITION OF MITOTIC CELL CYCLE%GOBP%GO:2000134	NEGATIVE REGULATION OF G1/S TRANSITION OF MITOTIC CELL CYCLE%GOBP%GO:2000134		39	-0.33378914	-1.0920169	0.31057563	0.7716591	1.0	988	tags=21%, list=8%, signal=22%	
REGULATION OF PLASMA MEMBRANE BOUNDED CELL PROJECTION ASSEMBLY%GOBP%GO:0120032	REGULATION OF PLASMA MEMBRANE BOUNDED CELL PROJECTION ASSEMBLY%GOBP%GO:0120032		135	-0.2675924	-1.091093	0.23669724	0.7735713	1.0	2098	tags=27%, list=17%, signal=33%	
PHOSPHODIESTERASES IN NEURONAL FUNCTION%WIKIPATHWAYS_20250810%WP4222%HOMO SAPIENS	PHOSPHODIESTERASES IN NEURONAL FUNCTION%WIKIPATHWAYS_20250810%WP4222%HOMO SAPIENS		15	-0.42757553	-1.0910388	0.3439912	0.7724965	1.0	200	tags=13%, list=2%, signal=14%	
PNAT%PANTHER PATHWAY%P05912	PNAT%PANTHER PATHWAY%P05912		26	-0.36144128	-1.0909349	0.3239264	0.7716036	1.0	2349	tags=27%, list=20%, signal=33%	
ACYLGLYCEROL BIOSYNTHETIC PROCESS%GOBP%GO:0046463	ACYLGLYCEROL BIOSYNTHETIC PROCESS%GOBP%GO:0046463		15	-0.4223913	-1.0908723	0.34371397	0.7705824	1.0	1838	tags=40%, list=15%, signal=47%	
MYOGENESIS%REACTOME%R-HSA-525793.4	MYOGENESIS%REACTOME%R-HSA-525793.4		19	-0.39229587	-1.0907642	0.33171323	0.7696938	1.0	537	tags=16%, list=4%, signal=17%	
GLUCAGON SIGNALING IN METABOLIC REGULATION%REACTOME DATABASE ID RELEASE 93%163359	GLUCAGON SIGNALING IN METABOLIC REGULATION%REACTOME DATABASE ID RELEASE 93%163359		18	-0.40522617	-1.0906341	0.35400227	0.7688678	1.0	200	tags=11%, list=2%, signal=11%	
XENOBIOTIC METABOLIC PROCESS%GOBP%GO:0006805	XENOBIOTIC METABOLIC PROCESS%GOBP%GO:0006805		66	-0.29709575	-1.0905313	0.27105665	0.7679337	1.0	2616	tags=32%, list=22%, signal=40%	
RESPONSE TO INSULIN%GOBP%GO:0032868	RESPONSE TO INSULIN%GOBP%GO:0032868		93	-0.28033903	-1.0896472	0.28330523	0.7696028	1.0	2315	tags=30%, list=19%, signal=37%	
RESPONSE TO AXON INJURY%GOBP%GO:0048678	RESPONSE TO AXON INJURY%GOBP%GO:0048678		15	-0.41521078	-1.0894481	0.3383199	0.7690418	1.0	1701	tags=33%, list=14%, signal=39%	
REGULATION OF NEURON APOPTOTIC PROCESS%GOBP%GO:0043523	REGULATION OF NEURON APOPTOTIC PROCESS%GOBP%GO:0043523		96	-0.2789623	-1.089207	0.261944	0.7686086	1.0	1260	tags=19%, list=10%, signal=21%	
WNT%IOB%WNT	WNT%IOB%WNT		47	-0.320853	-1.089162	0.3159948	0.7675329	1.0	1386	tags=19%, list=12%, signal=22%	
HALLMARK_WNT_BETA_CATENIN_SIGNALING%MSIGDBHALLMARK%HALLMARK_WNT_BETA_CATENIN_SIGNALING	HALLMARK_WNT_BETA_CATENIN_SIGNALING%MSIGDBHALLMARK%HALLMARK_WNT_BETA_CATENIN_SIGNALING		26	-0.36124507	-1.0883219	0.3329283	0.769085	1.0	1487	tags=31%, list=12%, signal=35%	
NUCLEUS LOCALIZATION%GOBP%GO:0051647	NUCLEUS LOCALIZATION%GOBP%GO:0051647		21	-0.3876821	-1.0876973	0.3387471	0.769945	1.0	2417	tags=38%, list=20%, signal=48%	
REGULATION OF MICROTUBULE-BASED PROCESS%GOBP%GO:0032886	REGULATION OF MICROTUBULE-BASED PROCESS%GOBP%GO:0032886		174	-0.25616193	-1.0868819	0.1987705	0.77144796	1.0	2663	tags=28%, list=22%, signal=36%	
MELANOMA%WIKIPATHWAYS_20250810%WP4685%HOMO SAPIENS	MELANOMA%WIKIPATHWAYS_20250810%WP4685%HOMO SAPIENS		45	-0.31988207	-1.0868702	0.28274968	0.7702552	1.0	2955	tags=44%, list=25%, signal=59%	
STEM CELL POPULATION MAINTENANCE%GOBP%GO:0019827	STEM CELL POPULATION MAINTENANCE%GOBP%GO:0019827		30	-0.35266083	-1.0863184	0.31438935	0.7708791	1.0	2600	tags=33%, list=22%, signal=42%	
REGULATION OF PROTEIN DEPOLYMERIZATION%GOBP%GO:1901879	REGULATION OF PROTEIN DEPOLYMERIZATION%GOBP%GO:1901879		45	-0.31833097	-1.0859292	0.29916897	0.770979	1.0	1122	tags=24%, list=9%, signal=27%	
MAGNESIUM ION TRANSPORT%GOBP%GO:0015693	MAGNESIUM ION TRANSPORT%GOBP%GO:0015693		16	-0.41006812	-1.0851736	0.3596698	0.77230144	1.0	2400	tags=38%, list=20%, signal=47%	
REGULATION OF CALCIUM ION TRANSPORT%GOBP%GO:0051924	REGULATION OF CALCIUM ION TRANSPORT%GOBP%GO:0051924		84	-0.284719	-1.0843794	0.28638497	0.7738593	1.0	1783	tags=23%, list=15%, signal=26%	
PROTEIN ACETYLATION%GOBP%GO:0006473	PROTEIN ACETYLATION%GOBP%GO:0006473		24	-0.36614975	-1.0836042	0.34761906	0.77523243	1.0	2489	tags=33%, list=21%, signal=42%	
CHROMOSOME CONDENSATION%GOBP%GO:0030261	CHROMOSOME CONDENSATION%GOBP%GO:0030261		19	-0.39120057	-1.0831186	0.34585634	0.77561843	1.0	2584	tags=37%, list=21%, signal=47%	
CELL REDOX HOMEOSTASIS%GOBP%GO:0045454	CELL REDOX HOMEOSTASIS%GOBP%GO:0045454		30	-0.34890655	-1.0813454	0.3320158	0.78035307	1.0	2992	tags=33%, list=25%, signal=44%	
MAINTENANCE OF CELL NUMBER%GOBP%GO:0098727	MAINTENANCE OF CELL NUMBER%GOBP%GO:0098727		30	-0.35266083	-1.080597	0.3106332	0.7817089	1.0	2600	tags=33%, list=22%, signal=42%	
VESICLE TETHERING%GOBP%GO:0099022	VESICLE TETHERING%GOBP%GO:0099022		30	-0.34962407	-1.0800683	0.3277311	0.7822731	1.0	1888	tags=27%, list=16%, signal=32%	
DNA DAMAGE RESPONSE, SIGNAL TRANSDUCTION BY P53 CLASS MEDIATOR%GOBP%GO:0030330	DNA DAMAGE RESPONSE, SIGNAL TRANSDUCTION BY P53 CLASS MEDIATOR%GOBP%GO:0030330		34	-0.3385071	-1.0789446	0.32496697	0.784871	1.0	2031	tags=32%, list=17%, signal=39%	
NEGATIVE REGULATION OF DOUBLE-STRAND BREAK REPAIR VIA HOMOLOGOUS RECOMBINATION%GOBP%GO:2000042	NEGATIVE REGULATION OF DOUBLE-STRAND BREAK REPAIR VIA HOMOLOGOUS RECOMBINATION%GOBP%GO:2000042		17	-0.40076917	-1.0789425	0.34892085	0.78364354	1.0	2547	tags=35%, list=21%, signal=45%	
EPITHELIUM MIGRATION%GOBP%GO:0090132	EPITHELIUM MIGRATION%GOBP%GO:0090132		17	-0.40270612	-1.078586	0.34382284	0.78362083	1.0	1523	tags=29%, list=13%, signal=34%	
EPITHELIAL CELL MIGRATION%GOBP%GO:0010631	EPITHELIAL CELL MIGRATION%GOBP%GO:0010631		16	-0.41315314	-1.0784352	0.36658934	0.78292537	1.0	1523	tags=31%, list=13%, signal=36%	
REGULATION OF CELL CYCLE G1/S PHASE TRANSITION%GOBP%GO:1902806	REGULATION OF CELL CYCLE G1/S PHASE TRANSITION%GOBP%GO:1902806		122	-0.26656777	-1.078279	0.26110125	0.7822441	1.0	765	tags=12%, list=6%, signal=13%	
MORPHOGENESIS OF EMBRYONIC EPITHELIUM%GOBP%GO:0016331	MORPHOGENESIS OF EMBRYONIC EPITHELIUM%GOBP%GO:0016331		39	-0.3316476	-1.0767406	0.33161953	0.78620607	1.0	464	tags=13%, list=4%, signal=13%	
RET SIGNALING%REACTOME%R-HSA-8853659.7	RET SIGNALING%REACTOME%R-HSA-8853659.7		28	-0.35700676	-1.0748786	0.3244275	0.7911983	1.0	2190	tags=36%, list=18%, signal=44%	
HALLMARK_G2M_CHECKPOINT%MSIGDBHALLMARK%HALLMARK_G2M_CHECKPOINT	HALLMARK_G2M_CHECKPOINT%MSIGDBHALLMARK%HALLMARK_G2M_CHECKPOINT		134	-0.26319394	-1.0747797	0.2730845	0.79027474	1.0	2093	tags=22%, list=17%, signal=27%	
SYNAPSE ORGANIZATION%GOBP%GO:0050808	SYNAPSE ORGANIZATION%GOBP%GO:0050808		120	-0.2648115	-1.0744323	0.26	0.79019797	1.0	727	tags=13%, list=6%, signal=13%	
ION CHANNEL TRANSPORT%REACTOME DATABASE ID RELEASE 93%983712	ION CHANNEL TRANSPORT%REACTOME DATABASE ID RELEASE 93%983712		112	-0.26894903	-1.0740728	0.2888889	0.7901585	1.0	792	tags=10%, list=7%, signal=10%	
MITOTIC METAPHASE CHROMOSOME ALIGNMENT%GOBP%GO:0007080	MITOTIC METAPHASE CHROMOSOME ALIGNMENT%GOBP%GO:0007080		53	-0.30551416	-1.0739071	0.31311706	0.7894795	1.0	3038	tags=38%, list=25%, signal=50%	
NON-CANONICAL WNT SIGNALING PATHWAY%GOBP%GO:0035567	NON-CANONICAL WNT SIGNALING PATHWAY%GOBP%GO:0035567		38	-0.32906738	-1.0728453	0.33072916	0.7919008	1.0	2180	tags=37%, list=18%, signal=45%	
VACUOLE ORGANIZATION%GOBP%GO:0007033	VACUOLE ORGANIZATION%GOBP%GO:0007033		143	-0.25789905	-1.0726026	0.26254827	0.7915078	1.0	2149	tags=22%, list=18%, signal=26%	
APOPTOTIC EXECUTION PHASE%REACTOME DATABASE ID RELEASE 93%75153	APOPTOTIC EXECUTION PHASE%REACTOME DATABASE ID RELEASE 93%75153		40	-0.32943007	-1.0723156	0.3303342	0.7912778	1.0	1525	tags=20%, list=13%, signal=23%	
REGULATION OF MITOTIC SPINDLE CHECKPOINT%GOBP%GO:1903504	REGULATION OF MITOTIC SPINDLE CHECKPOINT%GOBP%GO:1903504		19	-0.38809678	-1.0722536	0.35164836	0.79026324	1.0	646	tags=21%, list=5%, signal=22%	
GLYCEROLIPID BIOSYNTHETIC PROCESS%GOBP%GO:0045017	GLYCEROLIPID BIOSYNTHETIC PROCESS%GOBP%GO:0045017		157	-0.25583708	-1.0714276	0.24547283	0.7918303	1.0	1838	tags=22%, list=15%, signal=25%	
SENSORY PERCEPTION%REACTOME DATABASE ID RELEASE 93%9709957	SENSORY PERCEPTION%REACTOME DATABASE ID RELEASE 93%9709957		98	-0.27211273	-1.0713128	0.3034591	0.79098785	1.0	1712	tags=24%, list=14%, signal=28%	
CELLULAR RESPONSE TO OXYGEN LEVELS%GOBP%GO:0071453	CELLULAR RESPONSE TO OXYGEN LEVELS%GOBP%GO:0071453		73	-0.2903018	-1.0710602	0.3093093	0.7906647	1.0	1778	tags=25%, list=15%, signal=29%	
5-HYDROXYTRYPTAMINE DEGREDATION%PANTHER PATHWAY%P04372	5-HYDROXYTRYPTAMINE DEGREDATION%PANTHER PATHWAY%P04372		15	-0.41302532	-1.0707496	0.35502282	0.7904623	1.0	233	tags=20%, list=2%, signal=20%	
VASCULAR ENDOTHELIAL CELL RESPONSE TO LAMINAR FLUID SHEAR STRESS%GOBP%GO:0097700	VASCULAR ENDOTHELIAL CELL RESPONSE TO LAMINAR FLUID SHEAR STRESS%GOBP%GO:0097700		16	-0.4049696	-1.0706308	0.3725262	0.789655	1.0	200	tags=13%, list=2%, signal=13%	
MONOCARBOXYLIC ACID TRANSPORT%GOBP%GO:0015718	MONOCARBOXYLIC ACID TRANSPORT%GOBP%GO:0015718		57	-0.30392224	-1.0692703	0.31643835	0.79294777	1.0	1489	tags=25%, list=12%, signal=28%	
NEGATIVE REGULATION OF CANONICAL WNT SIGNALING PATHWAY%GOBP%GO:0090090	NEGATIVE REGULATION OF CANONICAL WNT SIGNALING PATHWAY%GOBP%GO:0090090		78	-0.28404844	-1.0690182	0.32	0.7925968	1.0	1456	tags=21%, list=12%, signal=23%	
FOREBRAIN DEVELOPMENT%GOBP%GO:0030900	FOREBRAIN DEVELOPMENT%GOBP%GO:0030900		88	-0.2791039	-1.0690056	0.29393467	0.7914301	1.0	1963	tags=26%, list=16%, signal=31%	
CELL MORPHOGENESIS INVOLVED IN NEURON DIFFERENTIATION%GOBP%GO:0048667	CELL MORPHOGENESIS INVOLVED IN NEURON DIFFERENTIATION%GOBP%GO:0048667		187	-0.24989589	-1.0689989	0.26096034	0.7902496	1.0	2338	tags=27%, list=19%, signal=33%	
REGULATION OF RAC1 ACTIVITY%PATHWAY INTERACTION DATABASE NCI-NATURE CURATED DATA%REGULATION OF RAC1 ACTIVITY	REGULATION OF RAC1 ACTIVITY%PATHWAY INTERACTION DATABASE NCI-NATURE CURATED DATA%REGULATION OF RAC1 ACTIVITY		27	-0.3563902	-1.0681491	0.37074402	0.7918664	1.0	1230	tags=26%, list=10%, signal=29%	
NUCLEAR ENVELOPE BREAKDOWN%REACTOME DATABASE ID RELEASE 93%2980766	NUCLEAR ENVELOPE BREAKDOWN%REACTOME DATABASE ID RELEASE 93%2980766		43	-0.31722632	-1.068074	0.35034484	0.79091847	1.0	1822	tags=23%, list=15%, signal=27%	
DNA RECOMBINATION%GOBP%GO:0006310	DNA RECOMBINATION%GOBP%GO:0006310		153	-0.2564759	-1.0677258	0.25103736	0.7908796	1.0	2056	tags=21%, list=17%, signal=25%	
REGULATION OF MITOTIC CELL CYCLE SPINDLE ASSEMBLY CHECKPOINT%GOBP%GO:0090266	REGULATION OF MITOTIC CELL CYCLE SPINDLE ASSEMBLY CHECKPOINT%GOBP%GO:0090266		19	-0.38809678	-1.0676069	0.37325582	0.7901089	1.0	646	tags=21%, list=5%, signal=22%	
POSITIVE REGULATION OF MITOTIC SISTER CHROMATID SEPARATION%GOBP%GO:1901970	POSITIVE REGULATION OF MITOTIC SISTER CHROMATID SEPARATION%GOBP%GO:1901970		20	-0.39011708	-1.0674155	0.35545024	0.7895493	1.0	3550	tags=40%, list=29%, signal=57%	
REGULATION OF HEART RATE%GOBP%GO:0002027	REGULATION OF HEART RATE%GOBP%GO:0002027		41	-0.32256538	-1.0672473	0.3253012	0.7889136	1.0	1562	tags=27%, list=13%, signal=31%	
EXPRESSION OF BMAL (ARNTL), CLOCK, AND NPAS2%REACTOME%R-HSA-9931509.1	EXPRESSION OF BMAL (ARNTL), CLOCK, AND NPAS2%REACTOME%R-HSA-9931509.1		32	-0.34270346	-1.065871	0.36024845	0.7922708	1.0	3067	tags=41%, list=25%, signal=54%	
SENSORY PROCESSING OF SOUND%REACTOME DATABASE ID RELEASE 93%9659379	SENSORY PROCESSING OF SOUND%REACTOME DATABASE ID RELEASE 93%9659379		33	-0.34057736	-1.065166	0.3469657	0.7934625	1.0	1712	tags=33%, list=14%, signal=39%	
MICROTUBULE ANCHORING%GOBP%GO:0034453	MICROTUBULE ANCHORING%GOBP%GO:0034453		21	-0.3779586	-1.064507	0.36625	0.79440933	1.0	3477	tags=33%, list=29%, signal=47%	
NF1 COPY NUMBER VARIATION SYNDROME %WIKIPATHWAYS_20250810%WP5366%HOMO SAPIENS	NF1 COPY NUMBER VARIATION SYNDROME %WIKIPATHWAYS_20250810%WP5366%HOMO SAPIENS		61	-0.2956286	-1.0639312	0.3091168	0.7951734	1.0	2284	tags=28%, list=19%, signal=34%	
HALLMARK_BILE_ACID_METABOLISM%MSIGDBHALLMARK%HALLMARK_BILE_ACID_METABOLISM	HALLMARK_BILE_ACID_METABOLISM%MSIGDBHALLMARK%HALLMARK_BILE_ACID_METABOLISM		58	-0.3007462	-1.0632408	0.32960895	0.7962638	1.0	302	tags=7%, list=3%, signal=7%	
MITOTIC G2 DNA DAMAGE CHECKPOINT SIGNALING%GOBP%GO:0007095	MITOTIC G2 DNA DAMAGE CHECKPOINT SIGNALING%GOBP%GO:0007095		25	-0.35963672	-1.0625896	0.3544601	0.79726875	1.0	2056	tags=28%, list=17%, signal=34%	
CADHERIN SIGNALING PATHWAY%PANTHER PATHWAY%P00012	CADHERIN SIGNALING PATHWAY%PANTHER PATHWAY%P00012		58	-0.2982943	-1.0625676	0.3028169	0.79615724	1.0	2456	tags=33%, list=20%, signal=41%	
CYTOCHROME P450 - ARRANGED BY SUBSTRATE TYPE%REACTOME%R-HSA-211897.5	CYTOCHROME P450 - ARRANGED BY SUBSTRATE TYPE%REACTOME%R-HSA-211897.5		27	-0.35116675	-1.061917	0.3541147	0.79714686	1.0	2420	tags=44%, list=20%, signal=56%	
NRF2 ARE REGULATION%WIKIPATHWAYS_20250810%WP4357%HOMO SAPIENS	NRF2 ARE REGULATION%WIKIPATHWAYS_20250810%WP4357%HOMO SAPIENS		21	-0.36724508	-1.0618961	0.3683589	0.7960308	1.0	294	tags=14%, list=2%, signal=15%	
SENSORY PROCESSING OF SOUND BY INNER HAIR CELLS OF THE COCHLEA%REACTOME%R-HSA-9662360.2	SENSORY PROCESSING OF SOUND BY INNER HAIR CELLS OF THE COCHLEA%REACTOME%R-HSA-9662360.2		31	-0.34231743	-1.0618478	0.3681462	0.7950107	1.0	1712	tags=35%, list=14%, signal=41%	
CHORDATE EMBRYONIC DEVELOPMENT%GOBP%GO:0043009	CHORDATE EMBRYONIC DEVELOPMENT%GOBP%GO:0043009		120	-0.2632222	-1.0614085	0.30545455	0.7952839	1.0	1355	tags=18%, list=11%, signal=20%	
LXR-MEDIATED SIGNALING%REACTOME DATABASE ID RELEASE 93%9024446	LXR-MEDIATED SIGNALING%REACTOME DATABASE ID RELEASE 93%9024446		36	-0.3281368	-1.0612668	0.35651076	0.7945756	1.0	2420	tags=31%, list=20%, signal=38%	
KINESINS%REACTOME%R-HSA-983189.5	KINESINS%REACTOME%R-HSA-983189.5		34	-0.33428934	-1.0610739	0.35106382	0.79405385	1.0	1761	tags=24%, list=15%, signal=27%	
TRABECULA MORPHOGENESIS%GOBP%GO:0061383	TRABECULA MORPHOGENESIS%GOBP%GO:0061383		15	-0.4116927	-1.059739	0.37556562	0.7974051	1.0	2717	tags=40%, list=23%, signal=52%	
HEPARAN SULFATE HEPARIN (HS-GAG) METABOLISM%REACTOME DATABASE ID RELEASE 93%1638091	HEPARAN SULFATE HEPARIN (HS-GAG) METABOLISM%REACTOME DATABASE ID RELEASE 93%1638091		28	-0.3469515	-1.0596678	0.35696518	0.7964562	1.0	689	tags=14%, list=6%, signal=15%	
HISTAMINE H1 RECEPTOR MEDIATED SIGNALING PATHWAY%PANTHER PATHWAY%P04385	HISTAMINE H1 RECEPTOR MEDIATED SIGNALING PATHWAY%PANTHER PATHWAY%P04385		27	-0.3533862	-1.0594543	0.36082473	0.7960256	1.0	828	tags=15%, list=7%, signal=16%	
HISTONE MRNA METABOLIC PROCESS%GOBP%GO:0008334	HISTONE MRNA METABOLIC PROCESS%GOBP%GO:0008334		17	-0.3964022	-1.0594326	0.34338748	0.7949359	1.0	3061	tags=41%, list=25%, signal=55%	
PID_RAS_PATHWAY%MSIGDB_C2%PID_RAS_PATHWAY	PID_RAS_PATHWAY%MSIGDB_C2%PID_RAS_PATHWAY		17	-0.39065084	-1.0593259	0.38578087	0.7941522	1.0	3240	tags=53%, list=27%, signal=72%	
RAC2 GTPASE CYCLE%REACTOME DATABASE ID RELEASE 93%9013404	RAC2 GTPASE CYCLE%REACTOME DATABASE ID RELEASE 93%9013404		78	-0.2755672	-1.0590293	0.31034482	0.7939563	1.0	570	tags=13%, list=5%, signal=13%	
POSITIVE REGULATION OF ERAD PATHWAY%GOBP%GO:1904294	POSITIVE REGULATION OF ERAD PATHWAY%GOBP%GO:1904294		15	-0.40518406	-1.0586143	0.3877095	0.7941771	1.0	1802	tags=33%, list=15%, signal=39%	
POLYOL BIOSYNTHETIC PROCESS%GOBP%GO:0046173	POLYOL BIOSYNTHETIC PROCESS%GOBP%GO:0046173		31	-0.33423302	-1.0583655	0.3610771	0.79382247	1.0	1823	tags=23%, list=15%, signal=27%	
REGULATION OF MICROTUBULE CYTOSKELETON ORGANIZATION%GOBP%GO:0070507	REGULATION OF MICROTUBULE CYTOSKELETON ORGANIZATION%GOBP%GO:0070507		120	-0.2622561	-1.0583582	0.31393299	0.7926926	1.0	1691	tags=21%, list=14%, signal=24%	
SIGNALING BY FGFR1%REACTOME DATABASE ID RELEASE 93%5654736	SIGNALING BY FGFR1%REACTOME DATABASE ID RELEASE 93%5654736		32	-0.34018493	-1.057839	0.36173	0.79321605	1.0	262	tags=13%, list=2%, signal=13%	
NEPHRON EPITHELIUM DEVELOPMENT%GOBP%GO:0072009	NEPHRON EPITHELIUM DEVELOPMENT%GOBP%GO:0072009		28	-0.3436443	-1.0577368	0.35271809	0.7924015	1.0	1351	tags=32%, list=11%, signal=36%	
CELL VOLUME HOMEOSTASIS%GOBP%GO:0006884	CELL VOLUME HOMEOSTASIS%GOBP%GO:0006884		23	-0.36461407	-1.0576577	0.36777368	0.7914997	1.0	1689	tags=26%, list=14%, signal=30%	
CALCIUM ION TRANSPORT%GOBP%GO:0006816	CALCIUM ION TRANSPORT%GOBP%GO:0006816		82	-0.2796843	-1.0571728	0.32917318	0.79195184	1.0	736	tags=15%, list=6%, signal=15%	
PID_AR_PATHWAY%MSIGDB_C2%PID_AR_PATHWAY	PID_AR_PATHWAY%MSIGDB_C2%PID_AR_PATHWAY		42	-0.31411752	-1.0569038	0.36486486	0.7916324	1.0	2232	tags=24%, list=19%, signal=29%	
REGULATION OF CALCIUM ION TRANSMEMBRANE TRANSPORT%GOBP%GO:1903169	REGULATION OF CALCIUM ION TRANSMEMBRANE TRANSPORT%GOBP%GO:1903169		59	-0.2940102	-1.0556785	0.34188035	0.79451644	1.0	1667	tags=22%, list=14%, signal=25%	
SYNAPTIC VESICLE EXOCYTOSIS%GOBP%GO:0016079	SYNAPTIC VESICLE EXOCYTOSIS%GOBP%GO:0016079		28	-0.34460172	-1.055072	0.3692494	0.7953431	1.0	2380	tags=29%, list=20%, signal=36%	
EGR2 AND SOX10-MEDIATED INITIATION OF SCHWANN CELL MYELINATION%REACTOME%R-HSA-9619665.3	EGR2 AND SOX10-MEDIATED INITIATION OF SCHWANN CELL MYELINATION%REACTOME%R-HSA-9619665.3		19	-0.38913172	-1.0548081	0.37633136	0.79507625	1.0	2270	tags=32%, list=19%, signal=39%	
NUCLEOPHAGY%GOBP%GO:0044804	NUCLEOPHAGY%GOBP%GO:0044804		23	-0.36756307	-1.0534252	0.38287154	0.7985394	1.0	2840	tags=30%, list=24%, signal=40%	
TRANS-SYNAPTIC SIGNALING%GOBP%GO:0099537	TRANS-SYNAPTIC SIGNALING%GOBP%GO:0099537		126	-0.2609714	-1.0534203	0.3296501	0.7974077	1.0	2456	tags=25%, list=20%, signal=31%	
TRANS-GOLGI NETWORK VESICLE BUDDING%REACTOME DATABASE ID RELEASE 93%199992	TRANS-GOLGI NETWORK VESICLE BUDDING%REACTOME DATABASE ID RELEASE 93%199992		68	-0.28661963	-1.052513	0.3662614	0.7993008	1.0	2312	tags=28%, list=19%, signal=34%	
MITOTIC DNA DAMAGE CHECKPOINT SIGNALING%GOBP%GO:0044773	MITOTIC DNA DAMAGE CHECKPOINT SIGNALING%GOBP%GO:0044773		51	-0.30385593	-1.0519536	0.3443526	0.80002016	1.0	2402	tags=24%, list=20%, signal=29%	
RECOGNITION OF DNA DAMAGE BY PCNA-CONTAINING REPLICATION COMPLEX%REACTOME%R-HSA-110314.5	RECOGNITION OF DNA DAMAGE BY PCNA-CONTAINING REPLICATION COMPLEX%REACTOME%R-HSA-110314.5		30	-0.34436992	-1.0511241	0.37961784	0.80162877	1.0	2181	tags=30%, list=18%, signal=37%	
INTERSTRAND CROSS-LINK REPAIR%GOBP%GO:0036297	INTERSTRAND CROSS-LINK REPAIR%GOBP%GO:0036297		31	-0.33733088	-1.0497513	0.37530562	0.80503744	1.0	3471	tags=39%, list=29%, signal=54%	
RECEPTOR CLUSTERING%GOBP%GO:0043113	RECEPTOR CLUSTERING%GOBP%GO:0043113		20	-0.3768617	-1.0491861	0.39408284	0.8057472	1.0	1319	tags=25%, list=11%, signal=28%	
TISSUE MIGRATION%GOBP%GO:0090130	TISSUE MIGRATION%GOBP%GO:0090130		18	-0.3894869	-1.0491338	0.38405797	0.80478907	1.0	1523	tags=28%, list=13%, signal=32%	
CYTOSKELETON-DEPENDENT INTRACELLULAR TRANSPORT%GOBP%GO:0030705	CYTOSKELETON-DEPENDENT INTRACELLULAR TRANSPORT%GOBP%GO:0030705		133	-0.25702876	-1.049061	0.33147115	0.803889	1.0	2501	tags=29%, list=21%, signal=37%	
REGULATION OF CENTROSOME CYCLE%GOBP%GO:0046605	REGULATION OF CENTROSOME CYCLE%GOBP%GO:0046605		42	-0.3204016	-1.0487978	0.38821954	0.8036372	1.0	2056	tags=24%, list=17%, signal=29%	
BRANCHED-CHAIN AMINO ACID CATABOLISM%REACTOME%R-HSA-70895.8	BRANCHED-CHAIN AMINO ACID CATABOLISM%REACTOME%R-HSA-70895.8		21	-0.37043756	-1.0487882	0.37093022	0.80252767	1.0	2222	tags=38%, list=18%, signal=47%	
ARACHIDONATE METABOLISM%REACTOME DATABASE ID RELEASE 93%2142753	ARACHIDONATE METABOLISM%REACTOME DATABASE ID RELEASE 93%2142753		34	-0.33057	-1.0481852	0.37252474	0.80339205	1.0	1453	tags=26%, list=12%, signal=30%	
VENTRICULAR CARDIAC MUSCLE TISSUE MORPHOGENESIS%GOBP%GO:0055010	VENTRICULAR CARDIAC MUSCLE TISSUE MORPHOGENESIS%GOBP%GO:0055010		18	-0.38263547	-1.048144	0.3920386	0.80239993	1.0	2541	tags=33%, list=21%, signal=42%	
NANOPARTICLE TRIGGERED AUTOPHAGIC CELL DEATH%WIKIPATHWAYS_20250810%WP2509%HOMO SAPIENS	NANOPARTICLE TRIGGERED AUTOPHAGIC CELL DEATH%WIKIPATHWAYS_20250810%WP2509%HOMO SAPIENS		19	-0.38003126	-1.0479071	0.39311165	0.8020723	1.0	3800	tags=42%, list=32%, signal=61%	
PIGMENT GRANULE LOCALIZATION%GOBP%GO:0051875	PIGMENT GRANULE LOCALIZATION%GOBP%GO:0051875		18	-0.38594377	-1.0475034	0.39882353	0.80223715	1.0	3943	tags=56%, list=33%, signal=82%	
PHOSPHATIDYLINOSITOL-MEDIATED SIGNALING%GOBP%GO:0048015	PHOSPHATIDYLINOSITOL-MEDIATED SIGNALING%GOBP%GO:0048015		17	-0.38544625	-1.0468541	0.384	0.8033175	1.0	2312	tags=35%, list=19%, signal=44%	
MELANOSOME LOCALIZATION%GOBP%GO:0032400	MELANOSOME LOCALIZATION%GOBP%GO:0032400		18	-0.38594377	-1.0458857	0.3814554	0.80541265	1.0	3943	tags=56%, list=33%, signal=82%	
GPVI-MEDIATED ACTIVATION CASCADE%REACTOME DATABASE ID RELEASE 93%114604	GPVI-MEDIATED ACTIVATION CASCADE%REACTOME DATABASE ID RELEASE 93%114604		24	-0.36386123	-1.045639	0.37638375	0.8050721	1.0	534	tags=21%, list=4%, signal=22%	
FATTY ACID BETA-OXIDATION%GOBP%GO:0006635	FATTY ACID BETA-OXIDATION%GOBP%GO:0006635		43	-0.3120657	-1.0454003	0.3773087	0.80475605	1.0	2653	tags=30%, list=22%, signal=39%	
POSITIVE REGULATION OF CHOLESTEROL METABOLIC PROCESS%GOBP%GO:0090205	POSITIVE REGULATION OF CHOLESTEROL METABOLIC PROCESS%GOBP%GO:0090205		16	-0.39320204	-1.0446364	0.3884804	0.8061642	1.0	1528	tags=25%, list=13%, signal=29%	
PORE COMPLEX ASSEMBLY%GOBP%GO:0046931	PORE COMPLEX ASSEMBLY%GOBP%GO:0046931		16	-0.39381117	-1.0443097	0.39500567	0.8061252	1.0	1896	tags=38%, list=16%, signal=44%	
DNA STRAND ELONGATION%REACTOME DATABASE ID RELEASE 93%69190	DNA STRAND ELONGATION%REACTOME DATABASE ID RELEASE 93%69190		32	-0.3338823	-1.0437824	0.38308457	0.8067655	1.0	2181	tags=25%, list=18%, signal=30%	
REGULATION OF INTRACELLULAR ESTROGEN RECEPTOR SIGNALING PATHWAY%GOBP%GO:0033146	REGULATION OF INTRACELLULAR ESTROGEN RECEPTOR SIGNALING PATHWAY%GOBP%GO:0033146		23	-0.36227262	-1.0436643	0.39634147	0.80602854	1.0	1132	tags=22%, list=9%, signal=24%	
ATTACHMENT AND ENTRY%REACTOME DATABASE ID RELEASE 93%9694614	ATTACHMENT AND ENTRY%REACTOME DATABASE ID RELEASE 93%9694614		15	-0.40170324	-1.0436301	0.41599074	0.8050115	1.0	1568	tags=33%, list=13%, signal=38%	
PROTEIN TARGETING TO LYSOSOME%GOBP%GO:0006622	PROTEIN TARGETING TO LYSOSOME%GOBP%GO:0006622		25	-0.35193226	-1.043056	0.37578815	0.8057622	1.0	2314	tags=32%, list=19%, signal=40%	
MAINTENANCE OF LOCATION IN CELL%GOBP%GO:0051651	MAINTENANCE OF LOCATION IN CELL%GOBP%GO:0051651		54	-0.29785365	-1.0425521	0.38273382	0.80631816	1.0	2663	tags=33%, list=22%, signal=43%	
METAPATHWAY BIOTRANSFORMATION PHASE I AND II%WIKIPATHWAYS_20250810%WP702%HOMO SAPIENS	METAPATHWAY BIOTRANSFORMATION PHASE I AND II%WIKIPATHWAYS_20250810%WP702%HOMO SAPIENS		67	-0.28567958	-1.0423441	0.3755274	0.8058701	1.0	1603	tags=22%, list=13%, signal=26%	
TRIGLYCERIDE METABOLIC PROCESS%GOBP%GO:0006641	TRIGLYCERIDE METABOLIC PROCESS%GOBP%GO:0006641		25	-0.35158587	-1.0423204	0.37777779	0.8048389	1.0	2068	tags=32%, list=17%, signal=39%	
RESPONSE TO FATTY ACID%GOBP%GO:0070542	RESPONSE TO FATTY ACID%GOBP%GO:0070542		17	-0.38833317	-1.0422313	0.38752785	0.8040185	1.0	1470	tags=41%, list=12%, signal=47%	
DAP12 INTERACTIONS%REACTOME DATABASE ID RELEASE 93%2172127	DAP12 INTERACTIONS%REACTOME DATABASE ID RELEASE 93%2172127		21	-0.36872506	-1.0413519	0.39882353	0.8058195	1.0	2190	tags=33%, list=18%, signal=41%	
POSITIVE REGULATION OF LAMELLIPODIUM ASSEMBLY%GOBP%GO:0010592	POSITIVE REGULATION OF LAMELLIPODIUM ASSEMBLY%GOBP%GO:0010592		20	-0.37647504	-1.0412964	0.39903265	0.8049075	1.0	2062	tags=35%, list=17%, signal=42%	
REGULATION OF CYTOSOLIC CALCIUM ION CONCENTRATION%GOBP%GO:0051480	REGULATION OF CYTOSOLIC CALCIUM ION CONCENTRATION%GOBP%GO:0051480		15	-0.40452847	-1.0410485	0.40753424	0.80462325	1.0	3695	tags=53%, list=31%, signal=77%	
FATTY ACID METABOLIC PROCESS%GOBP%GO:0006631	FATTY ACID METABOLIC PROCESS%GOBP%GO:0006631		177	-0.24537721	-1.0404322	0.34273317	0.8055479	1.0	2269	tags=24%, list=19%, signal=29%	
EXOCYTOSIS%GOBP%GO:0006887	EXOCYTOSIS%GOBP%GO:0006887		118	-0.2580303	-1.0397367	0.34476534	0.8067619	1.0	2423	tags=30%, list=20%, signal=37%	
AXON DEVELOPMENT%GOBP%GO:0061564	AXON DEVELOPMENT%GOBP%GO:0061564		172	-0.24669777	-1.0395906	0.30309278	0.806101	1.0	1701	tags=20%, list=14%, signal=23%	
ESTABLISHMENT OF PIGMENT GRANULE LOCALIZATION%GOBP%GO:0051905	ESTABLISHMENT OF PIGMENT GRANULE LOCALIZATION%GOBP%GO:0051905		16	-0.39361912	-1.039107	0.39534885	0.8065855	1.0	3943	tags=56%, list=33%, signal=84%	
ENKEPHALIN RELEASE%PANTHER PATHWAY%P05913	ENKEPHALIN RELEASE%PANTHER PATHWAY%P05913		18	-0.38349858	-1.038272	0.39583334	0.8082254	1.0	3804	tags=44%, list=32%, signal=65%	
PROTEIN LOCALIZATION TO SYNAPSE%GOBP%GO:0035418	PROTEIN LOCALIZATION TO SYNAPSE%GOBP%GO:0035418		22	-0.36536476	-1.0374165	0.38297874	0.8099423	1.0	2575	tags=32%, list=21%, signal=40%	
DNA REPLICATION INITIATION%GOBP%GO:0006270	DNA REPLICATION INITIATION%GOBP%GO:0006270		24	-0.352036	-1.0373025	0.3919414	0.8092219	1.0	3820	tags=58%, list=32%, signal=85%	
NEGATIVE REGULATION OF PROTEIN-CONTAINING COMPLEX ASSEMBLY%GOBP%GO:0031333	NEGATIVE REGULATION OF PROTEIN-CONTAINING COMPLEX ASSEMBLY%GOBP%GO:0031333		77	-0.2774077	-1.037272	0.3794163	0.80821466	1.0	2430	tags=27%, list=20%, signal=34%	
RHOA GTPASE CYCLE%REACTOME DATABASE ID RELEASE 93%8980692	RHOA GTPASE CYCLE%REACTOME DATABASE ID RELEASE 93%8980692		126	-0.25472784	-1.0358933	0.3380531	0.8116251	1.0	1723	tags=18%, list=14%, signal=21%	
SYNTHESIS OF PIPS AT THE EARLY ENDOSOME MEMBRANE%REACTOME DATABASE ID RELEASE 93%1660516	SYNTHESIS OF PIPS AT THE EARLY ENDOSOME MEMBRANE%REACTOME DATABASE ID RELEASE 93%1660516		16	-0.39466748	-1.0353943	0.41466346	0.81215316	1.0	4416	tags=69%, list=37%, signal=108%	
REGULATION OF STEROID METABOLIC PROCESS%GOBP%GO:0019218	REGULATION OF STEROID METABOLIC PROCESS%GOBP%GO:0019218		50	-0.30140868	-1.0351024	0.39017734	0.81206095	1.0	1689	tags=30%, list=14%, signal=35%	
FATTY ACID CATABOLIC PROCESS%GOBP%GO:0009062	FATTY ACID CATABOLIC PROCESS%GOBP%GO:0009062		65	-0.28589928	-1.0349637	0.3699422	0.8114296	1.0	2254	tags=23%, list=19%, signal=28%	
CELL RECOGNITION%GOBP%GO:0008037	CELL RECOGNITION%GOBP%GO:0008037		46	-0.30805832	-1.0349358	0.39183673	0.81042373	1.0	604	tags=15%, list=5%, signal=16%	
REGULATION OF METAL ION TRANSPORT%GOBP%GO:0010959	REGULATION OF METAL ION TRANSPORT%GOBP%GO:0010959		139	-0.25201455	-1.0347835	0.37240076	0.80984634	1.0	2022	tags=24%, list=17%, signal=28%	
SOCIAL BEHAVIOR%GOBP%GO:0035176	SOCIAL BEHAVIOR%GOBP%GO:0035176		15	-0.39556414	-1.0343888	0.3952435	0.8100338	1.0	467	tags=13%, list=4%, signal=14%	
E2F MEDIATED REGULATION OF DNA REPLICATION%REACTOME DATABASE ID RELEASE 93%113510	E2F MEDIATED REGULATION OF DNA REPLICATION%REACTOME DATABASE ID RELEASE 93%113510		22	-0.36290064	-1.0337393	0.41129032	0.8110425	1.0	3381	tags=50%, list=28%, signal=69%	
NEGATIVE REGULATION OF EPITHELIAL TO MESENCHYMAL TRANSITION%GOBP%GO:0010719	NEGATIVE REGULATION OF EPITHELIAL TO MESENCHYMAL TRANSITION%GOBP%GO:0010719		31	-0.33397505	-1.0335228	0.38490567	0.8106645	1.0	444	tags=13%, list=4%, signal=13%	
SYNAPTIC SIGNALING%GOBP%GO:0099536	SYNAPTIC SIGNALING%GOBP%GO:0099536		144	-0.2529085	-1.0335162	0.35946462	0.8095962	1.0	2456	tags=25%, list=20%, signal=31%	
REGULATION OF DNA REPLICATION%GOBP%GO:0006275	REGULATION OF DNA REPLICATION%GOBP%GO:0006275		87	-0.27007803	-1.0333978	0.38699186	0.80889684	1.0	2284	tags=23%, list=19%, signal=28%	
CELLULAR RESPONSE TO INSULIN STIMULUS%GOBP%GO:0032869	CELLULAR RESPONSE TO INSULIN STIMULUS%GOBP%GO:0032869		84	-0.2713678	-1.0331355	0.36391437	0.8086527	1.0	2315	tags=30%, list=19%, signal=37%	
PID_AR_TF_PATHWAY%MSIGDB_C2%PID_AR_TF_PATHWAY	PID_AR_TF_PATHWAY%MSIGDB_C2%PID_AR_TF_PATHWAY		37	-0.3151895	-1.0330287	0.40992168	0.80791306	1.0	3250	tags=43%, list=27%, signal=59%	
SPERMATID DEVELOPMENT%GOBP%GO:0007286	SPERMATID DEVELOPMENT%GOBP%GO:0007286		58	-0.2878453	-1.0324808	0.37955183	0.80856335	1.0	2417	tags=28%, list=20%, signal=34%	
HEART DEVELOPMENT%GOBP%GO:0007507	HEART DEVELOPMENT%GOBP%GO:0007507		186	-0.24376018	-1.0323339	0.34489796	0.8079918	1.0	1533	tags=18%, list=13%, signal=20%	
PROTEIN O-LINKED GLYCOSYLATION VIA N-ACETYL-GALACTOSAMINE%GOBP%GO:0016266	PROTEIN O-LINKED GLYCOSYLATION VIA N-ACETYL-GALACTOSAMINE%GOBP%GO:0016266		26	-0.34875304	-1.0323135	0.39707673	0.8069812	1.0	870	tags=19%, list=7%, signal=21%	
HOMOPHILIC CELL ADHESION VIA PLASMA MEMBRANE ADHESION MOLECULES%GOBP%GO:0007156	HOMOPHILIC CELL ADHESION VIA PLASMA MEMBRANE ADHESION MOLECULES%GOBP%GO:0007156		36	-0.32080117	-1.0318762	0.38654354	0.80731565	1.0	2166	tags=25%, list=18%, signal=30%	
DICARBOXYLIC ACID TRANSPORT%GOBP%GO:0006835	DICARBOXYLIC ACID TRANSPORT%GOBP%GO:0006835		33	-0.3269951	-1.0318645	0.40554821	0.806276	1.0	1893	tags=21%, list=16%, signal=25%	
MUSCLE TISSUE MORPHOGENESIS%GOBP%GO:0060415	MUSCLE TISSUE MORPHOGENESIS%GOBP%GO:0060415		25	-0.3464438	-1.0313708	0.3959572	0.80682725	1.0	1487	tags=20%, list=12%, signal=23%	
POSITIVE REGULATION OF CELL CYCLE PROCESS%GOBP%GO:0090068	POSITIVE REGULATION OF CELL CYCLE PROCESS%GOBP%GO:0090068		170	-0.24609534	-1.0313128	0.38105264	0.805931	1.0	2093	tags=26%, list=17%, signal=32%	
NEPHRON TUBULE DEVELOPMENT%GOBP%GO:0072080	NEPHRON TUBULE DEVELOPMENT%GOBP%GO:0072080		18	-0.38007444	-1.0309668	0.406682	0.8059658	1.0	380	tags=22%, list=3%, signal=23%	
MUSCLE ORGAN MORPHOGENESIS%GOBP%GO:0048644	MUSCLE ORGAN MORPHOGENESIS%GOBP%GO:0048644		25	-0.3464438	-1.0307806	0.42385787	0.8055104	1.0	1487	tags=20%, list=12%, signal=23%	
MAINTENANCE OF LOCATION%GOBP%GO:0051235	MAINTENANCE OF LOCATION%GOBP%GO:0051235		57	-0.28885582	-1.0294695	0.37683284	0.80880255	1.0	2769	tags=33%, list=23%, signal=43%	
PALLIUM DEVELOPMENT%GOBP%GO:0021543	PALLIUM DEVELOPMENT%GOBP%GO:0021543		40	-0.3115055	-1.0294074	0.39504564	0.807929	1.0	2417	tags=35%, list=20%, signal=44%	
PID_ERBB1_INTERNALIZATION_PATHWAY%MSIGDB_C2%PID_ERBB1_INTERNALIZATION_PATHWAY	PID_ERBB1_INTERNALIZATION_PATHWAY%MSIGDB_C2%PID_ERBB1_INTERNALIZATION_PATHWAY		30	-0.33694637	-1.0291575	0.40097207	0.8076552	1.0	2190	tags=37%, list=18%, signal=45%	
HEPARAN SULFATE PROTEOGLYCAN METABOLIC PROCESS%GOBP%GO:0030201	HEPARAN SULFATE PROTEOGLYCAN METABOLIC PROCESS%GOBP%GO:0030201		27	-0.34760886	-1.0291343	0.4116883	0.80667925	1.0	984	tags=19%, list=8%, signal=20%	
POSITIVE REGULATION OF CHROMOSOME SEPARATION%GOBP%GO:1905820	POSITIVE REGULATION OF CHROMOSOME SEPARATION%GOBP%GO:1905820		30	-0.33800757	-1.0283996	0.39175257	0.80804646	1.0	2584	tags=37%, list=21%, signal=47%	
FORMATION OF WDR5-CONTAINING HISTONE-MODIFYING COMPLEXES%REACTOME%R-HSA-9772755.2	FORMATION OF WDR5-CONTAINING HISTONE-MODIFYING COMPLEXES%REACTOME%R-HSA-9772755.2		36	-0.316852	-1.0279199	0.39605263	0.80853707	1.0	2774	tags=28%, list=23%, signal=36%	
RAC1 GTPASE CYCLE%REACTOME DATABASE ID RELEASE 93%9013149	RAC1 GTPASE CYCLE%REACTOME DATABASE ID RELEASE 93%9013149		152	-0.24669069	-1.0273064	0.37944663	0.80948347	1.0	2247	tags=26%, list=19%, signal=31%	
DNA IR DAMAGE AND CELLULAR RESPONSE VIA ATR%WIKIPATHWAYS_20250810%WP4016%HOMO SAPIENS	DNA IR DAMAGE AND CELLULAR RESPONSE VIA ATR%WIKIPATHWAYS_20250810%WP4016%HOMO SAPIENS		65	-0.28185132	-1.026367	0.40500736	0.81150913	1.0	1652	tags=18%, list=14%, signal=21%	
MEMBRANE LIPID CATABOLIC PROCESS%GOBP%GO:0046466	MEMBRANE LIPID CATABOLIC PROCESS%GOBP%GO:0046466		30	-0.33463544	-1.0260314	0.4260204	0.81154794	1.0	1521	tags=23%, list=13%, signal=27%	
POSITIVE REGULATION OF PEPTIDE HORMONE SECRETION%GOBP%GO:0090277	POSITIVE REGULATION OF PEPTIDE HORMONE SECRETION%GOBP%GO:0090277		31	-0.32740983	-1.0253855	0.4165605	0.81257665	1.0	1369	tags=19%, list=11%, signal=22%	
ESTABLISHMENT OF PROTEIN LOCALIZATION TO PEROXISOME%GOBP%GO:0072663	ESTABLISHMENT OF PROTEIN LOCALIZATION TO PEROXISOME%GOBP%GO:0072663		19	-0.37484813	-1.0251641	0.42431465	0.8122152	1.0	3205	tags=26%, list=27%, signal=36%	
SPLICING FACTOR NOVA REGULATED SYNAPTIC PROTEINS%WIKIPATHWAYS_20250810%WP4148%HOMO SAPIENS	SPLICING FACTOR NOVA REGULATED SYNAPTIC PROTEINS%WIKIPATHWAYS_20250810%WP4148%HOMO SAPIENS		23	-0.35506976	-1.0250932	0.4224852	0.8113877	1.0	2387	tags=30%, list=20%, signal=38%	
CALCIUM ION TRANSMEMBRANE TRANSPORT%GOBP%GO:0070588	CALCIUM ION TRANSMEMBRANE TRANSPORT%GOBP%GO:0070588		62	-0.28669062	-1.0248871	0.38011697	0.81098515	1.0	736	tags=13%, list=6%, signal=14%	
NATURAL KILLER CELL ACTIVATION%GOBP%GO:0030101	NATURAL KILLER CELL ACTIVATION%GOBP%GO:0030101		21	-0.36167786	-1.0247558	0.42675158	0.8103747	1.0	205	tags=14%, list=2%, signal=15%	
MUSCLE TISSUE DEVELOPMENT%GOBP%GO:0060537	MUSCLE TISSUE DEVELOPMENT%GOBP%GO:0060537		92	-0.26464573	-1.0237797	0.39336494	0.8124356	1.0	1487	tags=20%, list=12%, signal=22%	
DETOXIFICATION%GOBP%GO:0098754	DETOXIFICATION%GOBP%GO:0098754		49	-0.2954605	-1.0237082	0.41721854	0.81162727	1.0	1726	tags=27%, list=14%, signal=31%	
RENAL TUBULE MORPHOGENESIS%GOBP%GO:0061333	RENAL TUBULE MORPHOGENESIS%GOBP%GO:0061333		18	-0.37508103	-1.0235053	0.41367322	0.81124157	1.0	380	tags=22%, list=3%, signal=23%	
REGULATION OF CATION CHANNEL ACTIVITY%GOBP%GO:2001257	REGULATION OF CATION CHANNEL ACTIVITY%GOBP%GO:2001257		19	-0.37091404	-1.0232546	0.41475213	0.8109945	1.0	924	tags=26%, list=8%, signal=28%	
RESPONSE TO NUTRIENT LEVELS%GOBP%GO:0031667	RESPONSE TO NUTRIENT LEVELS%GOBP%GO:0031667		194	-0.2382948	-1.023206	0.3691275	0.8101121	1.0	1843	tags=20%, list=15%, signal=23%	
ESTABLISHMENT OF MELANOSOME LOCALIZATION%GOBP%GO:0032401	ESTABLISHMENT OF MELANOSOME LOCALIZATION%GOBP%GO:0032401		16	-0.39361912	-1.0228648	0.42424244	0.81016296	1.0	3943	tags=56%, list=33%, signal=84%	
PID_WNT_SIGNALING_PATHWAY%MSIGDB_C2%PID_WNT_SIGNALING_PATHWAY	PID_WNT_SIGNALING_PATHWAY%MSIGDB_C2%PID_WNT_SIGNALING_PATHWAY		17	-0.38227025	-1.0227872	0.4164678	0.80936825	1.0	1443	tags=35%, list=12%, signal=40%	
BIOLOGICAL PROCESS INVOLVED IN INTRASPECIES INTERACTION BETWEEN ORGANISMS%GOBP%GO:0051703	BIOLOGICAL PROCESS INVOLVED IN INTRASPECIES INTERACTION BETWEEN ORGANISMS%GOBP%GO:0051703		15	-0.39556414	-1.0220696	0.4384966	0.8106238	1.0	467	tags=13%, list=4%, signal=14%	
PID_ECADHERIN_NASCENT_AJ_PATHWAY%MSIGDB_C2%PID_ECADHERIN_NASCENT_AJ_PATHWAY	PID_ECADHERIN_NASCENT_AJ_PATHWAY%MSIGDB_C2%PID_ECADHERIN_NASCENT_AJ_PATHWAY		28	-0.33309686	-1.0182732	0.41190764	0.8218081	1.0	2298	tags=32%, list=19%, signal=40%	
REGULATION OF SPINDLE CHECKPOINT%GOBP%GO:0090231	REGULATION OF SPINDLE CHECKPOINT%GOBP%GO:0090231		20	-0.36398625	-1.017471	0.43367934	0.82336795	1.0	646	tags=20%, list=5%, signal=21%	
GASTRIC CANCER NETWORK 2%WIKIPATHWAYS_20250810%WP2363%HOMO SAPIENS	GASTRIC CANCER NETWORK 2%WIKIPATHWAYS_20250810%WP2363%HOMO SAPIENS		24	-0.3519978	-1.0163753	0.44717446	0.82584673	1.0	1559	tags=29%, list=13%, signal=33%	
EMBRYONIC ORGAN MORPHOGENESIS%GOBP%GO:0048562	EMBRYONIC ORGAN MORPHOGENESIS%GOBP%GO:0048562		75	-0.27684957	-1.0161867	0.42242703	0.82539487	1.0	1487	tags=19%, list=12%, signal=21%	
REGULATION OF GLYCOPROTEIN BIOSYNTHETIC PROCESS%GOBP%GO:0010559	REGULATION OF GLYCOPROTEIN BIOSYNTHETIC PROCESS%GOBP%GO:0010559		21	-0.3573966	-1.0153865	0.4292566	0.82700366	1.0	3439	tags=43%, list=29%, signal=60%	
HDR THROUGH HOMOLOGOUS RECOMBINATION (HRR) OR SINGLE STRAND ANNEALING (SSA)%REACTOME%R-HSA-5693567.4	HDR THROUGH HOMOLOGOUS RECOMBINATION (HRR) OR SINGLE STRAND ANNEALING (SSA)%REACTOME%R-HSA-5693567.4		89	-0.26600173	-1.0150657	0.4027778	0.82702446	1.0	2745	tags=26%, list=23%, signal=33%	
POSITIVE REGULATION OF PEPTIDE SECRETION%GOBP%GO:0002793	POSITIVE REGULATION OF PEPTIDE SECRETION%GOBP%GO:0002793		31	-0.32740983	-1.0145597	0.4380368	0.82762975	1.0	1369	tags=19%, list=11%, signal=22%	
CANONICAL WNT SIGNALING PATHWAY%GOBP%GO:0060070	CANONICAL WNT SIGNALING PATHWAY%GOBP%GO:0060070		46	-0.30062523	-1.0145481	0.41699347	0.8266131	1.0	2262	tags=28%, list=19%, signal=35%	
POLYMERASE SWITCHING ON THE C-STRAND OF THE TELOMERE%REACTOME DATABASE ID RELEASE 93%174411	POLYMERASE SWITCHING ON THE C-STRAND OF THE TELOMERE%REACTOME DATABASE ID RELEASE 93%174411		24	-0.34585747	-1.0145199	0.4527845	0.82567227	1.0	2264	tags=33%, list=19%, signal=41%	
CELL CYCLE CHECKPOINT SIGNALING%GOBP%GO:0000075	CELL CYCLE CHECKPOINT SIGNALING%GOBP%GO:0000075		121	-0.2537963	-1.0138899	0.398524	0.8267802	1.0	2056	tags=21%, list=17%, signal=25%	
REGULATION OF SEQUESTERING OF CALCIUM ION%GOBP%GO:0051282	REGULATION OF SEQUESTERING OF CALCIUM ION%GOBP%GO:0051282		53	-0.28981397	-1.013735	0.43270624	0.82621044	1.0	685	tags=15%, list=6%, signal=16%	
MIDBRAIN DEVELOPMENT%GOBP%GO:0030901	MIDBRAIN DEVELOPMENT%GOBP%GO:0030901		44	-0.30093187	-1.0136911	0.41922563	0.82531077	1.0	217	tags=9%, list=2%, signal=9%	
MYELINATION%GOBP%GO:0042552	MYELINATION%GOBP%GO:0042552		44	-0.3028882	-1.0126288	0.42977527	0.8276655	1.0	1260	tags=20%, list=10%, signal=23%	
WNT SIGNALING%WIKIPATHWAYS_20250810%WP428%HOMO SAPIENS	WNT SIGNALING%WIKIPATHWAYS_20250810%WP428%HOMO SAPIENS		71	-0.2734099	-1.0121089	0.41691843	0.82833415	1.0	1443	tags=23%, list=12%, signal=25%	
POSITIVE REGULATION OF CELL CYCLE PHASE TRANSITION%GOBP%GO:1901989	POSITIVE REGULATION OF CELL CYCLE PHASE TRANSITION%GOBP%GO:1901989		76	-0.26840565	-1.0117059	0.3990964	0.8285488	1.0	2430	tags=25%, list=20%, signal=31%	
TRANSCRIPTION OF E2F TARGETS UNDER NEGATIVE CONTROL BY P107 (RBL1) AND P130 (RBL2) IN COMPLEX WITH HDAC1%REACTOME DATABASE ID RELEASE 93%1362300	TRANSCRIPTION OF E2F TARGETS UNDER NEGATIVE CONTROL BY P107 (RBL1) AND P130 (RBL2) IN COMPLEX WITH HDAC1%REACTOME DATABASE ID RELEASE 93%1362300		16	-0.37797526	-1.0108153	0.4365881	0.8303964	1.0	2805	tags=44%, list=23%, signal=57%	
TELOMERE C-STRAND (LAGGING STRAND) SYNTHESIS%REACTOME DATABASE ID RELEASE 93%174417	TELOMERE C-STRAND (LAGGING STRAND) SYNTHESIS%REACTOME DATABASE ID RELEASE 93%174417		32	-0.3201872	-1.0099819	0.4362336	0.83203447	1.0	2264	tags=28%, list=19%, signal=35%	
P53 PATHWAY%PANTHER PATHWAY%P00059	P53 PATHWAY%PANTHER PATHWAY%P00059		40	-0.30676565	-1.0091388	0.44113666	0.8336999	1.0	2465	tags=30%, list=20%, signal=38%	
NEURAL TUBE FORMATION%GOBP%GO:0001841	NEURAL TUBE FORMATION%GOBP%GO:0001841		30	-0.3246277	-1.0090723	0.43937418	0.83286905	1.0	464	tags=13%, list=4%, signal=14%	
NEGATIVE REGULATION OF INTRINSIC APOPTOTIC SIGNALING PATHWAY IN RESPONSE TO DNA DAMAGE%GOBP%GO:1902230	NEGATIVE REGULATION OF INTRINSIC APOPTOTIC SIGNALING PATHWAY IN RESPONSE TO DNA DAMAGE%GOBP%GO:1902230		19	-0.36554596	-1.0090172	0.4441887	0.8319974	1.0	1639	tags=26%, list=14%, signal=30%	
POLYTHIAZIDE ACTION PATHWAY%PATHWHIZ%PW000326	POLYTHIAZIDE ACTION PATHWAY%PATHWHIZ%PW000326		15	-0.38086852	-1.0083601	0.42647058	0.83308077	1.0	649	tags=20%, list=5%, signal=21%	
GLYCEROPHOSPHOLIPID BIOSYNTHETIC PROCESS%GOBP%GO:0046474	GLYCEROPHOSPHOLIPID BIOSYNTHETIC PROCESS%GOBP%GO:0046474		145	-0.24299517	-1.0082372	0.4251497	0.83245575	1.0	1835	tags=21%, list=15%, signal=24%	
OOGENESIS%GOBP%GO:0048477	OOGENESIS%GOBP%GO:0048477		23	-0.3531964	-1.008144	0.44214374	0.8317386	1.0	1116	tags=17%, list=9%, signal=19%	
NEGATIVE REGULATION OF RNA SPLICING%GOBP%GO:0033119	NEGATIVE REGULATION OF RNA SPLICING%GOBP%GO:0033119		20	-0.35786736	-1.0080719	0.4393204	0.83095145	1.0	1667	tags=25%, list=14%, signal=29%	
TRANS SULFURATION ONE CARBON METABOLISM AND RELATED PATHWAYS%WIKIPATHWAYS_20250810%WP2525%HOMO SAPIENS	TRANS SULFURATION ONE CARBON METABOLISM AND RELATED PATHWAYS%WIKIPATHWAYS_20250810%WP2525%HOMO SAPIENS		34	-0.3159279	-1.0079446	0.4519104	0.8303504	1.0	1597	tags=24%, list=13%, signal=27%	
TRANSPORT OF VITAMINS, NUCLEOSIDES, AND RELATED MOLECULES%REACTOME%R-HSA-425397.5	TRANSPORT OF VITAMINS, NUCLEOSIDES, AND RELATED MOLECULES%REACTOME%R-HSA-425397.5		26	-0.33248332	-1.007368	0.44025975	0.83118284	1.0	2663	tags=38%, list=22%, signal=49%	
NEGATIVE REGULATION OF SUPRAMOLECULAR FIBER ORGANIZATION%GOBP%GO:1902904	NEGATIVE REGULATION OF SUPRAMOLECULAR FIBER ORGANIZATION%GOBP%GO:1902904		84	-0.26272285	-1.006153	0.44043887	0.83412606	1.0	1982	tags=26%, list=16%, signal=31%	
PRADER WILLI AND ANGELMAN SYNDROME%WIKIPATHWAYS_20250810%WP3998%HOMO SAPIENS	PRADER WILLI AND ANGELMAN SYNDROME%WIKIPATHWAYS_20250810%WP3998%HOMO SAPIENS		55	-0.28482234	-1.0055531	0.44851905	0.83503073	1.0	1963	tags=24%, list=16%, signal=28%	
SYNAPSE ASSEMBLY%GOBP%GO:0007416	SYNAPSE ASSEMBLY%GOBP%GO:0007416		49	-0.29082027	-1.0042708	0.44429883	0.83810174	1.0	2575	tags=29%, list=21%, signal=36%	
MTOR SIGNALLING%REACTOME%R-HSA-165159.8	MTOR SIGNALLING%REACTOME%R-HSA-165159.8		40	-0.3049345	-1.0039982	0.4327957	0.83792293	1.0	1528	tags=23%, list=13%, signal=26%	
VERY LONG-CHAIN FATTY ACID METABOLIC PROCESS%GOBP%GO:0000038	VERY LONG-CHAIN FATTY ACID METABOLIC PROCESS%GOBP%GO:0000038		15	-0.38260362	-1.0039256	0.44746163	0.8371222	1.0	1590	tags=27%, list=13%, signal=31%	
CYTOSOLIC TRANSPORT%GOBP%GO:0016482	CYTOSOLIC TRANSPORT%GOBP%GO:0016482		98	-0.25344494	-1.0035042	0.4385382	0.83745205	1.0	2725	tags=30%, list=23%, signal=38%	
POSITIVE REGULATION OF MITOTIC CELL CYCLE%GOBP%GO:0045931	POSITIVE REGULATION OF MITOTIC CELL CYCLE%GOBP%GO:0045931		83	-0.26782158	-1.0030451	0.42562592	0.8379191	1.0	1850	tags=20%, list=15%, signal=24%	
BENDROFLUMETHIAZIDE ACTION PATHWAY%PATHWHIZ%PW000329	BENDROFLUMETHIAZIDE ACTION PATHWAY%PATHWHIZ%PW000329		15	-0.38086852	-1.0028125	0.456621	0.83766544	1.0	649	tags=20%, list=5%, signal=21%	
LXRS REGULATE GENE EXPRESSION LINKED TO CHOLESTEROL TRANSPORT AND EFFLUX%REACTOME DATABASE ID RELEASE 93%9029569	LXRS REGULATE GENE EXPRESSION LINKED TO CHOLESTEROL TRANSPORT AND EFFLUX%REACTOME DATABASE ID RELEASE 93%9029569		31	-0.3245498	-1.0026476	0.46369427	0.83716464	1.0	2420	tags=29%, list=20%, signal=36%	
PEPTIDYL-TYROSINE DEPHOSPHORYLATION%GOBP%GO:0035335	PEPTIDYL-TYROSINE DEPHOSPHORYLATION%GOBP%GO:0035335		16	-0.37946787	-1.0023168	0.43973213	0.83718646	1.0	369	tags=13%, list=3%, signal=13%	
QUINETHAZONE ACTION PATHWAY%SMPDB%SMP0000091	QUINETHAZONE ACTION PATHWAY%SMPDB%SMP0000091		15	-0.38086852	-1.0008345	0.45454547	0.84093446	1.0	649	tags=20%, list=5%, signal=21%	
NEUROMUSCULAR PROCESS%GOBP%GO:0050905	NEUROMUSCULAR PROCESS%GOBP%GO:0050905		27	-0.3348911	-1.0003862	0.4515306	0.84133637	1.0	1177	tags=22%, list=10%, signal=25%	
TRIAMTERENE ACTION PATHWAY%SMPDB%SMP0000132	TRIAMTERENE ACTION PATHWAY%SMPDB%SMP0000132		15	-0.38086852	-0.99991924	0.45287356	0.8417987	1.0	649	tags=20%, list=5%, signal=21%	
POSITIVE REGULATION OF RESPONSE TO ENDOPLASMIC RETICULUM STRESS%GOBP%GO:1905898	POSITIVE REGULATION OF RESPONSE TO ENDOPLASMIC RETICULUM STRESS%GOBP%GO:1905898		31	-0.32583624	-0.9997119	0.4648582	0.8414287	1.0	2630	tags=39%, list=22%, signal=49%	
WNT SIGNALING NETWORK%PATHWAY INTERACTION DATABASE NCI-NATURE CURATED DATA%WNT SIGNALING NETWORK	WNT SIGNALING NETWORK%PATHWAY INTERACTION DATABASE NCI-NATURE CURATED DATA%WNT SIGNALING NETWORK		20	-0.35253534	-0.99948764	0.44954127	0.84108984	1.0	1443	tags=30%, list=12%, signal=34%	
REGULATION OF MICROTUBULE POLYMERIZATION OR DEPOLYMERIZATION%GOBP%GO:0031110	REGULATION OF MICROTUBULE POLYMERIZATION OR DEPOLYMERIZATION%GOBP%GO:0031110		69	-0.27353436	-0.99905694	0.43703705	0.8414596	1.0	1318	tags=19%, list=11%, signal=21%	
NEGATIVE REGULATION OF PLASMA MEMBRANE BOUNDED CELL PROJECTION ASSEMBLY%GOBP%GO:0120033	NEGATIVE REGULATION OF PLASMA MEMBRANE BOUNDED CELL PROJECTION ASSEMBLY%GOBP%GO:0120033		31	-0.3200094	-0.99862	0.44084683	0.8419018	1.0	1560	tags=23%, list=13%, signal=26%	
MITOCHONDRIAL TRANSMEMBRANE TRANSPORT%GOBP%GO:1990542	MITOCHONDRIAL TRANSMEMBRANE TRANSPORT%GOBP%GO:1990542		19	-0.3684066	-0.9981633	0.44606742	0.8423609	1.0	1514	tags=21%, list=13%, signal=24%	
GLUCOSE TRANSPORTER DEFECT (SGLT2)%SMPDB%SMP0000184	GLUCOSE TRANSPORTER DEFECT (SGLT2)%SMPDB%SMP0000184		15	-0.38086852	-0.99717695	0.4497717	0.8445965	1.0	649	tags=20%, list=5%, signal=21%	
PRIMARY NEURAL TUBE FORMATION%GOBP%GO:0014020	PRIMARY NEURAL TUBE FORMATION%GOBP%GO:0014020		30	-0.3246277	-0.9969198	0.43939394	0.84437853	1.0	464	tags=13%, list=4%, signal=14%	
REGULATION OF WNT SIGNALING PATHWAY%GOBP%GO:0030111	REGULATION OF WNT SIGNALING PATHWAY%GOBP%GO:0030111		197	-0.23066309	-0.9968055	0.45708156	0.84373516	1.0	1768	tags=21%, list=15%, signal=24%	
PPARA ACTIVATES GENE EXPRESSION%REACTOME%R-HSA-1989781.6	PPARA ACTIVATES GENE EXPRESSION%REACTOME%R-HSA-1989781.6		100	-0.25221714	-0.9962746	0.45410627	0.84441036	1.0	2465	tags=30%, list=20%, signal=37%	
HYDROCHLOROTHIAZIDE ACTION PATHWAY%SMPDB%SMP0000100	HYDROCHLOROTHIAZIDE ACTION PATHWAY%SMPDB%SMP0000100		15	-0.38086852	-0.9962354	0.46659118	0.8435098	1.0	649	tags=20%, list=5%, signal=21%	
NEGATIVE REGULATION OF NEURON APOPTOTIC PROCESS%GOBP%GO:0043524	NEGATIVE REGULATION OF NEURON APOPTOTIC PROCESS%GOBP%GO:0043524		54	-0.28545758	-0.996232	0.45118734	0.8425028	1.0	1003	tags=17%, list=8%, signal=18%	
VENTRICULAR CARDIAC MUSCLE TISSUE DEVELOPMENT%GOBP%GO:0003229	VENTRICULAR CARDIAC MUSCLE TISSUE DEVELOPMENT%GOBP%GO:0003229		22	-0.3507344	-0.996001	0.46207702	0.842239	1.0	1487	tags=23%, list=12%, signal=26%	
CHLOROTHIAZIDE ACTION PATHWAY%SMPDB%SMP0000078	CHLOROTHIAZIDE ACTION PATHWAY%SMPDB%SMP0000078		15	-0.38086852	-0.9952744	0.4683841	0.8436088	1.0	649	tags=20%, list=5%, signal=21%	
LIPOPROTEIN METABOLIC PROCESS%GOBP%GO:0042157	LIPOPROTEIN METABOLIC PROCESS%GOBP%GO:0042157		32	-0.321506	-0.9952278	0.44640607	0.8427512	1.0	1661	tags=25%, list=14%, signal=29%	
ETHACRYNIC ACID ACTION PATHWAY%SMPDB%SMP0000097	ETHACRYNIC ACID ACTION PATHWAY%SMPDB%SMP0000097		15	-0.38086852	-0.99485254	0.44781145	0.8429308	1.0	649	tags=20%, list=5%, signal=21%	
REGULATION OF SPINDLE ORGANIZATION%GOBP%GO:0090224	REGULATION OF SPINDLE ORGANIZATION%GOBP%GO:0090224		40	-0.30140957	-0.9946682	0.4502688	0.84252536	1.0	1691	tags=25%, list=14%, signal=29%	
POSITIVE REGULATION OF STRESS FIBER ASSEMBLY%GOBP%GO:0051496	POSITIVE REGULATION OF STRESS FIBER ASSEMBLY%GOBP%GO:0051496		36	-0.30998245	-0.9936683	0.4515306	0.84471816	1.0	363	tags=14%, list=3%, signal=14%	
CHLORTHALIDONE ACTION PATHWAY%SMPDB%SMP0000122	CHLORTHALIDONE ACTION PATHWAY%SMPDB%SMP0000122		15	-0.38086852	-0.99362355	0.47474748	0.8438457	1.0	649	tags=20%, list=5%, signal=21%	
FCERI MEDIATED CA+2 MOBILIZATION%REACTOME%R-HSA-2871809.3	FCERI MEDIATED CA+2 MOBILIZATION%REACTOME%R-HSA-2871809.3		19	-0.35622436	-0.9935484	0.4678899	0.84307873	1.0	1336	tags=21%, list=11%, signal=24%	
RAS PROTEIN SIGNAL TRANSDUCTION%GOBP%GO:0007265	RAS PROTEIN SIGNAL TRANSDUCTION%GOBP%GO:0007265		51	-0.28499538	-0.9917862	0.45269287	0.84774476	1.0	1767	tags=18%, list=15%, signal=21%	
OPIOID SIGNALLING%REACTOME%R-HSA-111885.4	OPIOID SIGNALLING%REACTOME%R-HSA-111885.4		57	-0.27796522	-0.9917761	0.46760562	0.8467704	1.0	1352	tags=16%, list=11%, signal=18%	
NEGATIVE REGULATION OF TOR SIGNALING%GOBP%GO:0032007	NEGATIVE REGULATION OF TOR SIGNALING%GOBP%GO:0032007		61	-0.2791071	-0.99177504	0.4600871	0.84576744	1.0	1606	tags=18%, list=13%, signal=21%	
BREAST CANCER PATHWAY%WIKIPATHWAYS_20250810%WP4262%HOMO SAPIENS	BREAST CANCER PATHWAY%WIKIPATHWAYS_20250810%WP4262%HOMO SAPIENS		96	-0.25662163	-0.9917671	0.4752	0.84478664	1.0	2556	tags=33%, list=21%, signal=42%	
CERAMIDE METABOLIC PROCESS%GOBP%GO:0006672	CERAMIDE METABOLIC PROCESS%GOBP%GO:0006672		60	-0.2762037	-0.9917344	0.46932954	0.8438834	1.0	2405	tags=25%, list=20%, signal=31%	
RETINA HOMEOSTASIS%GOBP%GO:0001895	RETINA HOMEOSTASIS%GOBP%GO:0001895		24	-0.33981267	-0.99127287	0.46780074	0.8443405	1.0	1810	tags=29%, list=15%, signal=34%	
TRICHLORMETHIAZIDE ACTION PATHWAY%SMPDB%SMP0000121	TRICHLORMETHIAZIDE ACTION PATHWAY%SMPDB%SMP0000121		15	-0.38086852	-0.99125695	0.4681344	0.8433846	1.0	649	tags=20%, list=5%, signal=21%	
LYSINURIC PROTEIN INTOLERANCE (LPI)%SMPDB%SMP0000585	LYSINURIC PROTEIN INTOLERANCE (LPI)%SMPDB%SMP0000585		15	-0.38086852	-0.9912199	0.4717647	0.84250003	1.0	649	tags=20%, list=5%, signal=21%	
METOLAZONE ACTION PATHWAY%SMPDB%SMP0000105	METOLAZONE ACTION PATHWAY%SMPDB%SMP0000105		15	-0.38086852	-0.9910654	0.46370023	0.84199125	1.0	649	tags=20%, list=5%, signal=21%	
MITOTIC CELL CYCLE PHASE TRANSITION%GOBP%GO:0044772	MITOTIC CELL CYCLE PHASE TRANSITION%GOBP%GO:0044772		96	-0.2567533	-0.9907903	0.4792703	0.8418586	1.0	2606	tags=27%, list=22%, signal=34%	
TORSEMIDE ACTION PATHWAY%PATHWHIZ%PW000338	TORSEMIDE ACTION PATHWAY%PATHWHIZ%PW000338		15	-0.38086852	-0.99074316	0.48118585	0.8410147	1.0	649	tags=20%, list=5%, signal=21%	
WNT SIGNALING NETPATH%WIKIPATHWAYS_20250810%WP363%HOMO SAPIENS	WNT SIGNALING NETPATH%WIKIPATHWAYS_20250810%WP363%HOMO SAPIENS		37	-0.30972815	-0.9904969	0.45641026	0.84081495	1.0	1222	tags=16%, list=10%, signal=18%	
HIPPO SIGNALING REGULATION%WIKIPATHWAYS_20250810%WP4540%HOMO SAPIENS	HIPPO SIGNALING REGULATION%WIKIPATHWAYS_20250810%WP4540%HOMO SAPIENS		51	-0.28452456	-0.99042344	0.49022347	0.84005964	1.0	1064	tags=16%, list=9%, signal=17%	
SIGNAL TRANSDUCTION BY P53 CLASS MEDIATOR%GOBP%GO:0072331	SIGNAL TRANSDUCTION BY P53 CLASS MEDIATOR%GOBP%GO:0072331		63	-0.2786986	-0.9903775	0.4637037	0.83922756	1.0	2031	tags=25%, list=17%, signal=30%	
COPI-INDEPENDENT GOLGI-TO-ER RETROGRADE TRAFFIC%REACTOME DATABASE ID RELEASE 93%6811436	COPI-INDEPENDENT GOLGI-TO-ER RETROGRADE TRAFFIC%REACTOME DATABASE ID RELEASE 93%6811436		33	-0.3123641	-0.99023026	0.47797927	0.8386954	1.0	2528	tags=33%, list=21%, signal=42%	
AMILORIDE ACTION PATHWAY%SMPDB%SMP0000133	AMILORIDE ACTION PATHWAY%SMPDB%SMP0000133		15	-0.38086852	-0.9902139	0.47421524	0.8377577	1.0	649	tags=20%, list=5%, signal=21%	
BRANCHED-CHAIN AMINO ACID METABOLIC PROCESS%GOBP%GO:0009081	BRANCHED-CHAIN AMINO ACID METABOLIC PROCESS%GOBP%GO:0009081		23	-0.34417364	-0.9902106	0.4618992	0.8367836	1.0	2222	tags=30%, list=18%, signal=37%	
METHYCLOTHIAZIDE ACTION PATHWAY%PATHWHIZ%PW000327	METHYCLOTHIAZIDE ACTION PATHWAY%PATHWHIZ%PW000327		15	-0.38086852	-0.9899797	0.48626044	0.8365185	1.0	649	tags=20%, list=5%, signal=21%	
PLATELET DENSE GRANULE ORGANIZATION%GOBP%GO:0060155	PLATELET DENSE GRANULE ORGANIZATION%GOBP%GO:0060155		21	-0.34284046	-0.98981893	0.46841478	0.8360367	1.0	2314	tags=33%, list=19%, signal=41%	
NEGATIVE REGULATION OF BMP SIGNALING PATHWAY%GOBP%GO:0030514	NEGATIVE REGULATION OF BMP SIGNALING PATHWAY%GOBP%GO:0030514		20	-0.3526391	-0.988775	0.47524753	0.83828616	1.0	1606	tags=25%, list=13%, signal=29%	
HALLMARK_MYOGENESIS%MSIGDBHALLMARK%HALLMARK_MYOGENESIS	HALLMARK_MYOGENESIS%MSIGDBHALLMARK%HALLMARK_MYOGENESIS		106	-0.24970911	-0.9884992	0.45210084	0.8381592	1.0	804	tags=13%, list=7%, signal=14%	
TP53 REGULATES METABOLIC GENES%REACTOME%R-HSA-5628897.6	TP53 REGULATES METABOLIC GENES%REACTOME%R-HSA-5628897.6		71	-0.26866418	-0.9880961	0.48	0.8384272	1.0	1550	tags=20%, list=13%, signal=22%	
SPIRONOLACTONE ACTION PATHWAY%SMPDB%SMP0000134	SPIRONOLACTONE ACTION PATHWAY%SMPDB%SMP0000134		15	-0.38086852	-0.9875652	0.46358383	0.8391303	1.0	649	tags=20%, list=5%, signal=21%	
BRANCHED-CHAIN AMINO ACID CATABOLIC PROCESS%GOBP%GO:0009083	BRANCHED-CHAIN AMINO ACID CATABOLIC PROCESS%GOBP%GO:0009083		19	-0.35480487	-0.98714083	0.47563806	0.839484	1.0	2222	tags=32%, list=18%, signal=39%	
HARTNUP DISORDER%SMPDB%SMP0000189	HARTNUP DISORDER%SMPDB%SMP0000189		15	-0.38086852	-0.98707813	0.46845794	0.83869994	1.0	649	tags=20%, list=5%, signal=21%	
IMINOGLYCINURIA%PATHWHIZ%PW000219	IMINOGLYCINURIA%PATHWHIZ%PW000219		15	-0.38086852	-0.9869653	0.47072598	0.8380833	1.0	649	tags=20%, list=5%, signal=21%	
CYCLOTHIAZIDE ACTION PATHWAY%SMPDB%SMP0000103	CYCLOTHIAZIDE ACTION PATHWAY%SMPDB%SMP0000103		15	-0.38086852	-0.9858493	0.46674585	0.84068197	1.0	649	tags=20%, list=5%, signal=21%	
LIMBIC SYSTEM DEVELOPMENT%GOBP%GO:0021761	LIMBIC SYSTEM DEVELOPMENT%GOBP%GO:0021761		18	-0.36285597	-0.98555535	0.4611819	0.8406342	1.0	444	tags=17%, list=4%, signal=17%	
EPLERENONE ACTION PATHWAY%SMPDB%SMP0000135	EPLERENONE ACTION PATHWAY%SMPDB%SMP0000135		15	-0.38086852	-0.9854437	0.4855876	0.8399982	1.0	649	tags=20%, list=5%, signal=21%	
CHLORIDE TRANSMEMBRANE TRANSPORT%GOBP%GO:1902476	CHLORIDE TRANSMEMBRANE TRANSPORT%GOBP%GO:1902476		28	-0.32549533	-0.98527074	0.47188264	0.8395461	1.0	1177	tags=14%, list=10%, signal=16%	
HYDROFLUMETHIAZIDE ACTION PATHWAY%PATHWHIZ%PW000335	HYDROFLUMETHIAZIDE ACTION PATHWAY%PATHWHIZ%PW000335		15	-0.38086852	-0.98517334	0.48390806	0.83887506	1.0	649	tags=20%, list=5%, signal=21%	
O-LINKED GLYCOSYLATION OF MUCINS%REACTOME%R-HSA-913709.5	O-LINKED GLYCOSYLATION OF MUCINS%REACTOME%R-HSA-913709.5		39	-0.29733348	-0.9850493	0.46666667	0.83829117	1.0	870	tags=15%, list=7%, signal=17%	
PEROXISOMAL PROTEIN IMPORT%REACTOME%R-HSA-9033241.5	PEROXISOMAL PROTEIN IMPORT%REACTOME%R-HSA-9033241.5		49	-0.2891638	-0.98484653	0.4695291	0.83797497	1.0	3227	tags=33%, list=27%, signal=44%	
ENSHEATHMENT OF NEURONS%GOBP%GO:0007272	ENSHEATHMENT OF NEURONS%GOBP%GO:0007272		45	-0.29150316	-0.98465014	0.49722221	0.8376179	1.0	1260	tags=20%, list=10%, signal=22%	
REGULATION OF CELL DIVISION%GOBP%GO:0051302	REGULATION OF CELL DIVISION%GOBP%GO:0051302		101	-0.2517913	-0.9844454	0.4755245	0.83730394	1.0	2119	tags=22%, list=18%, signal=26%	
RHOU GTPASE CYCLE%REACTOME DATABASE ID RELEASE 93%9013420	RHOU GTPASE CYCLE%REACTOME DATABASE ID RELEASE 93%9013420		38	-0.30242035	-0.9844305	0.4484536	0.83638465	1.0	2637	tags=37%, list=22%, signal=47%	
HYPERINSULINISM-HYPERAMMONEMIA SYNDROME%PATHWHIZ%PW000072	HYPERINSULINISM-HYPERAMMONEMIA SYNDROME%PATHWHIZ%PW000072		19	-0.34912184	-0.9844042	0.47820964	0.8355073	1.0	554	tags=16%, list=5%, signal=17%	
INORGANIC ANION TRANSMEMBRANE TRANSPORT%GOBP%GO:0098661	INORGANIC ANION TRANSMEMBRANE TRANSPORT%GOBP%GO:0098661		39	-0.29705325	-0.9830154	0.46701846	0.83890074	1.0	1619	tags=18%, list=13%, signal=21%	
BLUE DIAPER SYNDROME%SMPDB%SMP0000583	BLUE DIAPER SYNDROME%SMPDB%SMP0000583		15	-0.38086852	-0.9826439	0.47727272	0.8390888	1.0	649	tags=20%, list=5%, signal=21%	
REGULATION OF CELL-SUBSTRATE JUNCTION ORGANIZATION%GOBP%GO:0150116	REGULATION OF CELL-SUBSTRATE JUNCTION ORGANIZATION%GOBP%GO:0150116		54	-0.28020227	-0.9826069	0.4898236	0.8382517	1.0	444	tags=13%, list=4%, signal=13%	
RETROGRADE TRANSPORT AT THE TRANS-GOLGI-NETWORK%REACTOME DATABASE ID RELEASE 93%6811440	RETROGRADE TRANSPORT AT THE TRANS-GOLGI-NETWORK%REACTOME DATABASE ID RELEASE 93%6811440		46	-0.29127887	-0.9825021	0.48076922	0.83764225	1.0	2592	tags=26%, list=22%, signal=33%	
APPENDAGE DEVELOPMENT%GOBP%GO:0048736	APPENDAGE DEVELOPMENT%GOBP%GO:0048736		42	-0.29232293	-0.982288	0.46933332	0.83736986	1.0	2064	tags=26%, list=17%, signal=31%	
BUMETANIDE ACTION PATHWAY%SMPDB%SMP0000088	BUMETANIDE ACTION PATHWAY%SMPDB%SMP0000088		15	-0.38086852	-0.982236	0.49830508	0.83658254	1.0	649	tags=20%, list=5%, signal=21%	
ENDOCARDIAL CUSHION MORPHOGENESIS%GOBP%GO:0003203	ENDOCARDIAL CUSHION MORPHOGENESIS%GOBP%GO:0003203		19	-0.3553684	-0.9820237	0.475	0.83627504	1.0	1487	tags=32%, list=12%, signal=36%	
RHOC GTPASE CYCLE%REACTOME%R-HSA-9013106.2	RHOC GTPASE CYCLE%REACTOME%R-HSA-9013106.2		66	-0.27055898	-0.9815868	0.5088757	0.83667856	1.0	2109	tags=24%, list=18%, signal=29%	
NEGATIVE REGULATION OF WNT SIGNALING PATHWAY%GOBP%GO:0030178	NEGATIVE REGULATION OF WNT SIGNALING PATHWAY%GOBP%GO:0030178		95	-0.25150406	-0.9813201	0.4831081	0.83655894	1.0	1456	tags=18%, list=12%, signal=20%	
POSITIVE REGULATION OF CELL JUNCTION ASSEMBLY%GOBP%GO:1901890	POSITIVE REGULATION OF CELL JUNCTION ASSEMBLY%GOBP%GO:1901890		45	-0.2884313	-0.98115784	0.50136983	0.8361149	1.0	326	tags=13%, list=3%, signal=14%	
SPHINGOSINE 1-PHOSPHATE (S1P) PATHWAY%PATHWAY INTERACTION DATABASE NCI-NATURE CURATED DATA%SPHINGOSINE 1-PHOSPHATE (S1P) PATHWAY	SPHINGOSINE 1-PHOSPHATE (S1P) PATHWAY%PATHWAY INTERACTION DATABASE NCI-NATURE CURATED DATA%SPHINGOSINE 1-PHOSPHATE (S1P) PATHWAY		17	-0.35899112	-0.98078334	0.46795648	0.83634466	1.0	1094	tags=24%, list=9%, signal=26%	
AXON ENSHEATHMENT%GOBP%GO:0008366	AXON ENSHEATHMENT%GOBP%GO:0008366		45	-0.29150316	-0.98049915	0.4923717	0.83628285	1.0	1260	tags=20%, list=10%, signal=22%	
EMBRYONIC HEART TUBE DEVELOPMENT%GOBP%GO:0035050	EMBRYONIC HEART TUBE DEVELOPMENT%GOBP%GO:0035050		27	-0.32536432	-0.98034906	0.47413793	0.83579475	1.0	1487	tags=22%, list=12%, signal=25%	
FUROSEMIDE ACTION PATHWAY%PATHWHIZ%PW000337	FUROSEMIDE ACTION PATHWAY%PATHWHIZ%PW000337		15	-0.38086852	-0.97993493	0.47592387	0.836106	1.0	649	tags=20%, list=5%, signal=21%	
CYSTINURIA%PATHWHIZ%PW000700	CYSTINURIA%PATHWHIZ%PW000700		15	-0.38086852	-0.9797503	0.4909297	0.8357368	1.0	649	tags=20%, list=5%, signal=21%	
REGULATION OF NUCLEAR-TRANSCRIBED MRNA CATABOLIC PROCESS, DEADENYLATION-DEPENDENT DECAY%GOBP%GO:1900151	REGULATION OF NUCLEAR-TRANSCRIBED MRNA CATABOLIC PROCESS, DEADENYLATION-DEPENDENT DECAY%GOBP%GO:1900151		21	-0.33996996	-0.97972244	0.46936274	0.8348964	1.0	2518	tags=38%, list=21%, signal=48%	
INHIBITION OF THE PROTEOLYTIC ACTIVITY OF APC C REQUIRED FOR THE ONSET OF ANAPHASE BY MITOTIC SPINDLE CHECKPOINT COMPONENTS%REACTOME%R-HSA-141405.6	INHIBITION OF THE PROTEOLYTIC ACTIVITY OF APC C REQUIRED FOR THE ONSET OF ANAPHASE BY MITOTIC SPINDLE CHECKPOINT COMPONENTS%REACTOME%R-HSA-141405.6		21	-0.33851433	-0.97971845	0.48931116	0.83397114	1.0	1606	tags=19%, list=13%, signal=22%	
RESPONSE TO GAMMA RADIATION%GOBP%GO:0010332	RESPONSE TO GAMMA RADIATION%GOBP%GO:0010332		21	-0.34703997	-0.9789546	0.5011574	0.8353948	1.0	2284	tags=29%, list=19%, signal=35%	
RUNX2 REGULATES OSTEOBLAST DIFFERENTIATION%REACTOME%R-HSA-8940973.2	RUNX2 REGULATES OSTEOBLAST DIFFERENTIATION%REACTOME%R-HSA-8940973.2		17	-0.36572343	-0.97853506	0.47900113	0.83576983	1.0	2671	tags=53%, list=22%, signal=68%	
REGULATION OF LIPID METABOLISM BY PPARALPHA%REACTOME%R-HSA-400206.8	REGULATION OF LIPID METABOLISM BY PPARALPHA%REACTOME%R-HSA-400206.8		101	-0.24942346	-0.97830045	0.5177665	0.8355754	1.0	2465	tags=30%, list=20%, signal=37%	
LIMB DEVELOPMENT%GOBP%GO:0060173	LIMB DEVELOPMENT%GOBP%GO:0060173		42	-0.29232293	-0.97797596	0.4808219	0.8356719	1.0	2064	tags=26%, list=17%, signal=31%	
SENSORY PROCESSING OF SOUND BY OUTER HAIR CELLS OF THE COCHLEA%REACTOME%R-HSA-9662361.2	SENSORY PROCESSING OF SOUND BY OUTER HAIR CELLS OF THE COCHLEA%REACTOME%R-HSA-9662361.2		24	-0.33224455	-0.97638124	0.47407407	0.8396659	1.0	2038	tags=38%, list=17%, signal=45%	
PANCREAS DEVELOPMENT%GOBP%GO:0031016	PANCREAS DEVELOPMENT%GOBP%GO:0031016		16	-0.3700802	-0.97635496	0.4738676	0.8388186	1.0	2378	tags=56%, list=20%, signal=70%	
SIGNALING BY WNT IN CANCER%REACTOME%R-HSA-4791275.5	SIGNALING BY WNT IN CANCER%REACTOME%R-HSA-4791275.5		31	-0.31128797	-0.97633743	0.49668875	0.8379354	1.0	1386	tags=23%, list=12%, signal=25%	
MUSCARINIC ACETYLCHOLINE RECEPTOR 2 AND 4 SIGNALING PATHWAY%PANTHER PATHWAY%P00043	MUSCARINIC ACETYLCHOLINE RECEPTOR 2 AND 4 SIGNALING PATHWAY%PANTHER PATHWAY%P00043		17	-0.3653421	-0.9757417	0.49365628	0.83886796	1.0	1689	tags=24%, list=14%, signal=27%	
REGULATION OF MYELINATION%GOBP%GO:0031641	REGULATION OF MYELINATION%GOBP%GO:0031641		15	-0.37459725	-0.97572005	0.49019608	0.8379936	1.0	1211	tags=20%, list=10%, signal=22%	
EMBRYONIC PLACENTA DEVELOPMENT%GOBP%GO:0001892	EMBRYONIC PLACENTA DEVELOPMENT%GOBP%GO:0001892		16	-0.3682534	-0.97501117	0.48367593	0.83923006	1.0	835	tags=25%, list=7%, signal=27%	
MMR%REACTOME%R-HSA-5358508.3	MMR%REACTOME%R-HSA-5358508.3		15	-0.3749111	-0.9746895	0.49114522	0.8392952	1.0	2181	tags=27%, list=18%, signal=33%	
SERINE FAMILY AMINO ACID METABOLIC PROCESS%GOBP%GO:0009069	SERINE FAMILY AMINO ACID METABOLIC PROCESS%GOBP%GO:0009069		18	-0.35443923	-0.97452366	0.4913295	0.83888465	1.0	3161	tags=50%, list=26%, signal=68%	
RECEPTOR INTERNALIZATION%GOBP%GO:0031623	RECEPTOR INTERNALIZATION%GOBP%GO:0031623		37	-0.30280122	-0.97366977	0.49022165	0.84059864	1.0	2178	tags=22%, list=18%, signal=26%	
LYSINURIC PROTEIN INTOLERANCE%SMPDB%SMP0000197	LYSINURIC PROTEIN INTOLERANCE%SMPDB%SMP0000197		15	-0.38086852	-0.9732798	0.49493814	0.84084177	1.0	649	tags=20%, list=5%, signal=21%	
TRIGLYCERIDE METABOLISM%REACTOME%R-HSA-8979227.2	TRIGLYCERIDE METABOLISM%REACTOME%R-HSA-8979227.2		21	-0.34467274	-0.97258085	0.5110024	0.84206265	1.0	2068	tags=33%, list=17%, signal=40%	
PROTEIN O-LINKED GLYCOSYLATION%GOBP%GO:0006493	PROTEIN O-LINKED GLYCOSYLATION%GOBP%GO:0006493		100	-0.24913356	-0.9723327	0.51701784	0.84190404	1.0	1380	tags=17%, list=11%, signal=19%	
GLYCOSAMINOGLYCAN SYNTHESIS IN FIBROBLASTS%WIKIPATHWAYS_20250810%WP5395%HOMO SAPIENS	GLYCOSAMINOGLYCAN SYNTHESIS IN FIBROBLASTS%WIKIPATHWAYS_20250810%WP5395%HOMO SAPIENS		23	-0.33223453	-0.97210443	0.49635923	0.8416553	1.0	1310	tags=17%, list=11%, signal=19%	
CENTRIOLE ASSEMBLY%GOBP%GO:0098534	CENTRIOLE ASSEMBLY%GOBP%GO:0098534		26	-0.32525343	-0.9715264	0.4889435	0.84254044	1.0	645	tags=15%, list=5%, signal=16%	
SYNTHESIS OF PC%REACTOME DATABASE ID RELEASE 93%1483191	SYNTHESIS OF PC%REACTOME DATABASE ID RELEASE 93%1483191		24	-0.33423606	-0.97113514	0.481761	0.84281445	1.0	1069	tags=25%, list=9%, signal=27%	
RESOLUTION OF AP SITES VIA THE MULTIPLE-NUCLEOTIDE PATCH REPLACEMENT PATHWAY%REACTOME%R-HSA-110373.4	RESOLUTION OF AP SITES VIA THE MULTIPLE-NUCLEOTIDE PATCH REPLACEMENT PATHWAY%REACTOME%R-HSA-110373.4		24	-0.33133832	-0.97101855	0.4920635	0.84225446	1.0	1484	tags=21%, list=12%, signal=24%	
REGULATION OF DNA-TEMPLATED DNA REPLICATION%GOBP%GO:0090329	REGULATION OF DNA-TEMPLATED DNA REPLICATION%GOBP%GO:0090329		32	-0.31020033	-0.97082794	0.50765306	0.8419123	1.0	1850	tags=19%, list=15%, signal=22%	
REGULATION OF TRANSMEMBRANE RECEPTOR PROTEIN SERINE/THREONINE KINASE SIGNALING PATHWAY%GOBP%GO:0090092	REGULATION OF TRANSMEMBRANE RECEPTOR PROTEIN SERINE/THREONINE KINASE SIGNALING PATHWAY%GOBP%GO:0090092		148	-0.23374864	-0.97048134	0.52620965	0.8420092	1.0	1705	tags=21%, list=14%, signal=24%	
POST NMDA RECEPTOR ACTIVATION EVENTS%REACTOME DATABASE ID RELEASE 93%438064	POST NMDA RECEPTOR ACTIVATION EVENTS%REACTOME DATABASE ID RELEASE 93%438064		39	-0.29917893	-0.9697348	0.49277267	0.8433547	1.0	1767	tags=26%, list=15%, signal=30%	
NEGATIVE REGULATION OF CELLULAR RESPONSE TO GROWTH FACTOR STIMULUS%GOBP%GO:0090288	NEGATIVE REGULATION OF CELLULAR RESPONSE TO GROWTH FACTOR STIMULUS%GOBP%GO:0090288		46	-0.28286117	-0.9696877	0.4945055	0.84258014	1.0	2019	tags=24%, list=17%, signal=29%	
INDAPAMIDE ACTION PATHWAY%SMPDB%SMP0000110	INDAPAMIDE ACTION PATHWAY%SMPDB%SMP0000110		15	-0.38086852	-0.96958303	0.5052755	0.8420069	1.0	649	tags=20%, list=5%, signal=21%	
NEGATIVE REGULATION OF TORC1 SIGNALING%GOBP%GO:1904262	NEGATIVE REGULATION OF TORC1 SIGNALING%GOBP%GO:1904262		44	-0.28935775	-0.96955013	0.49320653	0.84119004	1.0	1606	tags=18%, list=13%, signal=21%	
PROTEIN TARGETING TO VACUOLE%GOBP%GO:0006623	PROTEIN TARGETING TO VACUOLE%GOBP%GO:0006623		36	-0.29728186	-0.9692258	0.49475065	0.84125865	1.0	2314	tags=31%, list=19%, signal=38%	
4-HYDROXYBUTYRIC ACIDURIA SUCCINIC SEMIALDEHYDE DEHYDROGENASE DEFICIENCY%SMPDB%SMP0000243	4-HYDROXYBUTYRIC ACIDURIA SUCCINIC SEMIALDEHYDE DEHYDROGENASE DEFICIENCY%SMPDB%SMP0000243		19	-0.34912184	-0.9687543	0.49381328	0.84179384	1.0	554	tags=16%, list=5%, signal=17%	
INOSITOL METABOLISM%SMPDB%SMP0000011	INOSITOL METABOLISM%SMPDB%SMP0000011		19	-0.3534068	-0.96839905	0.48881036	0.8419615	1.0	3466	tags=47%, list=29%, signal=66%	
PLASMA LIPOPROTEIN PARTICLE ORGANIZATION%GOBP%GO:0071827	PLASMA LIPOPROTEIN PARTICLE ORGANIZATION%GOBP%GO:0071827		25	-0.32891604	-0.968074	0.50357145	0.8420128	1.0	727	tags=16%, list=6%, signal=17%	
CDC42 GTPASE CYCLE%REACTOME DATABASE ID RELEASE 93%9013148	CDC42 GTPASE CYCLE%REACTOME DATABASE ID RELEASE 93%9013148		132	-0.23912007	-0.96800005	0.5260223	0.84131926	1.0	2138	tags=23%, list=18%, signal=27%	
P53 PATHWAY%PATHWAY INTERACTION DATABASE NCI-NATURE CURATED DATA%P53 PATHWAY	P53 PATHWAY%PATHWAY INTERACTION DATABASE NCI-NATURE CURATED DATA%P53 PATHWAY		56	-0.2729901	-0.9676166	0.5257453	0.8416288	1.0	2465	tags=25%, list=20%, signal=31%	
SOMATIC DIVERSIFICATION OF IMMUNE RECEPTORS VIA GERMLINE RECOMBINATION WITHIN A SINGLE LOCUS%GOBP%GO:0002562	SOMATIC DIVERSIFICATION OF IMMUNE RECEPTORS VIA GERMLINE RECOMBINATION WITHIN A SINGLE LOCUS%GOBP%GO:0002562		18	-0.3534764	-0.9669215	0.4934911	0.8428777	1.0	3375	tags=39%, list=28%, signal=54%	
INACTIVATION OF APC C VIA DIRECT INHIBITION OF THE APC C COMPLEX%REACTOME DATABASE ID RELEASE 93%141430	INACTIVATION OF APC C VIA DIRECT INHIBITION OF THE APC C COMPLEX%REACTOME DATABASE ID RELEASE 93%141430		21	-0.33851433	-0.966896	0.49639422	0.84204185	1.0	1606	tags=19%, list=13%, signal=22%	
RHOV GTPASE CYCLE%REACTOME DATABASE ID RELEASE 93%9013424	RHOV GTPASE CYCLE%REACTOME DATABASE ID RELEASE 93%9013424		36	-0.29614303	-0.9665154	0.49204245	0.84231067	1.0	2637	tags=44%, list=22%, signal=57%	
RECEPTOR-MEDIATED ENDOCYTOSIS%GOBP%GO:0006898	RECEPTOR-MEDIATED ENDOCYTOSIS%GOBP%GO:0006898		100	-0.24474715	-0.9664645	0.51541096	0.84155655	1.0	1706	tags=18%, list=14%, signal=21%	
SUCCINIC SEMIALDEHYDE DEHYDROGENASE DEFICIENCY%SMPDB%SMP0000567	SUCCINIC SEMIALDEHYDE DEHYDROGENASE DEFICIENCY%SMPDB%SMP0000567		19	-0.34912184	-0.96635866	0.4964029	0.8409886	1.0	554	tags=16%, list=5%, signal=17%	
NEGATIVE REGULATION OF PROTEIN-CONTAINING COMPLEX DISASSEMBLY%GOBP%GO:0043242	NEGATIVE REGULATION OF PROTEIN-CONTAINING COMPLEX DISASSEMBLY%GOBP%GO:0043242		40	-0.2957047	-0.96563137	0.5045161	0.84226125	1.0	1877	tags=33%, list=16%, signal=38%	
MESENCHYME MORPHOGENESIS%GOBP%GO:0072132	MESENCHYME MORPHOGENESIS%GOBP%GO:0072132		20	-0.34171322	-0.96555626	0.49078342	0.84159076	1.0	1487	tags=30%, list=12%, signal=34%	
HORMONE-MEDIATED SIGNALING PATHWAY%GOBP%GO:0009755	HORMONE-MEDIATED SIGNALING PATHWAY%GOBP%GO:0009755		69	-0.25918376	-0.9652595	0.5287187	0.8415897	1.0	2535	tags=32%, list=21%, signal=40%	
SOMATIC CELL DNA RECOMBINATION%GOBP%GO:0016444	SOMATIC CELL DNA RECOMBINATION%GOBP%GO:0016444		18	-0.3534764	-0.964892	0.489893	0.84179646	1.0	3375	tags=39%, list=28%, signal=54%	
SIGNALING BY FGFR IN DISEASE%REACTOME%R-HSA-1226099.7	SIGNALING BY FGFR IN DISEASE%REACTOME%R-HSA-1226099.7		44	-0.28422263	-0.9645398	0.5179063	0.8419667	1.0	1039	tags=16%, list=9%, signal=17%	
MESENCHYME DEVELOPMENT%GOBP%GO:0060485	MESENCHYME DEVELOPMENT%GOBP%GO:0060485		105	-0.24755435	-0.9644174	0.5303571	0.841445	1.0	1351	tags=17%, list=11%, signal=19%	
CELLULAR RESPONSE TO STARVATION%GOBP%GO:0009267	CELLULAR RESPONSE TO STARVATION%GOBP%GO:0009267		121	-0.238349	-0.9638531	0.5285714	0.84225154	1.0	1619	tags=17%, list=13%, signal=20%	
HOMOCARNOSINOSIS%SMPDB%SMP0000385	HOMOCARNOSINOSIS%SMPDB%SMP0000385		19	-0.34912184	-0.9635601	0.5235849	0.8422344	1.0	554	tags=16%, list=5%, signal=17%	
PHOSPHATIDYLSERINE METABOLIC PROCESS%GOBP%GO:0006658	PHOSPHATIDYLSERINE METABOLIC PROCESS%GOBP%GO:0006658		15	-0.37174124	-0.9629468	0.5153235	0.8431921	1.0	574	tags=27%, list=5%, signal=28%	
SIGNALING BY INSULIN RECEPTOR%REACTOME DATABASE ID RELEASE 93%74752	SIGNALING BY INSULIN RECEPTOR%REACTOME DATABASE ID RELEASE 93%74752		51	-0.27586228	-0.96275216	0.50406504	0.84288293	1.0	2961	tags=33%, list=25%, signal=44%	
PLK1 SIGNALING EVENTS%PATHWAY INTERACTION DATABASE NCI-NATURE CURATED DATA%PLK1 SIGNALING EVENTS	PLK1 SIGNALING EVENTS%PATHWAY INTERACTION DATABASE NCI-NATURE CURATED DATA%PLK1 SIGNALING EVENTS		43	-0.29096687	-0.96199346	0.51870966	0.84425706	1.0	1139	tags=19%, list=9%, signal=20%	
CELL CYCLE G2/M PHASE TRANSITION%GOBP%GO:0044839	CELL CYCLE G2/M PHASE TRANSITION%GOBP%GO:0044839		37	-0.29650557	-0.9615174	0.5241935	0.8448188	1.0	549	tags=14%, list=5%, signal=14%	
PEPTIDYL-SERINE PHOSPHORYLATION%GOBP%GO:0018105	PEPTIDYL-SERINE PHOSPHORYLATION%GOBP%GO:0018105		34	-0.30483195	-0.9607114	0.5198939	0.8463495	1.0	3265	tags=29%, list=27%, signal=40%	
TP53 REGULATES TRANSCRIPTION OF CELL CYCLE GENES%REACTOME%R-HSA-6791312.6	TP53 REGULATES TRANSCRIPTION OF CELL CYCLE GENES%REACTOME%R-HSA-6791312.6		47	-0.28233746	-0.960209	0.5304799	0.84691536	1.0	1132	tags=15%, list=9%, signal=16%	
CERAMIDE BIOSYNTHETIC PROCESS%GOBP%GO:0046513	CERAMIDE BIOSYNTHETIC PROCESS%GOBP%GO:0046513		35	-0.2996029	-0.9601804	0.50065017	0.8461019	1.0	521	tags=11%, list=4%, signal=12%	
PROTEIN LOCALIZATION TO CHROMATIN%GOBP%GO:0071168	PROTEIN LOCALIZATION TO CHROMATIN%GOBP%GO:0071168		25	-0.3228835	-0.96004856	0.5199035	0.8456124	1.0	3619	tags=48%, list=30%, signal=68%	
MITOTIC PROPHASE%REACTOME DATABASE ID RELEASE 93%68875	MITOTIC PROPHASE%REACTOME DATABASE ID RELEASE 93%68875		69	-0.2608887	-0.9595807	0.5665172	0.846103	1.0	3325	tags=36%, list=28%, signal=50%	
INSULIN PATHWAY%PATHWAY INTERACTION DATABASE NCI-NATURE CURATED DATA%INSULIN PATHWAY	INSULIN PATHWAY%PATHWAY INTERACTION DATABASE NCI-NATURE CURATED DATA%INSULIN PATHWAY		42	-0.28530198	-0.9595616	0.50549453	0.84526473	1.0	2190	tags=24%, list=18%, signal=29%	
CELL COMMUNICATION INVOLVED IN CARDIAC CONDUCTION%GOBP%GO:0086065	CELL COMMUNICATION INVOLVED IN CARDIAC CONDUCTION%GOBP%GO:0086065		19	-0.3447179	-0.959311	0.4932845	0.8451504	1.0	2640	tags=42%, list=22%, signal=54%	
GLYCOSPHINGOLIPID CATABOLISM%REACTOME DATABASE ID RELEASE 93%9840310	GLYCOSPHINGOLIPID CATABOLISM%REACTOME DATABASE ID RELEASE 93%9840310		29	-0.31224513	-0.95819116	0.5157767	0.84764326	1.0	1521	tags=24%, list=13%, signal=28%	
TUBE FORMATION%GOBP%GO:0035148	TUBE FORMATION%GOBP%GO:0035148		44	-0.28691077	-0.95807457	0.5346939	0.8470966	1.0	1487	tags=20%, list=12%, signal=23%	
PAR1-MEDIATED THROMBIN SIGNALING EVENTS%PATHWAY INTERACTION DATABASE NCI-NATURE CURATED DATA%PAR1-MEDIATED THROMBIN SIGNALING EVENTS	PAR1-MEDIATED THROMBIN SIGNALING EVENTS%PATHWAY INTERACTION DATABASE NCI-NATURE CURATED DATA%PAR1-MEDIATED THROMBIN SIGNALING EVENTS		29	-0.31464985	-0.95784646	0.5096277	0.8469027	1.0	1198	tags=21%, list=10%, signal=23%	
VISUAL PERCEPTION%GOBP%GO:0007601	VISUAL PERCEPTION%GOBP%GO:0007601		43	-0.28715703	-0.95737326	0.5366848	0.8474443	1.0	2975	tags=40%, list=25%, signal=52%	
NEGATIVE REGULATION OF DNA RECOMBINATION%GOBP%GO:0045910	NEGATIVE REGULATION OF DNA RECOMBINATION%GOBP%GO:0045910		24	-0.3275148	-0.9573166	0.51159954	0.84672326	1.0	2547	tags=29%, list=21%, signal=37%	
CELLULAR RESPONSE TO AMINO ACID STARVATION%GOBP%GO:0034198	CELLULAR RESPONSE TO AMINO ACID STARVATION%GOBP%GO:0034198		42	-0.28771394	-0.9572544	0.53061223	0.84602314	1.0	1602	tags=17%, list=13%, signal=19%	
POSITIVE REGULATION OF RHO PROTEIN SIGNAL TRANSDUCTION%GOBP%GO:0035025	POSITIVE REGULATION OF RHO PROTEIN SIGNAL TRANSDUCTION%GOBP%GO:0035025		18	-0.3507504	-0.95667875	0.52104664	0.8468439	1.0	1996	tags=28%, list=17%, signal=33%	
RESPONSE TO ALCOHOL%GOBP%GO:0097305	RESPONSE TO ALCOHOL%GOBP%GO:0097305		53	-0.271574	-0.95665216	0.5389877	0.84604305	1.0	1094	tags=15%, list=9%, signal=17%	
ACTIN FILAMENT-BASED MOVEMENT%GOBP%GO:0030048	ACTIN FILAMENT-BASED MOVEMENT%GOBP%GO:0030048		49	-0.27880135	-0.95658106	0.5078236	0.84536314	1.0	1856	tags=27%, list=15%, signal=31%	
NEGATIVE REGULATION OF INTRACELLULAR STEROID HORMONE RECEPTOR SIGNALING PATHWAY%GOBP%GO:0033144	NEGATIVE REGULATION OF INTRACELLULAR STEROID HORMONE RECEPTOR SIGNALING PATHWAY%GOBP%GO:0033144		25	-0.31816572	-0.9554686	0.51425177	0.8478618	1.0	1134	tags=20%, list=9%, signal=22%	
FOXO-MEDIATED TRANSCRIPTION%REACTOME%R-HSA-9614085.3	FOXO-MEDIATED TRANSCRIPTION%REACTOME%R-HSA-9614085.3		50	-0.27774483	-0.95517635	0.54246575	0.8478139	1.0	2872	tags=40%, list=24%, signal=52%	
MUSCLE CONTRACTION%REACTOME%R-HSA-397014.5	MUSCLE CONTRACTION%REACTOME%R-HSA-397014.5		90	-0.24626417	-0.95466375	0.57841486	0.84847873	1.0	2707	tags=31%, list=22%, signal=40%	
SENSORY PERCEPTION%GOBP%GO:0007600	SENSORY PERCEPTION%GOBP%GO:0007600		127	-0.23810841	-0.9544854	0.57380074	0.84813374	1.0	2975	tags=29%, list=25%, signal=38%	
GLUTAMATE METABOLISM%PATHWHIZ%PW000003	GLUTAMATE METABOLISM%PATHWHIZ%PW000003		19	-0.34912184	-0.95317	0.51318944	0.85116345	1.0	554	tags=16%, list=5%, signal=17%	
NEGATIVE REGULATION OF TELOMERE MAINTENANCE%GOBP%GO:0032205	NEGATIVE REGULATION OF TELOMERE MAINTENANCE%GOBP%GO:0032205		30	-0.30935556	-0.95272887	0.53414637	0.851528	1.0	2005	tags=30%, list=17%, signal=36%	
PROTEIN-LIPID COMPLEX ORGANIZATION%GOBP%GO:0071825	PROTEIN-LIPID COMPLEX ORGANIZATION%GOBP%GO:0071825		27	-0.31525746	-0.95257866	0.5132948	0.8510951	1.0	727	tags=15%, list=6%, signal=16%	
CILIUM MOVEMENT%GOBP%GO:0003341	CILIUM MOVEMENT%GOBP%GO:0003341		51	-0.2744822	-0.9523247	0.54829544	0.8509762	1.0	2350	tags=25%, list=20%, signal=32%	
MALONYL-COA DECARBOXYLASE DEFICIENCY%PATHWHIZ%PW000478	MALONYL-COA DECARBOXYLASE DEFICIENCY%PATHWHIZ%PW000478		16	-0.35876137	-0.9518911	0.5244041	0.85141814	1.0	2254	tags=31%, list=19%, signal=38%	
INFLUENCE OF LAMINOPATHIES ON WNT SIGNALING%WIKIPATHWAYS_20250810%WP4844%HOMO SAPIENS	INFLUENCE OF LAMINOPATHIES ON WNT SIGNALING%WIKIPATHWAYS_20250810%WP4844%HOMO SAPIENS		26	-0.31783438	-0.9516701	0.53069055	0.85116744	1.0	1963	tags=31%, list=16%, signal=37%	
REGULATION OF TRANSFORMING GROWTH FACTOR BETA RECEPTOR SIGNALING PATHWAY%GOBP%GO:0017015	REGULATION OF TRANSFORMING GROWTH FACTOR BETA RECEPTOR SIGNALING PATHWAY%GOBP%GO:0017015		97	-0.2442311	-0.95161885	0.5797101	0.85043997	1.0	3072	tags=32%, list=26%, signal=43%	
CELLULAR RESPONSE TO CAMP%GOBP%GO:0071320	CELLULAR RESPONSE TO CAMP%GOBP%GO:0071320		17	-0.3518697	-0.9513346	0.52396876	0.8503928	1.0	3000	tags=41%, list=25%, signal=55%	
ESTABLISHMENT OF SPINDLE ORIENTATION%GOBP%GO:0051294	ESTABLISHMENT OF SPINDLE ORIENTATION%GOBP%GO:0051294		33	-0.30109686	-0.9509787	0.53061223	0.8505733	1.0	549	tags=12%, list=5%, signal=13%	
CARDIAC VENTRICLE MORPHOGENESIS%GOBP%GO:0003208	CARDIAC VENTRICLE MORPHOGENESIS%GOBP%GO:0003208		26	-0.31696996	-0.95091146	0.53892213	0.849879	1.0	1487	tags=23%, list=12%, signal=26%	
PID_NEPHRIN_NEPH1_PATHWAY%MSIGDB_C2%PID_NEPHRIN_NEPH1_PATHWAY	PID_NEPHRIN_NEPH1_PATHWAY%MSIGDB_C2%PID_NEPHRIN_NEPH1_PATHWAY		23	-0.33015874	-0.95088553	0.5018541	0.84908086	1.0	970	tags=17%, list=8%, signal=19%	
REGULATION OF CHROMATIN ORGANIZATION%GOBP%GO:1902275	REGULATION OF CHROMATIN ORGANIZATION%GOBP%GO:1902275		20	-0.34434804	-0.9505763	0.520564	0.8490861	1.0	903	tags=15%, list=8%, signal=16%	
2-HYDROXYGLUTRIC ACIDURIA (D AND L FORM)%SMPDB%SMP0000136	2-HYDROXYGLUTRIC ACIDURIA (D AND L FORM)%SMPDB%SMP0000136		19	-0.34912184	-0.9505584	0.5340633	0.8482622	1.0	554	tags=16%, list=5%, signal=17%	
REGULATION OF ALCOHOL BIOSYNTHETIC PROCESS%GOBP%GO:1902930	REGULATION OF ALCOHOL BIOSYNTHETIC PROCESS%GOBP%GO:1902930		28	-0.3114007	-0.95035976	0.55291003	0.84799653	1.0	1528	tags=29%, list=13%, signal=33%	
TIGHT JUNCTION ASSEMBLY%GOBP%GO:0120192	TIGHT JUNCTION ASSEMBLY%GOBP%GO:0120192		30	-0.3108956	-0.9500046	0.5069357	0.8481967	1.0	1353	tags=23%, list=11%, signal=26%	
REGULATION OF CELL CYCLE CHECKPOINT%GOBP%GO:1901976	REGULATION OF CELL CYCLE CHECKPOINT%GOBP%GO:1901976		35	-0.30126777	-0.949724	0.5317139	0.8481564	1.0	2267	tags=29%, list=19%, signal=35%	
NEGATIVE REGULATION OF CYTOSKELETON ORGANIZATION%GOBP%GO:0051494	NEGATIVE REGULATION OF CYTOSKELETON ORGANIZATION%GOBP%GO:0051494		83	-0.2507079	-0.94944847	0.5694228	0.84811145	1.0	2056	tags=23%, list=17%, signal=27%	
REGULATION OF MEIOTIC CELL CYCLE%GOBP%GO:0051445	REGULATION OF MEIOTIC CELL CYCLE%GOBP%GO:0051445		35	-0.29712164	-0.94944346	0.54046994	0.84725666	1.0	1775	tags=23%, list=15%, signal=27%	
METHYLMALONIC ACIDURIA DUE TO COBALAMIN-RELATED DISORDERS%PATHWHIZ%PW000208	METHYLMALONIC ACIDURIA DUE TO COBALAMIN-RELATED DISORDERS%PATHWHIZ%PW000208		16	-0.35876137	-0.9492134	0.53056514	0.8470463	1.0	2254	tags=31%, list=19%, signal=38%	
PID_IL2_STAT5_PATHWAY%MSIGDB_C2%PID_IL2_STAT5_PATHWAY	PID_IL2_STAT5_PATHWAY%MSIGDB_C2%PID_IL2_STAT5_PATHWAY		19	-0.34203318	-0.9490007	0.51557094	0.8467933	1.0	2190	tags=42%, list=18%, signal=51%	
ADENINE NUCLEOTIDE TRANSPORT%GOBP%GO:0051503	ADENINE NUCLEOTIDE TRANSPORT%GOBP%GO:0051503		22	-0.32924747	-0.9489223	0.5430303	0.84615886	1.0	1974	tags=27%, list=16%, signal=33%	
SPHINGOLIPID BIOSYNTHETIC PROCESS%GOBP%GO:0030148	SPHINGOLIPID BIOSYNTHETIC PROCESS%GOBP%GO:0030148		68	-0.26006356	-0.9487292	0.56425405	0.84586066	1.0	521	tags=9%, list=4%, signal=9%	
DISEASES OF MITOTIC CELL CYCLE%REACTOME%R-HSA-9675126.4	DISEASES OF MITOTIC CELL CYCLE%REACTOME%R-HSA-9675126.4		37	-0.2918902	-0.9487007	0.5525606	0.84507513	1.0	2371	tags=24%, list=20%, signal=30%	
REGULATION OF LAMELLIPODIUM ASSEMBLY%GOBP%GO:0010591	REGULATION OF LAMELLIPODIUM ASSEMBLY%GOBP%GO:0010591		24	-0.31955492	-0.94864726	0.52689487	0.84437615	1.0	2062	tags=33%, list=17%, signal=40%	
REGULATION OF GLUCAN BIOSYNTHETIC PROCESS%GOBP%GO:0010962	REGULATION OF GLUCAN BIOSYNTHETIC PROCESS%GOBP%GO:0010962		18	-0.3464599	-0.94848883	0.5368421	0.84398323	1.0	1308	tags=28%, list=11%, signal=31%	
SYNTHESIS OF GLYCOSYLPHOSPHATIDYLINOSITOL (GPI)%REACTOME DATABASE ID RELEASE 93%162710	SYNTHESIS OF GLYCOSYLPHOSPHATIDYLINOSITOL (GPI)%REACTOME DATABASE ID RELEASE 93%162710		16	-0.35857305	-0.94801635	0.5292056	0.84447044	1.0	4003	tags=38%, list=33%, signal=56%	
NEURON RECOGNITION%GOBP%GO:0008038	NEURON RECOGNITION%GOBP%GO:0008038		24	-0.3265274	-0.9479551	0.5441176	0.84378314	1.0	604	tags=17%, list=5%, signal=18%	
TRANSCRIPTION BY RNA POLYMERASE I%GOBP%GO:0006360	TRANSCRIPTION BY RNA POLYMERASE I%GOBP%GO:0006360		17	-0.35022807	-0.9475213	0.5358402	0.8442205	1.0	4158	tags=41%, list=35%, signal=63%	
REGULATION OF CELLULAR RESPONSE TO TRANSFORMING GROWTH FACTOR BETA STIMULUS%GOBP%GO:1903844	REGULATION OF CELLULAR RESPONSE TO TRANSFORMING GROWTH FACTOR BETA STIMULUS%GOBP%GO:1903844		97	-0.2442311	-0.9473614	0.5826772	0.8438246	1.0	3072	tags=32%, list=26%, signal=43%	
NON-MOTILE CILIUM ASSEMBLY%GOBP%GO:1905515	NON-MOTILE CILIUM ASSEMBLY%GOBP%GO:1905515		27	-0.3167951	-0.94707805	0.5471698	0.8437721	1.0	3850	tags=52%, list=32%, signal=76%	
MALONIC ACIDURIA%SMPDB%SMP0000198	MALONIC ACIDURIA%SMPDB%SMP0000198		16	-0.35876137	-0.9468131	0.5273973	0.84370196	1.0	2254	tags=31%, list=19%, signal=38%	
CELLULAR RESPONSE TO GAMMA RADIATION%GOBP%GO:0071480	CELLULAR RESPONSE TO GAMMA RADIATION%GOBP%GO:0071480		16	-0.3608699	-0.9467462	0.5323149	0.8430408	1.0	2284	tags=31%, list=19%, signal=39%	
REGULATION OF TORC1 SIGNALING%GOBP%GO:1903432	REGULATION OF TORC1 SIGNALING%GOBP%GO:1903432		88	-0.24709457	-0.9464917	0.58564436	0.8429377	1.0	1606	tags=16%, list=13%, signal=18%	
G-PROTEIN BETA:GAMMA SIGNALLING%REACTOME%R-HSA-397795.5	G-PROTEIN BETA:GAMMA SIGNALLING%REACTOME%R-HSA-397795.5		16	-0.36099896	-0.9459243	0.54493743	0.84374565	1.0	3198	tags=44%, list=27%, signal=59%	
AMYLOID-BETA METABOLIC PROCESS%GOBP%GO:0050435	AMYLOID-BETA METABOLIC PROCESS%GOBP%GO:0050435		17	-0.35270858	-0.94442105	0.54186046	0.8473425	1.0	276	tags=18%, list=2%, signal=18%	
FERROPTOSIS%WIKIPATHWAYS_20250810%WP4313%HOMO SAPIENS	FERROPTOSIS%WIKIPATHWAYS_20250810%WP4313%HOMO SAPIENS		42	-0.28384346	-0.94427305	0.54771245	0.84691644	1.0	294	tags=10%, list=2%, signal=10%	
REGULATION OF CYTOKINESIS%GOBP%GO:0032465	REGULATION OF CYTOKINESIS%GOBP%GO:0032465		72	-0.25417376	-0.94408435	0.5718608	0.8466291	1.0	2062	tags=21%, list=17%, signal=25%	
ABERRANT REGULATION OF MITOTIC CELL CYCLE DUE TO RB1 DEFECTS%REACTOME DATABASE ID RELEASE 93%9687139	ABERRANT REGULATION OF MITOTIC CELL CYCLE DUE TO RB1 DEFECTS%REACTOME DATABASE ID RELEASE 93%9687139		35	-0.2900881	-0.94313806	0.54443055	0.8485059	1.0	3725	tags=37%, list=31%, signal=54%	
LONG-TERM SYNAPTIC POTENTIATION%GOBP%GO:0060291	LONG-TERM SYNAPTIC POTENTIATION%GOBP%GO:0060291		18	-0.35058725	-0.94176424	0.5506608	0.851627	1.0	2707	tags=28%, list=22%, signal=36%	
INTRA-GOLGI TRAFFIC%REACTOME DATABASE ID RELEASE 93%6811438	INTRA-GOLGI TRAFFIC%REACTOME DATABASE ID RELEASE 93%6811438		39	-0.28720418	-0.940888	0.56031126	0.85324013	1.0	272	tags=8%, list=2%, signal=8%	
FOXO FAMILY SIGNALING%PATHWAY INTERACTION DATABASE NCI-NATURE CURATED DATA%FOXO FAMILY SIGNALING	FOXO FAMILY SIGNALING%PATHWAY INTERACTION DATABASE NCI-NATURE CURATED DATA%FOXO FAMILY SIGNALING		47	-0.27800232	-0.9407372	0.54397833	0.8528074	1.0	1165	tags=21%, list=10%, signal=23%	
PID_PI3KCI_PATHWAY%MSIGDB_C2%PID_PI3KCI_PATHWAY	PID_PI3KCI_PATHWAY%MSIGDB_C2%PID_PI3KCI_PATHWAY		31	-0.30240014	-0.9406872	0.54557127	0.85208833	1.0	1776	tags=29%, list=15%, signal=34%	
PID_TAP63_PATHWAY%MSIGDB_C2%PID_TAP63_PATHWAY	PID_TAP63_PATHWAY%MSIGDB_C2%PID_TAP63_PATHWAY		42	-0.28446034	-0.9398977	0.55973154	0.8535042	1.0	1778	tags=17%, list=15%, signal=19%	
CALCIUM-DEPENDENT CELL-CELL ADHESION VIA PLASMA MEMBRANE CELL ADHESION MOLECULES%GOBP%GO:0016339	CALCIUM-DEPENDENT CELL-CELL ADHESION VIA PLASMA MEMBRANE CELL ADHESION MOLECULES%GOBP%GO:0016339		17	-0.34654486	-0.93900466	0.5469484	0.8552321	1.0	2456	tags=35%, list=20%, signal=44%	
REGULATION OF INTRACELLULAR STEROID HORMONE RECEPTOR SIGNALING PATHWAY%GOBP%GO:0033143	REGULATION OF INTRACELLULAR STEROID HORMONE RECEPTOR SIGNALING PATHWAY%GOBP%GO:0033143		51	-0.26930106	-0.9379119	0.56657606	0.857439	1.0	1134	tags=14%, list=9%, signal=15%	
REGULATION OF GLYCOGEN BIOSYNTHETIC PROCESS%GOBP%GO:0005979	REGULATION OF GLYCOGEN BIOSYNTHETIC PROCESS%GOBP%GO:0005979		18	-0.3464599	-0.93656904	0.5416178	0.8605053	1.0	1308	tags=28%, list=11%, signal=31%	
P73 TRANSCRIPTION FACTOR NETWORK%PATHWAY INTERACTION DATABASE NCI-NATURE CURATED DATA%P73 TRANSCRIPTION FACTOR NETWORK	P73 TRANSCRIPTION FACTOR NETWORK%PATHWAY INTERACTION DATABASE NCI-NATURE CURATED DATA%P73 TRANSCRIPTION FACTOR NETWORK		71	-0.25331187	-0.9364108	0.5935085	0.8600938	1.0	2025	tags=23%, list=17%, signal=27%	
N-GLYCAN PROCESSING%GOBP%GO:0006491	N-GLYCAN PROCESSING%GOBP%GO:0006491		17	-0.34318787	-0.9362767	0.55707765	0.8596075	1.0	1303	tags=18%, list=11%, signal=20%	
REGULATION OF INTRINSIC APOPTOTIC SIGNALING PATHWAY IN RESPONSE TO DNA DAMAGE%GOBP%GO:1902229	REGULATION OF INTRINSIC APOPTOTIC SIGNALING PATHWAY IN RESPONSE TO DNA DAMAGE%GOBP%GO:1902229		22	-0.32925397	-0.93588823	0.5610599	0.8598621	1.0	1639	tags=23%, list=14%, signal=26%	
PROPANOATE METABOLISM%SMPDB%SMP0000016	PROPANOATE METABOLISM%SMPDB%SMP0000016		16	-0.35876137	-0.9354167	0.52913755	0.86036783	1.0	2254	tags=31%, list=19%, signal=38%	
SENSORY PERCEPTION OF LIGHT STIMULUS%GOBP%GO:0050953	SENSORY PERCEPTION OF LIGHT STIMULUS%GOBP%GO:0050953		44	-0.28047395	-0.9334592	0.5727392	0.8650994	1.0	2975	tags=39%, list=25%, signal=51%	
PERIPHERAL NERVOUS SYSTEM DEVELOPMENT%GOBP%GO:0007422	PERIPHERAL NERVOUS SYSTEM DEVELOPMENT%GOBP%GO:0007422		23	-0.32196203	-0.9306165	0.5748503	0.87242615	1.0	1356	tags=22%, list=11%, signal=24%	
EMBRYONIC EPITHELIAL TUBE FORMATION%GOBP%GO:0001838	EMBRYONIC EPITHELIAL TUBE FORMATION%GOBP%GO:0001838		34	-0.29593456	-0.93059796	0.56880736	0.87161875	1.0	464	tags=12%, list=4%, signal=12%	
JOUBERT SYNDROME%WIKIPATHWAYS_20250810%WP4656%HOMO SAPIENS	JOUBERT SYNDROME%WIKIPATHWAYS_20250810%WP4656%HOMO SAPIENS		57	-0.2639963	-0.930489	0.60776436	0.8710608	1.0	1367	tags=18%, list=11%, signal=20%	
SPHINGOLIPID METABOLISM%REACTOME DATABASE ID RELEASE 93%428157	SPHINGOLIPID METABOLISM%REACTOME DATABASE ID RELEASE 93%428157		83	-0.24607363	-0.9304018	0.6042003	0.8704613	1.0	1521	tags=16%, list=13%, signal=18%	
TIGHT JUNCTION ORGANIZATION%GOBP%GO:0120193	TIGHT JUNCTION ORGANIZATION%GOBP%GO:0120193		31	-0.30055213	-0.93036485	0.5648855	0.8697101	1.0	1353	tags=23%, list=11%, signal=25%	
REGULATION OF RELEASE OF SEQUESTERED CALCIUM ION INTO CYTOSOL%GOBP%GO:0051279	REGULATION OF RELEASE OF SEQUESTERED CALCIUM ION INTO CYTOSOL%GOBP%GO:0051279		34	-0.29302835	-0.9299518	0.58859223	0.87005544	1.0	1951	tags=24%, list=16%, signal=28%	
BASE EXCISION REPAIR%WIKIPATHWAYS_20250810%WP4752%HOMO SAPIENS	BASE EXCISION REPAIR%WIKIPATHWAYS_20250810%WP4752%HOMO SAPIENS		27	-0.30420133	-0.9298051	0.5825	0.8696081	1.0	2030	tags=19%, list=17%, signal=22%	
REGULATION OF SYNAPTIC PLASTICITY%GOBP%GO:0048167	REGULATION OF SYNAPTIC PLASTICITY%GOBP%GO:0048167		75	-0.2509074	-0.9281989	0.62174577	0.87338763	1.0	2707	tags=28%, list=22%, signal=36%	
ENERGY RESERVE METABOLIC PROCESS%GOBP%GO:0006112	ENERGY RESERVE METABOLIC PROCESS%GOBP%GO:0006112		33	-0.2945498	-0.9281907	0.59062105	0.8725545	1.0	3047	tags=36%, list=25%, signal=49%	
SPERMATID DIFFERENTIATION%GOBP%GO:0048515	SPERMATID DIFFERENTIATION%GOBP%GO:0048515		61	-0.2609762	-0.9281885	0.6042618	0.87170684	1.0	2417	tags=26%, list=20%, signal=33%	
PURINE NUCLEOTIDE TRANSPORT%GOBP%GO:0015865	PURINE NUCLEOTIDE TRANSPORT%GOBP%GO:0015865		22	-0.32924747	-0.9281145	0.5597633	0.8710718	1.0	1974	tags=27%, list=16%, signal=33%	
CELL CYCLE PHASE TRANSITION%GOBP%GO:0044770	CELL CYCLE PHASE TRANSITION%GOBP%GO:0044770		107	-0.23415938	-0.9280664	0.64451826	0.87036276	1.0	2606	tags=25%, list=22%, signal=32%	
EARLY SARS-COV-2 INFECTION EVENTS%REACTOME%R-HSA-9772572.3	EARLY SARS-COV-2 INFECTION EVENTS%REACTOME%R-HSA-9772572.3		33	-0.29431972	-0.92789865	0.58441556	0.87000114	1.0	2022	tags=27%, list=17%, signal=33%	
DNA DOUBLE-STRAND BREAK REPAIR%REACTOME DATABASE ID RELEASE 93%5693532	DNA DOUBLE-STRAND BREAK REPAIR%REACTOME DATABASE ID RELEASE 93%5693532		125	-0.22926763	-0.9268853	0.6481481	0.8719877	1.0	2746	tags=25%, list=23%, signal=32%	
AMIODARONE ACTION PATHWAY%PATHWHIZ%PW000642	AMIODARONE ACTION PATHWAY%PATHWHIZ%PW000642		27	-0.31123427	-0.9262868	0.580402	0.87280285	1.0	2569	tags=41%, list=21%, signal=52%	
GLYCEROPHOSPHOLIPID CATABOLIC PROCESS%GOBP%GO:0046475	GLYCEROPHOSPHOLIPID CATABOLIC PROCESS%GOBP%GO:0046475		17	-0.3418124	-0.92608476	0.55314535	0.87253225	1.0	1838	tags=29%, list=15%, signal=35%	
POSITIVE REGULATION OF DNA REPLICATION%GOBP%GO:0045740	POSITIVE REGULATION OF DNA REPLICATION%GOBP%GO:0045740		30	-0.29699174	-0.92544425	0.5703518	0.87348706	1.0	2783	tags=23%, list=23%, signal=30%	
RHOBTB1 GTPASE CYCLE%REACTOME DATABASE ID RELEASE 93%9013422	RHOBTB1 GTPASE CYCLE%REACTOME DATABASE ID RELEASE 93%9013422		23	-0.3231555	-0.92458034	0.5797619	0.87501144	1.0	1554	tags=22%, list=13%, signal=25%	
BIOCARTA_TFF_PATHWAY%MSIGDB_C2%BIOCARTA_TFF_PATHWAY	BIOCARTA_TFF_PATHWAY%MSIGDB_C2%BIOCARTA_TFF_PATHWAY		17	-0.34139952	-0.92446244	0.5389151	0.87449217	1.0	2190	tags=29%, list=18%, signal=36%	
RESPONSE TO ACID CHEMICAL%GOBP%GO:0001101	RESPONSE TO ACID CHEMICAL%GOBP%GO:0001101		37	-0.2850135	-0.9242651	0.5755102	0.8741767	1.0	2445	tags=35%, list=20%, signal=44%	
MITF-M-DEPENDENT GENE EXPRESSION%REACTOME%R-HSA-9856651.3	MITF-M-DEPENDENT GENE EXPRESSION%REACTOME%R-HSA-9856651.3		84	-0.2430279	-0.92393154	0.62258065	0.8742516	1.0	1300	tags=15%, list=11%, signal=17%	
NISOLDIPINE ACTION PATHWAY%PATHWHIZ%PW000396	NISOLDIPINE ACTION PATHWAY%PATHWHIZ%PW000396		20	-0.32212323	-0.9237467	0.5695755	0.8739133	1.0	2569	tags=45%, list=21%, signal=57%	
CELLULAR RESPONSE TO NUTRIENT LEVELS%GOBP%GO:0031669	CELLULAR RESPONSE TO NUTRIENT LEVELS%GOBP%GO:0031669		154	-0.22304285	-0.92357725	0.6743738	0.8735496	1.0	1843	tags=19%, list=15%, signal=23%	
PURINE RIBONUCLEOTIDE TRANSPORT%GOBP%GO:0015868	PURINE RIBONUCLEOTIDE TRANSPORT%GOBP%GO:0015868		21	-0.32928336	-0.9235651	0.5614035	0.8727416	1.0	1974	tags=29%, list=16%, signal=34%	
PROTEIN O-LINKED GLYCOSYLATION VIA XYLOSE%GOBP%GO:0180064	PROTEIN O-LINKED GLYCOSYLATION VIA XYLOSE%GOBP%GO:0180064		36	-0.28971294	-0.9231698	0.57722515	0.87302893	1.0	1380	tags=19%, list=11%, signal=22%	
B-WICH COMPLEX POSITIVELY REGULATES RRNA EXPRESSION%REACTOME DATABASE ID RELEASE 93%5250924	B-WICH COMPLEX POSITIVELY REGULATES RRNA EXPRESSION%REACTOME DATABASE ID RELEASE 93%5250924		27	-0.3043584	-0.9229847	0.5770171	0.8726936	1.0	3886	tags=41%, list=32%, signal=60%	
COPPER ION HOMEOSTASIS%GOBP%GO:0055070	COPPER ION HOMEOSTASIS%GOBP%GO:0055070		15	-0.35918322	-0.92224795	0.58061004	0.87392116	1.0	1205	tags=13%, list=10%, signal=15%	
REGULATION OF G1/S TRANSITION OF MITOTIC CELL CYCLE%GOBP%GO:2000045	REGULATION OF G1/S TRANSITION OF MITOTIC CELL CYCLE%GOBP%GO:2000045		105	-0.23735079	-0.92216754	0.6527546	0.8732977	1.0	765	tags=11%, list=6%, signal=12%	
RESPONSE TO MISFOLDED PROTEIN%GOBP%GO:0051788	RESPONSE TO MISFOLDED PROTEIN%GOBP%GO:0051788		18	-0.33823448	-0.92212385	0.5635739	0.87259316	1.0	1633	tags=28%, list=14%, signal=32%	
REGULATION OF CARDIAC MUSCLE CONTRACTION BY CALCIUM ION SIGNALING%GOBP%GO:0010882	REGULATION OF CARDIAC MUSCLE CONTRACTION BY CALCIUM ION SIGNALING%GOBP%GO:0010882		17	-0.3407196	-0.9220487	0.5714286	0.8719665	1.0	2487	tags=41%, list=21%, signal=52%	
REGULATION OF STRESS FIBER ASSEMBLY%GOBP%GO:0051492	REGULATION OF STRESS FIBER ASSEMBLY%GOBP%GO:0051492		61	-0.2560084	-0.9218687	0.5941807	0.87163293	1.0	363	tags=10%, list=3%, signal=10%	
PROTEIN STABILIZATION%GOBP%GO:0050821	PROTEIN STABILIZATION%GOBP%GO:0050821		168	-0.2184952	-0.92183614	0.72210956	0.8708959	1.0	2140	tags=20%, list=18%, signal=24%	
PIWI-INTERACTING RNA (PIRNA) BIOGENESIS%REACTOME%R-HSA-5601884.3	PIWI-INTERACTING RNA (PIRNA) BIOGENESIS%REACTOME%R-HSA-5601884.3		17	-0.34058157	-0.92172664	0.55479455	0.8703645	1.0	2969	tags=29%, list=25%, signal=39%	
MYOTUBE DIFFERENTIATION%GOBP%GO:0014902	MYOTUBE DIFFERENTIATION%GOBP%GO:0014902		22	-0.31580225	-0.92132884	0.55635494	0.87065655	1.0	1227	tags=18%, list=10%, signal=20%	
10Q11 21Q11 23 COPY NUMBER VARIATION SYNDROME%WIKIPATHWAYS_20250810%WP5352%HOMO SAPIENS	10Q11 21Q11 23 COPY NUMBER VARIATION SYNDROME%WIKIPATHWAYS_20250810%WP5352%HOMO SAPIENS		33	-0.29216388	-0.92038965	0.6063408	0.87244046	1.0	1215	tags=18%, list=10%, signal=20%	
DYRK1A INVOLVEMENT REGARDING CELL PROLIFERATION IN BRAIN DEVELOPMENT%WIKIPATHWAYS_20250810%WP5180%HOMO SAPIENS	DYRK1A INVOLVEMENT REGARDING CELL PROLIFERATION IN BRAIN DEVELOPMENT%WIKIPATHWAYS_20250810%WP5180%HOMO SAPIENS		48	-0.27427274	-0.92031246	0.5980254	0.87182397	1.0	2398	tags=27%, list=20%, signal=34%	
SPHINGOLIPID METABOLIC PROCESS%GOBP%GO:0006665	SPHINGOLIPID METABOLIC PROCESS%GOBP%GO:0006665		96	-0.23619016	-0.92010087	0.66169155	0.8716139	1.0	1590	tags=16%, list=13%, signal=18%	
CORTICAL ACTIN CYTOSKELETON ORGANIZATION%GOBP%GO:0030866	CORTICAL ACTIN CYTOSKELETON ORGANIZATION%GOBP%GO:0030866		22	-0.32314533	-0.9199501	0.5652174	0.8712062	1.0	2077	tags=27%, list=17%, signal=33%	
APC C:CDC20 MEDIATED DEGRADATION OF CYCLIN B%REACTOME DATABASE ID RELEASE 93%174048	APC C:CDC20 MEDIATED DEGRADATION OF CYCLIN B%REACTOME DATABASE ID RELEASE 93%174048		24	-0.3160466	-0.9198778	0.57763976	0.8705863	1.0	1606	tags=21%, list=13%, signal=24%	
RESPONSE TO AMINO ACID%GOBP%GO:0043200	RESPONSE TO AMINO ACID%GOBP%GO:0043200		33	-0.29015732	-0.9188657	0.6201258	0.87254244	1.0	2445	tags=30%, list=20%, signal=38%	
ISOPRENALINE ACTION PATHWAY%SMPDB%SMP0000663	ISOPRENALINE ACTION PATHWAY%SMPDB%SMP0000663		20	-0.32212323	-0.9188189	0.580402	0.87184864	1.0	2569	tags=45%, list=21%, signal=57%	
PROTEIN DESTABILIZATION%GOBP%GO:0031648	PROTEIN DESTABILIZATION%GOBP%GO:0031648		32	-0.29496983	-0.9187397	0.5944931	0.8712396	1.0	1548	tags=16%, list=13%, signal=18%	
PID_PS1_PATHWAY%MSIGDB_C2%PID_PS1_PATHWAY	PID_PS1_PATHWAY%MSIGDB_C2%PID_PS1_PATHWAY		31	-0.2916506	-0.91805905	0.58756346	0.87229985	1.0	2472	tags=32%, list=21%, signal=40%	
BISOPROLOL ACTION PATHWAY%SMPDB%SMP0000300	BISOPROLOL ACTION PATHWAY%SMPDB%SMP0000300		20	-0.32212323	-0.91727364	0.5585893	0.87368435	1.0	2569	tags=45%, list=21%, signal=57%	
REGULATION OF EPITHELIAL CELL MIGRATION%GOBP%GO:0010632	REGULATION OF EPITHELIAL CELL MIGRATION%GOBP%GO:0010632		48	-0.26982516	-0.91665643	0.59166664	0.8745726	1.0	444	tags=10%, list=4%, signal=11%	
NEBIVOLOL ACTION PATHWAY%SMPDB%SMP0000366	NEBIVOLOL ACTION PATHWAY%SMPDB%SMP0000366		20	-0.32212323	-0.91608	0.59039193	0.8753507	1.0	2569	tags=45%, list=21%, signal=57%	
INTRA-GOLGI AND RETROGRADE GOLGI-TO-ER TRAFFIC%REACTOME DATABASE ID RELEASE 93%6811442	INTRA-GOLGI AND RETROGRADE GOLGI-TO-ER TRAFFIC%REACTOME DATABASE ID RELEASE 93%6811442		168	-0.21936902	-0.91603273	0.7247525	0.8746526	1.0	2624	tags=23%, list=22%, signal=29%	
PROTEIN LOCALIZATION TO CELL JUNCTION%GOBP%GO:1902414	PROTEIN LOCALIZATION TO CELL JUNCTION%GOBP%GO:1902414		41	-0.27647895	-0.9159642	0.6066411	0.8740049	1.0	2670	tags=29%, list=22%, signal=37%	
NEGATIVE REGULATION OF CELL-SUBSTRATE ADHESION%GOBP%GO:0010812	NEGATIVE REGULATION OF CELL-SUBSTRATE ADHESION%GOBP%GO:0010812		42	-0.2753327	-0.91538864	0.60296094	0.8747896	1.0	1487	tags=19%, list=12%, signal=22%	
G2/M TRANSITION OF MITOTIC CELL CYCLE%GOBP%GO:0000086	G2/M TRANSITION OF MITOTIC CELL CYCLE%GOBP%GO:0000086		33	-0.29042622	-0.9149955	0.60864043	0.8750506	1.0	538	tags=12%, list=4%, signal=13%	
ENDOMETRIAL CANCER%WIKIPATHWAYS_20250810%WP4155%HOMO SAPIENS	ENDOMETRIAL CANCER%WIKIPATHWAYS_20250810%WP4155%HOMO SAPIENS		46	-0.2733257	-0.9149393	0.6022567	0.87437224	1.0	737	tags=15%, list=6%, signal=16%	
NONCANONICAL WNT SIGNALING PATHWAY%PATHWAY INTERACTION DATABASE NCI-NATURE CURATED DATA%NONCANONICAL WNT SIGNALING PATHWAY	NONCANONICAL WNT SIGNALING PATHWAY%PATHWAY INTERACTION DATABASE NCI-NATURE CURATED DATA%NONCANONICAL WNT SIGNALING PATHWAY		28	-0.29814923	-0.91472214	0.60077024	0.8741438	1.0	3817	tags=43%, list=32%, signal=63%	
FLECAINIDE ACTION PATHWAY%SMPDB%SMP0000331	FLECAINIDE ACTION PATHWAY%SMPDB%SMP0000331		20	-0.32212323	-0.9141143	0.57974386	0.8749912	1.0	2569	tags=45%, list=21%, signal=57%	
TP53 REGULATES TRANSCRIPTION OF GENES INVOLVED IN CYTOCHROME C RELEASE%REACTOME%R-HSA-6803204.3	TP53 REGULATES TRANSCRIPTION OF GENES INVOLVED IN CYTOCHROME C RELEASE%REACTOME%R-HSA-6803204.3		17	-0.34181127	-0.9139095	0.5665138	0.8747133	1.0	744	tags=24%, list=6%, signal=25%	
G1 S-SPECIFIC TRANSCRIPTION%REACTOME%R-HSA-69205.5	G1 S-SPECIFIC TRANSCRIPTION%REACTOME%R-HSA-69205.5		28	-0.30374098	-0.9132702	0.598773	0.87567675	1.0	3445	tags=43%, list=29%, signal=60%	
REGULATION OF GLYCOPROTEIN METABOLIC PROCESS%GOBP%GO:1903018	REGULATION OF GLYCOPROTEIN METABOLIC PROCESS%GOBP%GO:1903018		24	-0.30927062	-0.91318196	0.61051375	0.8751047	1.0	3573	tags=42%, list=30%, signal=59%	
CRANIAL NERVE DEVELOPMENT%GOBP%GO:0021545	CRANIAL NERVE DEVELOPMENT%GOBP%GO:0021545		15	-0.35324532	-0.9129769	0.5719298	0.8748392	1.0	1003	tags=13%, list=8%, signal=15%	
FACTORS AND PATHWAYS AFFECTING INSULIN LIKE GROWTH FACTOR IGF1 AKT SIGNALING%WIKIPATHWAYS_20250810%WP3850%HOMO SAPIENS	FACTORS AND PATHWAYS AFFECTING INSULIN LIKE GROWTH FACTOR IGF1 AKT SIGNALING%WIKIPATHWAYS_20250810%WP3850%HOMO SAPIENS		24	-0.31326532	-0.9121661	0.6007653	0.8762143	1.0	989	tags=17%, list=8%, signal=18%	
CILIUM-DEPENDENT CELL MOTILITY%GOBP%GO:0060285	CILIUM-DEPENDENT CELL MOTILITY%GOBP%GO:0060285		43	-0.27040622	-0.91134995	0.60732985	0.87764686	1.0	2618	tags=28%, list=22%, signal=36%	
ISRADIPINE ACTION PATHWAY%PATHWHIZ%PW000393	ISRADIPINE ACTION PATHWAY%PATHWHIZ%PW000393		20	-0.32212323	-0.9108671	0.58739597	0.8781458	1.0	2569	tags=45%, list=21%, signal=57%	
AXIS SPECIFICATION%GOBP%GO:0009798	AXIS SPECIFICATION%GOBP%GO:0009798		27	-0.3055174	-0.9105383	0.5976253	0.8782235	1.0	1351	tags=26%, list=11%, signal=29%	
GLUTATHIONE METABOLIC PROCESS%GOBP%GO:0006749	GLUTATHIONE METABOLIC PROCESS%GOBP%GO:0006749		29	-0.2951316	-0.91049653	0.6120359	0.8775184	1.0	651	tags=10%, list=5%, signal=11%	
BUPRANOLOL ACTION PATHWAY%SMPDB%SMP0000670	BUPRANOLOL ACTION PATHWAY%SMPDB%SMP0000670		20	-0.32212323	-0.90951693	0.5950119	0.8793205	1.0	2569	tags=45%, list=21%, signal=57%	
RESPONSE TO ESTRADIOL%GOBP%GO:0032355	RESPONSE TO ESTRADIOL%GOBP%GO:0032355		18	-0.3365395	-0.9095058	0.6087963	0.87853175	1.0	2283	tags=33%, list=19%, signal=41%	
NADOLOL ACTION PATHWAY%PATHWHIZ%PW000371	NADOLOL ACTION PATHWAY%PATHWHIZ%PW000371		20	-0.32212323	-0.909432	0.59123224	0.87790376	1.0	2569	tags=45%, list=21%, signal=57%	
STRIATED MUSCLE CONTRACTION%PATHWHIZ%PW000564	STRIATED MUSCLE CONTRACTION%PATHWHIZ%PW000564		20	-0.32212323	-0.90897053	0.5826397	0.8783291	1.0	2569	tags=45%, list=21%, signal=57%	
MEMBRANE LIPID BIOSYNTHETIC PROCESS%GOBP%GO:0046467	MEMBRANE LIPID BIOSYNTHETIC PROCESS%GOBP%GO:0046467		98	-0.23347695	-0.9084695	0.6836903	0.878882	1.0	767	tags=9%, list=6%, signal=10%	
NITRENDIPINE ACTION PATHWAY%SMPDB%SMP0000382	NITRENDIPINE ACTION PATHWAY%SMPDB%SMP0000382		20	-0.32212323	-0.9077673	0.60637087	0.8799906	1.0	2569	tags=45%, list=21%, signal=57%	
LIDOCAINE (ANTIARRHYTHMIC) ACTION PATHWAY%PATHWHIZ%PW000381	LIDOCAINE (ANTIARRHYTHMIC) ACTION PATHWAY%PATHWHIZ%PW000381		20	-0.32212323	-0.9077629	0.5997666	0.8791881	1.0	2569	tags=45%, list=21%, signal=57%	
REGULATION OF RESPONSE TO ENDOPLASMIC RETICULUM STRESS%GOBP%GO:1905897	REGULATION OF RESPONSE TO ENDOPLASMIC RETICULUM STRESS%GOBP%GO:1905897		70	-0.24712014	-0.90765315	0.64050233	0.87865996	1.0	1940	tags=23%, list=16%, signal=27%	
BEVANTOLOL ACTION PATHWAY%PATHWHIZ%PW000645	BEVANTOLOL ACTION PATHWAY%PATHWHIZ%PW000645		20	-0.32212323	-0.9076428	0.59416765	0.87787634	1.0	2569	tags=45%, list=21%, signal=57%	
SOTALOL ACTION PATHWAY%SMPDB%SMP0000660	SOTALOL ACTION PATHWAY%SMPDB%SMP0000660		20	-0.32212323	-0.90752614	0.5926352	0.8773767	1.0	2569	tags=45%, list=21%, signal=57%	
PID_DELTA_NP63_PATHWAY%MSIGDB_C2%PID_DELTA_NP63_PATHWAY	PID_DELTA_NP63_PATHWAY%MSIGDB_C2%PID_DELTA_NP63_PATHWAY		36	-0.2856353	-0.907494	0.6138482	0.8766534	1.0	1700	tags=31%, list=14%, signal=35%	
ATENOLOL ACTION PATHWAY%SMPDB%SMP0000298	ATENOLOL ACTION PATHWAY%SMPDB%SMP0000298		20	-0.32212323	-0.90744555	0.5956151	0.8759797	1.0	2569	tags=45%, list=21%, signal=57%	
WNT SIGNALING IN KIDNEY DISEASE%WIKIPATHWAYS_20250810%WP4150%HOMO SAPIENS	WNT SIGNALING IN KIDNEY DISEASE%WIKIPATHWAYS_20250810%WP4150%HOMO SAPIENS		23	-0.30912882	-0.9072199	0.57687575	0.87579024	1.0	2180	tags=30%, list=18%, signal=37%	
ORGANIC ACID CATABOLIC PROCESS%GOBP%GO:0016054	ORGANIC ACID CATABOLIC PROCESS%GOBP%GO:0016054		134	-0.22331011	-0.9069578	0.72038835	0.8756836	1.0	2301	tags=22%, list=19%, signal=27%	
STRIATED MUSCLE CONTRACTION%GOBP%GO:0006941	STRIATED MUSCLE CONTRACTION%GOBP%GO:0006941		42	-0.27248117	-0.9068652	0.629776	0.8751215	1.0	2642	tags=33%, list=22%, signal=43%	
FELODIPINE ACTION PATHWAY%PATHWHIZ%PW000392	FELODIPINE ACTION PATHWAY%PATHWHIZ%PW000392		20	-0.32212323	-0.9067912	0.5948778	0.87452	1.0	2569	tags=45%, list=21%, signal=57%	
CARVEDILOL ACTION PATHWAY%SMPDB%SMP0000367	CARVEDILOL ACTION PATHWAY%SMPDB%SMP0000367		20	-0.32212323	-0.90662754	0.60772103	0.8741563	1.0	2569	tags=45%, list=21%, signal=57%	
OSTEOBLAST DIFFERENTIATION%GOBP%GO:0001649	OSTEOBLAST DIFFERENTIATION%GOBP%GO:0001649		62	-0.25109065	-0.90637285	0.65242165	0.87405175	1.0	1819	tags=24%, list=15%, signal=28%	
PIGMENT GRANULE TRANSPORT%GOBP%GO:0051904	PIGMENT GRANULE TRANSPORT%GOBP%GO:0051904		15	-0.34899792	-0.90618503	0.6011628	0.873752	1.0	3943	tags=53%, list=33%, signal=79%	
CARBOXYLIC ACID CATABOLIC PROCESS%GOBP%GO:0046395	CARBOXYLIC ACID CATABOLIC PROCESS%GOBP%GO:0046395		134	-0.22331011	-0.9058992	0.70718235	0.8737197	1.0	2301	tags=22%, list=19%, signal=27%	
NUCLEOSOME ASSEMBLY%GOBP%GO:0006334	NUCLEOSOME ASSEMBLY%GOBP%GO:0006334		36	-0.28095374	-0.9058544	0.6329923	0.8730427	1.0	2790	tags=28%, list=23%, signal=36%	
ORGAN GROWTH%GOBP%GO:0035265	ORGAN GROWTH%GOBP%GO:0035265		23	-0.31003696	-0.90584433	0.585213	0.87227684	1.0	1487	tags=26%, list=12%, signal=30%	
NFE2L2 REGULATING ANTI-OXIDANT DETOXIFICATION ENZYMES%REACTOME%R-HSA-9818027.3	NFE2L2 REGULATING ANTI-OXIDANT DETOXIFICATION ENZYMES%REACTOME%R-HSA-9818027.3		16	-0.34650865	-0.9057331	0.59123224	0.87176806	1.0	1194	tags=19%, list=10%, signal=21%	
NEGATIVE REGULATION OF TRANSLATIONAL INITIATION%GOBP%GO:0045947	NEGATIVE REGULATION OF TRANSLATIONAL INITIATION%GOBP%GO:0045947		19	-0.32716346	-0.9057294	0.5897727	0.8709835	1.0	2221	tags=32%, list=18%, signal=39%	
BIOCARTA_MTOR_PATHWAY%MSIGDB_C2%BIOCARTA_MTOR_PATHWAY	BIOCARTA_MTOR_PATHWAY%MSIGDB_C2%BIOCARTA_MTOR_PATHWAY		16	-0.34100622	-0.90572226	0.6238426	0.8702076	1.0	1807	tags=25%, list=15%, signal=29%	
ANGIOPOIETIN LIKE PROTEIN 8 REGULATORY PATHWAY%WIKIPATHWAYS_20250810%WP3915%HOMO SAPIENS	ANGIOPOIETIN LIKE PROTEIN 8 REGULATORY PATHWAY%WIKIPATHWAYS_20250810%WP3915%HOMO SAPIENS		93	-0.23545709	-0.90514505	0.6998395	0.870932	1.0	1528	tags=19%, list=13%, signal=22%	
PROTEIN LOCALIZATION TO PEROXISOME%GOBP%GO:0072662	PROTEIN LOCALIZATION TO PEROXISOME%GOBP%GO:0072662		16	-0.34056056	-0.9050541	0.5931818	0.8703886	1.0	3205	tags=25%, list=27%, signal=34%	
DOBUTAMINE ACTION PATHWAY%PATHWHIZ%PW000639	DOBUTAMINE ACTION PATHWAY%PATHWHIZ%PW000639		20	-0.32212323	-0.90483135	0.61150235	0.8701658	1.0	2569	tags=45%, list=21%, signal=57%	
EPINEPHRINE ACTION PATHWAY%PATHWHIZ%PW000638	EPINEPHRINE ACTION PATHWAY%PATHWHIZ%PW000638		20	-0.32212323	-0.9043671	0.60672855	0.87056506	1.0	2569	tags=45%, list=21%, signal=57%	
TOCAINIDE ACTION PATHWAY%SMPDB%SMP0000330	TOCAINIDE ACTION PATHWAY%SMPDB%SMP0000330		20	-0.32212323	-0.9043484	0.5923345	0.8698309	1.0	2569	tags=45%, list=21%, signal=57%	
DILTIAZEM ACTION PATHWAY%SMPDB%SMP0000359	DILTIAZEM ACTION PATHWAY%SMPDB%SMP0000359		20	-0.32212323	-0.9043411	0.59051186	0.8690651	1.0	2569	tags=45%, list=21%, signal=57%	
NEURONAL SYSTEM%REACTOME%R-HSA-112316.9	NEURONAL SYSTEM%REACTOME%R-HSA-112316.9		169	-0.21599434	-0.90406024	0.73236513	0.8690053	1.0	1772	tags=17%, list=15%, signal=20%	
TIMOLOL ACTION PATHWAY%PATHWHIZ%PW000636	TIMOLOL ACTION PATHWAY%PATHWHIZ%PW000636		20	-0.32212323	-0.90361387	0.59831125	0.8694036	1.0	2569	tags=45%, list=21%, signal=57%	
PHASE I - FUNCTIONALIZATION OF COMPOUNDS%REACTOME%R-HSA-211945.8	PHASE I - FUNCTIONALIZATION OF COMPOUNDS%REACTOME%R-HSA-211945.8		55	-0.25691321	-0.9028375	0.6537911	0.87064767	1.0	2958	tags=38%, list=25%, signal=50%	
TUMOR SUPPRESSOR ACTIVITY OF SMARCB1%WIKIPATHWAYS_20250810%WP4204%HOMO SAPIENS	TUMOR SUPPRESSOR ACTIVITY OF SMARCB1%WIKIPATHWAYS_20250810%WP4204%HOMO SAPIENS		24	-0.31030172	-0.90258986	0.6035503	0.87050694	1.0	3250	tags=33%, list=27%, signal=46%	
VERAPAMIL ACTION PATHWAY%SMPDB%SMP0000375	VERAPAMIL ACTION PATHWAY%SMPDB%SMP0000375		20	-0.32212323	-0.90246296	0.5794504	0.87005115	1.0	2569	tags=45%, list=21%, signal=57%	
NEGATIVE REGULATION OF CILIUM ASSEMBLY%GOBP%GO:1902018	NEGATIVE REGULATION OF CILIUM ASSEMBLY%GOBP%GO:1902018		22	-0.31775028	-0.9023396	0.6048951	0.8695922	1.0	1560	tags=23%, list=13%, signal=26%	
VASCULAR ENDOTHELIAL CELL RESPONSE TO FLUID SHEAR STRESS%GOBP%GO:0097699	VASCULAR ENDOTHELIAL CELL RESPONSE TO FLUID SHEAR STRESS%GOBP%GO:0097699		20	-0.32374868	-0.90225977	0.5985998	0.8690168	1.0	200	tags=10%, list=2%, signal=10%	
NIFEDIPINE ACTION PATHWAY%PATHWHIZ%PW000394	NIFEDIPINE ACTION PATHWAY%PATHWHIZ%PW000394		20	-0.32212323	-0.90190905	0.59903383	0.8691176	1.0	2569	tags=45%, list=21%, signal=57%	
BICELLULAR TIGHT JUNCTION ASSEMBLY%GOBP%GO:0070830	BICELLULAR TIGHT JUNCTION ASSEMBLY%GOBP%GO:0070830		25	-0.31123725	-0.901878	0.61584634	0.8684066	1.0	3538	tags=56%, list=29%, signal=79%	
OXPRENOLOL ACTION PATHWAY%PATHWHIZ%PW000372	OXPRENOLOL ACTION PATHWAY%PATHWHIZ%PW000372		20	-0.32212323	-0.9016416	0.5804529	0.86825097	1.0	2569	tags=45%, list=21%, signal=57%	
ARBUTAMINE ACTION PATHWAY%SMPDB%SMP0000664	ARBUTAMINE ACTION PATHWAY%SMPDB%SMP0000664		20	-0.32212323	-0.900911	0.5974329	0.86939484	1.0	2569	tags=45%, list=21%, signal=57%	
MEXILETINE ACTION PATHWAY%PATHWHIZ%PW000382	MEXILETINE ACTION PATHWAY%PATHWHIZ%PW000382		20	-0.32212323	-0.9008439	0.61653274	0.86878496	1.0	2569	tags=45%, list=21%, signal=57%	
ESMOLOL ACTION PATHWAY%SMPDB%SMP0000301	ESMOLOL ACTION PATHWAY%SMPDB%SMP0000301		20	-0.32212323	-0.90016603	0.5835294	0.8697568	1.0	2569	tags=45%, list=21%, signal=57%	
METIPRANOLOL ACTION PATHWAY%PATHWHIZ%PW000644	METIPRANOLOL ACTION PATHWAY%PATHWHIZ%PW000644		20	-0.32212323	-0.89943826	0.62016416	0.8709046	1.0	2569	tags=45%, list=21%, signal=57%	
DISOPYRAMIDE ACTION PATHWAY%SMPDB%SMP0000325	DISOPYRAMIDE ACTION PATHWAY%SMPDB%SMP0000325		20	-0.32212323	-0.8990377	0.6157518	0.8711744	1.0	2569	tags=45%, list=21%, signal=57%	
PRACTOLOL ACTION PATHWAY%PATHWHIZ%PW000646	PRACTOLOL ACTION PATHWAY%PATHWHIZ%PW000646		20	-0.32212323	-0.89865315	0.5919118	0.87137866	1.0	2569	tags=45%, list=21%, signal=57%	
MELANOSOME TRANSPORT%GOBP%GO:0032402	MELANOSOME TRANSPORT%GOBP%GO:0032402		15	-0.34899792	-0.89855015	0.6103337	0.8708655	1.0	3943	tags=53%, list=33%, signal=79%	
FOSPHENYTOIN (ANTIARRHYTHMIC) ACTION PATHWAY%PATHWHIZ%PW000379	FOSPHENYTOIN (ANTIARRHYTHMIC) ACTION PATHWAY%PATHWHIZ%PW000379		20	-0.32212323	-0.8984574	0.61222094	0.8703164	1.0	2569	tags=45%, list=21%, signal=57%	
NIMODIPINE ACTION PATHWAY%PATHWHIZ%PW000395	NIMODIPINE ACTION PATHWAY%PATHWHIZ%PW000395		20	-0.32212323	-0.8984425	0.5897129	0.8695888	1.0	2569	tags=45%, list=21%, signal=57%	
SIGNAL AMPLIFICATION%REACTOME DATABASE ID RELEASE 93%392518	SIGNAL AMPLIFICATION%REACTOME DATABASE ID RELEASE 93%392518		18	-0.3303005	-0.89843047	0.61459523	0.8688441	1.0	1689	tags=28%, list=14%, signal=32%	
REGULATION OF MUSCLE HYPERTROPHY%GOBP%GO:0014743	REGULATION OF MUSCLE HYPERTROPHY%GOBP%GO:0014743		24	-0.30201828	-0.8983243	0.61692125	0.8683455	1.0	295	tags=13%, list=2%, signal=13%	
IBUTILIDE ACTION PATHWAY%SMPDB%SMP0000332	IBUTILIDE ACTION PATHWAY%SMPDB%SMP0000332		20	-0.32212323	-0.8983171	0.6113744	0.8675905	1.0	2569	tags=45%, list=21%, signal=57%	
CARTEOLOL ACTION PATHWAY%PATHWHIZ%PW000634	CARTEOLOL ACTION PATHWAY%PATHWHIZ%PW000634		20	-0.32212323	-0.898151	0.5921659	0.8672558	1.0	2569	tags=45%, list=21%, signal=57%	
REGULATION OF AMIDE METABOLIC PROCESS%GOBP%GO:0034248	REGULATION OF AMIDE METABOLIC PROCESS%GOBP%GO:0034248		54	-0.25749832	-0.8979168	0.6694678	0.86710906	1.0	2423	tags=31%, list=20%, signal=39%	
REGULATION OF REGULATED SECRETORY PATHWAY%GOBP%GO:1903305	REGULATION OF REGULATED SECRETORY PATHWAY%GOBP%GO:1903305		46	-0.264904	-0.8978343	0.6643741	0.8665531	1.0	2728	tags=37%, list=23%, signal=48%	
NEUROTRANSMITTER SECRETION%GOBP%GO:0007269	NEUROTRANSMITTER SECRETION%GOBP%GO:0007269		36	-0.27813107	-0.8975846	0.64385295	0.8664334	1.0	1924	tags=19%, list=16%, signal=23%	
LEVOBUNOLOL ACTION PATHWAY%SMPDB%SMP0000666	LEVOBUNOLOL ACTION PATHWAY%SMPDB%SMP0000666		20	-0.32212323	-0.89750534	0.6017157	0.86587125	1.0	2569	tags=45%, list=21%, signal=57%	
AMLODIPINE ACTION PATHWAY%PATHWHIZ%PW000391	AMLODIPINE ACTION PATHWAY%PATHWHIZ%PW000391		20	-0.32212323	-0.89713234	0.6188811	0.86606485	1.0	2569	tags=45%, list=21%, signal=57%	
SIGNAL RELEASE FROM SYNAPSE%GOBP%GO:0099643	SIGNAL RELEASE FROM SYNAPSE%GOBP%GO:0099643		36	-0.27813107	-0.8971008	0.6405229	0.8653894	1.0	1924	tags=19%, list=16%, signal=23%	
LABETALOL ACTION PATHWAY%PATHWHIZ%PW000389	LABETALOL ACTION PATHWAY%PATHWHIZ%PW000389		20	-0.32212323	-0.8964669	0.605988	0.8662225	1.0	2569	tags=45%, list=21%, signal=57%	
ALPRENOLOL ACTION PATHWAY%SMPDB%SMP0000297	ALPRENOLOL ACTION PATHWAY%SMPDB%SMP0000297		20	-0.32212323	-0.89633805	0.6293706	0.8657959	1.0	2569	tags=45%, list=21%, signal=57%	
TRANSMISSION ACROSS CHEMICAL SYNAPSES%REACTOME%R-HSA-112315.8	TRANSMISSION ACROSS CHEMICAL SYNAPSES%REACTOME%R-HSA-112315.8		114	-0.22521955	-0.896263	0.7235495	0.86523294	1.0	1772	tags=19%, list=15%, signal=22%	
GLUTAMATE METABOLIC PROCESS%GOBP%GO:0006536	GLUTAMATE METABOLIC PROCESS%GOBP%GO:0006536		17	-0.33056402	-0.8961847	0.5930372	0.86468685	1.0	103	tags=12%, list=1%, signal=12%	
BETAXOLOL ACTION PATHWAY%SMPDB%SMP0000299	BETAXOLOL ACTION PATHWAY%SMPDB%SMP0000299		20	-0.32212323	-0.8950775	0.61451817	0.8667828	1.0	2569	tags=45%, list=21%, signal=57%	
CONSTITUTIVE HETEROCHROMATIN FORMATION%GOBP%GO:0140719	CONSTITUTIVE HETEROCHROMATIN FORMATION%GOBP%GO:0140719		35	-0.2825653	-0.89497006	0.63204	0.86629325	1.0	3689	tags=34%, list=31%, signal=49%	
PROPRANOLOL ACTION PATHWAY%SMPDB%SMP0000307	PROPRANOLOL ACTION PATHWAY%SMPDB%SMP0000307		20	-0.32212323	-0.8948545	0.6214689	0.8658171	1.0	2569	tags=45%, list=21%, signal=57%	
PROCAINAMIDE (ANTIARRHYTHMIC) ACTION PATHWAY%PATHWHIZ%PW000377	PROCAINAMIDE (ANTIARRHYTHMIC) ACTION PATHWAY%PATHWHIZ%PW000377		20	-0.32212323	-0.89472413	0.6096738	0.8653873	1.0	2569	tags=45%, list=21%, signal=57%	
POSITIVE REGULATION OF ACTIN FILAMENT BUNDLE ASSEMBLY%GOBP%GO:0032233	POSITIVE REGULATION OF ACTIN FILAMENT BUNDLE ASSEMBLY%GOBP%GO:0032233		42	-0.26543584	-0.89441645	0.63673466	0.8654227	1.0	2062	tags=29%, list=17%, signal=34%	
PINDOLOL ACTION PATHWAY%PATHWHIZ%PW000374	PINDOLOL ACTION PATHWAY%PATHWHIZ%PW000374		20	-0.32212323	-0.89374065	0.60072815	0.86634076	1.0	2569	tags=45%, list=21%, signal=57%	
ACEBUTOLOL ACTION PATHWAY%SMPDB%SMP0000296	ACEBUTOLOL ACTION PATHWAY%SMPDB%SMP0000296		20	-0.32212323	-0.89290965	0.6177515	0.8677133	1.0	2569	tags=45%, list=21%, signal=57%	
HORMONE METABOLIC PROCESS%GOBP%GO:0042445	HORMONE METABOLIC PROCESS%GOBP%GO:0042445		75	-0.24049935	-0.89271986	0.7050691	0.86741596	1.0	1526	tags=16%, list=13%, signal=18%	
CILIUM OR FLAGELLUM-DEPENDENT CELL MOTILITY%GOBP%GO:0001539	CILIUM OR FLAGELLUM-DEPENDENT CELL MOTILITY%GOBP%GO:0001539		43	-0.27040622	-0.89226186	0.6494709	0.8678137	1.0	2618	tags=28%, list=22%, signal=36%	
REGULATION OF TRANSCRIPTION INITIATION BY RNA POLYMERASE II%GOBP%GO:0060260	REGULATION OF TRANSCRIPTION INITIATION BY RNA POLYMERASE II%GOBP%GO:0060260		63	-0.24589646	-0.8918449	0.6983655	0.86808926	1.0	2875	tags=24%, list=24%, signal=31%	
BOPINDOLOL ACTION PATHWAY%SMPDB%SMP0000657	BOPINDOLOL ACTION PATHWAY%SMPDB%SMP0000657		20	-0.32212323	-0.8917835	0.61591697	0.8674821	1.0	2569	tags=45%, list=21%, signal=57%	
CARDIAC MUSCLE CELL ACTION POTENTIAL%GOBP%GO:0086001	CARDIAC MUSCLE CELL ACTION POTENTIAL%GOBP%GO:0086001		26	-0.29867804	-0.8906644	0.6489104	0.8694823	1.0	2569	tags=38%, list=21%, signal=49%	
NEGATIVE REGULATION OF PHOSPHATIDYLINOSITOL 3-KINASE/PROTEIN KINASE B SIGNAL TRANSDUCTION%GOBP%GO:0051898	NEGATIVE REGULATION OF PHOSPHATIDYLINOSITOL 3-KINASE/PROTEIN KINASE B SIGNAL TRANSDUCTION%GOBP%GO:0051898		36	-0.27897462	-0.8903462	0.6556777	0.8695393	1.0	2075	tags=25%, list=17%, signal=30%	
PROTEOGLYCAN METABOLIC PROCESS%GOBP%GO:0006029	PROTEOGLYCAN METABOLIC PROCESS%GOBP%GO:0006029		66	-0.24027854	-0.89012474	0.70520234	0.86932373	1.0	1533	tags=18%, list=13%, signal=21%	
METOPROLOL ACTION PATHWAY%PATHWHIZ%PW000370	METOPROLOL ACTION PATHWAY%PATHWHIZ%PW000370		20	-0.32212323	-0.88950825	0.60981596	0.87006605	1.0	2569	tags=45%, list=21%, signal=57%	
QUINIDINE ACTION PATHWAY%SMPDB%SMP0000323	QUINIDINE ACTION PATHWAY%SMPDB%SMP0000323		20	-0.32212323	-0.88946897	0.62763464	0.86941856	1.0	2569	tags=45%, list=21%, signal=57%	
LEARNING OR MEMORY%GOBP%GO:0007611	LEARNING OR MEMORY%GOBP%GO:0007611		62	-0.24952902	-0.8885396	0.6764706	0.87098545	1.0	1260	tags=18%, list=10%, signal=20%	
MEMBRANE LIPID METABOLIC PROCESS%GOBP%GO:0006643	MEMBRANE LIPID METABOLIC PROCESS%GOBP%GO:0006643		130	-0.2162738	-0.88826835	0.75803405	0.8708981	1.0	1902	tags=16%, list=16%, signal=19%	
INTRACELLULAR ZINC ION HOMEOSTASIS%GOBP%GO:0006882	INTRACELLULAR ZINC ION HOMEOSTASIS%GOBP%GO:0006882		20	-0.3171337	-0.8869673	0.6107306	0.8733913	1.0	2686	tags=40%, list=22%, signal=51%	
GAMETE GENERATION%GOBP%GO:0007276	GAMETE GENERATION%GOBP%GO:0007276		195	-0.20700358	-0.88680714	0.8389262	0.8730283	1.0	2446	tags=23%, list=20%, signal=28%	
PLATELET HOMEOSTASIS%REACTOME DATABASE ID RELEASE 93%418346	PLATELET HOMEOSTASIS%REACTOME DATABASE ID RELEASE 93%418346		46	-0.26342446	-0.8867426	0.69430053	0.8724286	1.0	2867	tags=33%, list=24%, signal=43%	
METABOLIC PATHWAYS OF FIBROBLASTS%WIKIPATHWAYS_20250810%WP5312%HOMO SAPIENS	METABOLIC PATHWAYS OF FIBROBLASTS%WIKIPATHWAYS_20250810%WP5312%HOMO SAPIENS		16	-0.33550802	-0.8865121	0.6282486	0.8722535	1.0	1488	tags=25%, list=12%, signal=28%	
ESTABLISHMENT OF MITOTIC SPINDLE ORIENTATION%GOBP%GO:0000132	ESTABLISHMENT OF MITOTIC SPINDLE ORIENTATION%GOBP%GO:0000132		26	-0.29843515	-0.88642544	0.6298544	0.8717091	1.0	549	tags=12%, list=5%, signal=12%	
EFFECTS OF MFN2 MUTATION%WIKIPATHWAYS_20250810%WP5443%HOMO SAPIENS	EFFECTS OF MFN2 MUTATION%WIKIPATHWAYS_20250810%WP5443%HOMO SAPIENS		19	-0.32335225	-0.88630074	0.6349584	0.8712684	1.0	2389	tags=26%, list=20%, signal=33%	
HEDGEHOG SIGNALING%WIKIPATHWAYS_20250810%WP4249%HOMO SAPIENS	HEDGEHOG SIGNALING%WIKIPATHWAYS_20250810%WP4249%HOMO SAPIENS		27	-0.2935941	-0.88617665	0.64484847	0.8708215	1.0	1639	tags=22%, list=14%, signal=26%	
PENBUTOLOL ACTION PATHWAY%SMPDB%SMP0000305	PENBUTOLOL ACTION PATHWAY%SMPDB%SMP0000305		20	-0.32212323	-0.885713	0.6396292	0.87127906	1.0	2569	tags=45%, list=21%, signal=57%	
SYNTHESIS OF CERAMIDES AND 1 DEOXYCERAMIDES%WIKIPATHWAYS_20250810%WP5194%HOMO SAPIENS	SYNTHESIS OF CERAMIDES AND 1 DEOXYCERAMIDES%WIKIPATHWAYS_20250810%WP5194%HOMO SAPIENS		15	-0.33894968	-0.8848812	0.6269488	0.87256044	1.0	2405	tags=33%, list=20%, signal=42%	
NUCLEOTIDE TRANSPORT%GOBP%GO:0006862	NUCLEOTIDE TRANSPORT%GOBP%GO:0006862		28	-0.2882472	-0.8843772	0.6621287	0.8730208	1.0	1974	tags=25%, list=16%, signal=30%	
NEGATIVE REGULATION OF DNA METABOLIC PROCESS%GOBP%GO:0051053	NEGATIVE REGULATION OF DNA METABOLIC PROCESS%GOBP%GO:0051053		85	-0.23225686	-0.88389635	0.71875	0.873446	1.0	2092	tags=21%, list=17%, signal=25%	
COMPLEX IV ASSEMBLY%REACTOME%R-HSA-9864848.2	COMPLEX IV ASSEMBLY%REACTOME%R-HSA-9864848.2		37	-0.27509096	-0.88387656	0.66313	0.8727442	1.0	3396	tags=41%, list=28%, signal=56%	
HOMOLOGY DIRECTED REPAIR%REACTOME%R-HSA-5693538.4	HOMOLOGY DIRECTED REPAIR%REACTOME%R-HSA-5693538.4		95	-0.22758304	-0.8838554	0.7553018	0.87204975	1.0	2745	tags=25%, list=23%, signal=32%	
BILE ACID AND BILE SALT METABOLISM%REACTOME%R-HSA-194068.3	BILE ACID AND BILE SALT METABOLISM%REACTOME%R-HSA-194068.3		23	-0.30865195	-0.88385195	0.6472727	0.8713096	1.0	2882	tags=48%, list=24%, signal=63%	
RUNX2 REGULATES BONE DEVELOPMENT%REACTOME%R-HSA-8941326.2	RUNX2 REGULATES BONE DEVELOPMENT%REACTOME%R-HSA-8941326.2		21	-0.30670384	-0.8834951	0.6479532	0.87144035	1.0	2671	tags=43%, list=22%, signal=55%	
SEPARATION OF SISTER CHROMATIDS%REACTOME%R-HSA-2467813.4	SEPARATION OF SISTER CHROMATIDS%REACTOME%R-HSA-2467813.4		147	-0.21555737	-0.88331705	0.7928287	0.8711317	1.0	2014	tags=22%, list=17%, signal=27%	
VESICLE DOCKING INVOLVED IN EXOCYTOSIS%GOBP%GO:0006904	VESICLE DOCKING INVOLVED IN EXOCYTOSIS%GOBP%GO:0006904		25	-0.30361685	-0.8815197	0.6457565	0.8747604	1.0	1888	tags=28%, list=16%, signal=33%	
RESPONSE TO AMINO ACID STARVATION%GOBP%GO:1990928	RESPONSE TO AMINO ACID STARVATION%GOBP%GO:1990928		44	-0.2657116	-0.881163	0.66933334	0.8748902	1.0	1224	tags=14%, list=10%, signal=15%	
RIBOSOME DISASSEMBLY%GOBP%GO:0032790	RIBOSOME DISASSEMBLY%GOBP%GO:0032790		32	-0.28420988	-0.8807811	0.64641553	0.87509304	1.0	966	tags=16%, list=8%, signal=17%	
VESICLE TRANSPORT ALONG MICROTUBULE%GOBP%GO:0047496	VESICLE TRANSPORT ALONG MICROTUBULE%GOBP%GO:0047496		34	-0.27725345	-0.88064104	0.6771242	0.87469184	1.0	3573	tags=50%, list=30%, signal=71%	
GLYCEROLIPID CATABOLIC PROCESS%GOBP%GO:0046503	GLYCEROLIPID CATABOLIC PROCESS%GOBP%GO:0046503		31	-0.28297797	-0.8801747	0.6787565	0.8751145	1.0	2068	tags=29%, list=17%, signal=35%	
FATTY ACID BIOSYNTHESIS%WIKIPATHWAYS_20250810%WP357%HOMO SAPIENS	FATTY ACID BIOSYNTHESIS%WIKIPATHWAYS_20250810%WP357%HOMO SAPIENS		16	-0.3399813	-0.8800523	0.6289017	0.8746567	1.0	1470	tags=25%, list=12%, signal=28%	
REGULATION OF NUCLEAR BETA CATENIN SIGNALING AND TARGET GENE TRANSCRIPTION%PATHWAY INTERACTION DATABASE NCI-NATURE CURATED DATA%REGULATION OF NUCLEAR BETA CATENIN SIGNALING AND TARGET GENE TRANSCRIPTION	REGULATION OF NUCLEAR BETA CATENIN SIGNALING AND TARGET GENE TRANSCRIPTION%PATHWAY INTERACTION DATABASE NCI-NATURE CURATED DATA%REGULATION OF NUCLEAR BETA CATENIN SIGNALING AND TARGET GENE TRANSCRIPTION		55	-0.25143802	-0.87980795	0.70128024	0.8745016	1.0	1236	tags=18%, list=10%, signal=20%	
ANAPHASE-PROMOTING COMPLEX-DEPENDENT CATABOLIC PROCESS%GOBP%GO:0031145	ANAPHASE-PROMOTING COMPLEX-DEPENDENT CATABOLIC PROCESS%GOBP%GO:0031145		20	-0.31663623	-0.8795394	0.6240876	0.87440336	1.0	1397	tags=15%, list=12%, signal=17%	
SIGNALING BY FGFR%REACTOME%R-HSA-190236.4	SIGNALING BY FGFR%REACTOME%R-HSA-190236.4		61	-0.24548781	-0.8795356	0.69650984	0.8736696	1.0	262	tags=7%, list=2%, signal=7%	
REGULATION OF CARDIAC MUSCLE HYPERTROPHY%GOBP%GO:0010611	REGULATION OF CARDIAC MUSCLE HYPERTROPHY%GOBP%GO:0010611		24	-0.30201828	-0.8778688	0.6386861	0.87694514	1.0	295	tags=13%, list=2%, signal=13%	
CARBOXYLIC ACID TRANSMEMBRANE TRANSPORT%GOBP%GO:1905039	CARBOXYLIC ACID TRANSMEMBRANE TRANSPORT%GOBP%GO:1905039		66	-0.24027538	-0.87705106	0.72883785	0.87815726	1.0	1460	tags=18%, list=12%, signal=21%	
GLYCOGEN METABOLISM%REACTOME%R-HSA-8982491.3	GLYCOGEN METABOLISM%REACTOME%R-HSA-8982491.3		21	-0.31030712	-0.8759341	0.66589326	0.8800349	1.0	915	tags=19%, list=8%, signal=21%	
DNA BIOSYNTHETIC PROCESS%GOBP%GO:0071897	DNA BIOSYNTHETIC PROCESS%GOBP%GO:0071897		55	-0.2498224	-0.87544346	0.7167382	0.8805008	1.0	2523	tags=29%, list=21%, signal=37%	
LEPTIN%IOB%LEPTIN	LEPTIN%IOB%LEPTIN		21	-0.30472004	-0.8752531	0.6373365	0.88020104	1.0	894	tags=14%, list=7%, signal=15%	
PHOSPHATIDYLINOSITOL BIOSYNTHETIC PROCESS%GOBP%GO:0006661	PHOSPHATIDYLINOSITOL BIOSYNTHETIC PROCESS%GOBP%GO:0006661		86	-0.22756994	-0.87461436	0.74150664	0.8809866	1.0	2832	tags=24%, list=24%, signal=32%	
ESTABLISHMENT OF MITOTIC SPINDLE LOCALIZATION%GOBP%GO:0040001	ESTABLISHMENT OF MITOTIC SPINDLE LOCALIZATION%GOBP%GO:0040001		31	-0.2806037	-0.87355256	0.65914786	0.88277316	1.0	1856	tags=19%, list=15%, signal=23%	
REGULATION OF MICROTUBULE NUCLEATION%GOBP%GO:0010968	REGULATION OF MICROTUBULE NUCLEATION%GOBP%GO:0010968		18	-0.31879482	-0.8735516	0.6479532	0.88203317	1.0	2637	tags=33%, list=22%, signal=43%	
GERM CELL DEVELOPMENT%GOBP%GO:0007281	GERM CELL DEVELOPMENT%GOBP%GO:0007281		91	-0.22593656	-0.8730828	0.7710652	0.8823881	1.0	2417	tags=22%, list=20%, signal=27%	
NONHOMOLOGOUS END-JOINING (NHEJ)%REACTOME%R-HSA-5693571.3	NONHOMOLOGOUS END-JOINING (NHEJ)%REACTOME%R-HSA-5693571.3		30	-0.28410852	-0.87204427	0.6981865	0.8840969	1.0	2745	tags=30%, list=23%, signal=39%	
ABERRANT REGULATION OF MITOTIC EXIT IN CANCER DUE TO RB1 DEFECTS%REACTOME DATABASE ID RELEASE 93%9687136	ABERRANT REGULATION OF MITOTIC EXIT IN CANCER DUE TO RB1 DEFECTS%REACTOME DATABASE ID RELEASE 93%9687136		20	-0.3130721	-0.8708807	0.6614832	0.88605005	1.0	3725	tags=45%, list=31%, signal=65%	
MEMORY%GOBP%GO:0007613	MEMORY%GOBP%GO:0007613		34	-0.27520514	-0.8694876	0.7009103	0.8885865	1.0	1146	tags=18%, list=10%, signal=19%	
NEGATIVE REGULATION OF TRANSFORMING GROWTH FACTOR BETA RECEPTOR SIGNALING PATHWAY%GOBP%GO:0030512	NEGATIVE REGULATION OF TRANSFORMING GROWTH FACTOR BETA RECEPTOR SIGNALING PATHWAY%GOBP%GO:0030512		65	-0.23603626	-0.8690638	0.7560241	0.88879555	1.0	3181	tags=35%, list=26%, signal=48%	
POSITIVE REGULATION OF G1/S TRANSITION OF MITOTIC CELL CYCLE%GOBP%GO:1900087	POSITIVE REGULATION OF G1/S TRANSITION OF MITOTIC CELL CYCLE%GOBP%GO:1900087		27	-0.28951943	-0.868779	0.6783555	0.888694	1.0	473	tags=11%, list=4%, signal=12%	
REGULATION OF PROTEIN NEDDYLATION%GOBP%GO:2000434	REGULATION OF PROTEIN NEDDYLATION%GOBP%GO:2000434		16	-0.33706638	-0.8686819	0.64294046	0.8881751	1.0	2884	tags=31%, list=24%, signal=41%	
EMBRYONIC HEART TUBE MORPHOGENESIS%GOBP%GO:0003143	EMBRYONIC HEART TUBE MORPHOGENESIS%GOBP%GO:0003143		25	-0.28879347	-0.86862963	0.6638037	0.88754505	1.0	1487	tags=20%, list=12%, signal=23%	
MONOCARBOXYLIC ACID CATABOLIC PROCESS%GOBP%GO:0072329	MONOCARBOXYLIC ACID CATABOLIC PROCESS%GOBP%GO:0072329		72	-0.23432577	-0.8685788	0.7543582	0.8869255	1.0	2254	tags=21%, list=19%, signal=25%	
ADHERENS JUNCTION ORGANIZATION%GOBP%GO:0034332	ADHERENS JUNCTION ORGANIZATION%GOBP%GO:0034332		28	-0.28224865	-0.8682996	0.6682692	0.88681453	1.0	2378	tags=32%, list=20%, signal=40%	
BETA-CATENIN PHOSPHORYLATION CASCADE%REACTOME%R-HSA-196299.3	BETA-CATENIN PHOSPHORYLATION CASCADE%REACTOME%R-HSA-196299.3		17	-0.3189578	-0.86660373	0.6461717	0.89002085	1.0	3047	tags=47%, list=25%, signal=63%	
POST-GOLGI VESICLE-MEDIATED TRANSPORT%GOBP%GO:0006892	POST-GOLGI VESICLE-MEDIATED TRANSPORT%GOBP%GO:0006892		87	-0.2265519	-0.86649936	0.8016129	0.8895179	1.0	2347	tags=25%, list=19%, signal=31%	
BODY MORPHOGENESIS%GOBP%GO:0010171	BODY MORPHOGENESIS%GOBP%GO:0010171		15	-0.33341873	-0.86505693	0.64551425	0.8921707	1.0	1630	tags=27%, list=14%, signal=31%	
INOSITOL PHOSPHATE METABOLIC PROCESS%GOBP%GO:0043647	INOSITOL PHOSPHATE METABOLIC PROCESS%GOBP%GO:0043647		17	-0.32382262	-0.8638302	0.6635623	0.894254	1.0	3754	tags=41%, list=31%, signal=60%	
REGULATION OF MONOATOMIC ION TRANSMEMBRANE TRANSPORTER ACTIVITY%GOBP%GO:0032412	REGULATION OF MONOATOMIC ION TRANSMEMBRANE TRANSPORTER ACTIVITY%GOBP%GO:0032412		33	-0.27035618	-0.86375517	0.66753924	0.89368993	1.0	1951	tags=27%, list=16%, signal=32%	
NOTCH4 INTRACELLULAR DOMAIN REGULATES TRANSCRIPTION%REACTOME DATABASE ID RELEASE 93%9013695	NOTCH4 INTRACELLULAR DOMAIN REGULATES TRANSCRIPTION%REACTOME DATABASE ID RELEASE 93%9013695		16	-0.32634404	-0.86313134	0.6567481	0.8943476	1.0	2810	tags=50%, list=23%, signal=65%	
GPI ANCHOR METABOLIC PROCESS%GOBP%GO:0006505	GPI ANCHOR METABOLIC PROCESS%GOBP%GO:0006505		24	-0.29824278	-0.86255586	0.6559803	0.8949432	1.0	767	tags=13%, list=6%, signal=13%	
REGULATION OF NOTCH SIGNALING PATHWAY%GOBP%GO:0008593	REGULATION OF NOTCH SIGNALING PATHWAY%GOBP%GO:0008593		51	-0.24954413	-0.8617654	0.7291066	0.8960208	1.0	2114	tags=24%, list=18%, signal=28%	
POLYSACCHARIDE CATABOLIC PROCESS%GOBP%GO:0000272	POLYSACCHARIDE CATABOLIC PROCESS%GOBP%GO:0000272		16	-0.32520884	-0.8615817	0.650933	0.8957075	1.0	2050	tags=25%, list=17%, signal=30%	
DNA REPLICATION CHECKPOINT SIGNALING%GOBP%GO:0000076	DNA REPLICATION CHECKPOINT SIGNALING%GOBP%GO:0000076		18	-0.31528416	-0.86047035	0.6793981	0.8974542	1.0	3896	tags=39%, list=32%, signal=57%	
CONVERSION FROM APC C:CDC20 TO APC C:CDH1 IN LATE ANAPHASE%REACTOME DATABASE ID RELEASE 93%176407	CONVERSION FROM APC C:CDC20 TO APC C:CDH1 IN LATE ANAPHASE%REACTOME DATABASE ID RELEASE 93%176407		20	-0.30503252	-0.85992354	0.6837806	0.8979409	1.0	3624	tags=40%, list=30%, signal=57%	
PROCESSIVE SYNTHESIS ON THE LAGGING STRAND%REACTOME%R-HSA-69183.4	PROCESSIVE SYNTHESIS ON THE LAGGING STRAND%REACTOME%R-HSA-69183.4		15	-0.32458618	-0.859887	0.668533	0.897284	1.0	2181	tags=27%, list=18%, signal=33%	
REGULATION OF MECP2 EXPRESSION AND ACTIVITY%REACTOME%R-HSA-9022692.2	REGULATION OF MECP2 EXPRESSION AND ACTIVITY%REACTOME%R-HSA-9022692.2		25	-0.29195964	-0.85923254	0.6782178	0.8980332	1.0	1300	tags=16%, list=11%, signal=18%	
LIPID OXIDATION%GOBP%GO:0034440	LIPID OXIDATION%GOBP%GO:0034440		57	-0.24367116	-0.85884446	0.7408492	0.8981852	1.0	2254	tags=21%, list=19%, signal=26%	
GPI ANCHOR BIOSYNTHETIC PROCESS%GOBP%GO:0006506	GPI ANCHOR BIOSYNTHETIC PROCESS%GOBP%GO:0006506		24	-0.29824278	-0.85836935	0.6780488	0.8985178	1.0	767	tags=13%, list=6%, signal=13%	
NEGATIVE REGULATION OF GENE EXPRESSION, EPIGENETIC%GOBP%GO:0045814	NEGATIVE REGULATION OF GENE EXPRESSION, EPIGENETIC%GOBP%GO:0045814		108	-0.21663478	-0.85731494	0.83389264	0.9001958	1.0	2093	tags=19%, list=17%, signal=23%	
ATM PATHWAY%PATHWAY INTERACTION DATABASE NCI-NATURE CURATED DATA%ATM PATHWAY	ATM PATHWAY%PATHWAY INTERACTION DATABASE NCI-NATURE CURATED DATA%ATM PATHWAY		30	-0.27470654	-0.8563905	0.69634145	0.9015346	1.0	1548	tags=20%, list=13%, signal=23%	
DISEASES ASSOCIATED WITH GLYCOSAMINOGLYCAN METABOLISM%REACTOME%R-HSA-3560782.5	DISEASES ASSOCIATED WITH GLYCOSAMINOGLYCAN METABOLISM%REACTOME%R-HSA-3560782.5		28	-0.2817869	-0.8559718	0.6811224	0.90175486	1.0	1568	tags=21%, list=13%, signal=25%	
GLUCAN CATABOLIC PROCESS%GOBP%GO:0009251	GLUCAN CATABOLIC PROCESS%GOBP%GO:0009251		16	-0.32520884	-0.85552895	0.6751947	0.90199536	1.0	2050	tags=25%, list=17%, signal=30%	
BIOCARTA_CARM_ER_PATHWAY%MSIGDB_C2%BIOCARTA_CARM_ER_PATHWAY	BIOCARTA_CARM_ER_PATHWAY%MSIGDB_C2%BIOCARTA_CARM_ER_PATHWAY		21	-0.30461398	-0.8550437	0.69820356	0.9023105	1.0	810	tags=10%, list=7%, signal=10%	
EPIGENETIC REGULATION OF GENE EXPRESSION%GOBP%GO:0040029	EPIGENETIC REGULATION OF GENE EXPRESSION%GOBP%GO:0040029		173	-0.20229207	-0.85485196	0.8997821	0.9020086	1.0	2093	tags=18%, list=17%, signal=22%	
CELLULAR RESPONSE TO AMINO ACID STIMULUS%GOBP%GO:0071230	CELLULAR RESPONSE TO AMINO ACID STIMULUS%GOBP%GO:0071230		32	-0.2722549	-0.8547437	0.7019608	0.901498	1.0	2445	tags=28%, list=20%, signal=35%	
GLYCOGEN CATABOLIC PROCESS%GOBP%GO:0005980	GLYCOGEN CATABOLIC PROCESS%GOBP%GO:0005980		16	-0.32520884	-0.85415727	0.68233943	0.9020249	1.0	2050	tags=25%, list=17%, signal=30%	
VESICLE CYTOSKELETAL TRAFFICKING%GOBP%GO:0099518	VESICLE CYTOSKELETAL TRAFFICKING%GOBP%GO:0099518		39	-0.26255506	-0.85408276	0.7411924	0.90144926	1.0	3721	tags=49%, list=31%, signal=70%	
CILIUM MOVEMENT INVOLVED IN CELL MOTILITY%GOBP%GO:0060294	CILIUM MOVEMENT INVOLVED IN CELL MOTILITY%GOBP%GO:0060294		41	-0.25898454	-0.8540568	0.73614776	0.9007691	1.0	2618	tags=27%, list=22%, signal=34%	
ORGANIC ACID TRANSMEMBRANE TRANSPORT%GOBP%GO:1903825	ORGANIC ACID TRANSMEMBRANE TRANSPORT%GOBP%GO:1903825		68	-0.23266754	-0.8534195	0.7759398	0.90147376	1.0	1460	tags=18%, list=12%, signal=20%	
REGULATION OF ACTIN FILAMENT BUNDLE ASSEMBLY%GOBP%GO:0032231	REGULATION OF ACTIN FILAMENT BUNDLE ASSEMBLY%GOBP%GO:0032231		68	-0.23373327	-0.8524116	0.7781109	0.90295684	1.0	1726	tags=19%, list=14%, signal=22%	
PROTEIN BRANCHED POLYUBIQUITINATION%GOBP%GO:0141198	PROTEIN BRANCHED POLYUBIQUITINATION%GOBP%GO:0141198		19	-0.30760762	-0.8523947	0.6840855	0.9022597	1.0	3624	tags=42%, list=30%, signal=60%	
REGULATION OF GLYCOGEN METABOLIC PROCESS%GOBP%GO:0070873	REGULATION OF GLYCOGEN METABOLIC PROCESS%GOBP%GO:0070873		21	-0.30236843	-0.85037905	0.67368424	0.90597624	1.0	1308	tags=24%, list=11%, signal=27%	
POSITIVE REGULATION OF INSULIN SECRETION%GOBP%GO:0032024	POSITIVE REGULATION OF INSULIN SECRETION%GOBP%GO:0032024		28	-0.281056	-0.85011274	0.6978508	0.90582263	1.0	1369	tags=18%, list=11%, signal=20%	
FATTY-ACYL-COA BIOSYNTHETIC PROCESS%GOBP%GO:0046949	FATTY-ACYL-COA BIOSYNTHETIC PROCESS%GOBP%GO:0046949		19	-0.30232906	-0.8495361	0.69380736	0.9063379	1.0	3147	tags=42%, list=26%, signal=57%	
REGULATION OF CYTOPLASMIC TRANSLATION%GOBP%GO:2000765	REGULATION OF CYTOPLASMIC TRANSLATION%GOBP%GO:2000765		30	-0.2784531	-0.84940934	0.7221511	0.9058803	1.0	2977	tags=37%, list=25%, signal=49%	
REGULATION OF ENDOGENOUS RETROELEMENTS BY KRAB-ZFP PROTEINS%REACTOME%R-HSA-9843940.1	REGULATION OF ENDOGENOUS RETROELEMENTS BY KRAB-ZFP PROTEINS%REACTOME%R-HSA-9843940.1		46	-0.2508481	-0.84907246	0.75372124	0.9058969	1.0	3282	tags=30%, list=27%, signal=42%	
METABOTROPIC GLUTAMATE RECEPTOR GROUP II PATHWAY%PANTHER PATHWAY%P00040	METABOTROPIC GLUTAMATE RECEPTOR GROUP II PATHWAY%PANTHER PATHWAY%P00040		23	-0.2927337	-0.8489751	0.6839623	0.9053659	1.0	1689	tags=17%, list=14%, signal=20%	
POSITIVE REGULATION OF LAMELLIPODIUM ORGANIZATION%GOBP%GO:1902745	POSITIVE REGULATION OF LAMELLIPODIUM ORGANIZATION%GOBP%GO:1902745		25	-0.2870762	-0.84837145	0.71630293	0.90592813	1.0	2062	tags=28%, list=17%, signal=34%	
S1P RECEPTOR SIGNAL TRANSDUCTION%WIKIPATHWAYS_20250810%WP26%HOMO SAPIENS	S1P RECEPTOR SIGNAL TRANSDUCTION%WIKIPATHWAYS_20250810%WP26%HOMO SAPIENS		17	-0.32001847	-0.84817666	0.7072331	0.90562266	1.0	1094	tags=24%, list=9%, signal=26%	
REGULATION OF TRANSMEMBRANE TRANSPORTER ACTIVITY%GOBP%GO:0022898	REGULATION OF TRANSMEMBRANE TRANSPORTER ACTIVITY%GOBP%GO:0022898		34	-0.26635686	-0.84805006	0.7215026	0.905166	1.0	1951	tags=26%, list=16%, signal=32%	
NUCLEAR RECEPTOR-MEDIATED SIGNALING PATHWAY%GOBP%GO:0141193	NUCLEAR RECEPTOR-MEDIATED SIGNALING PATHWAY%GOBP%GO:0141193		56	-0.23905161	-0.84712195	0.76203966	0.90645766	1.0	2535	tags=32%, list=21%, signal=41%	
REGULATION OF MITF-M-DEPENDENT GENES INVOLVED IN PIGMENTATION%REACTOME DATABASE ID RELEASE 93%9824585	REGULATION OF MITF-M-DEPENDENT GENES INVOLVED IN PIGMENTATION%REACTOME DATABASE ID RELEASE 93%9824585		29	-0.2753164	-0.84640586	0.71681416	0.90724194	1.0	908	tags=14%, list=8%, signal=15%	
DUAL INCISION IN GG-NER%REACTOME DATABASE ID RELEASE 93%5696400	DUAL INCISION IN GG-NER%REACTOME DATABASE ID RELEASE 93%5696400		41	-0.25044844	-0.8456721	0.7328671	0.9081187	1.0	2523	tags=27%, list=21%, signal=34%	
LAMELLIPODIUM ASSEMBLY%GOBP%GO:0030032	LAMELLIPODIUM ASSEMBLY%GOBP%GO:0030032		19	-0.30702746	-0.84418917	0.68848485	0.91058826	1.0	1647	tags=21%, list=14%, signal=24%	
E-CADHERIN SIGNALING IN THE NASCENT ADHERENS JUNCTION%PATHWAY INTERACTION DATABASE NCI-NATURE CURATED DATA%E-CADHERIN SIGNALING IN THE NASCENT ADHERENS JUNCTION	E-CADHERIN SIGNALING IN THE NASCENT ADHERENS JUNCTION%PATHWAY INTERACTION DATABASE NCI-NATURE CURATED DATA%E-CADHERIN SIGNALING IN THE NASCENT ADHERENS JUNCTION		35	-0.26496398	-0.84406817	0.7067004	0.91010475	1.0	2572	tags=31%, list=21%, signal=40%	
ENTRAINMENT OF CIRCADIAN CLOCK%GOBP%GO:0009649	ENTRAINMENT OF CIRCADIAN CLOCK%GOBP%GO:0009649		20	-0.29806438	-0.84390783	0.6963227	0.90969867	1.0	246	tags=10%, list=2%, signal=10%	
REGULATION OF RNA SPLICING%GOBP%GO:0043484	REGULATION OF RNA SPLICING%GOBP%GO:0043484		150	-0.2030489	-0.84312284	0.89279115	0.9106373	1.0	1312	tags=13%, list=11%, signal=14%	
PROTEIN LOCALIZATION TO VACUOLE%GOBP%GO:0072665	PROTEIN LOCALIZATION TO VACUOLE%GOBP%GO:0072665		61	-0.23410368	-0.8427562	0.8008535	0.9107005	1.0	2314	tags=28%, list=19%, signal=34%	
LIPID MODIFICATION%GOBP%GO:0030258	LIPID MODIFICATION%GOBP%GO:0030258		91	-0.21624771	-0.8418142	0.8297162	0.91194814	1.0	2741	tags=24%, list=23%, signal=31%	
MONOATOMIC ANION TRANSMEMBRANE TRANSPORT%GOBP%GO:0098656	MONOATOMIC ANION TRANSMEMBRANE TRANSPORT%GOBP%GO:0098656		34	-0.2686692	-0.841489	0.7414698	0.91187966	1.0	1177	tags=12%, list=10%, signal=13%	
REGULATION OF CARTILAGE DEVELOPMENT%GOBP%GO:0061035	REGULATION OF CARTILAGE DEVELOPMENT%GOBP%GO:0061035		20	-0.30144772	-0.8411472	0.69186044	0.9118684	1.0	746	tags=15%, list=6%, signal=16%	
SPINDLE LOCALIZATION%GOBP%GO:0051653	SPINDLE LOCALIZATION%GOBP%GO:0051653		42	-0.25403222	-0.8400535	0.7719054	0.9134775	1.0	823	tags=12%, list=7%, signal=13%	
POLYOL METABOLIC PROCESS%GOBP%GO:0019751	POLYOL METABOLIC PROCESS%GOBP%GO:0019751		52	-0.24063125	-0.83986974	0.76462585	0.913133	1.0	1001	tags=13%, list=8%, signal=15%	
D-GLUCOSE TRANSMEMBRANE TRANSPORT%GOBP%GO:1904659	D-GLUCOSE TRANSMEMBRANE TRANSPORT%GOBP%GO:1904659		16	-0.3208012	-0.8397822	0.66936415	0.9125992	1.0	2929	tags=44%, list=24%, signal=58%	
LIPOPROTEIN BIOSYNTHETIC PROCESS%GOBP%GO:0042158	LIPOPROTEIN BIOSYNTHETIC PROCESS%GOBP%GO:0042158		26	-0.28051865	-0.83872527	0.74349445	0.91402406	1.0	1390	tags=19%, list=12%, signal=22%	
REGULATION OF D-GLUCOSE IMPORT%GOBP%GO:0046324	REGULATION OF D-GLUCOSE IMPORT%GOBP%GO:0046324		25	-0.2812822	-0.8384853	0.72283274	0.91381115	1.0	1664	tags=24%, list=14%, signal=28%	
PROTEIN-PROTEIN INTERACTIONS AT SYNAPSES%REACTOME%R-HSA-6794362.6	PROTEIN-PROTEIN INTERACTIONS AT SYNAPSES%REACTOME%R-HSA-6794362.6		47	-0.24386692	-0.8383801	0.771831	0.91330075	1.0	1040	tags=13%, list=9%, signal=14%	
PROTEIN LOCALIZATION TO PHAGOPHORE ASSEMBLY SITE%GOBP%GO:0034497	PROTEIN LOCALIZATION TO PHAGOPHORE ASSEMBLY SITE%GOBP%GO:0034497		16	-0.3169245	-0.83778775	0.7036199	0.9138271	1.0	884	tags=13%, list=7%, signal=13%	
ETHER LIPID METABOLIC PROCESS%GOBP%GO:0046485	ETHER LIPID METABOLIC PROCESS%GOBP%GO:0046485		15	-0.31725428	-0.83714175	0.6773455	0.91444635	1.0	2891	tags=53%, list=24%, signal=70%	
RESPONSE TO ESTROGEN%GOBP%GO:0043627	RESPONSE TO ESTROGEN%GOBP%GO:0043627		25	-0.28329206	-0.8364009	0.7197531	0.91525894	1.0	877	tags=20%, list=7%, signal=22%	
MICROTUBULE POLYMERIZATION OR DEPOLYMERIZATION%GOBP%GO:0031109	MICROTUBULE POLYMERIZATION OR DEPOLYMERIZATION%GOBP%GO:0031109		43	-0.2466325	-0.8351217	0.7653846	0.91711473	1.0	1691	tags=19%, list=14%, signal=22%	
ENTRAINMENT OF CIRCADIAN CLOCK BY PHOTOPERIOD%GOBP%GO:0043153	ENTRAINMENT OF CIRCADIAN CLOCK BY PHOTOPERIOD%GOBP%GO:0043153		18	-0.30696207	-0.8347201	0.705036	0.9172011	1.0	246	tags=11%, list=2%, signal=11%	
HEXOSE TRANSMEMBRANE TRANSPORT%GOBP%GO:0008645	HEXOSE TRANSMEMBRANE TRANSPORT%GOBP%GO:0008645		18	-0.30031916	-0.8343537	0.70746636	0.91722137	1.0	2929	tags=39%, list=24%, signal=51%	
APC-CDC20 MEDIATED DEGRADATION OF NEK2A%REACTOME%R-HSA-179409.5	APC-CDC20 MEDIATED DEGRADATION OF NEK2A%REACTOME%R-HSA-179409.5		26	-0.28152964	-0.8328265	0.7323775	0.9196032	1.0	1606	tags=19%, list=13%, signal=22%	
REGULATION OF INSULIN SECRETION%REACTOME%R-HSA-422356.6	REGULATION OF INSULIN SECRETION%REACTOME%R-HSA-422356.6		39	-0.2548907	-0.83231586	0.76086956	0.9199166	1.0	2077	tags=23%, list=17%, signal=28%	
JNK CASCADE%GOBP%GO:0007254	JNK CASCADE%GOBP%GO:0007254		28	-0.27356827	-0.8320154	0.7352941	0.91979635	1.0	970	tags=14%, list=8%, signal=16%	
TRANSLOCATION OF SLC2A4 (GLUT4) TO THE PLASMA MEMBRANE%REACTOME%R-HSA-1445148.4	TRANSLOCATION OF SLC2A4 (GLUT4) TO THE PLASMA MEMBRANE%REACTOME%R-HSA-1445148.4		49	-0.23993193	-0.83184755	0.772973	0.9194153	1.0	1970	tags=22%, list=16%, signal=27%	
KETONE METABOLIC PROCESS%GOBP%GO:0042180	KETONE METABOLIC PROCESS%GOBP%GO:0042180		46	-0.24562502	-0.83180773	0.7962963	0.9187635	1.0	1713	tags=22%, list=14%, signal=25%	
INTRACELLULAR PROTEIN TRANSMEMBRANE TRANSPORT%GOBP%GO:0065002	INTRACELLULAR PROTEIN TRANSMEMBRANE TRANSPORT%GOBP%GO:0065002		24	-0.28139248	-0.831731	0.7400722	0.91819334	1.0	3815	tags=33%, list=32%, signal=49%	
HEMATOPOIETIC STEM CELL GENE REGULATION BY GABP ALPHA BETA COMPLEX%WIKIPATHWAYS_20250810%WP3657%HOMO SAPIENS	HEMATOPOIETIC STEM CELL GENE REGULATION BY GABP ALPHA BETA COMPLEX%WIKIPATHWAYS_20250810%WP3657%HOMO SAPIENS		15	-0.31795081	-0.83106524	0.7060159	0.91879696	1.0	1639	tags=27%, list=14%, signal=31%	
PRIMARY OVARIAN INSUFFICIENCY%WIKIPATHWAYS_20250810%WP5461%HOMO SAPIENS	PRIMARY OVARIAN INSUFFICIENCY%WIKIPATHWAYS_20250810%WP5461%HOMO SAPIENS		66	-0.22920254	-0.8307586	0.8253275	0.91868097	1.0	748	tags=14%, list=6%, signal=14%	
PEPTIDYL-SERINE MODIFICATION%GOBP%GO:0018209	PEPTIDYL-SERINE MODIFICATION%GOBP%GO:0018209		35	-0.2608456	-0.8303731	0.73607427	0.9187625	1.0	1365	tags=14%, list=11%, signal=16%	
PROCESSING OF DNA DOUBLE-STRAND BREAK ENDS%REACTOME%R-HSA-5693607.4	PROCESSING OF DNA DOUBLE-STRAND BREAK ENDS%REACTOME%R-HSA-5693607.4		58	-0.23159245	-0.8274308	0.81857765	0.9239471	1.0	2284	tags=21%, list=19%, signal=25%	
POSITIVE REGULATION OF SYNAPSE ASSEMBLY%GOBP%GO:0051965	POSITIVE REGULATION OF SYNAPSE ASSEMBLY%GOBP%GO:0051965		20	-0.29286212	-0.82658225	0.72619045	0.92489624	1.0	304	tags=10%, list=3%, signal=10%	
PID_P73PATHWAY%MSIGDB_C2%PID_P73PATHWAY	PID_P73PATHWAY%MSIGDB_C2%PID_P73PATHWAY		58	-0.23429938	-0.8264196	0.8373134	0.9244791	1.0	725	tags=10%, list=6%, signal=11%	
REGULATION OF ERAD PATHWAY%GOBP%GO:1904292	REGULATION OF ERAD PATHWAY%GOBP%GO:1904292		21	-0.29278392	-0.8256939	0.7411765	0.9251881	1.0	1802	tags=24%, list=15%, signal=28%	
MICROTUBULE BUNDLE FORMATION%GOBP%GO:0001578	MICROTUBULE BUNDLE FORMATION%GOBP%GO:0001578		45	-0.24266133	-0.8253078	0.79634464	0.9252208	1.0	1826	tags=20%, list=15%, signal=23%	
ESTABLISHMENT OF SPINDLE LOCALIZATION%GOBP%GO:0051293	ESTABLISHMENT OF SPINDLE LOCALIZATION%GOBP%GO:0051293		41	-0.24695095	-0.82223684	0.7880435	0.93048877	1.0	549	tags=10%, list=5%, signal=10%	
REGULATION OF RAS FAMILY ACTIVATION%PATHWAY INTERACTION DATABASE NCI-NATURE CURATED DATA%REGULATION OF RAS FAMILY ACTIVATION	REGULATION OF RAS FAMILY ACTIVATION%PATHWAY INTERACTION DATABASE NCI-NATURE CURATED DATA%REGULATION OF RAS FAMILY ACTIVATION		22	-0.28475872	-0.82192904	0.74452555	0.9303509	1.0	3240	tags=41%, list=27%, signal=56%	
TARGET OF RAPAMYCIN SIGNALING%WIKIPATHWAYS_20250810%WP1471%HOMO SAPIENS	TARGET OF RAPAMYCIN SIGNALING%WIKIPATHWAYS_20250810%WP1471%HOMO SAPIENS		30	-0.26344493	-0.82159615	0.745828	0.93028253	1.0	1550	tags=23%, list=13%, signal=27%	
GOLGI ORGANIZATION%GOBP%GO:0007030	GOLGI ORGANIZATION%GOBP%GO:0007030		106	-0.20691961	-0.8207127	0.9110738	0.93125266	1.0	2542	tags=22%, list=21%, signal=27%	
VASCULAR TRANSPORT%GOBP%GO:0010232	VASCULAR TRANSPORT%GOBP%GO:0010232		56	-0.23240371	-0.82044	0.8338068	0.9310516	1.0	2105	tags=21%, list=17%, signal=26%	
AUTOPHAGY OF PEROXISOME%GOBP%GO:0030242	AUTOPHAGY OF PEROXISOME%GOBP%GO:0030242		15	-0.31845856	-0.81890154	0.72273785	0.9333055	1.0	1612	tags=20%, list=13%, signal=23%	
HIPPO SIGNALING%GOBP%GO:0035329	HIPPO SIGNALING%GOBP%GO:0035329		21	-0.2923247	-0.81864685	0.7550535	0.9330591	1.0	1456	tags=24%, list=12%, signal=27%	
RESPONSE TO IONIZING RADIATION%GOBP%GO:0010212	RESPONSE TO IONIZING RADIATION%GOBP%GO:0010212		80	-0.21763626	-0.8186238	0.8732171	0.9323711	1.0	2394	tags=23%, list=20%, signal=28%	
TP53 REGULATES TRANSCRIPTION OF ADDITIONAL CELL CYCLE GENES WHOSE EXACT ROLE IN THE P53 PATHWAY REMAIN UNCERTAIN%REACTOME DATABASE ID RELEASE 93%6804115	TP53 REGULATES TRANSCRIPTION OF ADDITIONAL CELL CYCLE GENES WHOSE EXACT ROLE IN THE P53 PATHWAY REMAIN UNCERTAIN%REACTOME DATABASE ID RELEASE 93%6804115		19	-0.2940243	-0.81815106	0.7322655	0.9325549	1.0	1132	tags=16%, list=9%, signal=17%	
RETROGRADE TRANSPORT, ENDOSOME TO GOLGI%GOBP%GO:0042147	RETROGRADE TRANSPORT, ENDOSOME TO GOLGI%GOBP%GO:0042147		72	-0.22274041	-0.81812197	0.852459	0.9318806	1.0	2725	tags=26%, list=23%, signal=34%	
TGF_BETA_RECEPTOR%IOB%TGF_BETA_RECEPTOR	TGF_BETA_RECEPTOR%IOB%TGF_BETA_RECEPTOR		112	-0.2081031	-0.8171444	0.8888889	0.9329974	1.0	2465	tags=24%, list=20%, signal=30%	
TRANSPORT ACROSS BLOOD-BRAIN BARRIER%GOBP%GO:0150104	TRANSPORT ACROSS BLOOD-BRAIN BARRIER%GOBP%GO:0150104		56	-0.23240371	-0.8168087	0.83150685	0.93290514	1.0	2105	tags=21%, list=17%, signal=26%	
PEXOPHAGY%GOBP%GO:0000425	PEXOPHAGY%GOBP%GO:0000425		15	-0.31845856	-0.81641716	0.6982456	0.93291706	1.0	1612	tags=20%, list=13%, signal=23%	
DEGRADATION OF BETA CATENIN%PATHWAY INTERACTION DATABASE NCI-NATURE CURATED DATA%DEGRADATION OF BETA CATENIN	DEGRADATION OF BETA CATENIN%PATHWAY INTERACTION DATABASE NCI-NATURE CURATED DATA%DEGRADATION OF BETA CATENIN		16	-0.3085843	-0.816036	0.7094907	0.9329255	1.0	1222	tags=25%, list=10%, signal=28%	
SIGNALING BY NTRK2 (TRKB)%REACTOME%R-HSA-9006115.3	SIGNALING BY NTRK2 (TRKB)%REACTOME%R-HSA-9006115.3		18	-0.30033615	-0.8159495	0.71835804	0.9323645	1.0	2190	tags=33%, list=18%, signal=41%	
CHLORIDE TRANSPORT%GOBP%GO:0006821	CHLORIDE TRANSPORT%GOBP%GO:0006821		38	-0.24854231	-0.8158581	0.7786561	0.9318126	1.0	1381	tags=13%, list=11%, signal=15%	
SIGNALING MEDIATED BY P38-ALPHA AND P38-BETA%PATHWAY INTERACTION DATABASE NCI-NATURE CURATED DATA%SIGNALING MEDIATED BY P38-ALPHA AND P38-BETA	SIGNALING MEDIATED BY P38-ALPHA AND P38-BETA%PATHWAY INTERACTION DATABASE NCI-NATURE CURATED DATA%SIGNALING MEDIATED BY P38-ALPHA AND P38-BETA		34	-0.25626433	-0.81584495	0.78233033	0.9311156	1.0	2630	tags=35%, list=22%, signal=45%	
PHAGOCYTOSIS, ENGULFMENT%GOBP%GO:0006911	PHAGOCYTOSIS, ENGULFMENT%GOBP%GO:0006911		15	-0.31345454	-0.8157131	0.71316963	0.93064314	1.0	276	tags=13%, list=2%, signal=14%	
POSITIVE REGULATION OF RNA SPLICING%GOBP%GO:0033120	POSITIVE REGULATION OF RNA SPLICING%GOBP%GO:0033120		27	-0.27014926	-0.8151804	0.7582017	0.93092316	1.0	262	tags=7%, list=2%, signal=8%	
PRESENILIN ACTION IN NOTCH AND WNT SIGNALING%PATHWAY INTERACTION DATABASE NCI-NATURE CURATED DATA%PRESENILIN ACTION IN NOTCH AND WNT SIGNALING	PRESENILIN ACTION IN NOTCH AND WNT SIGNALING%PATHWAY INTERACTION DATABASE NCI-NATURE CURATED DATA%PRESENILIN ACTION IN NOTCH AND WNT SIGNALING		39	-0.25001037	-0.8149032	0.79002625	0.9307239	1.0	1487	tags=18%, list=12%, signal=20%	
PHOTOPERIODISM%GOBP%GO:0009648	PHOTOPERIODISM%GOBP%GO:0009648		19	-0.2999505	-0.8148799	0.7322468	0.9300457	1.0	246	tags=11%, list=2%, signal=11%	
MUSCARINIC ACETYLCHOLINE RECEPTOR 1 AND 3 SIGNALING PATHWAY%PANTHER PATHWAY%P00042	MUSCARINIC ACETYLCHOLINE RECEPTOR 1 AND 3 SIGNALING PATHWAY%PANTHER PATHWAY%P00042		22	-0.27979386	-0.8138286	0.74590164	0.93130094	1.0	3597	tags=41%, list=30%, signal=58%	
METABOTROPIC GLUTAMATE RECEPTOR GROUP III PATHWAY%PANTHER PATHWAY%P00039	METABOTROPIC GLUTAMATE RECEPTOR GROUP III PATHWAY%PANTHER PATHWAY%P00039		26	-0.2742018	-0.81369036	0.74296206	0.93083924	1.0	3484	tags=38%, list=29%, signal=54%	
SUMOYLATION OF INTRACELLULAR RECEPTORS%REACTOME%R-HSA-4090294.5	SUMOYLATION OF INTRACELLULAR RECEPTORS%REACTOME%R-HSA-4090294.5		21	-0.28599083	-0.81298614	0.7531866	0.93141025	1.0	1522	tags=19%, list=13%, signal=22%	
REGULATION OF TRANSPORTER ACTIVITY%GOBP%GO:0032409	REGULATION OF TRANSPORTER ACTIVITY%GOBP%GO:0032409		37	-0.25184846	-0.81268066	0.7758847	0.93124	1.0	924	tags=16%, list=8%, signal=18%	
REGULATION OF CALCIUM ION-DEPENDENT EXOCYTOSIS%GOBP%GO:0017158	REGULATION OF CALCIUM ION-DEPENDENT EXOCYTOSIS%GOBP%GO:0017158		17	-0.29747894	-0.8115362	0.7377622	0.9326438	1.0	2116	tags=35%, list=18%, signal=43%	
SULFUR COMPOUND TRANSPORT%GOBP%GO:0072348	SULFUR COMPOUND TRANSPORT%GOBP%GO:0072348		34	-0.2524556	-0.8108062	0.77879584	0.93325156	1.0	3479	tags=38%, list=29%, signal=54%	
PROCESSIVE SYNTHESIS ON THE C-STRAND OF THE TELOMERE%REACTOME DATABASE ID RELEASE 93%174414	PROCESSIVE SYNTHESIS ON THE C-STRAND OF THE TELOMERE%REACTOME DATABASE ID RELEASE 93%174414		19	-0.2913233	-0.8106665	0.74480367	0.9327882	1.0	2181	tags=26%, list=18%, signal=32%	
NEGATIVE REGULATION OF DOUBLE-STRAND BREAK REPAIR%GOBP%GO:2000780	NEGATIVE REGULATION OF DOUBLE-STRAND BREAK REPAIR%GOBP%GO:2000780		27	-0.2717341	-0.8105355	0.76969695	0.93230724	1.0	2547	tags=22%, list=21%, signal=28%	
RHOQ GTPASE CYCLE%REACTOME DATABASE ID RELEASE 93%9013406	RHOQ GTPASE CYCLE%REACTOME DATABASE ID RELEASE 93%9013406		57	-0.22782853	-0.81008965	0.832618	0.93239707	1.0	2109	tags=25%, list=18%, signal=30%	
FC-EPSILON RECEPTOR SIGNALING PATHWAY%GOBP%GO:0038095	FC-EPSILON RECEPTOR SIGNALING PATHWAY%GOBP%GO:0038095		19	-0.29144603	-0.80914426	0.74344355	0.9334401	1.0	2190	tags=21%, list=18%, signal=26%	
AUTOPHAGOSOME ASSEMBLY%GOBP%GO:0000045	AUTOPHAGOSOME ASSEMBLY%GOBP%GO:0000045		61	-0.22799654	-0.8086521	0.8557423	0.9336419	1.0	986	tags=10%, list=8%, signal=11%	
REMOVAL OF THE FLAP INTERMEDIATE FROM THE C-STRAND%REACTOME DATABASE ID RELEASE 93%174437	REMOVAL OF THE FLAP INTERMEDIATE FROM THE C-STRAND%REACTOME DATABASE ID RELEASE 93%174437		17	-0.30631742	-0.80803263	0.7347174	0.9340175	1.0	2181	tags=29%, list=18%, signal=36%	
TGFBR3 EXPRESSION%REACTOME DATABASE ID RELEASE 93%9839394	TGFBR3 EXPRESSION%REACTOME DATABASE ID RELEASE 93%9839394		20	-0.2910978	-0.80760056	0.7393365	0.93409365	1.0	1300	tags=15%, list=11%, signal=17%	
MELANOSOME ASSEMBLY%GOBP%GO:1903232	MELANOSOME ASSEMBLY%GOBP%GO:1903232		18	-0.29632518	-0.80759877	0.7447796	0.93338203	1.0	2314	tags=33%, list=19%, signal=41%	
SIGNALING BY FLT3 FUSION PROTEINS%REACTOME DATABASE ID RELEASE 93%9703465	SIGNALING BY FLT3 FUSION PROTEINS%REACTOME DATABASE ID RELEASE 93%9703465		16	-0.30531228	-0.80719775	0.739905	0.9333915	1.0	2190	tags=44%, list=18%, signal=53%	
NEGATIVE REGULATION OF TELOMERE MAINTENANCE VIA TELOMERE LENGTHENING%GOBP%GO:1904357	NEGATIVE REGULATION OF TELOMERE MAINTENANCE VIA TELOMERE LENGTHENING%GOBP%GO:1904357		23	-0.27543753	-0.80635816	0.77819085	0.9341885	1.0	2005	tags=26%, list=17%, signal=31%	
MONOSACCHARIDE TRANSMEMBRANE TRANSPORT%GOBP%GO:0015749	MONOSACCHARIDE TRANSMEMBRANE TRANSPORT%GOBP%GO:0015749		19	-0.29054874	-0.80561835	0.7583333	0.93478143	1.0	2929	tags=37%, list=24%, signal=49%	
REGULATION OF SMOOTHENED SIGNALING PATHWAY%GOBP%GO:0008589	REGULATION OF SMOOTHENED SIGNALING PATHWAY%GOBP%GO:0008589		39	-0.24512689	-0.8052294	0.8013423	0.9347525	1.0	1771	tags=18%, list=15%, signal=21%	
REGULATION OF MICROTUBULE DEPOLYMERIZATION%GOBP%GO:0031114	REGULATION OF MICROTUBULE DEPOLYMERIZATION%GOBP%GO:0031114		20	-0.28424537	-0.8027556	0.7491082	0.9384269	1.0	1122	tags=20%, list=9%, signal=22%	
PID_E2F_PATHWAY%MSIGDB_C2%PID_E2F_PATHWAY	PID_E2F_PATHWAY%MSIGDB_C2%PID_E2F_PATHWAY		54	-0.23025846	-0.8019354	0.8404993	0.9391658	1.0	2540	tags=30%, list=21%, signal=37%	
NEGATIVE REGULATION OF OSSIFICATION%GOBP%GO:0030279	NEGATIVE REGULATION OF OSSIFICATION%GOBP%GO:0030279		19	-0.28904694	-0.79997325	0.7597633	0.94184667	1.0	2472	tags=37%, list=21%, signal=46%	
HETEROTRIMERIC G-PROTEIN SIGNALING PATHWAY-GQ ALPHA AND GO ALPHA MEDIATED PATHWAY%PANTHER PATHWAY%P00027	HETEROTRIMERIC G-PROTEIN SIGNALING PATHWAY-GQ ALPHA AND GO ALPHA MEDIATED PATHWAY%PANTHER PATHWAY%P00027		35	-0.24866845	-0.7996788	0.78436315	0.9416334	1.0	3602	tags=43%, list=30%, signal=61%	
FOXO-MEDIATED TRANSCRIPTION OF CELL CYCLE GENES%REACTOME%R-HSA-9617828.2	FOXO-MEDIATED TRANSCRIPTION OF CELL CYCLE GENES%REACTOME%R-HSA-9617828.2		15	-0.3042582	-0.79721636	0.75635105	0.94517165	1.0	2600	tags=47%, list=22%, signal=59%	
FAMILIAL PARTIAL LIPODYSTROPHY%WIKIPATHWAYS_20250810%WP5102%HOMO SAPIENS	FAMILIAL PARTIAL LIPODYSTROPHY%WIKIPATHWAYS_20250810%WP5102%HOMO SAPIENS		16	-0.30290407	-0.79619175	0.7749713	0.94619805	1.0	1714	tags=25%, list=14%, signal=29%	
PATHWAYS INTO METHIONINE AND FOLATE CYCLES%WIKIPATHWAYS_20250810%WP5488%HOMO SAPIENS	PATHWAYS INTO METHIONINE AND FOLATE CYCLES%WIKIPATHWAYS_20250810%WP5488%HOMO SAPIENS		23	-0.2767419	-0.7947612	0.78606355	0.94796824	1.0	3267	tags=30%, list=27%, signal=42%	
MITOTIC CYTOKINETIC PROCESS%GOBP%GO:1902410	MITOTIC CYTOKINETIC PROCESS%GOBP%GO:1902410		28	-0.26107994	-0.7944016	0.78903455	0.9478578	1.0	161	tags=7%, list=1%, signal=7%	
REGULATION OF MUSCLE ADAPTATION%GOBP%GO:0043502	REGULATION OF MUSCLE ADAPTATION%GOBP%GO:0043502		28	-0.261273	-0.793778	0.78967255	0.9481778	1.0	2019	tags=25%, list=17%, signal=30%	
PHOSPHATIDYLINOSITOL PHOSPHATE BIOSYNTHETIC PROCESS%GOBP%GO:0046854	PHOSPHATIDYLINOSITOL PHOSPHATE BIOSYNTHETIC PROCESS%GOBP%GO:0046854		31	-0.25180027	-0.7937483	0.8031496	0.94751304	1.0	2312	tags=26%, list=19%, signal=32%	
EARLY ENDOSOME TO LATE ENDOSOME TRANSPORT%GOBP%GO:0045022	EARLY ENDOSOME TO LATE ENDOSOME TRANSPORT%GOBP%GO:0045022		23	-0.27750835	-0.7933219	0.77190876	0.9475399	1.0	418	tags=9%, list=3%, signal=9%	
THERMOGENESIS%WIKIPATHWAYS_20250810%WP4321%HOMO SAPIENS	THERMOGENESIS%WIKIPATHWAYS_20250810%WP4321%HOMO SAPIENS		75	-0.2141432	-0.793254	0.8985916	0.9469371	1.0	1767	tags=15%, list=15%, signal=17%	
NEURAL TUBE CLOSURE%GOBP%GO:0001843	NEURAL TUBE CLOSURE%GOBP%GO:0001843		29	-0.25885496	-0.79287857	0.7962963	0.94686115	1.0	464	tags=10%, list=4%, signal=11%	
AUTOPHAGOSOME ORGANIZATION%GOBP%GO:1905037	AUTOPHAGOSOME ORGANIZATION%GOBP%GO:1905037		65	-0.21634966	-0.7915733	0.8839286	0.948368	1.0	1612	tags=14%, list=13%, signal=16%	
RUNX1 INTERACTS WITH CO-FACTORS WHOSE PRECISE EFFECT ON RUNX1 TARGETS IS NOT KNOWN%REACTOME%R-HSA-8939243.3	RUNX1 INTERACTS WITH CO-FACTORS WHOSE PRECISE EFFECT ON RUNX1 TARGETS IS NOT KNOWN%REACTOME%R-HSA-8939243.3		34	-0.24831986	-0.7908154	0.8271144	0.9489187	1.0	3259	tags=29%, list=27%, signal=40%	
DUAL INCISION IN TC-NER%REACTOME%R-HSA-6782135.4	DUAL INCISION IN TC-NER%REACTOME%R-HSA-6782135.4		63	-0.21848944	-0.79056716	0.8689655	0.9486187	1.0	1672	tags=14%, list=14%, signal=17%	
CELLULAR RESPONSE TO MISFOLDED PROTEIN%GOBP%GO:0071218	CELLULAR RESPONSE TO MISFOLDED PROTEIN%GOBP%GO:0071218		15	-0.30101526	-0.79009926	0.76836157	0.9486585	1.0	1633	tags=27%, list=14%, signal=31%	
SIGNALING BY PDGFR IN DISEASE%REACTOME DATABASE ID RELEASE 93%9671555	SIGNALING BY PDGFR IN DISEASE%REACTOME DATABASE ID RELEASE 93%9671555		15	-0.31096342	-0.78920585	0.7540046	0.9493792	1.0	2190	tags=53%, list=18%, signal=65%	
SIALIC ACID METABOLISM%REACTOME DATABASE ID RELEASE 93%4085001	SIALIC ACID METABOLISM%REACTOME DATABASE ID RELEASE 93%4085001		23	-0.27415738	-0.7891428	0.784217	0.9487605	1.0	2638	tags=35%, list=22%, signal=44%	
DNA METHYLATION-DEPENDENT CONSTITUTIVE HETEROCHROMATIN FORMATION%GOBP%GO:0006346	DNA METHYLATION-DEPENDENT CONSTITUTIVE HETEROCHROMATIN FORMATION%GOBP%GO:0006346		19	-0.28672466	-0.78907365	0.7704918	0.9481576	1.0	4157	tags=42%, list=35%, signal=64%	
RHO GTPASES ACTIVATE PAKS%REACTOME%R-HSA-5627123.4	RHO GTPASES ACTIVATE PAKS%REACTOME%R-HSA-5627123.4		20	-0.28018796	-0.78721035	0.7810219	0.9504837	1.0	690	tags=10%, list=6%, signal=11%	
POSITIVE EPIGENETIC REGULATION OF RRNA EXPRESSION%REACTOME DATABASE ID RELEASE 93%5250913	POSITIVE EPIGENETIC REGULATION OF RRNA EXPRESSION%REACTOME DATABASE ID RELEASE 93%5250913		42	-0.2396175	-0.7866752	0.842953	0.9506156	1.0	4158	tags=36%, list=35%, signal=54%	
TUBE CLOSURE%GOBP%GO:0060606	TUBE CLOSURE%GOBP%GO:0060606		29	-0.25885496	-0.78616935	0.817527	0.95068735	1.0	464	tags=10%, list=4%, signal=11%	
VESICLE TARGETING%GOBP%GO:0006903	VESICLE TARGETING%GOBP%GO:0006903		54	-0.22507171	-0.7859806	0.85254693	0.95025307	1.0	2994	tags=30%, list=25%, signal=39%	
NEGATIVE REGULATION OF DNA REPAIR%GOBP%GO:0045738	NEGATIVE REGULATION OF DNA REPAIR%GOBP%GO:0045738		29	-0.25699827	-0.7856661	0.8099379	0.95004535	1.0	2547	tags=21%, list=21%, signal=26%	
REGULATION OF STEM CELL PROLIFERATION%GOBP%GO:0072091	REGULATION OF STEM CELL PROLIFERATION%GOBP%GO:0072091		19	-0.28422844	-0.7856313	0.7787709	0.94938695	1.0	3129	tags=37%, list=26%, signal=50%	
PHOSPHATIDIC ACID METABOLIC PROCESS%GOBP%GO:0046473	PHOSPHATIDIC ACID METABOLIC PROCESS%GOBP%GO:0046473		25	-0.2654003	-0.7852836	0.8015564	0.94925374	1.0	2145	tags=28%, list=18%, signal=34%	
RESPIRATORY SYNCYTIAL VIRUS (RSV) GENOME REPLICATION, TRANSCRIPTION AND TRANSLATION%REACTOME%R-HSA-9820965.1	RESPIRATORY SYNCYTIAL VIRUS (RSV) GENOME REPLICATION, TRANSCRIPTION AND TRANSLATION%REACTOME%R-HSA-9820965.1		17	-0.29644254	-0.7843682	0.77627116	0.9499953	1.0	1028	tags=18%, list=9%, signal=19%	
PHOSPHATIDYLINOSITOL DEPHOSPHORYLATION%GOBP%GO:0046856	PHOSPHATIDYLINOSITOL DEPHOSPHORYLATION%GOBP%GO:0046856		16	-0.2970524	-0.7834865	0.769802	0.9506906	1.0	4416	tags=56%, list=37%, signal=89%	
CYTOCHROME COMPLEX ASSEMBLY%GOBP%GO:0017004	CYTOCHROME COMPLEX ASSEMBLY%GOBP%GO:0017004		30	-0.2570862	-0.78247565	0.8115055	0.9516065	1.0	3142	tags=37%, list=26%, signal=49%	
LAMIVUDINE METABOLISM PATHWAY%PATHWHIZ%PW000625	LAMIVUDINE METABOLISM PATHWAY%PATHWHIZ%PW000625		15	-0.3028961	-0.78082657	0.7830189	0.9534819	1.0	1489	tags=20%, list=12%, signal=23%	
RESPIRATORY SYNCYTIAL VIRUS (RSV) ATTACHMENT AND ENTRY%REACTOME%R-HSA-9820960.2	RESPIRATORY SYNCYTIAL VIRUS (RSV) ATTACHMENT AND ENTRY%REACTOME%R-HSA-9820960.2		18	-0.28620192	-0.77805614	0.7691441	0.95702183	1.0	1568	tags=22%, list=13%, signal=26%	
CYTOKINETIC PROCESS%GOBP%GO:0032506	CYTOKINETIC PROCESS%GOBP%GO:0032506		41	-0.23772709	-0.777855	0.8358209	0.95663404	1.0	570	tags=10%, list=5%, signal=10%	
DE NOVO PURINE BIOSYNTHESIS%PANTHER PATHWAY%P02738	DE NOVO PURINE BIOSYNTHESIS%PANTHER PATHWAY%P02738		21	-0.27306628	-0.77571356	0.7969838	0.9591701	1.0	1475	tags=19%, list=12%, signal=22%	
SPERM MOTILITY%GOBP%GO:0097722	SPERM MOTILITY%GOBP%GO:0097722		38	-0.2355878	-0.7740206	0.8539604	0.9610231	1.0	2350	tags=24%, list=20%, signal=29%	
POSITIVE REGULATION OF TRANSFORMING GROWTH FACTOR BETA RECEPTOR SIGNALING PATHWAY%GOBP%GO:0030511	POSITIVE REGULATION OF TRANSFORMING GROWTH FACTOR BETA RECEPTOR SIGNALING PATHWAY%GOBP%GO:0030511		21	-0.27103207	-0.77377033	0.81796116	0.9606885	1.0	2898	tags=38%, list=24%, signal=50%	
P53 PATHWAY BY GLUCOSE DEPRIVATION%PANTHER PATHWAY%P04397	P53 PATHWAY BY GLUCOSE DEPRIVATION%PANTHER PATHWAY%P04397		19	-0.27791932	-0.77292883	0.7997616	0.96122754	1.0	2740	tags=26%, list=23%, signal=34%	
PROTEIN DEPHOSPHORYLATION%GOBP%GO:0006470	PROTEIN DEPHOSPHORYLATION%GOBP%GO:0006470		69	-0.21067645	-0.7725582	0.90834695	0.9610592	1.0	444	tags=7%, list=4%, signal=7%	
EXOCYTIC PROCESS%GOBP%GO:0140029	EXOCYTIC PROCESS%GOBP%GO:0140029		33	-0.24805701	-0.77238166	0.843871	0.9606018	1.0	1888	tags=21%, list=16%, signal=25%	
RENIN ANGIOTENSIN ALDOSTERONE SYSTEM RAAS %WIKIPATHWAYS_20250810%WP4756%HOMO SAPIENS	RENIN ANGIOTENSIN ALDOSTERONE SYSTEM RAAS %WIKIPATHWAYS_20250810%WP4756%HOMO SAPIENS		16	-0.2968054	-0.77186996	0.8009592	0.9606456	1.0	295	tags=13%, list=2%, signal=13%	
SIGNALING BY RETINOIC ACID%REACTOME%R-HSA-5362517.5	SIGNALING BY RETINOIC ACID%REACTOME%R-HSA-5362517.5		29	-0.2520111	-0.7717218	0.8403869	0.9601524	1.0	1807	tags=21%, list=15%, signal=24%	
REGULATION OF DOUBLE-STRAND BREAK REPAIR%GOBP%GO:2000779	REGULATION OF DOUBLE-STRAND BREAK REPAIR%GOBP%GO:2000779		111	-0.19480857	-0.7716785	0.9560633	0.9595034	1.0	2547	tags=22%, list=21%, signal=27%	
REGULATION OF NEURONAL SYNAPTIC PLASTICITY%GOBP%GO:0048168	REGULATION OF NEURONAL SYNAPTIC PLASTICITY%GOBP%GO:0048168		24	-0.26566106	-0.7713577	0.82587665	0.9592596	1.0	2707	tags=33%, list=22%, signal=43%	
REGULATION OF CDH1 GENE TRANSCRIPTION%REACTOME DATABASE ID RELEASE 93%9764560	REGULATION OF CDH1 GENE TRANSCRIPTION%REACTOME DATABASE ID RELEASE 93%9764560		37	-0.2388942	-0.7712083	0.84410644	0.95875543	1.0	3268	tags=35%, list=27%, signal=48%	
RETINOIC ACID RECEPTORS-MEDIATED SIGNALING%PATHWAY INTERACTION DATABASE NCI-NATURE CURATED DATA%RETINOIC ACID RECEPTORS-MEDIATED SIGNALING	RETINOIC ACID RECEPTORS-MEDIATED SIGNALING%PATHWAY INTERACTION DATABASE NCI-NATURE CURATED DATA%RETINOIC ACID RECEPTORS-MEDIATED SIGNALING		28	-0.25432515	-0.77099746	0.8278481	0.95836234	1.0	2465	tags=29%, list=20%, signal=36%	
HS-GAG DEGRADATION%REACTOME DATABASE ID RELEASE 93%2024096	HS-GAG DEGRADATION%REACTOME DATABASE ID RELEASE 93%2024096		15	-0.29110685	-0.7688667	0.79147464	0.96074504	1.0	2303	tags=27%, list=19%, signal=33%	
VASOPRESSIN REGULATED WATER REABSORPTION%WIKIPATHWAYS_20250810%WP5085%HOMO SAPIENS	VASOPRESSIN REGULATED WATER REABSORPTION%WIKIPATHWAYS_20250810%WP5085%HOMO SAPIENS		28	-0.2549519	-0.7663557	0.8524173	0.96366596	1.0	1549	tags=11%, list=13%, signal=12%	
SPERMATOGENESIS%GOBP%GO:0007283	SPERMATOGENESIS%GOBP%GO:0007283		148	-0.18239444	-0.76635414	0.98031497	0.9629616	1.0	2417	tags=22%, list=20%, signal=28%	
REGULATION OF DNA-TEMPLATED TRANSCRIPTION INITIATION%GOBP%GO:2000142	REGULATION OF DNA-TEMPLATED TRANSCRIPTION INITIATION%GOBP%GO:2000142		71	-0.20589755	-0.76615673	0.9219219	0.9625269	1.0	2875	tags=24%, list=24%, signal=31%	
CDC42 SIGNALING EVENTS%PATHWAY INTERACTION DATABASE NCI-NATURE CURATED DATA%CDC42 SIGNALING EVENTS	CDC42 SIGNALING EVENTS%PATHWAY INTERACTION DATABASE NCI-NATURE CURATED DATA%CDC42 SIGNALING EVENTS		62	-0.21173787	-0.76397717	0.9293233	0.96489394	1.0	3578	tags=37%, list=30%, signal=53%	
REGULATION OF PROTEIN EXIT FROM ENDOPLASMIC RETICULUM%GOBP%GO:0070861	REGULATION OF PROTEIN EXIT FROM ENDOPLASMIC RETICULUM%GOBP%GO:0070861		19	-0.27765906	-0.763584	0.80115604	0.96473217	1.0	2255	tags=26%, list=19%, signal=32%	
FLAGELLATED SPERM MOTILITY%GOBP%GO:0030317	FLAGELLATED SPERM MOTILITY%GOBP%GO:0030317		38	-0.2355878	-0.76344967	0.8787097	0.9642135	1.0	2350	tags=24%, list=20%, signal=29%	
REGULATION OF CYCLIN-DEPENDENT PROTEIN SERINE/THREONINE KINASE ACTIVITY%GOBP%GO:0000079	REGULATION OF CYCLIN-DEPENDENT PROTEIN SERINE/THREONINE KINASE ACTIVITY%GOBP%GO:0000079		30	-0.24445774	-0.7633891	0.8433584	0.96359134	1.0	2031	tags=20%, list=17%, signal=24%	
GPI ANCHORED PROTEIN BIOSYNTHESIS%GOBP%GO:0180046	GPI ANCHORED PROTEIN BIOSYNTHESIS%GOBP%GO:0180046		28	-0.2538374	-0.76307595	0.8477467	0.96332884	1.0	767	tags=11%, list=6%, signal=11%	
THIOESTER BIOSYNTHETIC PROCESS%GOBP%GO:0035384	THIOESTER BIOSYNTHETIC PROCESS%GOBP%GO:0035384		30	-0.24655463	-0.76298416	0.85103625	0.96275246	1.0	1590	tags=20%, list=13%, signal=23%	
POSITIVE REGULATION OF CELLULAR RESPONSE TO TRANSFORMING GROWTH FACTOR BETA STIMULUS%GOBP%GO:1903846	POSITIVE REGULATION OF CELLULAR RESPONSE TO TRANSFORMING GROWTH FACTOR BETA STIMULUS%GOBP%GO:1903846		21	-0.27103207	-0.7626552	0.8357143	0.96249783	1.0	2898	tags=38%, list=24%, signal=50%	
AMYLOID PRECURSOR PROTEIN METABOLIC PROCESS%GOBP%GO:0042982	AMYLOID PRECURSOR PROTEIN METABOLIC PROCESS%GOBP%GO:0042982		19	-0.27705684	-0.76263654	0.83065516	0.9618173	1.0	2072	tags=32%, list=17%, signal=38%	
PROTEIN NEDDYLATION%GOBP%GO:0045116	PROTEIN NEDDYLATION%GOBP%GO:0045116		20	-0.26897925	-0.7623544	0.829559	0.96149915	1.0	1014	tags=15%, list=8%, signal=16%	
ACYL-COA BIOSYNTHETIC PROCESS%GOBP%GO:0071616	ACYL-COA BIOSYNTHETIC PROCESS%GOBP%GO:0071616		30	-0.24655463	-0.76093864	0.8448928	0.9627719	1.0	1590	tags=20%, list=13%, signal=23%	
VESICLE-MEDIATED TRANSPORT TO THE PLASMA MEMBRANE%GOBP%GO:0098876	VESICLE-MEDIATED TRANSPORT TO THE PLASMA MEMBRANE%GOBP%GO:0098876		106	-0.19158395	-0.7606464	0.9711375	0.9624608	1.0	2349	tags=21%, list=20%, signal=26%	
REGULATION OF RAC PROTEIN SIGNAL TRANSDUCTION%GOBP%GO:0035020	REGULATION OF RAC PROTEIN SIGNAL TRANSDUCTION%GOBP%GO:0035020		22	-0.266244	-0.7605954	0.8083141	0.961833	1.0	2190	tags=27%, list=18%, signal=33%	
ZINC ION TRANSPORT%GOBP%GO:0006829	ZINC ION TRANSPORT%GOBP%GO:0006829		19	-0.28001052	-0.75998634	0.82167834	0.9619518	1.0	2686	tags=42%, list=22%, signal=54%	
BIOCARTA_CTCF_PATHWAY%MSIGDB_C2%BIOCARTA_CTCF_PATHWAY	BIOCARTA_CTCF_PATHWAY%MSIGDB_C2%BIOCARTA_CTCF_PATHWAY		17	-0.28463787	-0.75893945	0.8034682	0.9626663	1.0	2031	tags=29%, list=17%, signal=35%	
REGULATION OF BMP SIGNALING PATHWAY%GOBP%GO:0030510	REGULATION OF BMP SIGNALING PATHWAY%GOBP%GO:0030510		38	-0.23367706	-0.7584357	0.87564105	0.9626626	1.0	630	tags=13%, list=5%, signal=14%	
MOTILE CILIUM ASSEMBLY%GOBP%GO:0044458	MOTILE CILIUM ASSEMBLY%GOBP%GO:0044458		25	-0.25493383	-0.7575459	0.8220339	0.9631573	1.0	2306	tags=28%, list=19%, signal=35%	
VPR-MEDIATED NUCLEAR IMPORT OF PICS%REACTOME%R-HSA-180910.4	VPR-MEDIATED NUCLEAR IMPORT OF PICS%REACTOME%R-HSA-180910.4		28	-0.25168177	-0.7565928	0.84818065	0.9637476	1.0	1822	tags=25%, list=15%, signal=29%	
CHONDROITIN SULFATE PROTEOGLYCAN BIOSYNTHETIC PROCESS%GOBP%GO:0050650	CHONDROITIN SULFATE PROTEOGLYCAN BIOSYNTHETIC PROCESS%GOBP%GO:0050650		19	-0.27270895	-0.75523525	0.8232503	0.96484613	1.0	1380	tags=21%, list=11%, signal=24%	
PRE-NOTCH EXPRESSION AND PROCESSING%REACTOME DATABASE ID RELEASE 93%1912422	PRE-NOTCH EXPRESSION AND PROCESSING%REACTOME DATABASE ID RELEASE 93%1912422		47	-0.21819258	-0.75289524	0.9065934	0.9672022	1.0	2739	tags=28%, list=23%, signal=36%	
INTERACTIONS OF VPR WITH HOST CELLULAR PROTEINS%REACTOME%R-HSA-176033.4	INTERACTIONS OF VPR WITH HOST CELLULAR PROTEINS%REACTOME%R-HSA-176033.4		31	-0.23995747	-0.7521586	0.8500635	0.9674717	1.0	1822	tags=23%, list=15%, signal=27%	
COTRANSLATIONAL PROTEIN TARGETING TO MEMBRANE%GOBP%GO:0006613	COTRANSLATIONAL PROTEIN TARGETING TO MEMBRANE%GOBP%GO:0006613		18	-0.28188556	-0.7520063	0.83116883	0.9669696	1.0	2297	tags=28%, list=19%, signal=34%	
NEURAL NUCLEUS DEVELOPMENT%GOBP%GO:0048857	NEURAL NUCLEUS DEVELOPMENT%GOBP%GO:0048857		33	-0.24082354	-0.751838	0.8830846	0.96648663	1.0	2256	tags=24%, list=19%, signal=30%	
REGULATION OF MICROTUBULE-BASED MOVEMENT%GOBP%GO:0060632	REGULATION OF MICROTUBULE-BASED MOVEMENT%GOBP%GO:0060632		21	-0.26366663	-0.75138056	0.81578946	0.9663696	1.0	2306	tags=29%, list=19%, signal=35%	
PPAR SIGNALING%WIKIPATHWAYS_20250810%WP3942%HOMO SAPIENS	PPAR SIGNALING%WIKIPATHWAYS_20250810%WP3942%HOMO SAPIENS		22	-0.26122168	-0.75119686	0.8311377	0.965916	1.0	2413	tags=32%, list=20%, signal=40%	
VESICLE-MEDIATED TRANSPORT BETWEEN ENDOSOMAL COMPARTMENTS%GOBP%GO:0098927	VESICLE-MEDIATED TRANSPORT BETWEEN ENDOSOMAL COMPARTMENTS%GOBP%GO:0098927		27	-0.2493705	-0.7505177	0.8785276	0.9661007	1.0	418	tags=7%, list=3%, signal=8%	
RAB GEFS EXCHANGE GTP FOR GDP ON RABS%REACTOME DATABASE ID RELEASE 93%8876198	RAB GEFS EXCHANGE GTP FOR GDP ON RABS%REACTOME DATABASE ID RELEASE 93%8876198		81	-0.19885482	-0.7497369	0.93217665	0.96637523	1.0	2787	tags=22%, list=23%, signal=29%	
SUMOYLATION OF CHROMATIN ORGANIZATION PROTEINS%REACTOME%R-HSA-4551638.7	SUMOYLATION OF CHROMATIN ORGANIZATION PROTEINS%REACTOME%R-HSA-4551638.7		48	-0.22101066	-0.74956405	0.8868458	0.9658941	1.0	1822	tags=19%, list=15%, signal=22%	
ORGANELLE TRANSPORT ALONG MICROTUBULE%GOBP%GO:0072384	ORGANELLE TRANSPORT ALONG MICROTUBULE%GOBP%GO:0072384		58	-0.2101096	-0.7494974	0.92743105	0.96527624	1.0	3573	tags=41%, list=30%, signal=59%	
NEGATIVE REGULATION OF STEM CELL POPULATION MAINTENANCE%GOBP%GO:1902455	NEGATIVE REGULATION OF STEM CELL POPULATION MAINTENANCE%GOBP%GO:1902455		19	-0.2717677	-0.74715215	0.84385765	0.96755105	1.0	3517	tags=47%, list=29%, signal=67%	
TRANSCRIPTION INITIATION-COUPLED CHROMATIN REMODELING%GOBP%GO:0045815	TRANSCRIPTION INITIATION-COUPLED CHROMATIN REMODELING%GOBP%GO:0045815		39	-0.22808476	-0.7466609	0.90697676	0.9674666	1.0	877	tags=10%, list=7%, signal=11%	
DNA CATABOLIC PROCESS%GOBP%GO:0006308	DNA CATABOLIC PROCESS%GOBP%GO:0006308		16	-0.2804865	-0.7460496	0.81764704	0.967519	1.0	1475	tags=25%, list=12%, signal=28%	
REGULATION OF MICROTUBULE POLYMERIZATION%GOBP%GO:0031113	REGULATION OF MICROTUBULE POLYMERIZATION%GOBP%GO:0031113		46	-0.21945316	-0.745292	0.9050132	0.9677484	1.0	2663	tags=26%, list=22%, signal=33%	
VESICLE DOCKING%GOBP%GO:0048278	VESICLE DOCKING%GOBP%GO:0048278		42	-0.22281143	-0.7448184	0.9056604	0.9676451	1.0	2836	tags=31%, list=24%, signal=40%	
NEPHROTIC SYNDROME%WIKIPATHWAYS_20250810%WP4758%HOMO SAPIENS	NEPHROTIC SYNDROME%WIKIPATHWAYS_20250810%WP4758%HOMO SAPIENS		25	-0.252318	-0.74462247	0.85286784	0.96719295	1.0	2013	tags=20%, list=17%, signal=24%	
REGULATION OF VASCULAR ENDOTHELIAL CELL PROLIFERATION%GOBP%GO:1905562	REGULATION OF VASCULAR ENDOTHELIAL CELL PROLIFERATION%GOBP%GO:1905562		16	-0.27652445	-0.74037457	0.83095497	0.9716649	1.0	2784	tags=25%, list=23%, signal=32%	
AMINO ACIDS REGULATE MTORC1%REACTOME DATABASE ID RELEASE 93%9639288	AMINO ACIDS REGULATE MTORC1%REACTOME DATABASE ID RELEASE 93%9639288		47	-0.21980311	-0.7398388	0.92377263	0.9716137	1.0	2933	tags=30%, list=24%, signal=39%	
MTORC1-MEDIATED SIGNALLING%REACTOME DATABASE ID RELEASE 93%166208	MTORC1-MEDIATED SIGNALLING%REACTOME DATABASE ID RELEASE 93%166208		24	-0.24914281	-0.73973626	0.84723854	0.97104776	1.0	2933	tags=38%, list=24%, signal=49%	
REGULATION OF DNA DAMAGE RESPONSE, SIGNAL TRANSDUCTION BY P53 CLASS MEDIATOR%GOBP%GO:0043516	REGULATION OF DNA DAMAGE RESPONSE, SIGNAL TRANSDUCTION BY P53 CLASS MEDIATOR%GOBP%GO:0043516		27	-0.24907428	-0.739707	0.87515604	0.9703889	1.0	2884	tags=30%, list=24%, signal=39%	
GLUCAGON-LIKE PEPTIDE-1 (GLP1) REGULATES INSULIN SECRETION%REACTOME%R-HSA-381676.8	GLUCAGON-LIKE PEPTIDE-1 (GLP1) REGULATES INSULIN SECRETION%REACTOME%R-HSA-381676.8		22	-0.2581787	-0.7387844	0.8602771	0.9707945	1.0	2077	tags=23%, list=17%, signal=27%	
INOSITOL METABOLISM%PATHWHIZ%PW088261	INOSITOL METABOLISM%PATHWHIZ%PW088261		19	-0.26196685	-0.738484	0.8452915	0.9704599	1.0	3754	tags=47%, list=31%, signal=69%	
DEADENYLATION OF MRNA%REACTOME DATABASE ID RELEASE 93%429947	DEADENYLATION OF MRNA%REACTOME DATABASE ID RELEASE 93%429947		21	-0.25873578	-0.7353882	0.8452088	0.97333676	1.0	3257	tags=38%, list=27%, signal=52%	
ORGANELLE LOCALIZATION BY MEMBRANE TETHERING%GOBP%GO:0140056	ORGANELLE LOCALIZATION BY MEMBRANE TETHERING%GOBP%GO:0140056		56	-0.21057022	-0.73517984	0.921944	0.9728876	1.0	2836	tags=27%, list=24%, signal=35%	
IMPORT INTO NUCLEUS%GOBP%GO:0051170	IMPORT INTO NUCLEUS%GOBP%GO:0051170		74	-0.19871433	-0.7344766	0.9689349	0.9729792	1.0	2215	tags=26%, list=18%, signal=31%	
MALE GAMETE GENERATION%GOBP%GO:0048232	MALE GAMETE GENERATION%GOBP%GO:0048232		150	-0.17822392	-0.7344568	0.990099	0.9723068	1.0	2417	tags=22%, list=20%, signal=27%	
CHONDROITIN SULFATE PROTEOGLYCAN METABOLIC PROCESS%GOBP%GO:0050654	CHONDROITIN SULFATE PROTEOGLYCAN METABOLIC PROCESS%GOBP%GO:0050654		24	-0.25105166	-0.7339368	0.85377944	0.9722047	1.0	1380	tags=21%, list=11%, signal=23%	
DETECTION OF CHEMICAL STIMULUS%GOBP%GO:0009593	DETECTION OF CHEMICAL STIMULUS%GOBP%GO:0009593		23	-0.2527692	-0.73205024	0.87151515	0.9736555	1.0	151	tags=9%, list=1%, signal=9%	
REGULATION OF TRANSCRIPTION BY RNA POLYMERASE III%GOBP%GO:0006359	REGULATION OF TRANSCRIPTION BY RNA POLYMERASE III%GOBP%GO:0006359		23	-0.25014952	-0.72924304	0.86183465	0.9760393	1.0	39	tags=4%, list=0%, signal=4%	
AUTOPHAGY%WIKIPATHWAYS_20250810%WP4923%HOMO SAPIENS	AUTOPHAGY%WIKIPATHWAYS_20250810%WP4923%HOMO SAPIENS		23	-0.2512565	-0.72849935	0.86508876	0.9761617	1.0	2840	tags=30%, list=24%, signal=40%	
PHOSPHATIDYLINOSITOL PHOSPHATE METABOLISM%SMPDB%SMP0000463	PHOSPHATIDYLINOSITOL PHOSPHATE METABOLISM%SMPDB%SMP0000463		21	-0.25579116	-0.7278629	0.8636898	0.97616255	1.0	444	tags=10%, list=4%, signal=10%	
JOUBERT SYNDROME%SMPDB%SMP0000582	JOUBERT SYNDROME%SMPDB%SMP0000582		21	-0.25579116	-0.7278562	0.85714287	0.97547674	1.0	444	tags=10%, list=4%, signal=10%	
CELLULAR RESPONSE TO IONIZING RADIATION%GOBP%GO:0071479	CELLULAR RESPONSE TO IONIZING RADIATION%GOBP%GO:0071479		49	-0.21001443	-0.72724336	0.9396552	0.9754458	1.0	2284	tags=22%, list=19%, signal=28%	
APICAL JUNCTION ASSEMBLY%GOBP%GO:0043297	APICAL JUNCTION ASSEMBLY%GOBP%GO:0043297		32	-0.22980891	-0.7265318	0.8980645	0.97552556	1.0	1523	tags=22%, list=13%, signal=25%	
RNA POLYMERASE III TRANSCRIPTION TERMINATION%REACTOME%R-HSA-73980.5	RNA POLYMERASE III TRANSCRIPTION TERMINATION%REACTOME%R-HSA-73980.5		23	-0.25470182	-0.7250722	0.86369425	0.97642255	1.0	844	tags=13%, list=7%, signal=14%	
APAP ADME%REACTOME DATABASE ID RELEASE 93%9753281	APAP ADME%REACTOME DATABASE ID RELEASE 93%9753281		16	-0.27469292	-0.72474253	0.8665893	0.97608685	1.0	3369	tags=44%, list=28%, signal=61%	
PLATELET CALCIUM HOMEOSTASIS%REACTOME DATABASE ID RELEASE 93%418360	PLATELET CALCIUM HOMEOSTASIS%REACTOME DATABASE ID RELEASE 93%418360		15	-0.2779236	-0.7221906	0.8433875	0.97806585	1.0	2707	tags=40%, list=22%, signal=52%	
AXONEME ASSEMBLY%GOBP%GO:0035082	AXONEME ASSEMBLY%GOBP%GO:0035082		24	-0.2432268	-0.721089	0.8832924	0.97850907	1.0	2914	tags=33%, list=24%, signal=44%	
ION HOMEOSTASIS%REACTOME DATABASE ID RELEASE 93%5578775	ION HOMEOSTASIS%REACTOME DATABASE ID RELEASE 93%5578775		29	-0.2354793	-0.7194526	0.8938619	0.9794996	1.0	3102	tags=41%, list=26%, signal=56%	
PROTEIN PALMITOYLATION%GOBP%GO:0018345	PROTEIN PALMITOYLATION%GOBP%GO:0018345		17	-0.26971453	-0.7193357	0.8790233	0.9789333	1.0	4101	tags=47%, list=34%, signal=71%	
GLYCOSAMINOGLYCAN-PROTEIN LINKAGE REGION BIOSYNTHESIS%REACTOME%R-HSA-1971475.6	GLYCOSAMINOGLYCAN-PROTEIN LINKAGE REGION BIOSYNTHESIS%REACTOME%R-HSA-1971475.6		19	-0.25838733	-0.7192992	0.8717949	0.97828287	1.0	3733	tags=47%, list=31%, signal=69%	
REGULATION OF VACUOLE ORGANIZATION%GOBP%GO:0044088	REGULATION OF VACUOLE ORGANIZATION%GOBP%GO:0044088		50	-0.20719737	-0.7175367	0.9393104	0.9793979	1.0	2098	tags=20%, list=17%, signal=24%	
MITOCHONDRIAL COMPLEX IV ASSEMBLY%WIKIPATHWAYS_20250810%WP4922%HOMO SAPIENS	MITOCHONDRIAL COMPLEX IV ASSEMBLY%WIKIPATHWAYS_20250810%WP4922%HOMO SAPIENS		25	-0.24699187	-0.7147484	0.90047395	0.9814401	1.0	3396	tags=44%, list=28%, signal=61%	
ACTIVATION OF RRNA EXPRESSION BY ERCC6 (CSB) AND EHMT2 (G9A)%REACTOME DATABASE ID RELEASE 93%427389	ACTIVATION OF RRNA EXPRESSION BY ERCC6 (CSB) AND EHMT2 (G9A)%REACTOME DATABASE ID RELEASE 93%427389		16	-0.2682359	-0.71156883	0.8718245	0.9837965	1.0	8815	tags=100%, list=73%, signal=373%	
LEUCINE ISOLEUCINE AND VALINE METABOLISM%WIKIPATHWAYS_20250810%WP4686%HOMO SAPIENS	LEUCINE ISOLEUCINE AND VALINE METABOLISM%WIKIPATHWAYS_20250810%WP4686%HOMO SAPIENS		16	-0.26869038	-0.71038026	0.8741722	0.9842508	1.0	1930	tags=25%, list=16%, signal=30%	
REGULATION OF MEMBRANE PERMEABILITY%GOBP%GO:0090559	REGULATION OF MEMBRANE PERMEABILITY%GOBP%GO:0090559		41	-0.2129386	-0.7088012	0.92067623	0.98503906	1.0	1979	tags=22%, list=16%, signal=26%	
POSITIVE REGULATION OF TRANSCRIPTION INITIATION BY RNA POLYMERASE II%GOBP%GO:0060261	POSITIVE REGULATION OF TRANSCRIPTION INITIATION BY RNA POLYMERASE II%GOBP%GO:0060261		53	-0.20049956	-0.70763236	0.9573864	0.9854263	1.0	2875	tags=21%, list=24%, signal=27%	
EFFECT OF PROGERIN ON GENES INVOLVED IN PROGERIA%WIKIPATHWAYS_20250810%WP4320%HOMO SAPIENS	EFFECT OF PROGERIN ON GENES INVOLVED IN PROGERIA%WIKIPATHWAYS_20250810%WP4320%HOMO SAPIENS		16	-0.2682359	-0.7075896	0.86761487	0.9847744	1.0	8815	tags=100%, list=73%, signal=373%	
POSITIVE REGULATION OF SYNAPTIC TRANSMISSION%GOBP%GO:0050806	POSITIVE REGULATION OF SYNAPTIC TRANSMISSION%GOBP%GO:0050806		47	-0.20732921	-0.7070872	0.95567864	0.98454475	1.0	1117	tags=13%, list=9%, signal=14%	
POSITIVE REGULATION OF GENE EXPRESSION, EPIGENETIC%GOBP%GO:0141137	POSITIVE REGULATION OF GENE EXPRESSION, EPIGENETIC%GOBP%GO:0141137		42	-0.20998247	-0.70655376	0.9359477	0.9843481	1.0	877	tags=10%, list=7%, signal=10%	
POSITIVE REGULATION OF STEM CELL POPULATION MAINTENANCE%GOBP%GO:1902459	POSITIVE REGULATION OF STEM CELL POPULATION MAINTENANCE%GOBP%GO:1902459		36	-0.21908733	-0.7029575	0.9385621	0.98691875	1.0	1642	tags=19%, list=14%, signal=22%	
PRE-NOTCH TRANSCRIPTION AND TRANSLATION%REACTOME DATABASE ID RELEASE 93%1912408	PRE-NOTCH TRANSCRIPTION AND TRANSLATION%REACTOME DATABASE ID RELEASE 93%1912408		32	-0.22423613	-0.70262563	0.93098956	0.9865362	1.0	3024	tags=28%, list=25%, signal=37%	
RAB REGULATION OF TRAFFICKING%REACTOME%R-HSA-9007101.4	RAB REGULATION OF TRAFFICKING%REACTOME%R-HSA-9007101.4		110	-0.17578359	-0.7020306	0.9878683	0.98636705	1.0	2484	tags=19%, list=21%, signal=24%	
NUCLEAR RNA DECAY%REACTOME%R-HSA-9930044.1	NUCLEAR RNA DECAY%REACTOME%R-HSA-9930044.1		31	-0.22205473	-0.69967765	0.9207792	0.9877151	1.0	718	tags=10%, list=6%, signal=10%	
SECONDARY METABOLIC PROCESS%GOBP%GO:0019748	SECONDARY METABOLIC PROCESS%GOBP%GO:0019748		19	-0.25426975	-0.6973133	0.8921801	0.9890344	1.0	3982	tags=58%, list=33%, signal=86%	
PHOSPHOLIPID BIOSYNTHESIS%SMPDB%SMP0000025	PHOSPHOLIPID BIOSYNTHESIS%SMPDB%SMP0000025		19	-0.2531935	-0.6969717	0.8916479	0.98862344	1.0	2750	tags=32%, list=23%, signal=41%	
SUMOYLATION OF DNA REPLICATION PROTEINS%REACTOME%R-HSA-4615885.7	SUMOYLATION OF DNA REPLICATION PROTEINS%REACTOME%R-HSA-4615885.7		40	-0.20996585	-0.69574296	0.94899327	0.98897487	1.0	1822	tags=18%, list=15%, signal=21%	
NADP+ METABOLIC PROCESS%GOBP%GO:0006739	NADP+ METABOLIC PROCESS%GOBP%GO:0006739		23	-0.24187371	-0.69399256	0.90425533	0.9897228	1.0	2851	tags=30%, list=24%, signal=40%	
REGULATION OF CILIUM ASSEMBLY%GOBP%GO:1902017	REGULATION OF CILIUM ASSEMBLY%GOBP%GO:1902017		58	-0.19495448	-0.69265586	0.9709302	0.9901491	1.0	3741	tags=40%, list=31%, signal=57%	
REGULATION OF CELL FATE SPECIFICATION%GOBP%GO:0042659	REGULATION OF CELL FATE SPECIFICATION%GOBP%GO:0042659		16	-0.2682359	-0.6923483	0.8903776	0.98971444	1.0	8815	tags=100%, list=73%, signal=373%	
INTRACELLULAR TRAFFICKING PROTEINS INVOLVED IN CMT NEUROPATHY%WIKIPATHWAYS_20250810%WP4856%HOMO SAPIENS	INTRACELLULAR TRAFFICKING PROTEINS INVOLVED IN CMT NEUROPATHY%WIKIPATHWAYS_20250810%WP4856%HOMO SAPIENS		20	-0.24604897	-0.6920964	0.9004975	0.9892246	1.0	2741	tags=25%, list=23%, signal=32%	
GOLGI TO PLASMA MEMBRANE TRANSPORT%GOBP%GO:0006893	GOLGI TO PLASMA MEMBRANE TRANSPORT%GOBP%GO:0006893		49	-0.2018338	-0.69184667	0.9634941	0.98874575	1.0	2204	tags=22%, list=18%, signal=27%	
ENDOPLASMIC RETICULUM ORGANIZATION%GOBP%GO:0007029	ENDOPLASMIC RETICULUM ORGANIZATION%GOBP%GO:0007029		65	-0.19307822	-0.6918069	0.96428573	0.9880895	1.0	2339	tags=20%, list=19%, signal=25%	
HISTONE MODIFICATIONS%WIKIPATHWAYS_20250810%WP2369%HOMO SAPIENS	HISTONE MODIFICATIONS%WIKIPATHWAYS_20250810%WP2369%HOMO SAPIENS		28	-0.2281004	-0.6913958	0.91502464	0.98773587	1.0	2577	tags=18%, list=21%, signal=23%	
RNA POLYMERASE I TRANSCRIPTION TERMINATION%REACTOME DATABASE ID RELEASE 93%73863	RNA POLYMERASE I TRANSCRIPTION TERMINATION%REACTOME DATABASE ID RELEASE 93%73863		27	-0.22885138	-0.6905895	0.933584	0.98767656	1.0	4158	tags=41%, list=35%, signal=62%	
TRANSCRIPTION PREINITIATION COMPLEX ASSEMBLY%GOBP%GO:0070897	TRANSCRIPTION PREINITIATION COMPLEX ASSEMBLY%GOBP%GO:0070897		50	-0.19983946	-0.6880481	0.95693135	0.9890058	1.0	2918	tags=22%, list=24%, signal=29%	
REGULATION OF POTASSIUM ION TRANSMEMBRANE TRANSPORT%GOBP%GO:1901379	REGULATION OF POTASSIUM ION TRANSMEMBRANE TRANSPORT%GOBP%GO:1901379		26	-0.2290455	-0.6851471	0.93603134	0.9905818	1.0	1365	tags=15%, list=11%, signal=17%	
ER QUALITY CONTROL COMPARTMENT (ERQC)%REACTOME%R-HSA-901032.7	ER QUALITY CONTROL COMPARTMENT (ERQC)%REACTOME%R-HSA-901032.7		19	-0.24753147	-0.68390405	0.8992248	0.9908373	1.0	2650	tags=26%, list=22%, signal=34%	
LONG-CHAIN FATTY-ACYL-COA METABOLIC PROCESS%GOBP%GO:0035336	LONG-CHAIN FATTY-ACYL-COA METABOLIC PROCESS%GOBP%GO:0035336		16	-0.2584698	-0.6835546	0.8872727	0.9904143	1.0	1774	tags=19%, list=15%, signal=22%	
MYOBLAST DIFFERENTIATION%GOBP%GO:0045445	MYOBLAST DIFFERENTIATION%GOBP%GO:0045445		19	-0.24354988	-0.6826822	0.9062871	0.99040276	1.0	3733	tags=53%, list=31%, signal=76%	
VESICLE TARGETING, TO, FROM OR WITHIN GOLGI%GOBP%GO:0048199	VESICLE TARGETING, TO, FROM OR WITHIN GOLGI%GOBP%GO:0048199		28	-0.22172514	-0.6817038	0.9286608	0.9904618	1.0	2831	tags=25%, list=24%, signal=33%	
ACTIVATION OF GABAB RECEPTORS%REACTOME DATABASE ID RELEASE 93%991365	ACTIVATION OF GABAB RECEPTORS%REACTOME DATABASE ID RELEASE 93%991365		21	-0.2393176	-0.6814918	0.9152941	0.9899424	1.0	1689	tags=19%, list=14%, signal=22%	
RESPIRATORY CHAIN COMPLEX IV ASSEMBLY%GOBP%GO:0008535	RESPIRATORY CHAIN COMPLEX IV ASSEMBLY%GOBP%GO:0008535		21	-0.23873281	-0.6809456	0.90700483	0.9896584	1.0	3142	tags=38%, list=26%, signal=51%	
ADULT BEHAVIOR%GOBP%GO:0030534	ADULT BEHAVIOR%GOBP%GO:0030534		18	-0.2542772	-0.6799982	0.90931374	0.9896625	1.0	3346	tags=28%, list=28%, signal=38%	
GABA B RECEPTOR ACTIVATION%REACTOME DATABASE ID RELEASE 93%977444	GABA B RECEPTOR ACTIVATION%REACTOME DATABASE ID RELEASE 93%977444		21	-0.2393176	-0.6792939	0.90096617	0.98947984	1.0	1689	tags=19%, list=14%, signal=22%	
XENOBIOTIC CATABOLIC PROCESS%GOBP%GO:0042178	XENOBIOTIC CATABOLIC PROCESS%GOBP%GO:0042178		16	-0.25579152	-0.67914623	0.90531176	0.98890436	1.0	2616	tags=31%, list=22%, signal=40%	
TRANSCRIPTION-COUPLED NUCLEOTIDE EXCISION REPAIR (TC-NER)%REACTOME%R-HSA-6781827.3	TRANSCRIPTION-COUPLED NUCLEOTIDE EXCISION REPAIR (TC-NER)%REACTOME%R-HSA-6781827.3		76	-0.18171321	-0.67902833	0.98507464	0.9883037	1.0	1089	tags=11%, list=9%, signal=12%	
SMOOTHENED SIGNALING PATHWAY%GOBP%GO:0007224	SMOOTHENED SIGNALING PATHWAY%GOBP%GO:0007224		24	-0.23423527	-0.67859304	0.9334171	0.98795545	1.0	2627	tags=25%, list=22%, signal=32%	
DEFECTS IN VITAMIN AND COFACTOR METABOLISM%REACTOME DATABASE ID RELEASE 93%3296482	DEFECTS IN VITAMIN AND COFACTOR METABOLISM%REACTOME DATABASE ID RELEASE 93%3296482		18	-0.24921618	-0.67725116	0.89907193	0.9882453	1.0	2587	tags=22%, list=21%, signal=28%	
STRESS GRANULE ASSEMBLY%GOBP%GO:0034063	STRESS GRANULE ASSEMBLY%GOBP%GO:0034063		25	-0.22712745	-0.67719823	0.9246914	0.98760813	1.0	2430	tags=20%, list=20%, signal=25%	
SCF-DEPENDENT PROTEASOMAL UBIQUITIN-DEPENDENT PROTEIN CATABOLIC PROCESS%GOBP%GO:0031146	SCF-DEPENDENT PROTEASOMAL UBIQUITIN-DEPENDENT PROTEIN CATABOLIC PROCESS%GOBP%GO:0031146		39	-0.20734224	-0.67670566	0.9661458	0.98727673	1.0	3811	tags=46%, list=32%, signal=67%	
POSITIVE REGULATION OF CELL CYCLE G1/S PHASE TRANSITION%GOBP%GO:1902808	POSITIVE REGULATION OF CELL CYCLE G1/S PHASE TRANSITION%GOBP%GO:1902808		37	-0.20739052	-0.67494273	0.955414	0.98782045	1.0	2430	tags=22%, list=20%, signal=27%	
MITOCHONDRIAL TRANSPORT%GOBP%GO:0006839	MITOCHONDRIAL TRANSPORT%GOBP%GO:0006839		60	-0.18906863	-0.6716626	0.99060404	0.98942137	1.0	1979	tags=18%, list=16%, signal=22%	
VESICLE FUSION%GOBP%GO:0006906	VESICLE FUSION%GOBP%GO:0006906		77	-0.17962073	-0.6697598	0.98876405	0.9900427	1.0	2619	tags=22%, list=22%, signal=28%	
FATTY-ACYL-COA METABOLIC PROCESS%GOBP%GO:0035337	FATTY-ACYL-COA METABOLIC PROCESS%GOBP%GO:0035337		34	-0.21109182	-0.6690542	0.95382583	0.98982996	1.0	2653	tags=26%, list=22%, signal=34%	
M-DECAY: DEGRADATION OF MATERNAL MRNAS BY MATERNALLY STORED FACTORS%REACTOME%R-HSA-9820841.1	M-DECAY: DEGRADATION OF MATERNAL MRNAS BY MATERNALLY STORED FACTORS%REACTOME%R-HSA-9820841.1		21	-0.2349929	-0.6683043	0.9256595	0.9896395	1.0	1872	tags=24%, list=16%, signal=28%	
REGULATION OF TP53 ACTIVITY THROUGH METHYLATION%REACTOME DATABASE ID RELEASE 93%6804760	REGULATION OF TP53 ACTIVITY THROUGH METHYLATION%REACTOME DATABASE ID RELEASE 93%6804760		17	-0.24589854	-0.66783464	0.90444446	0.9892841	1.0	1548	tags=18%, list=13%, signal=20%	
REGULATION OF DNA DAMAGE CHECKPOINT%GOBP%GO:2000001	REGULATION OF DNA DAMAGE CHECKPOINT%GOBP%GO:2000001		15	-0.25852948	-0.6666486	0.8991696	0.9894077	1.0	2181	tags=27%, list=18%, signal=33%	
DOUBLE-STRAND BREAK REPAIR VIA NONHOMOLOGOUS END JOINING%GOBP%GO:0006303	DOUBLE-STRAND BREAK REPAIR VIA NONHOMOLOGOUS END JOINING%GOBP%GO:0006303		43	-0.19606477	-0.6642906	0.9693742	0.9902263	1.0	3699	tags=35%, list=31%, signal=50%	
TRANSPORT OF RIBONUCLEOPROTEINS INTO THE HOST NUCLEUS%REACTOME DATABASE ID RELEASE 93%168271	TRANSPORT OF RIBONUCLEOPROTEINS INTO THE HOST NUCLEUS%REACTOME DATABASE ID RELEASE 93%168271		26	-0.22280224	-0.6636044	0.9383477	0.98999417	1.0	1822	tags=23%, list=15%, signal=27%	
HATS ACETYLATE HISTONES%REACTOME%R-HSA-3214847.3	HATS ACETYLATE HISTONES%REACTOME%R-HSA-3214847.3		73	-0.17978016	-0.6630676	0.9941691	0.98965144	1.0	2626	tags=23%, list=22%, signal=30%	
NEGATIVE REGULATION OF FIBROBLAST PROLIFERATION%GOBP%GO:0048147	NEGATIVE REGULATION OF FIBROBLAST PROLIFERATION%GOBP%GO:0048147		16	-0.24803862	-0.66005474	0.9135945	0.99082	1.0	1940	tags=25%, list=16%, signal=30%	
RNA POLYMERASE II PREINITIATION COMPLEX ASSEMBLY%GOBP%GO:0051123	RNA POLYMERASE II PREINITIATION COMPLEX ASSEMBLY%GOBP%GO:0051123		47	-0.19343348	-0.6598935	0.9751309	0.9902427	1.0	2875	tags=21%, list=24%, signal=28%	
NUCLEOTIDE TRANSMEMBRANE TRANSPORT%GOBP%GO:1901679	NUCLEOTIDE TRANSMEMBRANE TRANSPORT%GOBP%GO:1901679		17	-0.24541585	-0.65766966	0.9303371	0.99089205	1.0	1974	tags=24%, list=16%, signal=28%	
SUMOYLATION OF RNA BINDING PROTEINS%REACTOME%R-HSA-4570464.4	SUMOYLATION OF RNA BINDING PROTEINS%REACTOME%R-HSA-4570464.4		39	-0.1997317	-0.6576466	0.97938144	0.9902369	1.0	3325	tags=33%, list=28%, signal=46%	
PROTEIN N-LINKED GLYCOSYLATION VIA ASPARAGINE%GOBP%GO:0018279	PROTEIN N-LINKED GLYCOSYLATION VIA ASPARAGINE%GOBP%GO:0018279		39	-0.19815436	-0.6540965	0.96712327	0.9916798	1.0	2832	tags=31%, list=24%, signal=40%	
GABA RECEPTOR ACTIVATION%REACTOME DATABASE ID RELEASE 93%977443	GABA RECEPTOR ACTIVATION%REACTOME DATABASE ID RELEASE 93%977443		24	-0.22473568	-0.65236413	0.95166856	0.991977	1.0	1689	tags=17%, list=14%, signal=19%	
NEGATIVE REGULATION OF DNA REPLICATION%GOBP%GO:0008156	NEGATIVE REGULATION OF DNA REPLICATION%GOBP%GO:0008156		18	-0.23932359	-0.651829	0.9170616	0.9916191	1.0	2668	tags=33%, list=22%, signal=43%	
CONSTITUTIVE SIGNALING BY AKT1 E17K IN CANCER%REACTOME%R-HSA-5674400.3	CONSTITUTIVE SIGNALING BY AKT1 E17K IN CANCER%REACTOME%R-HSA-5674400.3		23	-0.22473034	-0.65111524	0.9489311	0.9913382	1.0	2153	tags=22%, list=18%, signal=26%	
PROTEIN LIPIDATION%GOBP%GO:0006497	PROTEIN LIPIDATION%GOBP%GO:0006497		25	-0.21739942	-0.650992	0.9506329	0.9907336	1.0	1390	tags=16%, list=12%, signal=18%	
REGULATION OF SPINDLE ASSEMBLY%GOBP%GO:0090169	REGULATION OF SPINDLE ASSEMBLY%GOBP%GO:0090169		29	-0.2106242	-0.65052176	0.96117646	0.9903306	1.0	1691	tags=17%, list=14%, signal=20%	
GENE SILENCING BY RNA%REACTOME DATABASE ID RELEASE 93%211000	GENE SILENCING BY RNA%REACTOME DATABASE ID RELEASE 93%211000		61	-0.1805347	-0.6500566	0.9854651	0.98992467	1.0	3325	tags=33%, list=28%, signal=45%	
HDACS DEACETYLATE HISTONES%REACTOME%R-HSA-3214815.5	HDACS DEACETYLATE HISTONES%REACTOME%R-HSA-3214815.5		32	-0.20655937	-0.6456196	0.96370465	0.99162424	1.0	1464	tags=13%, list=12%, signal=14%	
SIGNALING BY FGFR2%REACTOME%R-HSA-5654738.4	SIGNALING BY FGFR2%REACTOME%R-HSA-5654738.4		53	-0.1829255	-0.64392126	0.9795362	0.9918423	1.0	2969	tags=25%, list=25%, signal=32%	
ORGANELLE MEMBRANE FUSION%GOBP%GO:0090174	ORGANELLE MEMBRANE FUSION%GOBP%GO:0090174		82	-0.16953915	-0.63827455	0.99538463	0.9940493	1.0	3185	tags=27%, list=26%, signal=36%	
REGULATION OF DOUBLE-STRAND BREAK REPAIR VIA HOMOLOGOUS RECOMBINATION%GOBP%GO:0010569	REGULATION OF DOUBLE-STRAND BREAK REPAIR VIA HOMOLOGOUS RECOMBINATION%GOBP%GO:0010569		63	-0.17587027	-0.6368619	0.99702823	0.9940315	1.0	3725	tags=40%, list=31%, signal=57%	
TP53 REGULATES TRANSCRIPTION OF DNA REPAIR GENES%REACTOME%R-HSA-6796648.5	TP53 REGULATES TRANSCRIPTION OF DNA REPAIR GENES%REACTOME%R-HSA-6796648.5		58	-0.1797273	-0.6353865	0.99545455	0.9940616	1.0	3130	tags=26%, list=26%, signal=35%	
TRNA METHYLATION%GOBP%GO:0030488	TRNA METHYLATION%GOBP%GO:0030488		36	-0.20088056	-0.63534814	0.9756098	0.9934116	1.0	1939	tags=17%, list=16%, signal=20%	
RECEPTOR METABOLIC PROCESS%GOBP%GO:0043112	RECEPTOR METABOLIC PROCESS%GOBP%GO:0043112		33	-0.20262577	-0.635301	0.97426	0.9927643	1.0	2338	tags=24%, list=19%, signal=30%	
PORPHYRIN-CONTAINING COMPOUND BIOSYNTHETIC PROCESS%GOBP%GO:0006779	PORPHYRIN-CONTAINING COMPOUND BIOSYNTHETIC PROCESS%GOBP%GO:0006779		21	-0.22063711	-0.634304	0.95828635	0.99256456	1.0	3162	tags=29%, list=26%, signal=39%	
NEGATIVE REGULATION OF OSTEOBLAST DIFFERENTIATION%GOBP%GO:0045668	NEGATIVE REGULATION OF OSTEOBLAST DIFFERENTIATION%GOBP%GO:0045668		22	-0.22086547	-0.63159853	0.9503464	0.99316424	1.0	3920	tags=45%, list=33%, signal=67%	
NEGATIVE REGULATION OF TUMOR NECROSIS FACTOR-MEDIATED SIGNALING PATHWAY%GOBP%GO:0010804	NEGATIVE REGULATION OF TUMOR NECROSIS FACTOR-MEDIATED SIGNALING PATHWAY%GOBP%GO:0010804		17	-0.23446476	-0.63083655	0.94502926	0.9928391	1.0	2947	tags=35%, list=24%, signal=47%	
MRNA DECAY BY 5' TO 3' EXORIBONUCLEASE%REACTOME%R-HSA-430039.4	MRNA DECAY BY 5' TO 3' EXORIBONUCLEASE%REACTOME%R-HSA-430039.4		15	-0.24595831	-0.6290587	0.92468137	0.99298483	1.0	2005	tags=20%, list=17%, signal=24%	
NEUROTRANSMITTER TRANSPORT%GOBP%GO:0006836	NEUROTRANSMITTER TRANSPORT%GOBP%GO:0006836		48	-0.1819281	-0.6256098	0.9918033	0.9938217	1.0	1924	tags=15%, list=16%, signal=17%	
AUTOPHAGY OF MITOCHONDRION%GOBP%GO:0000422	AUTOPHAGY OF MITOCHONDRION%GOBP%GO:0000422		57	-0.17863047	-0.6244916	0.9876033	0.99362695	1.0	2050	tags=14%, list=17%, signal=17%	
TETRAPYRROLE BIOSYNTHETIC PROCESS%GOBP%GO:0033014	TETRAPYRROLE BIOSYNTHETIC PROCESS%GOBP%GO:0033014		21	-0.22063711	-0.6236648	0.94302326	0.9932867	1.0	3162	tags=29%, list=26%, signal=39%	
TRANSPORT OF THE SLBP DEPENDANT MATURE MRNA%REACTOME DATABASE ID RELEASE 93%159230	TRANSPORT OF THE SLBP DEPENDANT MATURE MRNA%REACTOME DATABASE ID RELEASE 93%159230		30	-0.19885415	-0.6107651	0.975	0.9976751	1.0	3325	tags=37%, list=28%, signal=51%	
DIACYLGLYCEROL METABOLIC PROCESS%GOBP%GO:0046339	DIACYLGLYCEROL METABOLIC PROCESS%GOBP%GO:0046339		16	-0.22693078	-0.606992	0.95524144	0.9983697	1.0	1838	tags=19%, list=15%, signal=22%	
G ALPHA (Z) SIGNALLING EVENTS%REACTOME DATABASE ID RELEASE 93%418597	G ALPHA (Z) SIGNALLING EVENTS%REACTOME DATABASE ID RELEASE 93%418597		26	-0.20328681	-0.60671306	0.9793439	0.9978008	1.0	1689	tags=12%, list=14%, signal=13%	
REGULATION OF PROTEIN POLYUBIQUITINATION%GOBP%GO:1902914	REGULATION OF PROTEIN POLYUBIQUITINATION%GOBP%GO:1902914		18	-0.22653863	-0.60610336	0.96279067	0.9973401	1.0	3526	tags=39%, list=29%, signal=55%	
PROGERIA ASSOCIATED LIPODYSTROPHY%WIKIPATHWAYS_20250810%WP5103%HOMO SAPIENS	PROGERIA ASSOCIATED LIPODYSTROPHY%WIKIPATHWAYS_20250810%WP5103%HOMO SAPIENS		15	-0.22586118	-0.60397345	0.9516129	0.9974077	1.0	1652	tags=20%, list=14%, signal=23%	
ENDOCYTIC RECYCLING%GOBP%GO:0032456	ENDOCYTIC RECYCLING%GOBP%GO:0032456		59	-0.1719614	-0.60347813	0.9972145	0.9969213	1.0	3008	tags=24%, list=25%, signal=31%	
PEPTIDYL-THREONINE MODIFICATION%GOBP%GO:0018210	PEPTIDYL-THREONINE MODIFICATION%GOBP%GO:0018210		18	-0.21658956	-0.5915392	0.9702857	1.0	1.0	1365	tags=11%, list=11%, signal=13%	
POSITIVE REGULATION OF AUTOPHAGOSOME ASSEMBLY%GOBP%GO:2000786	POSITIVE REGULATION OF AUTOPHAGOSOME ASSEMBLY%GOBP%GO:2000786		18	-0.21394475	-0.589631	0.960373	0.9999254	1.0	3254	tags=28%, list=27%, signal=38%	
SLC25A46 PATHWAY%WIKIPATHWAYS_20250810%WP5521%HOMO SAPIENS	SLC25A46 PATHWAY%WIKIPATHWAYS_20250810%WP5521%HOMO SAPIENS		15	-0.22809325	-0.58948797	0.9582876	0.9992994	1.0	3783	tags=40%, list=31%, signal=58%	
PEPTIDYL-THREONINE PHOSPHORYLATION%GOBP%GO:0018107	PEPTIDYL-THREONINE PHOSPHORYLATION%GOBP%GO:0018107		18	-0.21658956	-0.588458	0.963615	0.9989181	1.0	1365	tags=11%, list=11%, signal=13%	
CANONICAL AND NON CANONICAL NOTCH SIGNALING%WIKIPATHWAYS_20250810%WP3845%HOMO SAPIENS	CANONICAL AND NON CANONICAL NOTCH SIGNALING%WIKIPATHWAYS_20250810%WP3845%HOMO SAPIENS		18	-0.21352288	-0.5857689	0.9690107	0.9990038	1.0	2739	tags=28%, list=23%, signal=36%	
POSITIVE REGULATION OF DNA-TEMPLATED TRANSCRIPTION INITIATION%GOBP%GO:2000144	POSITIVE REGULATION OF DNA-TEMPLATED TRANSCRIPTION INITIATION%GOBP%GO:2000144		61	-0.16254008	-0.5847254	0.99861497	0.9986153	1.0	2429	tags=18%, list=20%, signal=22%	
RESPONSE TO CAMP%GOBP%GO:0051591	RESPONSE TO CAMP%GOBP%GO:0051591		21	-0.20603415	-0.5778319	0.98734176	0.9996923	1.0	3000	tags=33%, list=25%, signal=44%	
NUCLEOSOME ORGANIZATION%GOBP%GO:0034728	NUCLEOSOME ORGANIZATION%GOBP%GO:0034728		53	-0.16708548	-0.5764602	0.99725276	0.999366	1.0	3297	tags=26%, list=27%, signal=36%	
RNA POLYMERASE I PROMOTER ESCAPE%REACTOME DATABASE ID RELEASE 93%73772	RNA POLYMERASE I PROMOTER ESCAPE%REACTOME DATABASE ID RELEASE 93%73772		28	-0.18894638	-0.5710046	0.9801489	0.999996	1.0	4158	tags=36%, list=35%, signal=54%	
VESICLE COATING%GOBP%GO:0006901	VESICLE COATING%GOBP%GO:0006901		32	-0.18305406	-0.5697061	0.9919028	0.99963576	1.0	2965	tags=28%, list=25%, signal=37%	
INSULIN PROCESSING%REACTOME%R-HSA-264876.7	INSULIN PROCESSING%REACTOME%R-HSA-264876.7		16	-0.20917335	-0.5519475	0.9861111	1.0	1.0	1888	tags=19%, list=16%, signal=22%	
REGULATION OF ANDROGEN RECEPTOR SIGNALING PATHWAY%GOBP%GO:0060765	REGULATION OF ANDROGEN RECEPTOR SIGNALING PATHWAY%GOBP%GO:0060765		25	-0.18458031	-0.5497312	0.9855247	1.0	1.0	1134	tags=8%, list=9%, signal=9%	
MIDBODY ABSCISSION%GOBP%GO:0061952	MIDBODY ABSCISSION%GOBP%GO:0061952		22	-0.18757352	-0.54059774	0.9863354	1.0	1.0	1761	tags=14%, list=15%, signal=16%	
SOMATIC RECOMBINATION OF IMMUNOGLOBULIN GENE SEGMENTS%GOBP%GO:0016447	SOMATIC RECOMBINATION OF IMMUNOGLOBULIN GENE SEGMENTS%GOBP%GO:0016447		15	-0.20865607	-0.53981054	0.9684685	1.0	1.0	3375	tags=27%, list=28%, signal=37%	
PID_NCADHERIN_PATHWAY%MSIGDB_C2%PID_NCADHERIN_PATHWAY	PID_NCADHERIN_PATHWAY%MSIGDB_C2%PID_NCADHERIN_PATHWAY		25	-0.18161255	-0.53618383	0.9879518	1.0	1.0	2378	tags=20%, list=20%, signal=25%	
NEGATIVE REGULATION OF STRESS FIBER ASSEMBLY%GOBP%GO:0051497	NEGATIVE REGULATION OF STRESS FIBER ASSEMBLY%GOBP%GO:0051497		18	-0.19507723	-0.53525764	0.984	1.0	1.0	262	tags=6%, list=2%, signal=6%	
TRANSPORT OF THE SLBP INDEPENDENT MATURE MRNA%REACTOME DATABASE ID RELEASE 93%159227	TRANSPORT OF THE SLBP INDEPENDENT MATURE MRNA%REACTOME DATABASE ID RELEASE 93%159227		29	-0.16978902	-0.5212056	0.9946808	1.0	1.0	3325	tags=34%, list=28%, signal=48%	
RNA POLYMERASE I TRANSCRIPTION INITIATION%REACTOME DATABASE ID RELEASE 93%73762	RNA POLYMERASE I TRANSCRIPTION INITIATION%REACTOME DATABASE ID RELEASE 93%73762		44	-0.15489541	-0.52035743	0.998632	1.0	1.0	4158	tags=34%, list=35%, signal=52%	
TRANSPOSABLE ELEMENT SILENCING%GOBP%GO:0010526	TRANSPOSABLE ELEMENT SILENCING%GOBP%GO:0010526		18	-0.18897486	-0.5176469	0.98563534	1.0	1.0	1908	tags=17%, list=16%, signal=20%	
NEGATIVE REGULATION OF ACTIN FILAMENT BUNDLE ASSEMBLY%GOBP%GO:0032232	NEGATIVE REGULATION OF ACTIN FILAMENT BUNDLE ASSEMBLY%GOBP%GO:0032232		20	-0.1802991	-0.51308113	0.99205446	1.0	1.0	3477	tags=35%, list=29%, signal=49%	
RNA POLYMERASE II TRANSCRIPTION THE PREINITIATION COMPLEX%WIKIPATHWAYS_20250810%WP5563%HOMO SAPIENS	RNA POLYMERASE II TRANSCRIPTION THE PREINITIATION COMPLEX%WIKIPATHWAYS_20250810%WP5563%HOMO SAPIENS		62	-0.1431998	-0.50806594	1.0	1.0	1.0	3264	tags=23%, list=27%, signal=31%	
GLYCEROLIPIDS AND GLYCEROPHOSPHOLIPIDS%WIKIPATHWAYS_20250810%WP4722%HOMO SAPIENS	GLYCEROLIPIDS AND GLYCEROPHOSPHOLIPIDS%WIKIPATHWAYS_20250810%WP4722%HOMO SAPIENS		17	-0.18490459	-0.49581435	0.98854524	1.0	1.0	2891	tags=29%, list=24%, signal=39%	
GNAQ P R183Q DRIVES CAPILLARY MALFORMATION%WIKIPATHWAYS_20250810%WP5501%HOMO SAPIENS	GNAQ P R183Q DRIVES CAPILLARY MALFORMATION%WIKIPATHWAYS_20250810%WP5501%HOMO SAPIENS		18	-0.17877048	-0.48671928	0.98827666	1.0	1.0	9891	tags=100%, list=82%, signal=560%	
NEGATIVE EPIGENETIC REGULATION OF RRNA EXPRESSION%REACTOME%R-HSA-5250941.4	NEGATIVE EPIGENETIC REGULATION OF RRNA EXPRESSION%REACTOME%R-HSA-5250941.4		46	-0.14189485	-0.4846316	1.0	1.0	1.0	4158	tags=35%, list=35%, signal=53%	
REGULATION OF POSTSYNAPTIC MEMBRANE NEUROTRANSMITTER RECEPTOR LEVELS%GOBP%GO:0099072	REGULATION OF POSTSYNAPTIC MEMBRANE NEUROTRANSMITTER RECEPTOR LEVELS%GOBP%GO:0099072		17	-0.17429633	-0.47128206	1.0	1.0	1.0	2349	tags=18%, list=20%, signal=22%	
NORC NEGATIVELY REGULATES RRNA EXPRESSION%REACTOME DATABASE ID RELEASE 93%427413	NORC NEGATIVELY REGULATES RRNA EXPRESSION%REACTOME DATABASE ID RELEASE 93%427413		43	-0.12816982	-0.4317546	1.0	1.0	1.0	4158	tags=35%, list=35%, signal=53%	
RNA POLYMERASE I TRANSCRIPTION%REACTOME DATABASE ID RELEASE 93%73864	RNA POLYMERASE I TRANSCRIPTION%REACTOME DATABASE ID RELEASE 93%73864		47	-0.121943444	-0.4223635	1.0	1.0	1.0	4158	tags=34%, list=35%, signal=52%	
COPII VESICLE COATING%GOBP%GO:0048208	COPII VESICLE COATING%GOBP%GO:0048208		21	-0.1469589	-0.4208091	1.0	1.0	1.0	1209	tags=10%, list=10%, signal=11%	
VESICLE TARGETING, ROUGH ER TO CIS-GOLGI%GOBP%GO:0048207	VESICLE TARGETING, ROUGH ER TO CIS-GOLGI%GOBP%GO:0048207		21	-0.1469589	-0.41926482	1.0	1.0	1.0	1209	tags=10%, list=10%, signal=11%	
RNA POLYMERASE I PROMOTER CLEARANCE%REACTOME DATABASE ID RELEASE 93%73854	RNA POLYMERASE I PROMOTER CLEARANCE%REACTOME DATABASE ID RELEASE 93%73854		47	-0.121943444	-0.41866878	1.0	1.0	1.0	4158	tags=34%, list=35%, signal=52%	
GENERAL TRANSCRIPTION REGULATION%PANTHER PATHWAY%P00023	GENERAL TRANSCRIPTION REGULATION%PANTHER PATHWAY%P00023		27	-0.12574013	-0.37780163	1.0	0.99990135	1.0	4158	tags=30%, list=35%, signal=45%	
