NAME	GS<br> follow link to MSigDB	GS DETAILS	SIZE	ES	NES	NOM p-val	FDR q-val	FWER p-val	RANK AT MAX	LEADING EDGE	
HALLMARK_TNFA_SIGNALING_VIA_NFKB%MSIGDBHALLMARK%HALLMARK_TNFA_SIGNALING_VIA_NFKB	HALLMARK_TNFA_SIGNALING_VIA_NFKB%MSIGDBHALLMARK%HALLMARK_TNFA_SIGNALING_VIA_NFKB	Details ...	147	0.8103035	2.9379714	0.0	0.0	0.0	641	tags=44%, list=5%, signal=46%	
HALLMARK_INTERFERON_GAMMA_RESPONSE%MSIGDBHALLMARK%HALLMARK_INTERFERON_GAMMA_RESPONSE	HALLMARK_INTERFERON_GAMMA_RESPONSE%MSIGDBHALLMARK%HALLMARK_INTERFERON_GAMMA_RESPONSE	Details ...	135	0.7706361	2.8005826	0.0	0.0	0.0	826	tags=45%, list=7%, signal=48%	
HALLMARK_INTERFERON_ALPHA_RESPONSE%MSIGDBHALLMARK%HALLMARK_INTERFERON_ALPHA_RESPONSE	HALLMARK_INTERFERON_ALPHA_RESPONSE%MSIGDBHALLMARK%HALLMARK_INTERFERON_ALPHA_RESPONSE	Details ...	77	0.8250745	2.7290325	0.0	0.0	0.0	709	tags=55%, list=6%, signal=58%	
INTERFERON ALPHA BETA SIGNALING%REACTOME%R-HSA-909733.9	INTERFERON ALPHA BETA SIGNALING%REACTOME%R-HSA-909733.9	Details ...	60	0.8226509	2.6165571	0.0	0.0	0.0	699	tags=47%, list=6%, signal=49%	
NETWORK MAP OF SARS COV 2 SIGNALING%WIKIPATHWAYS_20250810%WP5115%HOMO SAPIENS	NETWORK MAP OF SARS COV 2 SIGNALING%WIKIPATHWAYS_20250810%WP5115%HOMO SAPIENS	Details ...	136	0.71110266	2.5643203	0.0	0.0	0.0	973	tags=31%, list=8%, signal=33%	
PHOTODYNAMIC THERAPY INDUCED NF KB SURVIVAL SIGNALING%WIKIPATHWAYS_20250810%WP3617%HOMO SAPIENS	PHOTODYNAMIC THERAPY INDUCED NF KB SURVIVAL SIGNALING%WIKIPATHWAYS_20250810%WP3617%HOMO SAPIENS	Details ...	26	0.9343195	2.5386171	0.0	0.0	0.0	227	tags=54%, list=2%, signal=55%	
INFLAMMATORY RESPONSE%GOBP%GO:0006954	INFLAMMATORY RESPONSE%GOBP%GO:0006954	Details ...	167	0.6825566	2.5063434	0.0	0.0	0.0	937	tags=31%, list=8%, signal=33%	
HALLMARK_INFLAMMATORY_RESPONSE%MSIGDBHALLMARK%HALLMARK_INFLAMMATORY_RESPONSE	HALLMARK_INFLAMMATORY_RESPONSE%MSIGDBHALLMARK%HALLMARK_INFLAMMATORY_RESPONSE	Details ...	110	0.71638393	2.4992523	0.0	0.0	0.0	670	tags=35%, list=6%, signal=37%	
OVERVIEW OF PROINFLAMMATORY AND PROFIBROTIC MEDIATORS%WIKIPATHWAYS_20250810%WP5095%HOMO SAPIENS	OVERVIEW OF PROINFLAMMATORY AND PROFIBROTIC MEDIATORS%WIKIPATHWAYS_20250810%WP5095%HOMO SAPIENS	Details ...	40	0.8472497	2.4907925	0.0	0.0	0.0	737	tags=58%, list=6%, signal=61%	
SELENIUM MICRONUTRIENT NETWORK%WIKIPATHWAYS_20250810%WP15%HOMO SAPIENS	SELENIUM MICRONUTRIENT NETWORK%WIKIPATHWAYS_20250810%WP15%HOMO SAPIENS	Details ...	36	0.85461485	2.4766479	0.0	0.0	0.0	199	tags=39%, list=2%, signal=39%	
HALLMARK_KRAS_SIGNALING_UP%MSIGDBHALLMARK%HALLMARK_KRAS_SIGNALING_UP	HALLMARK_KRAS_SIGNALING_UP%MSIGDBHALLMARK%HALLMARK_KRAS_SIGNALING_UP	Details ...	105	0.69763935	2.436245	0.0	0.0	0.0	560	tags=32%, list=5%, signal=34%	
NEGATIVE REGULATION OF VIRAL PROCESS%GOBP%GO:0048525	NEGATIVE REGULATION OF VIRAL PROCESS%GOBP%GO:0048525	Details ...	55	0.76593524	2.4169996	0.0	0.0	0.0	563	tags=38%, list=5%, signal=40%	
NEGATIVE REGULATION OF VIRAL GENOME REPLICATION%GOBP%GO:0045071	NEGATIVE REGULATION OF VIRAL GENOME REPLICATION%GOBP%GO:0045071	Details ...	40	0.8141753	2.4136467	0.0	0.0	0.0	563	tags=45%, list=5%, signal=47%	
SARS COV 2 INNATE IMMUNITY EVASION AND CELL SPECIFIC IMMUNE RESPONSE%WIKIPATHWAYS_20250810%WP5039%HOMO SAPIENS	SARS COV 2 INNATE IMMUNITY EVASION AND CELL SPECIFIC IMMUNE RESPONSE%WIKIPATHWAYS_20250810%WP5039%HOMO SAPIENS	Details ...	46	0.78581357	2.4118655	0.0	0.0	0.0	407	tags=35%, list=3%, signal=36%	
DEFENSE RESPONSE TO VIRUS%GOBP%GO:0051607	DEFENSE RESPONSE TO VIRUS%GOBP%GO:0051607	Details ...	152	0.66219705	2.4089715	0.0	0.0	0.0	1253	tags=34%, list=10%, signal=38%	
CYTOKINE-MEDIATED SIGNALING PATHWAY%GOBP%GO:0019221	CYTOKINE-MEDIATED SIGNALING PATHWAY%GOBP%GO:0019221	Details ...	187	0.6460168	2.4075153	0.0	0.0	0.0	1438	tags=32%, list=12%, signal=35%	
CYTOKINE CYTOKINE RECEPTOR INTERACTION%WIKIPATHWAYS_20250810%WP5473%HOMO SAPIENS	CYTOKINE CYTOKINE RECEPTOR INTERACTION%WIKIPATHWAYS_20250810%WP5473%HOMO SAPIENS	Details ...	90	0.69990623	2.3783598	0.0	0.0	0.0	786	tags=32%, list=7%, signal=34%	
RESPONSE TO TYPE I INTERFERON%GOBP%GO:0034340	RESPONSE TO TYPE I INTERFERON%GOBP%GO:0034340	Details ...	35	0.8241898	2.377718	0.0	0.0	0.0	1230	tags=57%, list=10%, signal=63%	
LEUKOCYTE MIGRATION%GOBP%GO:0050900	LEUKOCYTE MIGRATION%GOBP%GO:0050900	Details ...	86	0.69370884	2.3665993	0.0	0.0	0.0	935	tags=31%, list=8%, signal=34%	
INTERLEUKIN-1 FAMILY SIGNALING%REACTOME DATABASE ID RELEASE 93%446652	INTERLEUKIN-1 FAMILY SIGNALING%REACTOME DATABASE ID RELEASE 93%446652	Details ...	120	0.6621228	2.3572128	0.0	0.0	0.0	1071	tags=30%, list=9%, signal=33%	
RESPONSE TO LIPOPOLYSACCHARIDE%GOBP%GO:0032496	RESPONSE TO LIPOPOLYSACCHARIDE%GOBP%GO:0032496		110	0.6737477	2.3525143	0.0	0.0	0.0	1005	tags=27%, list=8%, signal=29%	
INTERFERON-MEDIATED SIGNALING PATHWAY%GOBP%GO:0140888	INTERFERON-MEDIATED SIGNALING PATHWAY%GOBP%GO:0140888		35	0.8139529	2.3487635	0.0	0.0	0.0	1326	tags=57%, list=11%, signal=64%	
INNATE IMMUNE RESPONSE-ACTIVATING SIGNALING PATHWAY%GOBP%GO:0002758	INNATE IMMUNE RESPONSE-ACTIVATING SIGNALING PATHWAY%GOBP%GO:0002758		83	0.69129205	2.3460684	0.0	0.0	0.0	1005	tags=30%, list=8%, signal=33%	
RESPONSE TO MOLECULE OF BACTERIAL ORIGIN%GOBP%GO:0002237	RESPONSE TO MOLECULE OF BACTERIAL ORIGIN%GOBP%GO:0002237		119	0.65796566	2.3381565	0.0	0.0	0.0	1005	tags=27%, list=8%, signal=29%	
HALLMARK_IL6_JAK_STAT3_SIGNALING%MSIGDBHALLMARK%HALLMARK_IL6_JAK_STAT3_SIGNALING	HALLMARK_IL6_JAK_STAT3_SIGNALING%MSIGDBHALLMARK%HALLMARK_IL6_JAK_STAT3_SIGNALING		52	0.7457383	2.336787	0.0	0.0	0.0	622	tags=35%, list=5%, signal=36%	
INTERLEUKIN-1 SIGNALING%REACTOME%R-HSA-9020702.4	INTERLEUKIN-1 SIGNALING%REACTOME%R-HSA-9020702.4		94	0.68014157	2.3321335	0.0	0.0	0.0	1474	tags=37%, list=12%, signal=42%	
POSITIVE REGULATION OF INFLAMMATORY RESPONSE%GOBP%GO:0050729	POSITIVE REGULATION OF INFLAMMATORY RESPONSE%GOBP%GO:0050729		90	0.68430495	2.3262846	0.0	0.0	0.0	641	tags=26%, list=5%, signal=27%	
MEASLES VIRUS INFECTION%WIKIPATHWAYS_20250810%WP4630%HOMO SAPIENS	MEASLES VIRUS INFECTION%WIKIPATHWAYS_20250810%WP4630%HOMO SAPIENS		85	0.6863184	2.3165255	0.0	0.0	0.0	595	tags=24%, list=5%, signal=25%	
REGULATION OF VIRAL GENOME REPLICATION%GOBP%GO:0045069	REGULATION OF VIRAL GENOME REPLICATION%GOBP%GO:0045069		60	0.730977	2.3089328	0.0	0.0	0.0	563	tags=32%, list=5%, signal=33%	
INTERLEUKIN-10 SIGNALING%REACTOME DATABASE ID RELEASE 93%6783783	INTERLEUKIN-10 SIGNALING%REACTOME DATABASE ID RELEASE 93%6783783		26	0.8527539	2.3074586	0.0	0.0	0.0	937	tags=65%, list=8%, signal=71%	
CELLULAR RESPONSE TO LIPOPOLYSACCHARIDE%GOBP%GO:0071222	CELLULAR RESPONSE TO LIPOPOLYSACCHARIDE%GOBP%GO:0071222		79	0.6910904	2.302409	0.0	0.0	0.0	1005	tags=30%, list=8%, signal=33%	
VITAMIN B12 METABOLISM%WIKIPATHWAYS_20250810%WP1533%HOMO SAPIENS	VITAMIN B12 METABOLISM%WIKIPATHWAYS_20250810%WP1533%HOMO SAPIENS		23	0.8698213	2.3018832	0.0	0.0	0.0	165	tags=43%, list=1%, signal=44%	
FOLATE METABOLISM%WIKIPATHWAYS_20250810%WP176%HOMO SAPIENS	FOLATE METABOLISM%WIKIPATHWAYS_20250810%WP176%HOMO SAPIENS		32	0.80651474	2.2984967	0.0	0.0	0.0	1033	tags=44%, list=9%, signal=48%	
PATTERN RECOGNITION RECEPTOR SIGNALING PATHWAY%GOBP%GO:0002221	PATTERN RECOGNITION RECEPTOR SIGNALING PATHWAY%GOBP%GO:0002221		76	0.6867957	2.2931077	0.0	0.0	0.0	1005	tags=29%, list=8%, signal=31%	
DEFENSE RESPONSE TO BACTERIUM%GOBP%GO:0042742	DEFENSE RESPONSE TO BACTERIUM%GOBP%GO:0042742		98	0.6651708	2.2914958	0.0	0.0	0.0	1475	tags=38%, list=12%, signal=43%	
CLASS A 1 (RHODOPSIN-LIKE RECEPTORS)%REACTOME%R-HSA-373076.10	CLASS A 1 (RHODOPSIN-LIKE RECEPTORS)%REACTOME%R-HSA-373076.10		67	0.7000658	2.2900007	0.0	0.0	0.0	737	tags=27%, list=6%, signal=28%	
CELLULAR RESPONSE TO TYPE I INTERFERON%GOBP%GO:0071357	CELLULAR RESPONSE TO TYPE I INTERFERON%GOBP%GO:0071357		29	0.824752	2.2866127	0.0	0.0	0.0	1230	tags=59%, list=10%, signal=65%	
PEPTIDE LIGAND-BINDING RECEPTORS%REACTOME DATABASE ID RELEASE 93%375276	PEPTIDE LIGAND-BINDING RECEPTORS%REACTOME DATABASE ID RELEASE 93%375276		37	0.7782989	2.279865	0.0	0.0	0.0	228	tags=30%, list=2%, signal=30%	
HOST PATHOGEN INTERACTION OF HUMAN CORONAVIRUSES INTERFERON INDUCTION%WIKIPATHWAYS_20250810%WP4880%HOMO SAPIENS	HOST PATHOGEN INTERACTION OF HUMAN CORONAVIRUSES INTERFERON INDUCTION%WIKIPATHWAYS_20250810%WP4880%HOMO SAPIENS		31	0.8202762	2.2798378	0.0	0.0	0.0	407	tags=39%, list=3%, signal=40%	
GRANULOCYTE CHEMOTAXIS%GOBP%GO:0071621	GRANULOCYTE CHEMOTAXIS%GOBP%GO:0071621		28	0.8202096	2.274688	0.0	0.0	0.0	935	tags=43%, list=8%, signal=46%	
INTEGRATIVE ANALYSIS OF TREG GLIAL INTERACTIONS %WIKIPATHWAYS_20250810%WP5561%HOMO SAPIENS	INTEGRATIVE ANALYSIS OF TREG GLIAL INTERACTIONS %WIKIPATHWAYS_20250810%WP5561%HOMO SAPIENS		56	0.7098137	2.2723255	0.0	0.0	0.0	965	tags=30%, list=8%, signal=33%	
LEUKOCYTE CHEMOTAXIS%GOBP%GO:0030595	LEUKOCYTE CHEMOTAXIS%GOBP%GO:0030595		47	0.7424699	2.270913	0.0	0.0	0.0	935	tags=36%, list=8%, signal=39%	
ACTIVATION OF INNATE IMMUNE RESPONSE%GOBP%GO:0002218	ACTIVATION OF INNATE IMMUNE RESPONSE%GOBP%GO:0002218		104	0.6557886	2.2702188	0.0	0.0	0.0	1005	tags=27%, list=8%, signal=29%	
CHEMOTAXIS%GOBP%GO:0006935	CHEMOTAXIS%GOBP%GO:0006935		127	0.6327874	2.2687542	0.0	0.0	0.0	935	tags=26%, list=8%, signal=28%	
LOCOMOTION%GOBP%GO:0040011	LOCOMOTION%GOBP%GO:0040011		128	0.63503104	2.2683585	0.0	0.0	0.0	935	tags=27%, list=8%, signal=28%	
CELL CHEMOTAXIS%GOBP%GO:0060326	CELL CHEMOTAXIS%GOBP%GO:0060326		75	0.68598336	2.268128	0.0	0.0	0.0	935	tags=29%, list=8%, signal=32%	
IMMUNE INFILTRATION IN PANCREATIC CANCER%WIKIPATHWAYS_20250810%WP5285%HOMO SAPIENS	IMMUNE INFILTRATION IN PANCREATIC CANCER%WIKIPATHWAYS_20250810%WP5285%HOMO SAPIENS		16	0.92511463	2.2640054	0.0	0.0	0.0	737	tags=81%, list=6%, signal=86%	
TAXIS%GOBP%GO:0042330	TAXIS%GOBP%GO:0042330		127	0.6327874	2.2606378	0.0	0.0	0.0	935	tags=26%, list=8%, signal=28%	
RESPONSE TO INTERFERON-BETA%GOBP%GO:0035456	RESPONSE TO INTERFERON-BETA%GOBP%GO:0035456		22	0.8528417	2.2606258	0.0	0.0	0.0	622	tags=50%, list=5%, signal=53%	
IMMUNE RESPONSE TO TUBERCULOSIS%WIKIPATHWAYS_20250810%WP4197%HOMO SAPIENS	IMMUNE RESPONSE TO TUBERCULOSIS%WIKIPATHWAYS_20250810%WP4197%HOMO SAPIENS		19	0.89401096	2.2541335	0.0	0.0	0.0	622	tags=74%, list=5%, signal=78%	
IL26 SIGNALING%WIKIPATHWAYS_20250810%WP5347%HOMO SAPIENS	IL26 SIGNALING%WIKIPATHWAYS_20250810%WP5347%HOMO SAPIENS		31	0.8001637	2.2527845	0.0	0.0	0.0	624	tags=35%, list=5%, signal=37%	
CELLULAR RESPONSE TO MOLECULE OF BACTERIAL ORIGIN%GOBP%GO:0071219	CELLULAR RESPONSE TO MOLECULE OF BACTERIAL ORIGIN%GOBP%GO:0071219		87	0.66529197	2.249872	0.0	1.098475E-5	5.0E-4	1005	tags=29%, list=8%, signal=31%	
TOLL LIKE RECEPTOR 4 (TLR4) CASCADE%REACTOME DATABASE ID RELEASE 93%166016	TOLL LIKE RECEPTOR 4 (TLR4) CASCADE%REACTOME DATABASE ID RELEASE 93%166016		121	0.6313325	2.2497146	0.0	1.07774895E-5	5.0E-4	1018	tags=26%, list=8%, signal=28%	
BURN WOUND HEALING%WIKIPATHWAYS_20250810%WP5055%HOMO SAPIENS	BURN WOUND HEALING%WIKIPATHWAYS_20250810%WP5055%HOMO SAPIENS		37	0.7615769	2.2374837	0.0	1.0577906E-5	5.0E-4	244	tags=30%, list=2%, signal=30%	
DDX58 IFIH1-MEDIATED INDUCTION OF INTERFERON-ALPHA BETA%REACTOME DATABASE ID RELEASE 93%168928	DDX58 IFIH1-MEDIATED INDUCTION OF INTERFERON-ALPHA BETA%REACTOME DATABASE ID RELEASE 93%168928		64	0.68987775	2.2370288	0.0	1.0385581E-5	5.0E-4	1423	tags=34%, list=12%, signal=39%	
HALLMARK_COMPLEMENT%MSIGDBHALLMARK%HALLMARK_COMPLEMENT	HALLMARK_COMPLEMENT%MSIGDBHALLMARK%HALLMARK_COMPLEMENT		101	0.65131325	2.2370262	0.0	1.0200124E-5	5.0E-4	1409	tags=36%, list=12%, signal=40%	
TYPE I INTERFERON-MEDIATED SIGNALING PATHWAY%GOBP%GO:0060337	TYPE I INTERFERON-MEDIATED SIGNALING PATHWAY%GOBP%GO:0060337		28	0.8215974	2.236507	0.0	1.0021175E-5	5.0E-4	1230	tags=57%, list=10%, signal=63%	
MYELOID LEUKOCYTE MIGRATION%GOBP%GO:0097529	MYELOID LEUKOCYTE MIGRATION%GOBP%GO:0097529		39	0.7499026	2.2361324	0.0	9.848396E-6	5.0E-4	935	tags=36%, list=8%, signal=39%	
AMB2 INTEGRIN SIGNALING%PATHWAY INTERACTION DATABASE NCI-NATURE CURATED DATA%AMB2 INTEGRIN SIGNALING	AMB2 INTEGRIN SIGNALING%PATHWAY INTERACTION DATABASE NCI-NATURE CURATED DATA%AMB2 INTEGRIN SIGNALING		22	0.852104	2.229721	0.0	9.681474E-6	5.0E-4	109	tags=36%, list=1%, signal=37%	
2Q13 COPY NUMBER VARIATION SYNDROME%WIKIPATHWAYS_20250810%WP5222%HOMO SAPIENS	2Q13 COPY NUMBER VARIATION SYNDROME%WIKIPATHWAYS_20250810%WP5222%HOMO SAPIENS		37	0.76051474	2.2295132	0.0	9.520117E-6	5.0E-4	933	tags=32%, list=8%, signal=35%	
TYPE II INTERFERON SIGNALING%WIKIPATHWAYS_20250810%WP619%HOMO SAPIENS	TYPE II INTERFERON SIGNALING%WIKIPATHWAYS_20250810%WP619%HOMO SAPIENS		19	0.88064486	2.2274697	0.0	9.364048E-6	5.0E-4	622	tags=74%, list=5%, signal=78%	
SIGNAL TRANSDUCTION THROUGH IL1R%WIKIPATHWAYS_20250810%WP4496%HOMO SAPIENS	SIGNAL TRANSDUCTION THROUGH IL1R%WIKIPATHWAYS_20250810%WP4496%HOMO SAPIENS		25	0.8177945	2.2273922	0.0	9.213015E-6	5.0E-4	501	tags=40%, list=4%, signal=42%	
GRANULOCYTE MIGRATION%GOBP%GO:0097530	GRANULOCYTE MIGRATION%GOBP%GO:0097530		31	0.7895318	2.222205	0.0	9.066777E-6	5.0E-4	935	tags=39%, list=8%, signal=42%	
PROSTAGLANDIN SIGNALING%WIKIPATHWAYS_20250810%WP5088%HOMO SAPIENS	PROSTAGLANDIN SIGNALING%WIKIPATHWAYS_20250810%WP5088%HOMO SAPIENS		16	0.9131874	2.220082	0.0	8.925109E-6	5.0E-4	607	tags=69%, list=5%, signal=72%	
REGULATION OF INFLAMMATORY RESPONSE%GOBP%GO:0050727	REGULATION OF INFLAMMATORY RESPONSE%GOBP%GO:0050727		200	0.58254397	2.2128913	0.0	8.7878E-6	5.0E-4	1005	tags=23%, list=8%, signal=24%	
THYMIC STROMAL LYMPHOPOIETIN TSLP SIGNALING%WIKIPATHWAYS_20250810%WP2203%HOMO SAPIENS	THYMIC STROMAL LYMPHOPOIETIN TSLP SIGNALING%WIKIPATHWAYS_20250810%WP2203%HOMO SAPIENS		28	0.8064379	2.2104616	0.0	8.654651E-6	5.0E-4	937	tags=50%, list=8%, signal=54%	
REGULATION OF TOLL LIKE RECEPTOR SIGNALING%WIKIPATHWAYS_20250810%WP1449%HOMO SAPIENS	REGULATION OF TOLL LIKE RECEPTOR SIGNALING%WIKIPATHWAYS_20250810%WP1449%HOMO SAPIENS		82	0.66052103	2.2098448	0.0	8.525477E-6	5.0E-4	965	tags=30%, list=8%, signal=33%	
NEUTROPHIL MIGRATION%GOBP%GO:1990266	NEUTROPHIL MIGRATION%GOBP%GO:1990266		25	0.8151038	2.2097201	0.0	8.400102E-6	5.0E-4	935	tags=44%, list=8%, signal=48%	
KERATINOCYTE DIFFERENTIATION%GOBP%GO:0030216	KERATINOCYTE DIFFERENTIATION%GOBP%GO:0030216		50	0.71137595	2.2080827	0.0	8.278362E-6	5.0E-4	1371	tags=42%, list=11%, signal=47%	
REGULATION OF VIRAL PROCESS%GOBP%GO:0050792	REGULATION OF VIRAL PROCESS%GOBP%GO:0050792		102	0.63091236	2.2053835	0.0	1.6222639E-5	0.001	563	tags=25%, list=5%, signal=25%	
MONONUCLEAR CELL MIGRATION%GOBP%GO:0071674	MONONUCLEAR CELL MIGRATION%GOBP%GO:0071674		38	0.7468114	2.201737	0.0	1.599415E-5	0.001	595	tags=37%, list=5%, signal=39%	
MYD88-INDEPENDENT TLR4 CASCADE%REACTOME%R-HSA-166166.4	MYD88-INDEPENDENT TLR4 CASCADE%REACTOME%R-HSA-166166.4		101	0.6326244	2.2016091	0.0	1.5772008E-5	0.001	1005	tags=25%, list=8%, signal=27%	
MACROPHAGE STIMULATING PROTEIN MSP SIGNALING%WIKIPATHWAYS_20250810%WP5353%HOMO SAPIENS	MACROPHAGE STIMULATING PROTEIN MSP SIGNALING%WIKIPATHWAYS_20250810%WP5353%HOMO SAPIENS		64	0.6862434	2.201339	0.0	1.5555954E-5	0.001	899	tags=34%, list=7%, signal=37%	
TRIF (TICAM1)-MEDIATED TLR4 SIGNALING%REACTOME DATABASE ID RELEASE 93%937061	TRIF (TICAM1)-MEDIATED TLR4 SIGNALING%REACTOME DATABASE ID RELEASE 93%937061		101	0.6326244	2.1975389	0.0	1.5345739E-5	0.001	1005	tags=25%, list=8%, signal=27%	
REGULATION OF VIRAL LIFE CYCLE%GOBP%GO:1903900	REGULATION OF VIRAL LIFE CYCLE%GOBP%GO:1903900		83	0.65269685	2.1973038	0.0	1.5141129E-5	0.001	563	tags=27%, list=5%, signal=28%	
INTERFERON GAMMA SIGNALING%REACTOME DATABASE ID RELEASE 93%877300	INTERFERON GAMMA SIGNALING%REACTOME DATABASE ID RELEASE 93%877300		70	0.67311996	2.195225	0.0	2.9906469E-5	0.002	628	tags=30%, list=5%, signal=31%	
NEUTROPHIL CHEMOTAXIS%GOBP%GO:0030593	NEUTROPHIL CHEMOTAXIS%GOBP%GO:0030593		23	0.83457637	2.1934974	0.0	2.9518074E-5	0.002	935	tags=48%, list=8%, signal=52%	
CYTOSOLIC DNA SENSING PATHWAY%WIKIPATHWAYS_20250810%WP4655%HOMO SAPIENS	CYTOSOLIC DNA SENSING PATHWAY%WIKIPATHWAYS_20250810%WP4655%HOMO SAPIENS		48	0.71511775	2.193345	0.0	2.9139635E-5	0.002	766	tags=25%, list=6%, signal=27%	
MIRNA ROLE IN IMMUNE RESPONSE IN SEPSIS%WIKIPATHWAYS_20250810%WP4329%HOMO SAPIENS	MIRNA ROLE IN IMMUNE RESPONSE IN SEPSIS%WIKIPATHWAYS_20250810%WP4329%HOMO SAPIENS		24	0.81813323	2.1930578	0.0	2.8770779E-5	0.002	227	tags=42%, list=2%, signal=42%	
RESPONSE TO TYPE II INTERFERON%GOBP%GO:0034341	RESPONSE TO TYPE II INTERFERON%GOBP%GO:0034341		49	0.71261567	2.1916564	0.0	2.8411145E-5	0.002	1020	tags=41%, list=8%, signal=44%	
CELLULAR RESPONSE TO BIOTIC STIMULUS%GOBP%GO:0071216	CELLULAR RESPONSE TO BIOTIC STIMULUS%GOBP%GO:0071216		103	0.63354284	2.1910584	0.0	2.8060389E-5	0.002	1005	tags=24%, list=8%, signal=26%	
POSITIVE REGULATION OF MYELOID CELL DIFFERENTIATION%GOBP%GO:0045639	POSITIVE REGULATION OF MYELOID CELL DIFFERENTIATION%GOBP%GO:0045639		49	0.7072395	2.1806931	0.0	2.7718192E-5	0.002	1190	tags=33%, list=10%, signal=36%	
REGULATION OF TYPE I INTERFERON PRODUCTION%GOBP%GO:0032479	REGULATION OF TYPE I INTERFERON PRODUCTION%GOBP%GO:0032479		93	0.6443634	2.1805637	0.0	2.7384236E-5	0.002	1228	tags=31%, list=10%, signal=34%	
CANONICAL NF-KAPPAB SIGNAL TRANSDUCTION%GOBP%GO:0007249	CANONICAL NF-KAPPAB SIGNAL TRANSDUCTION%GOBP%GO:0007249		27	0.7856197	2.1802957	0.0	2.7058233E-5	0.002	227	tags=30%, list=2%, signal=30%	
NEGATIVE REGULATION OF CYTOKINE PRODUCTION%GOBP%GO:0001818	NEGATIVE REGULATION OF CYTOKINE PRODUCTION%GOBP%GO:0001818		144	0.6046375	2.1794534	0.0	3.34392E-5	0.0025	1011	tags=28%, list=8%, signal=30%	
BIOCARTA_IL1R_PATHWAY%MSIGDB_C2%BIOCARTA_IL1R_PATHWAY	BIOCARTA_IL1R_PATHWAY%MSIGDB_C2%BIOCARTA_IL1R_PATHWAY		24	0.81876725	2.1703334	0.0	3.9818304E-5	0.003	501	tags=42%, list=4%, signal=43%	
POSITIVE REGULATION OF TYPE I INTERFERON PRODUCTION%GOBP%GO:0032481	POSITIVE REGULATION OF TYPE I INTERFERON PRODUCTION%GOBP%GO:0032481		57	0.680034	2.1703012	0.0	3.9360624E-5	0.003	1228	tags=35%, list=10%, signal=39%	
TOLL LIKE RECEPTOR 3 (TLR3) CASCADE%REACTOME%R-HSA-168164.6	TOLL LIKE RECEPTOR 3 (TLR3) CASCADE%REACTOME%R-HSA-168164.6		100	0.6279517	2.168267	0.0	4.5382254E-5	0.0035	1005	tags=25%, list=8%, signal=27%	
REGULATION OF LEUKOCYTE MIGRATION%GOBP%GO:0002685	REGULATION OF LEUKOCYTE MIGRATION%GOBP%GO:0002685		102	0.6278887	2.1648881	0.0	4.487234E-5	0.0035	1009	tags=30%, list=8%, signal=33%	
REGULATION OF TUMOR NECROSIS FACTOR PRODUCTION%GOBP%GO:0032680	REGULATION OF TUMOR NECROSIS FACTOR PRODUCTION%GOBP%GO:0032680		73	0.66013825	2.1632895	0.0	4.4373763E-5	0.0035	689	tags=25%, list=6%, signal=26%	
HUMORAL IMMUNE RESPONSE%GOBP%GO:0006959	HUMORAL IMMUNE RESPONSE%GOBP%GO:0006959		68	0.66618806	2.1627166	0.0	4.3886135E-5	0.0035	737	tags=29%, list=6%, signal=31%	
TOLL LIKE RECEPTOR SIGNALING%WIKIPATHWAYS_20250810%WP75%HOMO SAPIENS	TOLL LIKE RECEPTOR SIGNALING%WIKIPATHWAYS_20250810%WP75%HOMO SAPIENS		53	0.6938637	2.161292	0.0	4.3409116E-5	0.0035	965	tags=34%, list=8%, signal=37%	
REGULATION OF RESPONSE TO CYTOKINE STIMULUS%GOBP%GO:0060759	REGULATION OF RESPONSE TO CYTOKINE STIMULUS%GOBP%GO:0060759		114	0.6143091	2.160114	0.0	4.294235E-5	0.0035	1239	tags=23%, list=10%, signal=25%	
INTERLEUKIN-4 AND INTERLEUKIN-13 SIGNALING%REACTOME%R-HSA-6785807.8	INTERLEUKIN-4 AND INTERLEUKIN-13 SIGNALING%REACTOME%R-HSA-6785807.8		75	0.6502224	2.157526	0.0	4.8625046E-5	0.004	948	tags=29%, list=8%, signal=32%	
REGULATION OF CYTOKINE-MEDIATED SIGNALING PATHWAY%GOBP%GO:0001959	REGULATION OF CYTOKINE-MEDIATED SIGNALING PATHWAY%GOBP%GO:0001959		106	0.614368	2.1573634	0.0	4.8113205E-5	0.004	1239	tags=23%, list=10%, signal=25%	
TOLL LIKE RECEPTOR TLR1:TLR2 CASCADE%REACTOME DATABASE ID RELEASE 93%168179	TOLL LIKE RECEPTOR TLR1:TLR2 CASCADE%REACTOME DATABASE ID RELEASE 93%168179		99	0.6210073	2.1571248	0.0	4.7612026E-5	0.004	2518	tags=42%, list=21%, signal=53%	
TNF ALPHA SIGNALING%WIKIPATHWAYS_20250810%WP231%HOMO SAPIENS	TNF ALPHA SIGNALING%WIKIPATHWAYS_20250810%WP231%HOMO SAPIENS		70	0.6469983	2.1571155	0.0	4.7121182E-5	0.004	824	tags=21%, list=7%, signal=23%	
REGULATION OF TUMOR NECROSIS FACTOR SUPERFAMILY CYTOKINE PRODUCTION%GOBP%GO:1903555	REGULATION OF TUMOR NECROSIS FACTOR SUPERFAMILY CYTOKINE PRODUCTION%GOBP%GO:1903555		77	0.6490688	2.1536517	0.0	4.664035E-5	0.004	689	tags=25%, list=6%, signal=26%	
SKIN DEVELOPMENT%GOBP%GO:0043588	SKIN DEVELOPMENT%GOBP%GO:0043588		91	0.6266708	2.1499882	0.0	4.616924E-5	0.004	1406	tags=32%, list=12%, signal=36%	
SARS-COV-1 ACTIVATES MODULATES INNATE IMMUNE RESPONSES%REACTOME DATABASE ID RELEASE 93%9692916	SARS-COV-1 ACTIVATES MODULATES INNATE IMMUNE RESPONSES%REACTOME DATABASE ID RELEASE 93%9692916		33	0.7547661	2.1479838	0.0	5.1403706E-5	0.0045	1240	tags=42%, list=10%, signal=47%	
REGULATION OF NEUROINFLAMMATORY RESPONSE%GOBP%GO:0150077	REGULATION OF NEUROINFLAMMATORY RESPONSE%GOBP%GO:0150077		24	0.7950322	2.1404428	0.0	7.354948E-5	0.0065	624	tags=33%, list=5%, signal=35%	
IL23-MEDIATED SIGNALING EVENTS%PATHWAY INTERACTION DATABASE NCI-NATURE CURATED DATA%IL23-MEDIATED SIGNALING EVENTS	IL23-MEDIATED SIGNALING EVENTS%PATHWAY INTERACTION DATABASE NCI-NATURE CURATED DATA%IL23-MEDIATED SIGNALING EVENTS		20	0.8233979	2.1400545	0.0	7.2828414E-5	0.0065	171	tags=45%, list=1%, signal=46%	
MYD88:MAL(TIRAP) CASCADE INITIATED ON PLASMA MEMBRANE%REACTOME%R-HSA-166058.5	MYD88:MAL(TIRAP) CASCADE INITIATED ON PLASMA MEMBRANE%REACTOME%R-HSA-166058.5		99	0.6210073	2.1398685	0.0	7.212134E-5	0.0065	2518	tags=42%, list=21%, signal=53%	
TOLL LIKE RECEPTOR 2 (TLR2) CASCADE%REACTOME DATABASE ID RELEASE 93%181438	TOLL LIKE RECEPTOR 2 (TLR2) CASCADE%REACTOME DATABASE ID RELEASE 93%181438		99	0.6210073	2.1349409	0.0	7.698577E-5	0.007	2518	tags=42%, list=21%, signal=53%	
TOLL LIKE RECEPTOR TLR6:TLR2 CASCADE%REACTOME DATABASE ID RELEASE 93%168188	TOLL LIKE RECEPTOR TLR6:TLR2 CASCADE%REACTOME DATABASE ID RELEASE 93%168188		99	0.6210073	2.1334667	0.0	8.7011176E-5	0.008	2518	tags=42%, list=21%, signal=53%	
TOLL-LIKE RECEPTOR CASCADES%REACTOME DATABASE ID RELEASE 93%168898	TOLL-LIKE RECEPTOR CASCADES%REACTOME DATABASE ID RELEASE 93%168898		136	0.5912294	2.1293964	0.0	8.619032E-5	0.008	1018	tags=23%, list=8%, signal=25%	
ANTIVIRAL INNATE IMMUNE RESPONSE%GOBP%GO:0140374	ANTIVIRAL INNATE IMMUNE RESPONSE%GOBP%GO:0140374		55	0.67270505	2.1286607	0.0	8.53848E-5	0.008	1539	tags=40%, list=13%, signal=46%	
EPIDERMAL CELL DIFFERENTIATION%GOBP%GO:0009913	EPIDERMAL CELL DIFFERENTIATION%GOBP%GO:0009913		68	0.6472884	2.1277874	0.0	8.45942E-5	0.008	1371	tags=34%, list=11%, signal=38%	
TYPE I INTERFERON INDUCTION AND SIGNALING DURING SARS COV 2 INFECTION%WIKIPATHWAYS_20250810%WP4868%HOMO SAPIENS	TYPE I INTERFERON INDUCTION AND SIGNALING DURING SARS COV 2 INFECTION%WIKIPATHWAYS_20250810%WP4868%HOMO SAPIENS		25	0.7833787	2.125738	0.0	8.381811E-5	0.008	407	tags=40%, list=3%, signal=41%	
POSITIVE REGULATION OF LEUKOCYTE MIGRATION%GOBP%GO:0002687	POSITIVE REGULATION OF LEUKOCYTE MIGRATION%GOBP%GO:0002687		75	0.63845813	2.125497	0.0	8.3056126E-5	0.008	935	tags=28%, list=8%, signal=30%	
REGULATION OF LIPID STORAGE%GOBP%GO:0010883	REGULATION OF LIPID STORAGE%GOBP%GO:0010883		31	0.7549609	2.1242292	0.0	8.2307866E-5	0.008	355	tags=32%, list=3%, signal=33%	
NUCLEOTIDE-BINDING DOMAIN, LEUCINE RICH REPEAT CONTAINING RECEPTOR (NLR) SIGNALING PATHWAYS%REACTOME%R-HSA-168643.3	NUCLEOTIDE-BINDING DOMAIN, LEUCINE RICH REPEAT CONTAINING RECEPTOR (NLR) SIGNALING PATHWAYS%REACTOME%R-HSA-168643.3		43	0.7073777	2.1234815	0.0	8.677143E-5	0.0085	2015	tags=42%, list=17%, signal=50%	
POSITIVE REGULATION OF CHEMOKINE PRODUCTION%GOBP%GO:0032722	POSITIVE REGULATION OF CHEMOKINE PRODUCTION%GOBP%GO:0032722		34	0.74171364	2.123202	0.0	8.600354E-5	0.0085	476	tags=29%, list=4%, signal=31%	
LUNG FIBROSIS%WIKIPATHWAYS_20250810%WP3624%HOMO SAPIENS	LUNG FIBROSIS%WIKIPATHWAYS_20250810%WP3624%HOMO SAPIENS		28	0.76352394	2.1210241	0.0	8.524913E-5	0.0085	589	tags=39%, list=5%, signal=41%	
TLR4 SIGNALING AND TOLERANCE%WIKIPATHWAYS_20250810%WP3851%HOMO SAPIENS	TLR4 SIGNALING AND TOLERANCE%WIKIPATHWAYS_20250810%WP3851%HOMO SAPIENS		24	0.7953296	2.118532	0.0	9.443595E-5	0.0095	341	tags=38%, list=3%, signal=39%	
REGULATION OF MYELOID CELL DIFFERENTIATION%GOBP%GO:0045637	REGULATION OF MYELOID CELL DIFFERENTIATION%GOBP%GO:0045637		93	0.614834	2.1183915	0.0	9.362185E-5	0.0095	1219	tags=27%, list=10%, signal=30%	
GPCR LIGAND BINDING%REACTOME DATABASE ID RELEASE 93%500792	GPCR LIGAND BINDING%REACTOME DATABASE ID RELEASE 93%500792		103	0.61273044	2.115592	0.0	9.282166E-5	0.0095	974	tags=23%, list=8%, signal=25%	
ENDODERM DEVELOPMENT%GOBP%GO:0007492	ENDODERM DEVELOPMENT%GOBP%GO:0007492		35	0.72093946	2.1111634	0.0	9.6872776E-5	0.01	1063	tags=37%, list=9%, signal=41%	
ALPHA9 BETA1 INTEGRIN SIGNALING EVENTS%PATHWAY INTERACTION DATABASE NCI-NATURE CURATED DATA%ALPHA9 BETA1 INTEGRIN SIGNALING EVENTS	ALPHA9 BETA1 INTEGRIN SIGNALING EVENTS%PATHWAY INTERACTION DATABASE NCI-NATURE CURATED DATA%ALPHA9 BETA1 INTEGRIN SIGNALING EVENTS		18	0.83939797	2.109392	0.0	1.00893274E-4	0.0105	1301	tags=67%, list=11%, signal=75%	
ER-PHAGOSOME PATHWAY%REACTOME%R-HSA-1236974.8	ER-PHAGOSOME PATHWAY%REACTOME%R-HSA-1236974.8		75	0.634399	2.1040685	0.0	1.1434297E-4	0.012	2159	tags=47%, list=18%, signal=57%	
LYMPHOCYTE MIGRATION%GOBP%GO:0072676	LYMPHOCYTE MIGRATION%GOBP%GO:0072676		22	0.8012282	2.103109	0.0	1.180766E-4	0.0125	935	tags=45%, list=8%, signal=49%	
MYD88 DEPENDENT CASCADE INITIATED ON ENDOSOME%REACTOME DATABASE ID RELEASE 93%975155	MYD88 DEPENDENT CASCADE INITIATED ON ENDOSOME%REACTOME DATABASE ID RELEASE 93%975155		92	0.6173874	2.1012886	0.0	1.2654175E-4	0.0135	2518	tags=42%, list=21%, signal=53%	
CYTOPLASMIC PATTERN RECOGNITION RECEPTOR SIGNALING PATHWAY%GOBP%GO:0002753	CYTOPLASMIC PATTERN RECOGNITION RECEPTOR SIGNALING PATHWAY%GOBP%GO:0002753		47	0.69116026	2.1011653	0.0	1.2551296E-4	0.0135	1005	tags=32%, list=8%, signal=35%	
EBSTEIN BARR VIRUS LMP1 SIGNALING%WIKIPATHWAYS_20250810%WP262%HOMO SAPIENS	EBSTEIN BARR VIRUS LMP1 SIGNALING%WIKIPATHWAYS_20250810%WP262%HOMO SAPIENS		19	0.8087009	2.099297	0.0	1.2450076E-4	0.0135	107	tags=26%, list=1%, signal=27%	
TOLL LIKE RECEPTOR 7 8 (TLR7 8) CASCADE%REACTOME DATABASE ID RELEASE 93%168181	TOLL LIKE RECEPTOR 7 8 (TLR7 8) CASCADE%REACTOME DATABASE ID RELEASE 93%168181		94	0.614963	2.0963938	0.0	1.3715825E-4	0.015	2518	tags=41%, list=21%, signal=52%	
REGULATION OF ACUTE INFLAMMATORY RESPONSE%GOBP%GO:0002673	REGULATION OF ACUTE INFLAMMATORY RESPONSE%GOBP%GO:0002673		15	0.8812981	2.0940425	0.0	1.3606968E-4	0.015	507	tags=53%, list=4%, signal=56%	
LEUKOCYTE HOMEOSTASIS%GOBP%GO:0001776	LEUKOCYTE HOMEOSTASIS%GOBP%GO:0001776		27	0.762116	2.089053	0.0	1.574007E-4	0.0175	468	tags=26%, list=4%, signal=27%	
SARS-COV-1-HOST INTERACTIONS%REACTOME DATABASE ID RELEASE 93%9692914	SARS-COV-1-HOST INTERACTIONS%REACTOME DATABASE ID RELEASE 93%9692914		83	0.6170422	2.0875564	0.0	1.5617101E-4	0.0175	1784	tags=33%, list=15%, signal=38%	
ENDODERM FORMATION%GOBP%GO:0001706	ENDODERM FORMATION%GOBP%GO:0001706		32	0.7384162	2.0864396	0.0	1.593556E-4	0.018	1063	tags=41%, list=9%, signal=44%	
EPIDERMIS DEVELOPMENT%GOBP%GO:0008544	EPIDERMIS DEVELOPMENT%GOBP%GO:0008544		121	0.5885535	2.0860002	0.0	1.581298E-4	0.018	1145	tags=30%, list=10%, signal=33%	
TNF RELATED WEAK INDUCER OF APOPTOSIS TWEAK SIGNALING%WIKIPATHWAYS_20250810%WP2036%HOMO SAPIENS	TNF RELATED WEAK INDUCER OF APOPTOSIS TWEAK SIGNALING%WIKIPATHWAYS_20250810%WP2036%HOMO SAPIENS		33	0.73042	2.0842545	0.0	1.6994185E-4	0.0195	824	tags=30%, list=7%, signal=32%	
TRAF6 MEDIATED INDUCTION OF NFKB AND MAP KINASES UPON TLR7 8 OR 9 ACTIVATION%REACTOME DATABASE ID RELEASE 93%975138	TRAF6 MEDIATED INDUCTION OF NFKB AND MAP KINASES UPON TLR7 8 OR 9 ACTIVATION%REACTOME DATABASE ID RELEASE 93%975138		91	0.61027116	2.0822268	0.0	1.858795E-4	0.0215	2518	tags=42%, list=21%, signal=52%	
RESPONSE TO DSRNA%GOBP%GO:0043331	RESPONSE TO DSRNA%GOBP%GO:0043331		19	0.816122	2.0803933	0.0	1.844819E-4	0.0215	443	tags=42%, list=4%, signal=44%	
TAK1-DEPENDENT IKK AND NF-KAPPA-B ACTIVATION%REACTOME DATABASE ID RELEASE 93%445989	TAK1-DEPENDENT IKK AND NF-KAPPA-B ACTIVATION%REACTOME DATABASE ID RELEASE 93%445989		42	0.69226503	2.0796022	0.0	1.8310518E-4	0.0215	2482	tags=45%, list=21%, signal=57%	
RESPONSE TO EXOGENOUS DSRNA%GOBP%GO:0043330	RESPONSE TO EXOGENOUS DSRNA%GOBP%GO:0043330		15	0.86164016	2.0792584	0.0	1.8174885E-4	0.0215	443	tags=53%, list=4%, signal=55%	
NON GENOMIC ACTIONS OF 1 25 DIHYDROXYVITAMIN D3%WIKIPATHWAYS_20250810%WP4341%HOMO SAPIENS	NON GENOMIC ACTIONS OF 1 25 DIHYDROXYVITAMIN D3%WIKIPATHWAYS_20250810%WP4341%HOMO SAPIENS		51	0.6619396	2.078319	0.0	1.9287628E-4	0.023	640	tags=29%, list=5%, signal=31%	
ACTIVATION OF IMMUNE RESPONSE%GOBP%GO:0002253	ACTIVATION OF IMMUNE RESPONSE%GOBP%GO:0002253		186	0.55105346	2.0725164	0.0	2.1210637E-4	0.0255	1526	tags=27%, list=13%, signal=30%	
ANTIMICROBIAL HUMORAL RESPONSE%GOBP%GO:0019730	ANTIMICROBIAL HUMORAL RESPONSE%GOBP%GO:0019730		39	0.70887816	2.0719125	0.0	2.1056936E-4	0.0255	1122	tags=36%, list=9%, signal=39%	
KERATINIZATION%GOBP%GO:0031424	KERATINIZATION%GOBP%GO:0031424		19	0.8032547	2.0716052	0.0	2.0905447E-4	0.0255	1371	tags=63%, list=11%, signal=71%	
TOLL LIKE RECEPTOR 10 (TLR10) CASCADE%REACTOME%R-HSA-168142.3	TOLL LIKE RECEPTOR 10 (TLR10) CASCADE%REACTOME%R-HSA-168142.3		90	0.603115	2.066991	0.0	2.2382294E-4	0.0275	2518	tags=41%, list=21%, signal=52%	
TNFR2 NON-CANONICAL NF-KB PATHWAY%REACTOME DATABASE ID RELEASE 93%5668541	TNFR2 NON-CANONICAL NF-KB PATHWAY%REACTOME DATABASE ID RELEASE 93%5668541		67	0.6405474	2.0657985	0.0	2.5060037E-4	0.031	1474	tags=39%, list=12%, signal=44%	
MYD88 CASCADE INITIATED ON PLASMA MEMBRANE%REACTOME DATABASE ID RELEASE 93%975871	MYD88 CASCADE INITIATED ON PLASMA MEMBRANE%REACTOME DATABASE ID RELEASE 93%975871		90	0.603115	2.0640717	0.0	2.5683123E-4	0.032	2518	tags=41%, list=21%, signal=52%	
PID_IL23_PATHWAY%MSIGDB_C2%PID_IL23_PATHWAY	PID_IL23_PATHWAY%MSIGDB_C2%PID_IL23_PATHWAY		17	0.83051044	2.0621386	0.0	2.6284895E-4	0.033	107	tags=47%, list=1%, signal=47%	
TSLP%NETPATH%TSLP	TSLP%NETPATH%TSLP		16	0.8336652	2.0616684	9.009009E-4	2.6486284E-4	0.0335	937	tags=50%, list=8%, signal=54%	
REGULATION OF INTERLEUKIN-10 PRODUCTION%GOBP%GO:0032653	REGULATION OF INTERLEUKIN-10 PRODUCTION%GOBP%GO:0032653		27	0.7497046	2.0568857	0.0	3.1394142E-4	0.04	1005	tags=33%, list=8%, signal=36%	
KERATINIZATION%REACTOME%R-HSA-6805567.5	KERATINIZATION%REACTOME%R-HSA-6805567.5		62	0.64396834	2.055506	0.0	3.117911E-4	0.04	545	tags=29%, list=5%, signal=30%	
PATHOGENIC ESCHERICHIA COLI INFECTION%WIKIPATHWAYS_20250810%WP2272%HOMO SAPIENS	PATHOGENIC ESCHERICHIA COLI INFECTION%WIKIPATHWAYS_20250810%WP2272%HOMO SAPIENS		36	0.70925564	2.0553873	0.0	3.0967008E-4	0.04	1481	tags=44%, list=12%, signal=51%	
TOLL LIKE RECEPTOR 5 (TLR5) CASCADE%REACTOME DATABASE ID RELEASE 93%168176	TOLL LIKE RECEPTOR 5 (TLR5) CASCADE%REACTOME DATABASE ID RELEASE 93%168176		90	0.603115	2.0549116	0.0	3.0757772E-4	0.04	2518	tags=41%, list=21%, signal=52%	
ANTIGEN PROCESSING-CROSS PRESENTATION%REACTOME DATABASE ID RELEASE 93%1236975	ANTIGEN PROCESSING-CROSS PRESENTATION%REACTOME DATABASE ID RELEASE 93%1236975		82	0.60866433	2.0527594	0.0	3.3206993E-4	0.0435	2569	tags=51%, list=21%, signal=65%	
LEUKOCYTE CELL-CELL ADHESION%GOBP%GO:0007159	LEUKOCYTE CELL-CELL ADHESION%GOBP%GO:0007159		30	0.72973514	2.0503438	0.0	3.488569E-4	0.046	648	tags=27%, list=5%, signal=28%	
POSITIVE REGULATION OF INNATE IMMUNE RESPONSE%GOBP%GO:0045089	POSITIVE REGULATION OF INNATE IMMUNE RESPONSE%GOBP%GO:0045089		191	0.5467808	2.050102	0.0	3.4654659E-4	0.046	1228	tags=21%, list=10%, signal=23%	
REGULATION OF CHEMOKINE PRODUCTION%GOBP%GO:0032642	REGULATION OF CHEMOKINE PRODUCTION%GOBP%GO:0032642		44	0.67639947	2.046266	0.0	3.9274254E-4	0.052	476	tags=23%, list=4%, signal=24%	
REGULATION OF EPITHELIAL CELL DIFFERENTIATION%GOBP%GO:0030856	REGULATION OF EPITHELIAL CELL DIFFERENTIATION%GOBP%GO:0030856		73	0.6201476	2.0457602	0.0	3.9390428E-4	0.0525	589	tags=23%, list=5%, signal=24%	
TOLL LIKE RECEPTOR 9 (TLR9) CASCADE%REACTOME DATABASE ID RELEASE 93%168138	TOLL LIKE RECEPTOR 9 (TLR9) CASCADE%REACTOME DATABASE ID RELEASE 93%168138		97	0.5971933	2.0450463	0.0	4.02381E-4	0.054	2518	tags=40%, list=21%, signal=50%	
CELL RECRUITMENT (PRO-INFLAMMATORY RESPONSE)%REACTOME%R-HSA-9664424.3	CELL RECRUITMENT (PRO-INFLAMMATORY RESPONSE)%REACTOME%R-HSA-9664424.3		18	0.81346655	2.0439022	0.0	4.180241E-4	0.0565	107	tags=28%, list=1%, signal=28%	
TNFALPHA%IOB%TNFALPHA	TNFALPHA%IOB%TNFALPHA		158	0.55586165	2.0430977	0.0	4.2263733E-4	0.0575	1205	tags=22%, list=10%, signal=24%	
UROKINASE-TYPE PLASMINOGEN ACTIVATOR (UPA) AND UPAR-MEDIATED SIGNALING%PATHWAY INTERACTION DATABASE NCI-NATURE CURATED DATA%UROKINASE-TYPE PLASMINOGEN ACTIVATOR (UPA) AND UPAR-MEDIATED SIGNALING	UROKINASE-TYPE PLASMINOGEN ACTIVATOR (UPA) AND UPAR-MEDIATED SIGNALING%PATHWAY INTERACTION DATABASE NCI-NATURE CURATED DATA%UROKINASE-TYPE PLASMINOGEN ACTIVATOR (UPA) AND UPAR-MEDIATED SIGNALING		23	0.78563815	2.0429893	0.0	4.1994537E-4	0.0575	824	tags=39%, list=7%, signal=42%	
REGULATION OF DEFENSE RESPONSE TO VIRUS BY HOST%GOBP%GO:0050691	REGULATION OF DEFENSE RESPONSE TO VIRUS BY HOST%GOBP%GO:0050691		26	0.7580293	2.0395465	0.0	4.5316125E-4	0.0625	641	tags=31%, list=5%, signal=32%	
POSITIVE REGULATION OF MIRNA METABOLIC PROCESS%GOBP%GO:2000630	POSITIVE REGULATION OF MIRNA METABOLIC PROCESS%GOBP%GO:2000630		39	0.68314284	2.0365038	0.0	4.683849E-4	0.065	978	tags=31%, list=8%, signal=33%	
NON-CANONICAL NF-KAPPAB SIGNAL TRANSDUCTION%GOBP%GO:0038061	NON-CANONICAL NF-KAPPAB SIGNAL TRANSDUCTION%GOBP%GO:0038061		25	0.7541045	2.0356731	0.0	4.6897194E-4	0.0655	793	tags=32%, list=7%, signal=34%	
HIV-1 NEF: NEGATIVE EFFECTOR OF FAS AND TNF-ALPHA%PATHWAY INTERACTION DATABASE NCI-NATURE CURATED DATA%HIV-1 NEF: NEGATIVE EFFECTOR OF FAS AND TNF-ALPHA	HIV-1 NEF: NEGATIVE EFFECTOR OF FAS AND TNF-ALPHA%PATHWAY INTERACTION DATABASE NCI-NATURE CURATED DATA%HIV-1 NEF: NEGATIVE EFFECTOR OF FAS AND TNF-ALPHA		31	0.7205731	2.0349061	0.0	4.83603E-4	0.0675	793	tags=23%, list=7%, signal=24%	
PREFOLDIN MEDIATED TRANSFER OF SUBSTRATE TO CCT TRIC%REACTOME DATABASE ID RELEASE 93%389957	PREFOLDIN MEDIATED TRANSFER OF SUBSTRATE TO CCT TRIC%REACTOME DATABASE ID RELEASE 93%389957		22	0.7640969	2.0347831	8.460237E-4	4.806178E-4	0.0675	1433	tags=64%, list=12%, signal=72%	
POSITIVE REGULATION OF TUMOR NECROSIS FACTOR PRODUCTION%GOBP%GO:0032760	POSITIVE REGULATION OF TUMOR NECROSIS FACTOR PRODUCTION%GOBP%GO:0032760		52	0.6551291	2.0338678	0.0	4.9506704E-4	0.07	1005	tags=29%, list=8%, signal=31%	
STING PATHWAY IN KAWASAKI LIKE DISEASE AND COVID 19%WIKIPATHWAYS_20250810%WP4961%HOMO SAPIENS	STING PATHWAY IN KAWASAKI LIKE DISEASE AND COVID 19%WIKIPATHWAYS_20250810%WP4961%HOMO SAPIENS		15	0.8586183	2.0335035	0.0	5.0941797E-4	0.0725	277	tags=40%, list=2%, signal=41%	
PID_AMB2_NEUTROPHILS_PATHWAY%MSIGDB_C2%PID_AMB2_NEUTROPHILS_PATHWAY	PID_AMB2_NEUTROPHILS_PATHWAY%MSIGDB_C2%PID_AMB2_NEUTROPHILS_PATHWAY		22	0.78585553	2.0331569	0.0	5.16787E-4	0.074	854	tags=45%, list=7%, signal=49%	
REGULATION OF INTERLEUKIN-1 PRODUCTION%GOBP%GO:0032652	REGULATION OF INTERLEUKIN-1 PRODUCTION%GOBP%GO:0032652		54	0.63930637	2.0312805	0.0	5.615825E-4	0.0805	1241	tags=31%, list=10%, signal=35%	
POSITIVE REGULATION OF PEPTIDYL-TYROSINE PHOSPHORYLATION%GOBP%GO:0050731	POSITIVE REGULATION OF PEPTIDYL-TYROSINE PHOSPHORYLATION%GOBP%GO:0050731		24	0.75813997	2.0292623	0.0	5.8201095E-4	0.083	315	tags=29%, list=3%, signal=30%	
REGULATION OF TYPE I INTERFERON-MEDIATED SIGNALING PATHWAY%GOBP%GO:0060338	REGULATION OF TYPE I INTERFERON-MEDIATED SIGNALING PATHWAY%GOBP%GO:0060338		32	0.70883524	2.0282316	0.0	5.853531E-4	0.084	608	tags=22%, list=5%, signal=23%	
NOD1 2 SIGNALING PATHWAY%REACTOME%R-HSA-168638.5	NOD1 2 SIGNALING PATHWAY%REACTOME%R-HSA-168638.5		29	0.7256458	2.027628	0.0	5.852393E-4	0.0845	2015	tags=38%, list=17%, signal=45%	
COOPERATION OF PREFOLDIN AND TRIC CCT IN ACTIN AND TUBULIN FOLDING%REACTOME DATABASE ID RELEASE 93%389958	COOPERATION OF PREFOLDIN AND TRIC CCT IN ACTIN AND TUBULIN FOLDING%REACTOME DATABASE ID RELEASE 93%389958		25	0.7502992	2.0268452	0.0	5.917737E-4	0.086	1433	tags=60%, list=12%, signal=68%	
INNATE IMMUNE RESPONSE ACTIVATING CELL SURFACE RECEPTOR SIGNALING PATHWAY%GOBP%GO:0002220	INNATE IMMUNE RESPONSE ACTIVATING CELL SURFACE RECEPTOR SIGNALING PATHWAY%GOBP%GO:0002220		35	0.7023064	2.0257707	0.0	6.114728E-4	0.0895	965	tags=31%, list=8%, signal=34%	
TOLL RECEPTOR SIGNALING PATHWAY%PANTHER PATHWAY%P00054	TOLL RECEPTOR SIGNALING PATHWAY%PANTHER PATHWAY%P00054		32	0.7093378	2.0251818	0.0	6.11248E-4	0.09	965	tags=34%, list=8%, signal=37%	
TURBULENT (OSCILLATORY, DISTURBED) FLOW SHEAR STRESS ACTIVATES SIGNALING BY PIEZO1 AND INTEGRINS IN ENDOTHELIAL CELLS%REACTOME%R-HSA-9860927.2	TURBULENT (OSCILLATORY, DISTURBED) FLOW SHEAR STRESS ACTIVATES SIGNALING BY PIEZO1 AND INTEGRINS IN ENDOTHELIAL CELLS%REACTOME%R-HSA-9860927.2		28	0.73332846	2.021299	0.0	6.637591E-4	0.0975	714	tags=32%, list=6%, signal=34%	
PURINERGIC SIGNALING IN LEISHMANIASIS INFECTION%REACTOME%R-HSA-9660826.3	PURINERGIC SIGNALING IN LEISHMANIASIS INFECTION%REACTOME%R-HSA-9660826.3		18	0.81346655	2.0206647	0.0	6.6322513E-4	0.098	107	tags=28%, list=1%, signal=28%	
PID_CERAMIDE_PATHWAY%MSIGDB_C2%PID_CERAMIDE_PATHWAY	PID_CERAMIDE_PATHWAY%MSIGDB_C2%PID_CERAMIDE_PATHWAY		36	0.69591266	2.0191462	0.0	6.821286E-4	0.1015	1340	tags=31%, list=11%, signal=34%	
REGULATION OF INTERLEUKIN-6 PRODUCTION%GOBP%GO:0032675	REGULATION OF INTERLEUKIN-6 PRODUCTION%GOBP%GO:0032675		69	0.61972857	2.0178053	0.0	7.0091645E-4	0.105	1241	tags=33%, list=10%, signal=37%	
IL12-MEDIATED SIGNALING EVENTS%PATHWAY INTERACTION DATABASE NCI-NATURE CURATED DATA%IL12-MEDIATED SIGNALING EVENTS	IL12-MEDIATED SIGNALING EVENTS%PATHWAY INTERACTION DATABASE NCI-NATURE CURATED DATA%IL12-MEDIATED SIGNALING EVENTS		27	0.7326093	2.017251	0.0	7.001728E-4	0.1055	1336	tags=37%, list=11%, signal=42%	
ALLOGRAFT REJECTION%WIKIPATHWAYS_20250810%WP2328%HOMO SAPIENS	ALLOGRAFT REJECTION%WIKIPATHWAYS_20250810%WP2328%HOMO SAPIENS		27	0.73691064	2.0167673	0.0	7.185637E-4	0.108	964	tags=33%, list=8%, signal=36%	
BETA3 INTEGRIN CELL SURFACE INTERACTIONS%PATHWAY INTERACTION DATABASE NCI-NATURE CURATED DATA%BETA3 INTEGRIN CELL SURFACE INTERACTIONS	BETA3 INTEGRIN CELL SURFACE INTERACTIONS%PATHWAY INTERACTION DATABASE NCI-NATURE CURATED DATA%BETA3 INTEGRIN CELL SURFACE INTERACTIONS		32	0.71198404	2.0159132	0.0	7.272503E-4	0.11	1692	tags=47%, list=14%, signal=54%	
CELLULAR ROLES OF ANTHRAX TOXIN%PATHWAY INTERACTION DATABASE NCI-NATURE CURATED DATA%CELLULAR ROLES OF ANTHRAX TOXIN	CELLULAR ROLES OF ANTHRAX TOXIN%PATHWAY INTERACTION DATABASE NCI-NATURE CURATED DATA%CELLULAR ROLES OF ANTHRAX TOXIN		15	0.8358221	2.0144908	0.0	7.5168296E-4	0.113	919	tags=53%, list=8%, signal=58%	
BIOCARTA_NFKB_PATHWAY%MSIGDB_C2%BIOCARTA_NFKB_PATHWAY	BIOCARTA_NFKB_PATHWAY%MSIGDB_C2%BIOCARTA_NFKB_PATHWAY		19	0.7945143	2.014035	0.0	7.6324854E-4	0.1155	107	tags=26%, list=1%, signal=27%	
POSITIVE REGULATION OF PROTEIN PHOSPHORYLATION%GOBP%GO:0001934	POSITIVE REGULATION OF PROTEIN PHOSPHORYLATION%GOBP%GO:0001934		132	0.5633507	2.0138903	0.0	7.6218066E-4	0.116	913	tags=23%, list=8%, signal=24%	
TNFR1-INDUCED PROAPOPTOTIC SIGNALING%REACTOME DATABASE ID RELEASE 93%5357786	TNFR1-INDUCED PROAPOPTOTIC SIGNALING%REACTOME DATABASE ID RELEASE 93%5357786		25	0.7347458	2.0127482	0.0	7.643162E-4	0.117	984	tags=28%, list=8%, signal=30%	
POSITIVE REGULATION OF TUMOR NECROSIS FACTOR SUPERFAMILY CYTOKINE PRODUCTION%GOBP%GO:1903557	POSITIVE REGULATION OF TUMOR NECROSIS FACTOR SUPERFAMILY CYTOKINE PRODUCTION%GOBP%GO:1903557		55	0.63967806	2.0118506	0.0	7.8477385E-4	0.1205	1005	tags=29%, list=8%, signal=32%	
REGULATION OF EXTRINSIC APOPTOTIC SIGNALING PATHWAY%GOBP%GO:2001236	REGULATION OF EXTRINSIC APOPTOTIC SIGNALING PATHWAY%GOBP%GO:2001236		95	0.5821725	2.010106	0.0	8.0218E-4	0.123	833	tags=22%, list=7%, signal=24%	
NEGATIVE REGULATION OF CYTOKINE-MEDIATED SIGNALING PATHWAY%GOBP%GO:0001960	NEGATIVE REGULATION OF CYTOKINE-MEDIATED SIGNALING PATHWAY%GOBP%GO:0001960		51	0.64158833	2.0066733	0.0	8.3753024E-4	0.1275	933	tags=25%, list=8%, signal=28%	
ANTIMICROBIAL PEPTIDES%REACTOME DATABASE ID RELEASE 93%6803157	ANTIMICROBIAL PEPTIDES%REACTOME DATABASE ID RELEASE 93%6803157		17	0.8133565	2.005466	0.0	8.6351234E-4	0.131	626	tags=53%, list=5%, signal=56%	
NEGATIVE REGULATORS OF RIG-I MDA5 SIGNALING%REACTOME%R-HSA-936440.6	NEGATIVE REGULATORS OF RIG-I MDA5 SIGNALING%REACTOME%R-HSA-936440.6		34	0.70325094	2.0044503	8.271299E-4	8.921845E-4	0.1365	1305	tags=35%, list=11%, signal=39%	
CELLULAR RESPONSE TO INTERLEUKIN-1%GOBP%GO:0071347	CELLULAR RESPONSE TO INTERLEUKIN-1%GOBP%GO:0071347		47	0.6489769	2.0038862	0.0	8.9955964E-4	0.138	624	tags=21%, list=5%, signal=22%	
MYELOID LEUKOCYTE DIFFERENTIATION%GOBP%GO:0002573	MYELOID LEUKOCYTE DIFFERENTIATION%GOBP%GO:0002573		62	0.63148195	2.0023756	0.0	9.42535E-4	0.1455	1020	tags=31%, list=8%, signal=33%	
ACUTE VIRAL MYOCARDITIS%WIKIPATHWAYS_20250810%WP4298%HOMO SAPIENS	ACUTE VIRAL MYOCARDITIS%WIKIPATHWAYS_20250810%WP4298%HOMO SAPIENS		50	0.64616764	2.0016563	0.0	9.6453965E-4	0.1485	1253	tags=34%, list=10%, signal=38%	
RESPONSE TO INTERFERON-ALPHA%GOBP%GO:0035455	RESPONSE TO INTERFERON-ALPHA%GOBP%GO:0035455		16	0.814166	2.0012765	8.90472E-4	9.6246274E-4	0.149	1340	tags=63%, list=11%, signal=70%	
POSITIVE REGULATION OF EXTRINSIC APOPTOTIC SIGNALING PATHWAY%GOBP%GO:2001238	POSITIVE REGULATION OF EXTRINSIC APOPTOTIC SIGNALING PATHWAY%GOBP%GO:2001238		32	0.70136034	1.9998342	0.0	9.812182E-4	0.152	833	tags=38%, list=7%, signal=40%	
REGULATION OF DEFENSE RESPONSE TO VIRUS%GOBP%GO:0050688	REGULATION OF DEFENSE RESPONSE TO VIRUS%GOBP%GO:0050688		38	0.67450887	1.9997091	0.0	9.791038E-4	0.1525	641	tags=24%, list=5%, signal=25%	
REGULATION OF TOLL-LIKE RECEPTOR SIGNALING PATHWAY%GOBP%GO:0034121	REGULATION OF TOLL-LIKE RECEPTOR SIGNALING PATHWAY%GOBP%GO:0034121		24	0.7367432	1.9986045	0.0	9.886725E-4	0.155	1239	tags=38%, list=10%, signal=42%	
CATABOLISM OF SKELETAL MUSCLE IN CACHEXIA%WIKIPATHWAYS_20250810%WP5474%HOMO SAPIENS	CATABOLISM OF SKELETAL MUSCLE IN CACHEXIA%WIKIPATHWAYS_20250810%WP5474%HOMO SAPIENS		32	0.7003203	1.997855	0.0	9.865094E-4	0.1555	1930	tags=53%, list=16%, signal=63%	
TRAF6 MEDIATED NF-KB ACTIVATION%REACTOME%R-HSA-933542.3	TRAF6 MEDIATED NF-KB ACTIVATION%REACTOME%R-HSA-933542.3		23	0.75933146	1.9976189	8.56898E-4	9.815018E-4	0.1555	258	tags=30%, list=2%, signal=31%	
NUCLEOTIDE BINDING OLIGOMERIZATION DOMAIN NOD PATHWAY%WIKIPATHWAYS_20250810%WP1433%HOMO SAPIENS	NUCLEOTIDE BINDING OLIGOMERIZATION DOMAIN NOD PATHWAY%WIKIPATHWAYS_20250810%WP1433%HOMO SAPIENS		25	0.73984	1.9976151	0.0	9.765447E-4	0.1555	1796	tags=44%, list=15%, signal=52%	
CYTOSOLIC SENSORS OF PATHOGEN-ASSOCIATED DNA%REACTOME%R-HSA-1834949.6	CYTOSOLIC SENSORS OF PATHOGEN-ASSOCIATED DNA%REACTOME%R-HSA-1834949.6		57	0.62951887	1.9955856	0.0	0.001023108	0.161	1778	tags=33%, list=15%, signal=39%	
REGULATION OF HEMOPOIESIS%GOBP%GO:1903706	REGULATION OF HEMOPOIESIS%GOBP%GO:1903706		194	0.52926207	1.9953699	0.0	0.0010293266	0.163	1219	tags=24%, list=10%, signal=26%	
REGULATION OF LIPID LOCALIZATION%GOBP%GO:1905952	REGULATION OF LIPID LOCALIZATION%GOBP%GO:1905952		80	0.5936248	1.9940236	0.0	0.0010609884	0.168	702	tags=24%, list=6%, signal=25%	
REGULATION OF INTERFERON-BETA PRODUCTION%GOBP%GO:0032648	REGULATION OF INTERFERON-BETA PRODUCTION%GOBP%GO:0032648		43	0.6684752	1.9935989	0.0	0.0010613698	0.169	622	tags=23%, list=5%, signal=24%	
FORMATION OF PRIMARY GERM LAYER%GOBP%GO:0001704	FORMATION OF PRIMARY GERM LAYER%GOBP%GO:0001704		47	0.65173835	1.9918936	0.0	0.0010925301	0.1745	550	tags=26%, list=5%, signal=27%	
POST-CHAPERONIN TUBULIN FOLDING PATHWAY%REACTOME DATABASE ID RELEASE 93%389977	POST-CHAPERONIN TUBULIN FOLDING PATHWAY%REACTOME DATABASE ID RELEASE 93%389977		16	0.8017112	1.991301	0.0	0.0010954088	0.176	1101	tags=56%, list=9%, signal=62%	
REGULATION OF CELLULAR EXTRAVASATION%GOBP%GO:0002691	REGULATION OF CELLULAR EXTRAVASATION%GOBP%GO:0002691		16	0.812225	1.9902941	0.0	0.0011094923	0.179	1009	tags=44%, list=8%, signal=48%	
LYMPHOCYTE HOMEOSTASIS%GOBP%GO:0002260	LYMPHOCYTE HOMEOSTASIS%GOBP%GO:0002260		20	0.76401603	1.986091	0.0	0.0012062162	0.194	468	tags=25%, list=4%, signal=26%	
REGULATION OF TYPE II INTERFERON PRODUCTION%GOBP%GO:0032649	REGULATION OF TYPE II INTERFERON PRODUCTION%GOBP%GO:0032649		45	0.6617029	1.9860749	0.0	0.0012031221	0.1945	1149	tags=27%, list=10%, signal=29%	
POSITIVE REGULATION OF PHOSPHORYLATION%GOBP%GO:0042327	POSITIVE REGULATION OF PHOSPHORYLATION%GOBP%GO:0042327		147	0.54730123	1.9857339	0.0	0.0011973379	0.1945	915	tags=22%, list=8%, signal=23%	
NEGATIVE REGULATION OF TYPE I INTERFERON-MEDIATED SIGNALING PATHWAY%GOBP%GO:0060339	NEGATIVE REGULATION OF TYPE I INTERFERON-MEDIATED SIGNALING PATHWAY%GOBP%GO:0060339		17	0.806247	1.9824144	0.0	0.0012756039	0.207	407	tags=29%, list=3%, signal=30%	
REGULATION OF IMMUNE EFFECTOR PROCESS%GOBP%GO:0002697	REGULATION OF IMMUNE EFFECTOR PROCESS%GOBP%GO:0002697		160	0.5343007	1.9803047	0.0	0.0013047217	0.212	1273	tags=23%, list=11%, signal=26%	
LDL INFLUENCE ON CD14 AND TLR4%WIKIPATHWAYS_20250810%WP5272%HOMO SAPIENS	LDL INFLUENCE ON CD14 AND TLR4%WIKIPATHWAYS_20250810%WP5272%HOMO SAPIENS		18	0.78463405	1.9798192	0.0	0.001314668	0.2145	2007	tags=67%, list=17%, signal=80%	
IL27-MEDIATED SIGNALING EVENTS%PATHWAY INTERACTION DATABASE NCI-NATURE CURATED DATA%IL27-MEDIATED SIGNALING EVENTS	IL27-MEDIATED SIGNALING EVENTS%PATHWAY INTERACTION DATABASE NCI-NATURE CURATED DATA%IL27-MEDIATED SIGNALING EVENTS		17	0.7990426	1.9773762	0.0017699115	0.0013807938	0.226	407	tags=35%, list=3%, signal=36%	
MITOCHONDRIAL IMMUNE RESPONSE TO SARS COV 2%WIKIPATHWAYS_20250810%WP5038%HOMO SAPIENS	MITOCHONDRIAL IMMUNE RESPONSE TO SARS COV 2%WIKIPATHWAYS_20250810%WP5038%HOMO SAPIENS		20	0.7790206	1.9772043	0.0	0.0013769479	0.226	341	tags=35%, list=3%, signal=36%	
FIBRIN COMPLEMENT RECEPTOR 3 SIGNALING%WIKIPATHWAYS_20250810%WP4136%HOMO SAPIENS	FIBRIN COMPLEMENT RECEPTOR 3 SIGNALING%WIKIPATHWAYS_20250810%WP4136%HOMO SAPIENS		23	0.7490861	1.9762762	8.38223E-4	0.0013865102	0.2275	965	tags=39%, list=8%, signal=42%	
IMMUNE RESPONSE-ACTIVATING SIGNALING PATHWAY%GOBP%GO:0002757	IMMUNE RESPONSE-ACTIVATING SIGNALING PATHWAY%GOBP%GO:0002757		157	0.53783727	1.9739828	0.0	0.0014541859	0.2395	1589	tags=27%, list=13%, signal=31%	
NEGATIVE REGULATION OF TUMOR NECROSIS FACTOR PRODUCTION%GOBP%GO:0032720	NEGATIVE REGULATION OF TUMOR NECROSIS FACTOR PRODUCTION%GOBP%GO:0032720		20	0.76468194	1.9736923	0.0	0.001460567	0.242	689	tags=35%, list=6%, signal=37%	
NOVEL INTRACELLULAR COMPONENTS OF RIG I LIKE RECEPTOR PATHWAY%WIKIPATHWAYS_20250810%WP3865%HOMO SAPIENS	NOVEL INTRACELLULAR COMPONENTS OF RIG I LIKE RECEPTOR PATHWAY%WIKIPATHWAYS_20250810%WP3865%HOMO SAPIENS		48	0.6433156	1.9731531	0.0	0.0014642919	0.243	793	tags=25%, list=7%, signal=27%	
NEGATIVE REGULATION OF TUMOR NECROSIS FACTOR SUPERFAMILY CYTOKINE PRODUCTION%GOBP%GO:1903556	NEGATIVE REGULATION OF TUMOR NECROSIS FACTOR SUPERFAMILY CYTOKINE PRODUCTION%GOBP%GO:1903556		21	0.7603526	1.9724952	0.0	0.0014809506	0.2455	689	tags=33%, list=6%, signal=35%	
ACTIVATION OF NF-KAPPAB IN B CELLS%REACTOME%R-HSA-1169091.2	ACTIVATION OF NF-KAPPAB IN B CELLS%REACTOME%R-HSA-1169091.2		52	0.6326848	1.9697033	0.0	0.0015674254	0.2585	2381	tags=52%, list=20%, signal=64%	
AFFECTED PATHWAYS IN DUCHENNE MUSCULAR DYSTROPHY%WIKIPATHWAYS_20250810%WP5356%HOMO SAPIENS	AFFECTED PATHWAYS IN DUCHENNE MUSCULAR DYSTROPHY%WIKIPATHWAYS_20250810%WP5356%HOMO SAPIENS		38	0.65858597	1.9689738	0.0	0.0015758085	0.261	351	tags=21%, list=3%, signal=22%	
REGULATION OF MACROPHAGE DERIVED FOAM CELL DIFFERENTIATION%GOBP%GO:0010743	REGULATION OF MACROPHAGE DERIVED FOAM CELL DIFFERENTIATION%GOBP%GO:0010743		20	0.7641963	1.9686809	0.0	0.0015764418	0.2615	110	tags=35%, list=1%, signal=35%	
PID_CD40_PATHWAY%MSIGDB_C2%PID_CD40_PATHWAY	PID_CD40_PATHWAY%MSIGDB_C2%PID_CD40_PATHWAY		23	0.7361296	1.9679233	0.0	0.0015950301	0.2655	1253	tags=39%, list=10%, signal=44%	
NEGATIVE REGULATION OF TYPE II INTERFERON PRODUCTION%GOBP%GO:0032689	NEGATIVE REGULATION OF TYPE II INTERFERON PRODUCTION%GOBP%GO:0032689		15	0.81225616	1.9655292	0.0	0.001672296	0.275	933	tags=40%, list=8%, signal=43%	
FORMATION OF TUBULIN FOLDING INTERMEDIATES BY CCT TRIC%REACTOME DATABASE ID RELEASE 93%389960	FORMATION OF TUBULIN FOLDING INTERMEDIATES BY CCT TRIC%REACTOME DATABASE ID RELEASE 93%389960		18	0.7871351	1.964774	0.0	0.0017105481	0.2825	1433	tags=67%, list=12%, signal=76%	
PROTEASOME ASSEMBLY%REACTOME DATABASE ID RELEASE 93%9907900	PROTEASOME ASSEMBLY%REACTOME DATABASE ID RELEASE 93%9907900		49	0.6371846	1.9619275	0.0	0.0017913503	0.2955	2569	tags=59%, list=21%, signal=75%	
REGULATION OF ADAPTIVE IMMUNE RESPONSE BASED ON SOMATIC RECOMBINATION OF IMMUNE RECEPTORS BUILT FROM IMMUNOGLOBULIN SUPERFAMILY DOMAINS%GOBP%GO:0002822	REGULATION OF ADAPTIVE IMMUNE RESPONSE BASED ON SOMATIC RECOMBINATION OF IMMUNE RECEPTORS BUILT FROM IMMUNOGLOBULIN SUPERFAMILY DOMAINS%GOBP%GO:0002822		95	0.56950796	1.9612033	0.0	0.0018060814	0.2975	2213	tags=35%, list=18%, signal=42%	
POSITIVE REGULATION OF RESPONSE TO CYTOKINE STIMULUS%GOBP%GO:0060760	POSITIVE REGULATION OF RESPONSE TO CYTOKINE STIMULUS%GOBP%GO:0060760		41	0.6539314	1.9611553	8.1366964E-4	0.0017981251	0.2975	1190	tags=27%, list=10%, signal=30%	
ENDOGENOUS TLR SIGNALING%PATHWAY INTERACTION DATABASE NCI-NATURE CURATED DATA%ENDOGENOUS TLR SIGNALING	ENDOGENOUS TLR SIGNALING%PATHWAY INTERACTION DATABASE NCI-NATURE CURATED DATA%ENDOGENOUS TLR SIGNALING		21	0.7591265	1.960606	0.0	0.0018227772	0.3025	341	tags=29%, list=3%, signal=29%	
G-CSF%IOB%G-CSF	G-CSF%IOB%G-CSF		27	0.7207089	1.9596765	0.0	0.0018395479	0.3065	937	tags=37%, list=8%, signal=40%	
ONCOSTATIN M SIGNALING%WIKIPATHWAYS_20250810%WP2374%HOMO SAPIENS	ONCOSTATIN M SIGNALING%WIKIPATHWAYS_20250810%WP2374%HOMO SAPIENS		48	0.63525885	1.9568455	0.0	0.0019453353	0.321	2358	tags=46%, list=20%, signal=57%	
PARKIN UBIQUITIN PROTEASOMAL SYSTEM PATHWAY%WIKIPATHWAYS_20250810%WP2359%HOMO SAPIENS	PARKIN UBIQUITIN PROTEASOMAL SYSTEM PATHWAY%WIKIPATHWAYS_20250810%WP2359%HOMO SAPIENS		44	0.64936656	1.9565316	0.0	0.0019492167	0.3225	1001	tags=32%, list=8%, signal=35%	
POSITIVE REGULATION OF INTERFERON-BETA PRODUCTION%GOBP%GO:0032728	POSITIVE REGULATION OF INTERFERON-BETA PRODUCTION%GOBP%GO:0032728		31	0.69717044	1.9559093	0.0	0.00196531	0.3265	1196	tags=32%, list=10%, signal=36%	
TCR%NETPATH%TCR	TCR%NETPATH%TCR		142	0.5367265	1.9554299	0.0	0.0019787669	0.329	938	tags=24%, list=8%, signal=26%	
HEMATOPOIETIC STEM CELL DIFFERENTIATION%WIKIPATHWAYS_20250810%WP2849%HOMO SAPIENS	HEMATOPOIETIC STEM CELL DIFFERENTIATION%WIKIPATHWAYS_20250810%WP2849%HOMO SAPIENS		24	0.7379251	1.953917	0.0	0.0020189197	0.3365	998	tags=38%, list=8%, signal=41%	
CHOLESTEROL SYNTHESIS DISORDERS%WIKIPATHWAYS_20250810%WP5193%HOMO SAPIENS	CHOLESTEROL SYNTHESIS DISORDERS%WIKIPATHWAYS_20250810%WP5193%HOMO SAPIENS		15	0.8070292	1.9491595	0.0	0.002232715	0.3635	659	tags=47%, list=5%, signal=49%	
NEGATIVE REGULATION OF INNATE IMMUNE RESPONSE%GOBP%GO:0045824	NEGATIVE REGULATION OF INNATE IMMUNE RESPONSE%GOBP%GO:0045824		65	0.604266	1.9486233	0.0	0.0022448737	0.3655	2274	tags=38%, list=19%, signal=47%	
NEGATIVE REGULATION OF DEFENSE RESPONSE%GOBP%GO:0031348	NEGATIVE REGULATION OF DEFENSE RESPONSE%GOBP%GO:0031348		143	0.53613037	1.9475514	0.0	0.00229285	0.3725	2877	tags=43%, list=24%, signal=56%	
RIBOSOMAL LARGE SUBUNIT BIOGENESIS%GOBP%GO:0042273	RIBOSOMAL LARGE SUBUNIT BIOGENESIS%GOBP%GO:0042273		61	0.60493183	1.9473488	0.0	0.0022879757	0.3725	1800	tags=36%, list=15%, signal=42%	
DECTIN-1 MEDIATED NONCANONICAL NF-KB SIGNALING%REACTOME DATABASE ID RELEASE 93%5607761	DECTIN-1 MEDIATED NONCANONICAL NF-KB SIGNALING%REACTOME DATABASE ID RELEASE 93%5607761		46	0.6370737	1.9466379	0.0	0.0023187126	0.376	2272	tags=52%, list=19%, signal=64%	
SARS-COV-1 INFECTION%REACTOME DATABASE ID RELEASE 93%9678108	SARS-COV-1 INFECTION%REACTOME DATABASE ID RELEASE 93%9678108		126	0.54379356	1.9465945	0.0	0.0023137506	0.3765	1792	tags=30%, list=15%, signal=35%	
TUMOR NECROSIS FACTOR-MEDIATED SIGNALING PATHWAY%GOBP%GO:0033209	TUMOR NECROSIS FACTOR-MEDIATED SIGNALING PATHWAY%GOBP%GO:0033209		34	0.6781049	1.9445033	0.0	0.0023963817	0.387	179	tags=18%, list=1%, signal=18%	
NEGATIVE REGULATION OF RESPONSE TO CYTOKINE STIMULUS%GOBP%GO:0060761	NEGATIVE REGULATION OF RESPONSE TO CYTOKINE STIMULUS%GOBP%GO:0060761		54	0.6227578	1.9432428	0.0	0.0024547684	0.396	933	tags=24%, list=8%, signal=26%	
REGULATION OF ADAPTIVE IMMUNE RESPONSE%GOBP%GO:0002819	REGULATION OF ADAPTIVE IMMUNE RESPONSE%GOBP%GO:0002819		104	0.5568177	1.9418533	0.0	0.0025054014	0.4035	2213	tags=34%, list=18%, signal=41%	
POSITIVE REGULATION OF PHOSPHATE METABOLIC PROCESS%GOBP%GO:0045937	POSITIVE REGULATION OF PHOSPHATE METABOLIC PROCESS%GOBP%GO:0045937		176	0.52037114	1.9384583	0.0	0.0026721987	0.4265	986	tags=22%, list=8%, signal=23%	
DEFECTS IN TOLL-LIKE RECEPTOR CASCADES%REACTOME%R-HSA-5602358.5	DEFECTS IN TOLL-LIKE RECEPTOR CASCADES%REACTOME%R-HSA-5602358.5		23	0.7350576	1.9383024	0.0	0.0026659733	0.4265	341	tags=35%, list=3%, signal=36%	
RIBONUCLEOTIDE CATABOLIC PROCESS%GOBP%GO:0009261	RIBONUCLEOTIDE CATABOLIC PROCESS%GOBP%GO:0009261		42	0.65027183	1.9368545	0.0	0.0027267416	0.436	2131	tags=57%, list=18%, signal=69%	
CELL SURFACE TOLL-LIKE RECEPTOR SIGNALING PATHWAY%GOBP%GO:0140895	CELL SURFACE TOLL-LIKE RECEPTOR SIGNALING PATHWAY%GOBP%GO:0140895		25	0.71357024	1.9364986	0.0	0.002727185	0.437	524	tags=28%, list=4%, signal=29%	
GLYCOLYTIC PROCESS THROUGH GLUCOSE-6-PHOSPHATE%GOBP%GO:0061620	GLYCOLYTIC PROCESS THROUGH GLUCOSE-6-PHOSPHATE%GOBP%GO:0061620		15	0.79599434	1.9352877	8.756567E-4	0.0027596932	0.44	2131	tags=87%, list=18%, signal=105%	
VALIDATED TRANSCRIPTIONAL TARGETS OF AP1 FAMILY MEMBERS FRA1 AND FRA2%PATHWAY INTERACTION DATABASE NCI-NATURE CURATED DATA%VALIDATED TRANSCRIPTIONAL TARGETS OF AP1 FAMILY MEMBERS FRA1 AND FRA2	VALIDATED TRANSCRIPTIONAL TARGETS OF AP1 FAMILY MEMBERS FRA1 AND FRA2%PATHWAY INTERACTION DATABASE NCI-NATURE CURATED DATA%VALIDATED TRANSCRIPTIONAL TARGETS OF AP1 FAMILY MEMBERS FRA1 AND FRA2		30	0.70089287	1.9350705	0.0	0.002753161	0.441	409	tags=30%, list=3%, signal=31%	
SARS CORONAVIRUS AND INNATE IMMUNITY%WIKIPATHWAYS_20250810%WP4912%HOMO SAPIENS	SARS CORONAVIRUS AND INNATE IMMUNITY%WIKIPATHWAYS_20250810%WP4912%HOMO SAPIENS		16	0.78882205	1.9350187	0.0	0.0027489373	0.442	407	tags=44%, list=3%, signal=45%	
REGULATION OF INTERLEUKIN-1 BETA PRODUCTION%GOBP%GO:0032651	REGULATION OF INTERLEUKIN-1 BETA PRODUCTION%GOBP%GO:0032651		45	0.63642293	1.9342281	0.0	0.0027720737	0.4465	1241	tags=31%, list=10%, signal=35%	
DISEASES OF IMMUNE SYSTEM%REACTOME%R-HSA-5260271.5	DISEASES OF IMMUNE SYSTEM%REACTOME%R-HSA-5260271.5		23	0.7350576	1.9337413	0.0	0.0027746665	0.4475	341	tags=35%, list=3%, signal=36%	
INTERLEUKIN-1-MEDIATED SIGNALING PATHWAY%GOBP%GO:0070498	INTERLEUKIN-1-MEDIATED SIGNALING PATHWAY%GOBP%GO:0070498		19	0.7510029	1.9337348	8.56898E-4	0.0027636993	0.4475	965	tags=37%, list=8%, signal=40%	
CELL SURFACE PATTERN RECOGNITION RECEPTOR SIGNALING PATHWAY%GOBP%GO:0002752	CELL SURFACE PATTERN RECOGNITION RECEPTOR SIGNALING PATHWAY%GOBP%GO:0002752		26	0.71186745	1.9335754	0.0	0.0027573328	0.448	524	tags=27%, list=4%, signal=28%	
REGULATION OF MYELOID LEUKOCYTE DIFFERENTIATION%GOBP%GO:0002761	REGULATION OF MYELOID LEUKOCYTE DIFFERENTIATION%GOBP%GO:0002761		49	0.6273855	1.9335581	0.0	0.0027465199	0.448	719	tags=24%, list=6%, signal=26%	
ANTIVIRAL MECHANISM BY IFN-STIMULATED GENES%REACTOME DATABASE ID RELEASE 93%1169410	ANTIVIRAL MECHANISM BY IFN-STIMULATED GENES%REACTOME DATABASE ID RELEASE 93%1169410		115	0.5490088	1.9335332	0.0	0.0027380278	0.4485	1612	tags=26%, list=13%, signal=30%	
TGF BETA RECEPTOR SIGNALING%WIKIPATHWAYS_20250810%WP560%HOMO SAPIENS	TGF BETA RECEPTOR SIGNALING%WIKIPATHWAYS_20250810%WP560%HOMO SAPIENS		37	0.6602071	1.9308219	7.9239305E-4	0.0028711748	0.468	2398	tags=49%, list=20%, signal=61%	
GLYCOLYTIC PROCESS THROUGH FRUCTOSE-6-PHOSPHATE%GOBP%GO:0061615	GLYCOLYTIC PROCESS THROUGH FRUCTOSE-6-PHOSPHATE%GOBP%GO:0061615		15	0.79599434	1.9306469	0.0	0.0028666335	0.468	2131	tags=87%, list=18%, signal=105%	
POSITIVE REGULATION OF PHOSPHORUS METABOLIC PROCESS%GOBP%GO:0010562	POSITIVE REGULATION OF PHOSPHORUS METABOLIC PROCESS%GOBP%GO:0010562		176	0.52037114	1.9298197	0.0	0.0029038445	0.473	986	tags=22%, list=8%, signal=23%	
HOST PATHOGEN INTERACTION OF HUMAN CORONAVIRUSES MAPK SIGNALING%WIKIPATHWAYS_20250810%WP4877%HOMO SAPIENS	HOST PATHOGEN INTERACTION OF HUMAN CORONAVIRUSES MAPK SIGNALING%WIKIPATHWAYS_20250810%WP4877%HOMO SAPIENS		32	0.6753178	1.9278003	0.0	0.003026191	0.4865	899	tags=34%, list=7%, signal=37%	
ENDODERMAL CELL DIFFERENTIATION%GOBP%GO:0035987	ENDODERMAL CELL DIFFERENTIATION%GOBP%GO:0035987		28	0.70634055	1.9277409	0.0	0.0030189645	0.487	1063	tags=36%, list=9%, signal=39%	
SEALING OF THE NUCLEAR ENVELOPE (NE) BY ESCRT-III%REACTOME DATABASE ID RELEASE 93%9668328	SEALING OF THE NUCLEAR ENVELOPE (NE) BY ESCRT-III%REACTOME DATABASE ID RELEASE 93%9668328		23	0.7372915	1.926532	0.0	0.0030705668	0.4955	1220	tags=43%, list=10%, signal=48%	
SYNDECAN-4-MEDIATED SIGNALING EVENTS%PATHWAY INTERACTION DATABASE NCI-NATURE CURATED DATA%SYNDECAN-4-MEDIATED SIGNALING EVENTS	SYNDECAN-4-MEDIATED SIGNALING EVENTS%PATHWAY INTERACTION DATABASE NCI-NATURE CURATED DATA%SYNDECAN-4-MEDIATED SIGNALING EVENTS		26	0.7068498	1.9225241	0.0	0.0032662668	0.519	1018	tags=38%, list=8%, signal=42%	
FCERI MEDIATED NF-KB ACTIVATION%REACTOME DATABASE ID RELEASE 93%2871837	FCERI MEDIATED NF-KB ACTIVATION%REACTOME DATABASE ID RELEASE 93%2871837		60	0.60385734	1.9201661	0.0	0.0034047726	0.5325	2381	tags=48%, list=20%, signal=60%	
NEGATIVE REGULATION OF IMMUNE RESPONSE%GOBP%GO:0050777	NEGATIVE REGULATION OF IMMUNE RESPONSE%GOBP%GO:0050777		108	0.5509405	1.9196787	0.0	0.0034305933	0.5365	2274	tags=36%, list=19%, signal=44%	
REGULATION OF PEPTIDYL-TYROSINE PHOSPHORYLATION%GOBP%GO:0050730	REGULATION OF PEPTIDYL-TYROSINE PHOSPHORYLATION%GOBP%GO:0050730		41	0.64690614	1.9195061	0.0	0.0034220184	0.537	315	tags=20%, list=3%, signal=20%	
POSITIVE REGULATION OF LEUKOCYTE PROLIFERATION%GOBP%GO:0070665	POSITIVE REGULATION OF LEUKOCYTE PROLIFERATION%GOBP%GO:0070665		62	0.5930462	1.9179416	0.0	0.0034899819	0.546	1098	tags=32%, list=9%, signal=35%	
CLEC7A (DECTIN-1) SIGNALING%REACTOME DATABASE ID RELEASE 93%5607764	CLEC7A (DECTIN-1) SIGNALING%REACTOME DATABASE ID RELEASE 93%5607764		79	0.5745021	1.9178829	7.3099416E-4	0.0034769594	0.546	2113	tags=38%, list=18%, signal=46%	
REGULATION OF EXTRINSIC APOPTOTIC SIGNALING PATHWAY IN ABSENCE OF LIGAND%GOBP%GO:2001239	REGULATION OF EXTRINSIC APOPTOTIC SIGNALING PATHWAY IN ABSENCE OF LIGAND%GOBP%GO:2001239		24	0.7155523	1.9176737	0.0	0.0034767129	0.547	80	tags=25%, list=1%, signal=25%	
REGULATION OF MONONUCLEAR CELL MIGRATION%GOBP%GO:0071675	REGULATION OF MONONUCLEAR CELL MIGRATION%GOBP%GO:0071675		69	0.5827357	1.9173807	0.0	0.0034764255	0.548	935	tags=26%, list=8%, signal=28%	
INTERLEUKIN 1 IL 1 STRUCTURAL PATHWAY%WIKIPATHWAYS_20250810%WP2637%HOMO SAPIENS	INTERLEUKIN 1 IL 1 STRUCTURAL PATHWAY%WIKIPATHWAYS_20250810%WP2637%HOMO SAPIENS		39	0.6554461	1.9165397	0.0	0.0035221882	0.5515	965	tags=31%, list=8%, signal=33%	
TGF BETA RECEPTOR SIGNALING IN SKELETAL DYSPLASIAS%WIKIPATHWAYS_20250810%WP4816%HOMO SAPIENS	TGF BETA RECEPTOR SIGNALING IN SKELETAL DYSPLASIAS%WIKIPATHWAYS_20250810%WP4816%HOMO SAPIENS		38	0.65135235	1.9154799	0.0	0.0035761592	0.5575	2398	tags=47%, list=20%, signal=59%	
POSITIVE REGULATION OF INTERLEUKIN-10 PRODUCTION%GOBP%GO:0032733	POSITIVE REGULATION OF INTERLEUKIN-10 PRODUCTION%GOBP%GO:0032733		19	0.7418286	1.9153028	0.0025041737	0.0035757185	0.5585	1005	tags=32%, list=8%, signal=34%	
BACTERIAL INFECTION PATHWAYS%REACTOME%R-HSA-9824439.2	BACTERIAL INFECTION PATHWAYS%REACTOME%R-HSA-9824439.2		53	0.606285	1.9149188	0.0	0.003583385	0.5605	1402	tags=32%, list=12%, signal=36%	
POSITIVE REGULATION OF VASCULATURE DEVELOPMENT%GOBP%GO:1904018	POSITIVE REGULATION OF VASCULATURE DEVELOPMENT%GOBP%GO:1904018		86	0.5606436	1.9141922	0.0	0.003611847	0.564	1911	tags=35%, list=16%, signal=41%	
PID_NFKAPPAB_CANONICAL_PATHWAY%MSIGDB_C2%PID_NFKAPPAB_CANONICAL_PATHWAY	PID_NFKAPPAB_CANONICAL_PATHWAY%MSIGDB_C2%PID_NFKAPPAB_CANONICAL_PATHWAY		20	0.7454584	1.9136019	8.7260036E-4	0.0036235452	0.567	1005	tags=35%, list=8%, signal=38%	
CHOLESTEROL BIOSYNTHETIC PROCESS%GOBP%GO:0006695	CHOLESTEROL BIOSYNTHETIC PROCESS%GOBP%GO:0006695		26	0.7031226	1.9116032	0.0	0.0037193699	0.579	659	tags=38%, list=5%, signal=41%	
GASTRULATION%GOBP%GO:0007369	GASTRULATION%GOBP%GO:0007369		53	0.6146317	1.9114082	0.0	0.003718265	0.581	550	tags=23%, list=5%, signal=24%	
NIK-->NONCANONICAL NF-KB SIGNALING%REACTOME DATABASE ID RELEASE 93%5676590	NIK-->NONCANONICAL NF-KB SIGNALING%REACTOME DATABASE ID RELEASE 93%5676590		45	0.63352233	1.9112488	0.0	0.003711073	0.581	2272	tags=51%, list=19%, signal=63%	
REGULATION OF MACROPHAGE ACTIVATION%GOBP%GO:0043030	REGULATION OF MACROPHAGE ACTIVATION%GOBP%GO:0043030		28	0.6931211	1.9100752	0.0	0.003768934	0.588	689	tags=25%, list=6%, signal=26%	
REGULATION OF LEUKOCYTE DIFFERENTIATION%GOBP%GO:1902105	REGULATION OF LEUKOCYTE DIFFERENTIATION%GOBP%GO:1902105		143	0.52702343	1.9084038	0.0	0.0038386	0.5965	1950	tags=31%, list=16%, signal=37%	
RESPONSE TO INTERLEUKIN-1%GOBP%GO:0070555	RESPONSE TO INTERLEUKIN-1%GOBP%GO:0070555		58	0.5995783	1.9077635	0.0	0.0038632844	0.599	1297	tags=26%, list=11%, signal=29%	
RANKL RANK SIGNALING%WIKIPATHWAYS_20250810%WP2018%HOMO SAPIENS	RANKL RANK SIGNALING%WIKIPATHWAYS_20250810%WP2018%HOMO SAPIENS		39	0.64244586	1.9074135	8.071025E-4	0.0038657552	0.5995	909	tags=36%, list=8%, signal=39%	
PLATELET ACTIVATION%GOBP%GO:0030168	PLATELET ACTIVATION%GOBP%GO:0030168		50	0.6123971	1.9072452	0.0	0.0038602585	0.6	1440	tags=38%, list=12%, signal=43%	
RHO GTPASES ACTIVATE NADPH OXIDASES%REACTOME%R-HSA-5668599.9	RHO GTPASES ACTIVATE NADPH OXIDASES%REACTOME%R-HSA-5668599.9		17	0.7650893	1.9041954	8.880995E-4	0.0040320824	0.617	824	tags=29%, list=7%, signal=32%	
REGULATION OF CYTOKINE PRODUCTION INVOLVED IN INFLAMMATORY RESPONSE%GOBP%GO:1900015	REGULATION OF CYTOKINE PRODUCTION INVOLVED IN INFLAMMATORY RESPONSE%GOBP%GO:1900015		37	0.65046704	1.9038347	8.019246E-4	0.004041812	0.621	1005	tags=27%, list=8%, signal=29%	
EPIBOLY INVOLVED IN WOUND HEALING%GOBP%GO:0090505	EPIBOLY INVOLVED IN WOUND HEALING%GOBP%GO:0090505		21	0.7388864	1.9033693	0.0	0.00406131	0.625	648	tags=33%, list=5%, signal=35%	
CERAMIDE SIGNALING PATHWAY%PATHWAY INTERACTION DATABASE NCI-NATURE CURATED DATA%CERAMIDE SIGNALING PATHWAY	CERAMIDE SIGNALING PATHWAY%PATHWAY INTERACTION DATABASE NCI-NATURE CURATED DATA%CERAMIDE SIGNALING PATHWAY		45	0.62371767	1.9028076	0.0	0.0040750224	0.6285	1901	tags=36%, list=16%, signal=42%	
NEGATIVE REGULATION OF CANONICAL NF-KAPPAB SIGNAL TRANSDUCTION%GOBP%GO:0043124	NEGATIVE REGULATION OF CANONICAL NF-KAPPAB SIGNAL TRANSDUCTION%GOBP%GO:0043124		59	0.59733856	1.9015462	0.0	0.0041336655	0.635	944	tags=17%, list=8%, signal=18%	
SPINAL CORD INJURY%WIKIPATHWAYS_20250810%WP2431%HOMO SAPIENS	SPINAL CORD INJURY%WIKIPATHWAYS_20250810%WP2431%HOMO SAPIENS		65	0.58777994	1.9002304	0.0	0.0042135087	0.643	369	tags=18%, list=3%, signal=19%	
POSITIVE REGULATION OF APOPTOTIC SIGNALING PATHWAY%GOBP%GO:2001235	POSITIVE REGULATION OF APOPTOTIC SIGNALING PATHWAY%GOBP%GO:2001235		75	0.57892394	1.8999547	0.0	0.0042166403	0.6455	1777	tags=36%, list=15%, signal=42%	
REGULATION OF PLASMINOGEN ACTIVATION%GOBP%GO:0010755	REGULATION OF PLASMINOGEN ACTIVATION%GOBP%GO:0010755		15	0.7784098	1.8990754	8.888889E-4	0.0042683515	0.649	702	tags=40%, list=6%, signal=42%	
SARS-COV-2 ACTIVATES MODULATES INNATE AND ADAPTIVE IMMUNE RESPONSES%REACTOME%R-HSA-9705671.3	SARS-COV-2 ACTIVATES MODULATES INNATE AND ADAPTIVE IMMUNE RESPONSES%REACTOME%R-HSA-9705671.3		87	0.5586699	1.8989248	0.0	0.004265458	0.6515	2381	tags=37%, list=20%, signal=46%	
REGULATION OF INTERLEUKIN-2 PRODUCTION%GOBP%GO:0032663	REGULATION OF INTERLEUKIN-2 PRODUCTION%GOBP%GO:0032663		27	0.7004645	1.8987494	8.4388186E-4	0.0042663906	0.6525	957	tags=33%, list=8%, signal=36%	
REGULATION OF BONE RESORPTION%GOBP%GO:0045124	REGULATION OF BONE RESORPTION%GOBP%GO:0045124		20	0.7473407	1.898461	8.460237E-4	0.0042712465	0.6535	690	tags=25%, list=6%, signal=26%	
HALLMARK_APOPTOSIS%MSIGDBHALLMARK%HALLMARK_APOPTOSIS	HALLMARK_APOPTOSIS%MSIGDBHALLMARK%HALLMARK_APOPTOSIS		112	0.5384124	1.8976182	0.0	0.004301007	0.6565	766	tags=22%, list=6%, signal=24%	
PURINE RIBONUCLEOTIDE CATABOLIC PROCESS%GOBP%GO:0009154	PURINE RIBONUCLEOTIDE CATABOLIC PROCESS%GOBP%GO:0009154		38	0.6507249	1.8972113	0.0	0.0043133255	0.66	2461	tags=66%, list=20%, signal=82%	
SECONDARY ALCOHOL BIOSYNTHETIC PROCESS%GOBP%GO:1902653	SECONDARY ALCOHOL BIOSYNTHETIC PROCESS%GOBP%GO:1902653		26	0.7031226	1.8965285	0.0	0.0043447204	0.6665	659	tags=38%, list=5%, signal=41%	
POSITIVE REGULATION OF ANGIOGENESIS%GOBP%GO:0045766	POSITIVE REGULATION OF ANGIOGENESIS%GOBP%GO:0045766		84	0.5656856	1.8964972	0.0	0.004335887	0.667	1187	tags=27%, list=10%, signal=30%	
MAP KINASE ACTIVATION%REACTOME DATABASE ID RELEASE 93%450294	MAP KINASE ACTIVATION%REACTOME DATABASE ID RELEASE 93%450294		60	0.58965105	1.8964065	0.0	0.0043308665	0.667	2518	tags=42%, list=21%, signal=52%	
MODULATION OF HOST RESPONSES BY IFN-STIMULATED GENES%REACTOME DATABASE ID RELEASE 93%9909505	MODULATION OF HOST RESPONSES BY IFN-STIMULATED GENES%REACTOME DATABASE ID RELEASE 93%9909505		17	0.7634054	1.8956169	0.0	0.004378893	0.6735	395	tags=41%, list=3%, signal=43%	
IL1%NETPATH%IL1	IL1%NETPATH%IL1		34	0.6568116	1.8955505	0.0	0.004373886	0.6745	624	tags=26%, list=5%, signal=28%	
PID_HIV_NEF_PATHWAY%MSIGDB_C2%PID_HIV_NEF_PATHWAY	PID_HIV_NEF_PATHWAY%MSIGDB_C2%PID_HIV_NEF_PATHWAY		28	0.680123	1.8954915	0.0016778524	0.004361334	0.6745	107	tags=14%, list=1%, signal=14%	
CELLULAR RESPONSE TO INTERFERON-BETA%GOBP%GO:0035458	CELLULAR RESPONSE TO INTERFERON-BETA%GOBP%GO:0035458		16	0.7806657	1.8951846	8.952551E-4	0.004365694	0.6755	1285	tags=44%, list=11%, signal=49%	
PID_TNF_PATHWAY%MSIGDB_C2%PID_TNF_PATHWAY	PID_TNF_PATHWAY%MSIGDB_C2%PID_TNF_PATHWAY		36	0.6506786	1.8944645	0.0	0.004415004	0.6815	909	tags=25%, list=8%, signal=27%	
EPIBOLY%GOBP%GO:0090504	EPIBOLY%GOBP%GO:0090504		22	0.7248527	1.8942378	0.0	0.0044209687	0.6835	648	tags=32%, list=5%, signal=34%	
CANONICAL NF-KAPPAB PATHWAY%PATHWAY INTERACTION DATABASE NCI-NATURE CURATED DATA%CANONICAL NF-KAPPAB PATHWAY	CANONICAL NF-KAPPAB PATHWAY%PATHWAY INTERACTION DATABASE NCI-NATURE CURATED DATA%CANONICAL NF-KAPPAB PATHWAY		23	0.7038959	1.8926694	0.002570694	0.00450865	0.6935	1778	tags=43%, list=15%, signal=51%	
HALLMARK_ALLOGRAFT_REJECTION%MSIGDBHALLMARK%HALLMARK_ALLOGRAFT_REJECTION	HALLMARK_ALLOGRAFT_REJECTION%MSIGDBHALLMARK%HALLMARK_ALLOGRAFT_REJECTION		88	0.5579274	1.8925104	0.0	0.0044976873	0.6935	1191	tags=27%, list=10%, signal=30%	
IFN-GAMMA%IOB%IFN-GAMMA	IFN-GAMMA%IOB%IFN-GAMMA		19	0.7449272	1.8920643	0.0	0.004514496	0.696	2149	tags=53%, list=18%, signal=64%	
ENDOTHELIAL CELL MIGRATION%GOBP%GO:0043542	ENDOTHELIAL CELL MIGRATION%GOBP%GO:0043542		46	0.61748	1.8918613	0.0	0.004518291	0.6975	1531	tags=39%, list=13%, signal=45%	
IL5%NETPATH%IL5	IL5%NETPATH%IL5		33	0.65892756	1.8909345	0.0	0.0045603784	0.7005	2398	tags=48%, list=20%, signal=60%	
REGULATION OF PROTEIN PROCESSING%GOBP%GO:0070613	REGULATION OF PROTEIN PROCESSING%GOBP%GO:0070613		27	0.67934287	1.8872147	8.368201E-4	0.0048501864	0.7235	702	tags=26%, list=6%, signal=27%	
POSITIVE REGULATION OF VASCULAR ENDOTHELIAL GROWTH FACTOR PRODUCTION%GOBP%GO:0010575	POSITIVE REGULATION OF VASCULAR ENDOTHELIAL GROWTH FACTOR PRODUCTION%GOBP%GO:0010575		22	0.71764606	1.8830998	8.561644E-4	0.0051727192	0.752	937	tags=36%, list=8%, signal=39%	
FORMATION OF THE CORNIFIED ENVELOPE%REACTOME DATABASE ID RELEASE 93%6809371	FORMATION OF THE CORNIFIED ENVELOPE%REACTOME DATABASE ID RELEASE 93%6809371		39	0.6402177	1.8829992	7.874016E-4	0.0051653115	0.7525	456	tags=26%, list=4%, signal=27%	
CXCR4%IOB%CXCR4	CXCR4%IOB%CXCR4		50	0.6092831	1.8809512	0.0	0.005287758	0.76	937	tags=30%, list=8%, signal=32%	
STEROL BIOSYNTHETIC PROCESS%GOBP%GO:0016126	STEROL BIOSYNTHETIC PROCESS%GOBP%GO:0016126		27	0.68524575	1.8794662	0.0016501651	0.005397003	0.769	2319	tags=59%, list=19%, signal=73%	
IMMUNE RESPONSE-REGULATING SIGNALING PATHWAY%GOBP%GO:0002764	IMMUNE RESPONSE-REGULATING SIGNALING PATHWAY%GOBP%GO:0002764		171	0.50517064	1.8793087	0.0	0.005388938	0.77	1526	tags=25%, list=13%, signal=28%	
NEGATIVE REGULATION OF RESPONSE TO BIOTIC STIMULUS%GOBP%GO:0002832	NEGATIVE REGULATION OF RESPONSE TO BIOTIC STIMULUS%GOBP%GO:0002832		86	0.5546503	1.8786913	0.0	0.005425732	0.7725	2861	tags=45%, list=24%, signal=59%	
CROSS-PRESENTATION OF SOLUBLE EXOGENOUS ANTIGENS (ENDOSOMES)%REACTOME%R-HSA-1236978.5	CROSS-PRESENTATION OF SOLUBLE EXOGENOUS ANTIGENS (ENDOSOMES)%REACTOME%R-HSA-1236978.5		37	0.64127314	1.8786483	8.1632653E-4	0.0054158913	0.773	2569	tags=62%, list=21%, signal=79%	
T CELL ANTIGEN RECEPTOR TCR PATHWAY DURING STAPHYLOCOCCUS AUREUS INFECTION%WIKIPATHWAYS_20250810%WP3863%HOMO SAPIENS	T CELL ANTIGEN RECEPTOR TCR PATHWAY DURING STAPHYLOCOCCUS AUREUS INFECTION%WIKIPATHWAYS_20250810%WP3863%HOMO SAPIENS		37	0.64156646	1.8777838	8.0840744E-4	0.005480748	0.7785	2398	tags=49%, list=20%, signal=61%	
IL1 SIGNALING%WIKIPATHWAYS_20250810%WP195%HOMO SAPIENS	IL1 SIGNALING%WIKIPATHWAYS_20250810%WP195%HOMO SAPIENS		42	0.6298295	1.8776852	0.0	0.0054654432	0.779	965	tags=29%, list=8%, signal=31%	
HALLMARK_IL2_STAT5_SIGNALING%MSIGDBHALLMARK%HALLMARK_IL2_STAT5_SIGNALING	HALLMARK_IL2_STAT5_SIGNALING%MSIGDBHALLMARK%HALLMARK_IL2_STAT5_SIGNALING		123	0.5224258	1.8776833	0.0	0.0054484704	0.779	1663	tags=30%, list=14%, signal=35%	
WOUND HEALING, SPREADING OF CELLS%GOBP%GO:0044319	WOUND HEALING, SPREADING OF CELLS%GOBP%GO:0044319		21	0.7388864	1.8775545	8.312552E-4	0.0054422077	0.7805	648	tags=33%, list=5%, signal=35%	
POSITIVE REGULATION OF MIRNA TRANSCRIPTION%GOBP%GO:1902895	POSITIVE REGULATION OF MIRNA TRANSCRIPTION%GOBP%GO:1902895		34	0.6563662	1.8774506	0.0	0.005430718	0.781	978	tags=29%, list=8%, signal=32%	
SENESCENCE AND AUTOPHAGY IN CANCER%WIKIPATHWAYS_20250810%WP615%HOMO SAPIENS	SENESCENCE AND AUTOPHAGY IN CANCER%WIKIPATHWAYS_20250810%WP615%HOMO SAPIENS		70	0.57242626	1.8773427	0.0	0.0054210457	0.781	690	tags=23%, list=6%, signal=24%	
STEROID BIOSYNTHETIC PROCESS%GOBP%GO:0006694	STEROID BIOSYNTHETIC PROCESS%GOBP%GO:0006694		42	0.62606484	1.8769683	0.0	0.005442866	0.7835	659	tags=31%, list=5%, signal=33%	
REGULATION OF PLATELET AGGREGATION%GOBP%GO:0090330	REGULATION OF PLATELET AGGREGATION%GOBP%GO:0090330		17	0.7523925	1.8769017	0.0	0.005427988	0.784	285	tags=24%, list=2%, signal=24%	
ANTIMICROBIAL HUMORAL IMMUNE RESPONSE MEDIATED BY ANTIMICROBIAL PEPTIDE%GOBP%GO:0061844	ANTIMICROBIAL HUMORAL IMMUNE RESPONSE MEDIATED BY ANTIMICROBIAL PEPTIDE%GOBP%GO:0061844		28	0.6777012	1.876529	8.1967213E-4	0.0054479213	0.786	1475	tags=39%, list=12%, signal=45%	
PID_IL12_2PATHWAY%MSIGDB_C2%PID_IL12_2PATHWAY	PID_IL12_2PATHWAY%MSIGDB_C2%PID_IL12_2PATHWAY		25	0.696606	1.8757595	0.0	0.00552139	0.791	1219	tags=32%, list=10%, signal=36%	
REGULATION OF RUNX3 EXPRESSION AND ACTIVITY%REACTOME%R-HSA-8941858.3	REGULATION OF RUNX3 EXPRESSION AND ACTIVITY%REACTOME%R-HSA-8941858.3		44	0.62554145	1.8757229	0.0	0.0055081435	0.791	2272	tags=55%, list=19%, signal=67%	
CELLULAR RESPONSE TO VIRUS%GOBP%GO:0098586	CELLULAR RESPONSE TO VIRUS%GOBP%GO:0098586		37	0.6398315	1.8754077	0.0	0.005513815	0.792	467	tags=24%, list=4%, signal=25%	
POSITIVE REGULATION OF LEUKOCYTE CELL-CELL ADHESION%GOBP%GO:1903039	POSITIVE REGULATION OF LEUKOCYTE CELL-CELL ADHESION%GOBP%GO:1903039		146	0.51486707	1.8734397	0.0	0.005641141	0.802	1009	tags=23%, list=8%, signal=24%	
INTERFERON TYPE I SIGNALING%WIKIPATHWAYS_20250810%WP585%HOMO SAPIENS	INTERFERON TYPE I SIGNALING%WIKIPATHWAYS_20250810%WP585%HOMO SAPIENS		43	0.61607903	1.8734264	7.8864355E-4	0.0056258873	0.802	1612	tags=40%, list=13%, signal=45%	
POSITIVE REGULATION OF DEFENSE RESPONSE TO VIRUS BY HOST%GOBP%GO:0002230	POSITIVE REGULATION OF DEFENSE RESPONSE TO VIRUS BY HOST%GOBP%GO:0002230		18	0.7426995	1.8729231	0.0026690392	0.0056602135	0.8055	2088	tags=56%, list=17%, signal=67%	
CHAPERONIN-MEDIATED PROTEIN FOLDING%REACTOME DATABASE ID RELEASE 93%390466	CHAPERONIN-MEDIATED PROTEIN FOLDING%REACTOME DATABASE ID RELEASE 93%390466		65	0.57843536	1.8721477	0.0	0.005716321	0.8105	1433	tags=32%, list=12%, signal=36%	
G ALPHA (I) SIGNALLING EVENTS%REACTOME%R-HSA-418594.9	G ALPHA (I) SIGNALLING EVENTS%REACTOME%R-HSA-418594.9		111	0.53270316	1.8707188	0.0	0.005820903	0.8175	935	tags=17%, list=8%, signal=18%	
REGULATION OF VASCULAR ENDOTHELIAL GROWTH FACTOR PRODUCTION%GOBP%GO:0010574	REGULATION OF VASCULAR ENDOTHELIAL GROWTH FACTOR PRODUCTION%GOBP%GO:0010574		22	0.71764606	1.8702781	0.0016863407	0.005849195	0.8205	937	tags=36%, list=8%, signal=39%	
NUCLEOTIDE CATABOLISM%REACTOME DATABASE ID RELEASE 93%8956319	NUCLEOTIDE CATABOLISM%REACTOME DATABASE ID RELEASE 93%8956319		22	0.7126078	1.8694156	8.6430425E-4	0.0059260945	0.8235	439	tags=27%, list=4%, signal=28%	
HEPATITIS C AND HEPATOCELLULAR CARCINOMA%WIKIPATHWAYS_20250810%WP3646%HOMO SAPIENS	HEPATITIS C AND HEPATOCELLULAR CARCINOMA%WIKIPATHWAYS_20250810%WP3646%HOMO SAPIENS		33	0.6551769	1.8671999	0.0024630541	0.0061132223	0.832	937	tags=27%, list=8%, signal=29%	
MYELOID CELL DIFFERENTIATION%GOBP%GO:0030099	MYELOID CELL DIFFERENTIATION%GOBP%GO:0030099		119	0.52330667	1.8665411	0.0	0.006155517	0.836	1020	tags=21%, list=8%, signal=23%	
ISG15 ANTIVIRAL MECHANISM%REACTOME DATABASE ID RELEASE 93%1169408	ISG15 ANTIVIRAL MECHANISM%REACTOME DATABASE ID RELEASE 93%1169408		66	0.570581	1.8652304	0.0	0.0062622936	0.8435	1369	tags=27%, list=11%, signal=31%	
POSITIVE REGULATION OF MONONUCLEAR CELL MIGRATION%GOBP%GO:0071677	POSITIVE REGULATION OF MONONUCLEAR CELL MIGRATION%GOBP%GO:0071677		51	0.60014856	1.8651272	7.6804915E-4	0.006253913	0.8435	935	tags=24%, list=8%, signal=25%	
RANKL%NETPATH%RANKL	RANKL%NETPATH%RANKL		15	0.773328	1.8638593	0.0026223776	0.006368328	0.8495	909	tags=33%, list=8%, signal=36%	
NF KB SIGNALING AND ARTD FAMILY MEMBERS%WIKIPATHWAYS_20250810%WP5527%HOMO SAPIENS	NF KB SIGNALING AND ARTD FAMILY MEMBERS%WIKIPATHWAYS_20250810%WP5527%HOMO SAPIENS		24	0.7110484	1.863212	8.4388186E-4	0.006447551	0.852	944	tags=33%, list=8%, signal=36%	
CARBOXYTERMINAL POST-TRANSLATIONAL MODIFICATIONS OF TUBULIN%REACTOME DATABASE ID RELEASE 93%8955332	CARBOXYTERMINAL POST-TRANSLATIONAL MODIFICATIONS OF TUBULIN%REACTOME DATABASE ID RELEASE 93%8955332		21	0.71498257	1.8617378	8.6956524E-4	0.006570619	0.8565	946	tags=38%, list=8%, signal=41%	
TOLL-LIKE RECEPTOR 4 SIGNALING PATHWAY%GOBP%GO:0034142	TOLL-LIKE RECEPTOR 4 SIGNALING PATHWAY%GOBP%GO:0034142		21	0.7136402	1.8597003	0.0	0.006760296	0.863	341	tags=24%, list=3%, signal=24%	
RIBONUCLEOTIDE METABOLIC PROCESS%GOBP%GO:0009259	RIBONUCLEOTIDE METABOLIC PROCESS%GOBP%GO:0009259		156	0.50592184	1.8586926	0.0	0.0068437406	0.8665	2369	tags=38%, list=20%, signal=46%	
POSITIVE REGULATION OF CELL-CELL ADHESION%GOBP%GO:0022409	POSITIVE REGULATION OF CELL-CELL ADHESION%GOBP%GO:0022409		175	0.502562	1.8575047	0.0	0.006948298	0.875	1009	tags=23%, list=8%, signal=25%	
TRAF6 MEDIATED IRF7 ACTIVATION%REACTOME DATABASE ID RELEASE 93%933541	TRAF6 MEDIATED IRF7 ACTIVATION%REACTOME DATABASE ID RELEASE 93%933541		15	0.771271	1.8555977	0.0027322404	0.007161689	0.8815	793	tags=33%, list=7%, signal=36%	
PID_LYSOPHOSPHOLIPID_PATHWAY%MSIGDB_C2%PID_LYSOPHOSPHOLIPID_PATHWAY	PID_LYSOPHOSPHOLIPID_PATHWAY%MSIGDB_C2%PID_LYSOPHOSPHOLIPID_PATHWAY		42	0.6171703	1.8543373	7.7160494E-4	0.007295702	0.8865	824	tags=24%, list=7%, signal=25%	
POSITIVE REGULATION OF INTERLEUKIN-1 PRODUCTION%GOBP%GO:0032732	POSITIVE REGULATION OF INTERLEUKIN-1 PRODUCTION%GOBP%GO:0032732		40	0.6183022	1.8538105	7.9113926E-4	0.007341358	0.8905	1796	tags=40%, list=15%, signal=47%	
POSITIVE REGULATION OF T CELL MEDIATED IMMUNITY%GOBP%GO:0002711	POSITIVE REGULATION OF T CELL MEDIATED IMMUNITY%GOBP%GO:0002711		45	0.6097479	1.8517385	0.0	0.007554886	0.9015	1589	tags=29%, list=13%, signal=33%	
PID_SYNDECAN_4_PATHWAY%MSIGDB_C2%PID_SYNDECAN_4_PATHWAY	PID_SYNDECAN_4_PATHWAY%MSIGDB_C2%PID_SYNDECAN_4_PATHWAY		19	0.72874403	1.851192	0.0026572188	0.007594743	0.9025	887	tags=37%, list=7%, signal=40%	
SIGNALING BY CSF3 (G-CSF)%REACTOME%R-HSA-9674555.4	SIGNALING BY CSF3 (G-CSF)%REACTOME%R-HSA-9674555.4		25	0.69210964	1.8502421	0.0016736402	0.007676172	0.9055	1240	tags=40%, list=10%, signal=45%	
TNF RECEPTOR SIGNALING PATHWAY%PATHWAY INTERACTION DATABASE NCI-NATURE CURATED DATA%TNF RECEPTOR SIGNALING PATHWAY	TNF RECEPTOR SIGNALING PATHWAY%PATHWAY INTERACTION DATABASE NCI-NATURE CURATED DATA%TNF RECEPTOR SIGNALING PATHWAY		43	0.6153795	1.8501151	7.9744816E-4	0.007670534	0.906	985	tags=23%, list=8%, signal=25%	
PID_INTEGRIN3_PATHWAY%MSIGDB_C2%PID_INTEGRIN3_PATHWAY	PID_INTEGRIN3_PATHWAY%MSIGDB_C2%PID_INTEGRIN3_PATHWAY		29	0.66614187	1.8491117	8.3056476E-4	0.007776471	0.91	1692	tags=41%, list=14%, signal=48%	
REGULATION OF MIRNA METABOLIC PROCESS%GOBP%GO:2000628	REGULATION OF MIRNA METABOLIC PROCESS%GOBP%GO:2000628		57	0.57907796	1.8488748	0.0	0.0077914568	0.911	317	tags=18%, list=3%, signal=18%	
POSITIVE REGULATION OF LIPID LOCALIZATION%GOBP%GO:1905954	POSITIVE REGULATION OF LIPID LOCALIZATION%GOBP%GO:1905954		50	0.60033923	1.8478566	7.9681276E-4	0.007920663	0.9155	702	tags=26%, list=6%, signal=27%	
NEGATIVE REGULATION OF RESPONSE TO EXTERNAL STIMULUS%GOBP%GO:0032102	NEGATIVE REGULATION OF RESPONSE TO EXTERNAL STIMULUS%GOBP%GO:0032102		197	0.4926117	1.8470145	0.0	0.007998312	0.918	1273	tags=22%, list=11%, signal=24%	
POSITIVE REGULATION OF MYELOID LEUKOCYTE DIFFERENTIATION%GOBP%GO:0002763	POSITIVE REGULATION OF MYELOID LEUKOCYTE DIFFERENTIATION%GOBP%GO:0002763		24	0.6913828	1.8470066	8.481764E-4	0.007977668	0.918	1151	tags=33%, list=10%, signal=37%	
NEGATIVE REGULATION OF LIPID LOCALIZATION%GOBP%GO:1905953	NEGATIVE REGULATION OF LIPID LOCALIZATION%GOBP%GO:1905953		27	0.6712209	1.8458775	0.0016260162	0.008105009	0.922	1017	tags=30%, list=8%, signal=32%	
POSITIVE REGULATION OF T CELL ACTIVATION%GOBP%GO:0050870	POSITIVE REGULATION OF T CELL ACTIVATION%GOBP%GO:0050870		131	0.5152032	1.8451399	0.0	0.008175238	0.926	1005	tags=22%, list=8%, signal=24%	
PHOTODYNAMIC THERAPY INDUCED HIF 1 SURVIVAL SIGNALING%WIKIPATHWAYS_20250810%WP3614%HOMO SAPIENS	PHOTODYNAMIC THERAPY INDUCED HIF 1 SURVIVAL SIGNALING%WIKIPATHWAYS_20250810%WP3614%HOMO SAPIENS		20	0.7090025	1.8448943	0.0	0.008185625	0.926	250	tags=25%, list=2%, signal=25%	
REGULATION OF LEUKOCYTE MEDIATED IMMUNITY%GOBP%GO:0002703	REGULATION OF LEUKOCYTE MEDIATED IMMUNITY%GOBP%GO:0002703		101	0.5380957	1.8445334	0.0	0.0082177445	0.927	1123	tags=23%, list=9%, signal=25%	
REGULATION OF INTERLEUKIN-8 PRODUCTION%GOBP%GO:0032677	REGULATION OF INTERLEUKIN-8 PRODUCTION%GOBP%GO:0032677		51	0.5942285	1.8439811	7.558579E-4	0.008276228	0.9285	1190	tags=25%, list=10%, signal=28%	
PURINE NUCLEOSIDE DIPHOSPHATE CATABOLIC PROCESS%GOBP%GO:0009137	PURINE NUCLEOSIDE DIPHOSPHATE CATABOLIC PROCESS%GOBP%GO:0009137		28	0.6590591	1.8436252	0.003327787	0.00829867	0.9295	2131	tags=68%, list=18%, signal=82%	
POSITIVE REGULATION OF INTERLEUKIN-8 PRODUCTION%GOBP%GO:0032757	POSITIVE REGULATION OF INTERLEUKIN-8 PRODUCTION%GOBP%GO:0032757		41	0.6106385	1.8420631	0.0	0.008480575	0.9335	1190	tags=27%, list=10%, signal=30%	
INTERLEUKIN-17 SIGNALING%REACTOME%R-HSA-448424.8	INTERLEUKIN-17 SIGNALING%REACTOME%R-HSA-448424.8		63	0.57307345	1.8411143	7.4460165E-4	0.008573589	0.937	2518	tags=41%, list=21%, signal=52%	
NEGATIVE REGULATION OF HEMOSTASIS%GOBP%GO:1900047	NEGATIVE REGULATION OF HEMOSTASIS%GOBP%GO:1900047		21	0.70962286	1.8408892	8.481764E-4	0.008570404	0.9385	123	tags=29%, list=1%, signal=29%	
PURINE NUCLEOTIDE CATABOLIC PROCESS%GOBP%GO:0006195	PURINE NUCLEOTIDE CATABOLIC PROCESS%GOBP%GO:0006195		44	0.6117701	1.8407058	0.0	0.008565707	0.939	1765	tags=50%, list=15%, signal=58%	
NEGATIVE REGULATION OF BLOOD COAGULATION%GOBP%GO:0030195	NEGATIVE REGULATION OF BLOOD COAGULATION%GOBP%GO:0030195		21	0.70962286	1.8403373	0.0	0.008588618	0.94	123	tags=29%, list=1%, signal=29%	
NUCLEOSIDE DIPHOSPHATE CATABOLIC PROCESS%GOBP%GO:0009134	NUCLEOSIDE DIPHOSPHATE CATABOLIC PROCESS%GOBP%GO:0009134		33	0.6408875	1.8399813	0.0016168149	0.008611255	0.941	2131	tags=61%, list=18%, signal=73%	
RIBONUCLEOSIDE DIPHOSPHATE CATABOLIC PROCESS%GOBP%GO:0009191	RIBONUCLEOSIDE DIPHOSPHATE CATABOLIC PROCESS%GOBP%GO:0009191		32	0.6483325	1.8390528	0.0	0.008722362	0.9425	2131	tags=63%, list=18%, signal=76%	
NEGATIVE REGULATION OF NOTCH4 SIGNALING%REACTOME DATABASE ID RELEASE 93%9604323	NEGATIVE REGULATION OF NOTCH4 SIGNALING%REACTOME DATABASE ID RELEASE 93%9604323		41	0.6193054	1.838683	0.0	0.0087444065	0.943	2272	tags=54%, list=19%, signal=66%	
REGULATION OF HEMOSTASIS%GOBP%GO:1900046	REGULATION OF HEMOSTASIS%GOBP%GO:1900046		35	0.63245946	1.8383602	0.0032076985	0.008769776	0.944	139	tags=23%, list=1%, signal=23%	
BIOCARTA_KERATINOCYTE_PATHWAY%MSIGDB_C2%BIOCARTA_KERATINOCYTE_PATHWAY	BIOCARTA_KERATINOCYTE_PATHWAY%MSIGDB_C2%BIOCARTA_KERATINOCYTE_PATHWAY		35	0.63080096	1.837889	0.0	0.008800904	0.9455	2398	tags=43%, list=20%, signal=53%	
PROTEIN FOLDING%REACTOME DATABASE ID RELEASE 93%391251	PROTEIN FOLDING%REACTOME DATABASE ID RELEASE 93%391251		71	0.5625199	1.8374094	7.46826E-4	0.00884392	0.9465	1433	tags=31%, list=12%, signal=35%	
REGULATION OF LEUKOCYTE PROLIFERATION%GOBP%GO:0070663	REGULATION OF LEUKOCYTE PROLIFERATION%GOBP%GO:0070663		92	0.5350002	1.8372203	0.0	0.008837091	0.947	786	tags=26%, list=7%, signal=28%	
REGULATION OF PROTEIN MATURATION%GOBP%GO:1903317	REGULATION OF PROTEIN MATURATION%GOBP%GO:1903317		28	0.6598438	1.8364844	8.064516E-4	0.008927675	0.9485	702	tags=25%, list=6%, signal=26%	
REGULATED NECROSIS%REACTOME%R-HSA-5218859.6	REGULATED NECROSIS%REACTOME%R-HSA-5218859.6		51	0.5983857	1.8361121	0.0	0.008950561	0.949	1240	tags=25%, list=10%, signal=28%	
REGULATION OF BLOOD COAGULATION%GOBP%GO:0030193	REGULATION OF BLOOD COAGULATION%GOBP%GO:0030193		35	0.63245946	1.8340433	0.0016326531	0.009179579	0.9525	139	tags=23%, list=1%, signal=23%	
GLYCOGENOSIS, TYPE IC%SMPDB%SMP0000574	GLYCOGENOSIS, TYPE IC%SMPDB%SMP0000574		17	0.7287698	1.8338262	0.004340278	0.009177952	0.9525	1765	tags=59%, list=15%, signal=69%	
ANTIGEN PROCESSING AND PRESENTATION OF ENDOGENOUS ANTIGEN%GOBP%GO:0019883	ANTIGEN PROCESSING AND PRESENTATION OF ENDOGENOUS ANTIGEN%GOBP%GO:0019883		22	0.6953824	1.832359	0.0	0.009363366	0.954	619	tags=27%, list=5%, signal=29%	
UROTENSIN II MEDIATED SIGNALING%WIKIPATHWAYS_20250810%WP5158%HOMO SAPIENS	UROTENSIN II MEDIATED SIGNALING%WIKIPATHWAYS_20250810%WP5158%HOMO SAPIENS		45	0.60027474	1.8316619	0.0	0.0094487555	0.957	196	tags=13%, list=2%, signal=14%	
NUCLEOTIDE CATABOLIC PROCESS%GOBP%GO:0009166	NUCLEOTIDE CATABOLIC PROCESS%GOBP%GO:0009166		62	0.573294	1.8314737	7.6804915E-4	0.009452208	0.957	2131	tags=44%, list=18%, signal=53%	
BIOCARTA_NTHI_PATHWAY%MSIGDB_C2%BIOCARTA_NTHI_PATHWAY	BIOCARTA_NTHI_PATHWAY%MSIGDB_C2%BIOCARTA_NTHI_PATHWAY		19	0.720583	1.8307965	0.0017467249	0.00953246	0.958	965	tags=37%, list=8%, signal=40%	
APOPTOSIS MODULATION AND SIGNALING%WIKIPATHWAYS_20250810%WP1772%HOMO SAPIENS	APOPTOSIS MODULATION AND SIGNALING%WIKIPATHWAYS_20250810%WP1772%HOMO SAPIENS		67	0.5616716	1.8306073	0.0	0.009541618	0.958	1480	tags=24%, list=12%, signal=27%	
NRP1 TRIGGERED SIGNALING IN PANCREATIC CANCER %WIKIPATHWAYS_20250810%WP5144%HOMO SAPIENS	NRP1 TRIGGERED SIGNALING IN PANCREATIC CANCER %WIKIPATHWAYS_20250810%WP5144%HOMO SAPIENS		36	0.6282212	1.8304467	7.9239305E-4	0.009538881	0.958	899	tags=31%, list=7%, signal=33%	
GLUCOSE CATABOLIC PROCESS%GOBP%GO:0006007	GLUCOSE CATABOLIC PROCESS%GOBP%GO:0006007		15	0.77338916	1.8297876	0.0	0.009604916	0.9585	2131	tags=80%, list=18%, signal=97%	
POSITIVE REGULATION OF CYTOKINE-MEDIATED SIGNALING PATHWAY%GOBP%GO:0001961	POSITIVE REGULATION OF CYTOKINE-MEDIATED SIGNALING PATHWAY%GOBP%GO:0001961		36	0.62945515	1.8288416	8.0840744E-4	0.00970111	0.961	1190	tags=25%, list=10%, signal=28%	
IMMUNE EFFECTOR PROCESS%GOBP%GO:0002252	IMMUNE EFFECTOR PROCESS%GOBP%GO:0002252		130	0.51073945	1.828262	0.0	0.009733092	0.962	969	tags=22%, list=8%, signal=23%	
P53-INDEPENDENT G1 S DNA DAMAGE CHECKPOINT%REACTOME DATABASE ID RELEASE 93%69613	P53-INDEPENDENT G1 S DNA DAMAGE CHECKPOINT%REACTOME DATABASE ID RELEASE 93%69613		43	0.60607886	1.8282278	7.8186084E-4	0.009718437	0.962	2272	tags=49%, list=19%, signal=60%	
TOLL LIKE RECEPTOR SIGNALING RELATED TO MYD88%WIKIPATHWAYS_20250810%WP3858%HOMO SAPIENS	TOLL LIKE RECEPTOR SIGNALING RELATED TO MYD88%WIKIPATHWAYS_20250810%WP3858%HOMO SAPIENS		24	0.6859981	1.8281637	8.6132647E-4	0.009706754	0.962	341	tags=29%, list=3%, signal=30%	
HOMEOSTASIS OF NUMBER OF CELLS%GOBP%GO:0048872	HOMEOSTASIS OF NUMBER OF CELLS%GOBP%GO:0048872		76	0.5551301	1.8280232	0.0	0.009706693	0.9625	468	tags=14%, list=4%, signal=15%	
WARBURG EFFECT%PATHWHIZ%PW000630	WARBURG EFFECT%PATHWHIZ%PW000630		41	0.6152384	1.8266854	0.0015576323	0.00986491	0.965	2462	tags=54%, list=20%, signal=67%	
POSITIVE REGULATION OF INTERLEUKIN-6 PRODUCTION%GOBP%GO:0032755	POSITIVE REGULATION OF INTERLEUKIN-6 PRODUCTION%GOBP%GO:0032755		53	0.58274364	1.8263565	7.686395E-4	0.009891701	0.9665	1241	tags=32%, list=10%, signal=36%	
NEGATIVE REGULATION OF APOPTOTIC SIGNALING PATHWAY%GOBP%GO:2001234	NEGATIVE REGULATION OF APOPTOTIC SIGNALING PATHWAY%GOBP%GO:2001234		129	0.50954366	1.8260429	0.0	0.00990968	0.9665	1285	tags=21%, list=11%, signal=23%	
GLUCONEOGENESIS%REACTOME%R-HSA-70263.7	GLUCONEOGENESIS%REACTOME%R-HSA-70263.7		15	0.7569756	1.8238413	0.002640845	0.01019334	0.9685	2200	tags=80%, list=18%, signal=98%	
POSITIVE REGULATION OF ERYTHROCYTE DIFFERENTIATION%GOBP%GO:0045648	POSITIVE REGULATION OF ERYTHROCYTE DIFFERENTIATION%GOBP%GO:0045648		23	0.68514943	1.8236926	8.7336247E-4	0.010193535	0.9685	1190	tags=30%, list=10%, signal=34%	
REGULATION OF LYMPHOCYTE MIGRATION%GOBP%GO:2000401	REGULATION OF LYMPHOCYTE MIGRATION%GOBP%GO:2000401		36	0.63494456	1.8232872	0.0016447369	0.010238984	0.9695	935	tags=31%, list=8%, signal=33%	
UBIQUITIN-MEDIATED DEGRADATION OF PHOSPHORYLATED CDC25A%REACTOME DATABASE ID RELEASE 93%69601	UBIQUITIN-MEDIATED DEGRADATION OF PHOSPHORYLATED CDC25A%REACTOME DATABASE ID RELEASE 93%69601		43	0.60607886	1.8226564	8.071025E-4	0.010304162	0.9715	2272	tags=49%, list=19%, signal=60%	
REGULATION OF ENDOTHELIAL CELL DIFFERENTIATION%GOBP%GO:0045601	REGULATION OF ENDOTHELIAL CELL DIFFERENTIATION%GOBP%GO:0045601		20	0.70569646	1.8225594	0.0017605633	0.010289904	0.9715	340	tags=20%, list=3%, signal=21%	
AP-1 TRANSCRIPTION FACTOR NETWORK%PATHWAY INTERACTION DATABASE NCI-NATURE CURATED DATA%AP-1 TRANSCRIPTION FACTOR NETWORK	AP-1 TRANSCRIPTION FACTOR NETWORK%PATHWAY INTERACTION DATABASE NCI-NATURE CURATED DATA%AP-1 TRANSCRIPTION FACTOR NETWORK		51	0.5801308	1.8222067	0.0	0.010312209	0.9725	317	tags=20%, list=3%, signal=20%	
GM-CSF%IOB%GM-CSF	GM-CSF%IOB%GM-CSF		46	0.6004628	1.8218961	7.9113926E-4	0.0103360545	0.973	1914	tags=37%, list=16%, signal=44%	
REGULATION OF TNFR1 SIGNALING%REACTOME DATABASE ID RELEASE 93%5357905	REGULATION OF TNFR1 SIGNALING%REACTOME DATABASE ID RELEASE 93%5357905		44	0.60658866	1.8215398	0.0	0.0103639625	0.9735	1423	tags=25%, list=12%, signal=28%	
GLYCOGENOSIS, TYPE IA. VON GIERKE DISEASE%SMPDB%SMP0000581	GLYCOGENOSIS, TYPE IA. VON GIERKE DISEASE%SMPDB%SMP0000581		17	0.7287698	1.8211628	9.0415915E-4	0.010383255	0.974	1765	tags=59%, list=15%, signal=69%	
INACTIVATION OF CSF3 (G-CSF) SIGNALING%REACTOME%R-HSA-9705462.2	INACTIVATION OF CSF3 (G-CSF) SIGNALING%REACTOME%R-HSA-9705462.2		20	0.7051369	1.8199946	0.0025466892	0.010512674	0.975	1240	tags=40%, list=10%, signal=45%	
GLYCOLYSIS AND GLUCONEOGENESIS%WIKIPATHWAYS_20250810%WP534%HOMO SAPIENS	GLYCOLYSIS AND GLUCONEOGENESIS%WIKIPATHWAYS_20250810%WP534%HOMO SAPIENS		18	0.7196839	1.8192911	0.0043706293	0.010576361	0.976	2131	tags=67%, list=18%, signal=81%	
PURINE-CONTAINING COMPOUND CATABOLIC PROCESS%GOBP%GO:0072523	PURINE-CONTAINING COMPOUND CATABOLIC PROCESS%GOBP%GO:0072523		60	0.5725702	1.8189509	0.0023130302	0.01059923	0.976	2322	tags=48%, list=19%, signal=60%	
HALLMARK_MYC_TARGETS_V2%MSIGDBHALLMARK%HALLMARK_MYC_TARGETS_V2	HALLMARK_MYC_TARGETS_V2%MSIGDBHALLMARK%HALLMARK_MYC_TARGETS_V2		45	0.5949006	1.8174716	7.794232E-4	0.010793918	0.978	2810	tags=53%, list=23%, signal=69%	
APOPTOSIS SIGNALING PATHWAY%PANTHER PATHWAY%P00006	APOPTOSIS SIGNALING PATHWAY%PANTHER PATHWAY%P00006		84	0.54048574	1.8170632	0.0	0.0108160805	0.978	793	tags=19%, list=7%, signal=20%	
REGULATION OF HOMOTYPIC CELL-CELL ADHESION%GOBP%GO:0034110	REGULATION OF HOMOTYPIC CELL-CELL ADHESION%GOBP%GO:0034110		23	0.67994034	1.8169419	0.0032867708	0.010809141	0.978	285	tags=22%, list=2%, signal=22%	
GLUCONEOGENESIS%PATHWHIZ%PW000152	GLUCONEOGENESIS%PATHWHIZ%PW000152		17	0.7287698	1.8161874	0.0017699115	0.010891812	0.978	1765	tags=59%, list=15%, signal=69%	
PID_FRA_PATHWAY%MSIGDB_C2%PID_FRA_PATHWAY	PID_FRA_PATHWAY%MSIGDB_C2%PID_FRA_PATHWAY		27	0.6575777	1.8160852	0.0017331023	0.010877882	0.978	409	tags=26%, list=3%, signal=27%	
CD40 CD40L SIGNALING%PATHWAY INTERACTION DATABASE NCI-NATURE CURATED DATA%CD40 CD40L SIGNALING	CD40 CD40L SIGNALING%PATHWAY INTERACTION DATABASE NCI-NATURE CURATED DATA%CD40 CD40L SIGNALING		30	0.6467177	1.8158977	8.3263946E-4	0.010876341	0.978	317	tags=23%, list=3%, signal=24%	
REGULATION OF ACTIVATED PAK-2P34 BY PROTEASOME MEDIATED DEGRADATION%REACTOME%R-HSA-211733.3	REGULATION OF ACTIVATED PAK-2P34 BY PROTEASOME MEDIATED DEGRADATION%REACTOME%R-HSA-211733.3		36	0.624408	1.8158975	8.006405E-4	0.010850197	0.978	2272	tags=53%, list=19%, signal=65%	
POST-TRANSLATIONAL PROTEIN PHOSPHORYLATION%REACTOME%R-HSA-8957275.2	POST-TRANSLATIONAL PROTEIN PHOSPHORYLATION%REACTOME%R-HSA-8957275.2		68	0.5584418	1.8158085	0.0	0.010843232	0.978	1171	tags=29%, list=10%, signal=32%	
ANTIGEN PROCESSING AND PRESENTATION OF ENDOGENOUS PEPTIDE ANTIGEN%GOBP%GO:0002483	ANTIGEN PROCESSING AND PRESENTATION OF ENDOGENOUS PEPTIDE ANTIGEN%GOBP%GO:0002483		20	0.7065148	1.8155063	0.0034904014	0.010866292	0.978	619	tags=25%, list=5%, signal=26%	
TNFR1-INDUCED NF-KAPPA-B SIGNALING PATHWAY%REACTOME%R-HSA-5357956.5	TNFR1-INDUCED NF-KAPPA-B SIGNALING PATHWAY%REACTOME%R-HSA-5357956.5		28	0.6506914	1.8154993	0.0016891892	0.010840357	0.978	984	tags=21%, list=8%, signal=23%	
VIF-MEDIATED DEGRADATION OF APOBEC3G%REACTOME DATABASE ID RELEASE 93%180585	VIF-MEDIATED DEGRADATION OF APOBEC3G%REACTOME DATABASE ID RELEASE 93%180585		37	0.6223018	1.8152429	8.190008E-4	0.010849706	0.978	2272	tags=54%, list=19%, signal=66%	
WARBURG EFFECT%SMPDB%SMP0087270	WARBURG EFFECT%SMPDB%SMP0087270		40	0.6094055	1.81514	8.190008E-4	0.010838776	0.978	2462	tags=55%, list=20%, signal=69%	
NEGATIVE REGULATION OF LIPID STORAGE%GOBP%GO:0010888	NEGATIVE REGULATION OF LIPID STORAGE%GOBP%GO:0010888		17	0.73506373	1.8147844	0.0026785715	0.010869583	0.978	355	tags=29%, list=3%, signal=30%	
APOPTOTIC CELL CLEARANCE%GOBP%GO:0043277	APOPTOTIC CELL CLEARANCE%GOBP%GO:0043277		15	0.7495035	1.814604	0.0017256256	0.010873407	0.978	689	tags=33%, list=6%, signal=35%	
REGULATION OF T-HELPER 17 CELL DIFFERENTIATION%GOBP%GO:2000319	REGULATION OF T-HELPER 17 CELL DIFFERENTIATION%GOBP%GO:2000319		17	0.7290895	1.8135558	0.002624672	0.011027613	0.9805	1724	tags=41%, list=14%, signal=48%	
POSITIVE REGULATION OF CELL ACTIVATION%GOBP%GO:0050867	POSITIVE REGULATION OF CELL ACTIVATION%GOBP%GO:0050867		176	0.48585913	1.8132313	6.489293E-4	0.01104854	0.9805	1118	tags=22%, list=9%, signal=24%	
EXTRINSIC APOPTOTIC SIGNALING PATHWAY%GOBP%GO:0097191	EXTRINSIC APOPTOTIC SIGNALING PATHWAY%GOBP%GO:0097191		62	0.56864	1.8130205	0.0	0.01105058	0.9805	1403	tags=27%, list=12%, signal=31%	
MACROPHAGE DIFFERENTIATION%GOBP%GO:0030225	MACROPHAGE DIFFERENTIATION%GOBP%GO:0030225		21	0.7095621	1.813017	8.818342E-4	0.011026039	0.9805	607	tags=33%, list=5%, signal=35%	
REGULATION OF COAGULATION%GOBP%GO:0050818	REGULATION OF COAGULATION%GOBP%GO:0050818		36	0.6187675	1.812941	0.0024271845	0.01100956	0.981	139	tags=22%, list=1%, signal=22%	
FRUCTOSE-1,6-DIPHOSPHATASE DEFICIENCY%SMPDB%SMP0000562	FRUCTOSE-1,6-DIPHOSPHATASE DEFICIENCY%SMPDB%SMP0000562		17	0.7287698	1.81242	0.003427592	0.011067199	0.981	1765	tags=59%, list=15%, signal=69%	
NEGATIVE REGULATION OF COAGULATION%GOBP%GO:0050819	NEGATIVE REGULATION OF COAGULATION%GOBP%GO:0050819		22	0.6884177	1.8120362	0.0026269702	0.011099706	0.9815	123	tags=27%, list=1%, signal=28%	
PYRUVATE METABOLIC PROCESS%GOBP%GO:0006090	PYRUVATE METABOLIC PROCESS%GOBP%GO:0006090		36	0.6203804	1.8119357	8.116883E-4	0.011091037	0.9815	2200	tags=61%, list=18%, signal=75%	
GLYCOGEN STORAGE DISEASE TYPE 1A (GSD1A) OR VON GIERKE DISEASE%SMPDB%SMP0000374	GLYCOGEN STORAGE DISEASE TYPE 1A (GSD1A) OR VON GIERKE DISEASE%SMPDB%SMP0000374		17	0.7287698	1.810709	0.0043290043	0.011259169	0.9825	1765	tags=59%, list=15%, signal=69%	
FBXL7 DOWN-REGULATES AURKA DURING MITOTIC ENTRY AND IN EARLY MITOSIS%REACTOME DATABASE ID RELEASE 93%8854050	FBXL7 DOWN-REGULATES AURKA DURING MITOTIC ENTRY AND IN EARLY MITOSIS%REACTOME DATABASE ID RELEASE 93%8854050		41	0.61382395	1.8106033	0.0	0.011248892	0.9825	2569	tags=56%, list=21%, signal=71%	
TNF STRESS RELATED SIGNALING%PATHWHIZ%PW064784	TNF STRESS RELATED SIGNALING%PATHWHIZ%PW064784		21	0.6956879	1.8099148	0.0025773195	0.011314716	0.9825	793	tags=24%, list=7%, signal=25%	
REGULATION OF LEUKOCYTE CHEMOTAXIS%GOBP%GO:0002688	REGULATION OF LEUKOCYTE CHEMOTAXIS%GOBP%GO:0002688		58	0.57238287	1.8097731	7.674597E-4	0.011308305	0.9825	935	tags=29%, list=8%, signal=32%	
PID_IFNG_PATHWAY%MSIGDB_C2%PID_IFNG_PATHWAY	PID_IFNG_PATHWAY%MSIGDB_C2%PID_IFNG_PATHWAY		26	0.65632325	1.8090645	8.2850043E-4	0.011405073	0.9835	1219	tags=38%, list=10%, signal=43%	
PDGF PATHWAY%WIKIPATHWAYS_20250810%WP2526%HOMO SAPIENS	PDGF PATHWAY%WIKIPATHWAYS_20250810%WP2526%HOMO SAPIENS		31	0.6354159	1.8088427	0.0	0.011411344	0.9855	2398	tags=52%, list=20%, signal=64%	
PURINE RIBONUCLEOSIDE DIPHOSPHATE CATABOLIC PROCESS%GOBP%GO:0009181	PURINE RIBONUCLEOSIDE DIPHOSPHATE CATABOLIC PROCESS%GOBP%GO:0009181		28	0.6590591	1.8087339	0.0024916944	0.011399586	0.9855	2131	tags=68%, list=18%, signal=82%	
SARS COV 2 MITOCHONDRIAL CHRONIC OXIDATIVE STRESS AND ENDOTHELIAL DYSFUNCTION%WIKIPATHWAYS_20250810%WP5183%HOMO SAPIENS	SARS COV 2 MITOCHONDRIAL CHRONIC OXIDATIVE STRESS AND ENDOTHELIAL DYSFUNCTION%WIKIPATHWAYS_20250810%WP5183%HOMO SAPIENS		17	0.73260874	1.8086355	0.0026548672	0.011393172	0.9865	2278	tags=53%, list=19%, signal=65%	
ANTIGEN PROCESSING AND PRESENTATION OF ENDOGENOUS PEPTIDE ANTIGEN VIA MHC CLASS I%GOBP%GO:0019885	ANTIGEN PROCESSING AND PRESENTATION OF ENDOGENOUS PEPTIDE ANTIGEN VIA MHC CLASS I%GOBP%GO:0019885		20	0.7065148	1.8086115	8.4317033E-4	0.011368559	0.9865	619	tags=25%, list=5%, signal=26%	
PROLACTIN SIGNALING%WIKIPATHWAYS_20250810%WP2037%HOMO SAPIENS	PROLACTIN SIGNALING%WIKIPATHWAYS_20250810%WP2037%HOMO SAPIENS		58	0.5721299	1.8082745	7.8186084E-4	0.011398374	0.987	1326	tags=33%, list=11%, signal=37%	
REGULATION OF ALPHA-BETA T CELL DIFFERENTIATION%GOBP%GO:0046637	REGULATION OF ALPHA-BETA T CELL DIFFERENTIATION%GOBP%GO:0046637		38	0.6140898	1.8070339	8.291874E-4	0.011563167	0.9875	2044	tags=39%, list=17%, signal=47%	
HEPATITIS B INFECTION%WIKIPATHWAYS_20250810%WP4666%HOMO SAPIENS	HEPATITIS B INFECTION%WIKIPATHWAYS_20250810%WP4666%HOMO SAPIENS		107	0.51946646	1.8064922	0.0	0.011623024	0.988	2398	tags=39%, list=20%, signal=49%	
POSITIVE REGULATION OF LEUKOCYTE ACTIVATION%GOBP%GO:0002696	POSITIVE REGULATION OF LEUKOCYTE ACTIVATION%GOBP%GO:0002696		169	0.48741728	1.8055698	0.0	0.0117465425	0.988	1118	tags=22%, list=9%, signal=24%	
POSITIVE REGULATION OF FIBROBLAST PROLIFERATION%GOBP%GO:0048146	POSITIVE REGULATION OF FIBROBLAST PROLIFERATION%GOBP%GO:0048146		18	0.71730894	1.8046693	8.7873463E-4	0.0118440315	0.9885	1037	tags=39%, list=9%, signal=42%	
MAINTENANCE OF BLOOD-BRAIN BARRIER%GOBP%GO:0035633	MAINTENANCE OF BLOOD-BRAIN BARRIER%GOBP%GO:0035633		24	0.6727773	1.8043445	0.0	0.011872235	0.9885	1871	tags=42%, list=16%, signal=49%	
REGULATION OF RELEASE OF CYTOCHROME C FROM MITOCHONDRIA%GOBP%GO:0090199	REGULATION OF RELEASE OF CYTOCHROME C FROM MITOCHONDRIA%GOBP%GO:0090199		32	0.63891244	1.8040851	8.1766146E-4	0.011880035	0.9885	378	tags=25%, list=3%, signal=26%	
TNFALPHA%NETPATH%TNFALPHA	TNFALPHA%NETPATH%TNFALPHA		161	0.4905179	1.8037566	0.0	0.011902954	0.9885	1423	tags=22%, list=12%, signal=24%	
POSITIVE REGULATION OF BLOOD VESSEL ENDOTHELIAL CELL MIGRATION%GOBP%GO:0043536	POSITIVE REGULATION OF BLOOD VESSEL ENDOTHELIAL CELL MIGRATION%GOBP%GO:0043536		38	0.61810285	1.8035423	8.237232E-4	0.011915736	0.989	1187	tags=32%, list=10%, signal=35%	
POSITIVE REGULATION OF ADAPTIVE IMMUNE RESPONSE BASED ON SOMATIC RECOMBINATION OF IMMUNE RECEPTORS BUILT FROM IMMUNOGLOBULIN SUPERFAMILY DOMAINS%GOBP%GO:0002824	POSITIVE REGULATION OF ADAPTIVE IMMUNE RESPONSE BASED ON SOMATIC RECOMBINATION OF IMMUNE RECEPTORS BUILT FROM IMMUNOGLOBULIN SUPERFAMILY DOMAINS%GOBP%GO:0002824		65	0.55312866	1.8027443	0.0	0.012036145	0.989	2507	tags=35%, list=21%, signal=44%	
GLYCOLYTIC PROCESS%GOBP%GO:0006096	GLYCOLYTIC PROCESS%GOBP%GO:0006096		26	0.66324675	1.8025676	0.0017361111	0.012037251	0.989	2131	tags=73%, list=18%, signal=89%	
POSITIVE REGULATION OF EPITHELIAL CELL DIFFERENTIATION%GOBP%GO:0030858	POSITIVE REGULATION OF EPITHELIAL CELL DIFFERENTIATION%GOBP%GO:0030858		28	0.6472336	1.8021042	0.0016515277	0.012088612	0.9895	1165	tags=36%, list=10%, signal=39%	
SARS-COV-2-HOST INTERACTIONS%REACTOME%R-HSA-9705683.4	SARS-COV-2-HOST INTERACTIONS%REACTOME%R-HSA-9705683.4		159	0.48827174	1.8015581	0.0	0.012138584	0.9895	2660	tags=35%, list=22%, signal=44%	
COLLAGEN DEGRADATION%REACTOME DATABASE ID RELEASE 93%1442490	COLLAGEN DEGRADATION%REACTOME DATABASE ID RELEASE 93%1442490		23	0.6783392	1.8014277	8.6505193E-4	0.012131967	0.9895	785	tags=26%, list=7%, signal=28%	
REGULATION OF INTRINSIC APOPTOTIC SIGNALING PATHWAY%GOBP%GO:2001242	REGULATION OF INTRINSIC APOPTOTIC SIGNALING PATHWAY%GOBP%GO:2001242		106	0.51197463	1.8014277	0.0	0.012105304	0.9895	2025	tags=35%, list=17%, signal=42%	
HALLMARK_HYPOXIA%MSIGDBHALLMARK%HALLMARK_HYPOXIA	HALLMARK_HYPOXIA%MSIGDBHALLMARK%HALLMARK_HYPOXIA		120	0.50447875	1.800657	6.98812E-4	0.012197479	0.9905	1110	tags=27%, list=9%, signal=29%	
TRIOSEPHOSPHATE ISOMERASE DEFICIENCY%PATHWHIZ%PW000539	TRIOSEPHOSPHATE ISOMERASE DEFICIENCY%PATHWHIZ%PW000539		17	0.7287698	1.8002483	8.7489065E-4	0.012256596	0.9905	1765	tags=59%, list=15%, signal=69%	
REGULATION OF WOUND HEALING%GOBP%GO:0061041	REGULATION OF WOUND HEALING%GOBP%GO:0061041		74	0.5407757	1.7996435	0.0	0.012310579	0.9905	729	tags=23%, list=6%, signal=24%	
PYRIDINE-CONTAINING COMPOUND CATABOLIC PROCESS%GOBP%GO:0072526	PYRIDINE-CONTAINING COMPOUND CATABOLIC PROCESS%GOBP%GO:0072526		31	0.63830256	1.7975636	0.0026292726	0.01262958	0.992	2131	tags=71%, list=18%, signal=86%	
NEGATIVE REGULATION OF INSULIN RECEPTOR SIGNALING PATHWAY%GOBP%GO:0046627	NEGATIVE REGULATION OF INSULIN RECEPTOR SIGNALING PATHWAY%GOBP%GO:0046627		28	0.64554936	1.7963794	0.0016792611	0.012782723	0.992	2719	tags=57%, list=23%, signal=74%	
MYELOID LEUKOCYTE ACTIVATION%GOBP%GO:0002274	MYELOID LEUKOCYTE ACTIVATION%GOBP%GO:0002274		51	0.57804894	1.7960355	7.745933E-4	0.012812976	0.9925	1241	tags=27%, list=10%, signal=30%	
REGULATION OF HORMONE SECRETION%GOBP%GO:0046883	REGULATION OF HORMONE SECRETION%GOBP%GO:0046883		84	0.53098434	1.7957695	0.0	0.012828181	0.9925	1222	tags=23%, list=10%, signal=25%	
DEGRADATION OF CDH1%REACTOME DATABASE ID RELEASE 93%9766229	DEGRADATION OF CDH1%REACTOME DATABASE ID RELEASE 93%9766229		49	0.5816917	1.7956674	0.0	0.012809148	0.9925	2303	tags=49%, list=19%, signal=60%	
REGULATION OF LEUKOCYTE MEDIATED CYTOTOXICITY%GOBP%GO:0001910	REGULATION OF LEUKOCYTE MEDIATED CYTOTOXICITY%GOBP%GO:0001910		40	0.6035773	1.7943513	0.0033140017	0.012988665	0.9935	641	tags=23%, list=5%, signal=24%	
PURINE RIBONUCLEOSIDE DIPHOSPHATE METABOLIC PROCESS%GOBP%GO:0009179	PURINE RIBONUCLEOSIDE DIPHOSPHATE METABOLIC PROCESS%GOBP%GO:0009179		30	0.6372216	1.7943044	0.0033955858	0.012968076	0.9935	2131	tags=63%, list=18%, signal=77%	
NEGATIVE REGULATION OF CELLULAR RESPONSE TO INSULIN STIMULUS%GOBP%GO:1900077	NEGATIVE REGULATION OF CELLULAR RESPONSE TO INSULIN STIMULUS%GOBP%GO:1900077		29	0.64323485	1.7942231	0.0033783785	0.012946335	0.9935	2719	tags=55%, list=23%, signal=71%	
REGULATION OF VASCULATURE DEVELOPMENT%GOBP%GO:1901342	REGULATION OF VASCULATURE DEVELOPMENT%GOBP%GO:1901342		154	0.49063432	1.7936999	0.0	0.013018497	0.9935	1911	tags=31%, list=16%, signal=37%	
ADP CATABOLIC PROCESS%GOBP%GO:0046032	ADP CATABOLIC PROCESS%GOBP%GO:0046032		26	0.66324675	1.79363	8.6355786E-4	0.012996718	0.9935	2131	tags=73%, list=18%, signal=89%	
VPU MEDIATED DEGRADATION OF CD4%REACTOME%R-HSA-180534.3	VPU MEDIATED DEGRADATION OF CD4%REACTOME%R-HSA-180534.3		37	0.61211026	1.7932084	0.0016447369	0.013042844	0.9935	2272	tags=51%, list=19%, signal=63%	
RIBOSE PHOSPHATE METABOLIC PROCESS%GOBP%GO:0019693	RIBOSE PHOSPHATE METABOLIC PROCESS%GOBP%GO:0019693		162	0.48920324	1.792743	0.0	0.013099697	0.9935	2369	tags=37%, list=20%, signal=45%	
POSITIVE REGULATION OF LYMPHOCYTE ACTIVATION%GOBP%GO:0051251	POSITIVE REGULATION OF LYMPHOCYTE ACTIVATION%GOBP%GO:0051251		159	0.48742166	1.7926358	0.0	0.013094779	0.994	1118	tags=22%, list=9%, signal=24%	
ENTEROCYTE CHOLESTEROL METABOLISM%WIKIPATHWAYS_20250810%WP5333%HOMO SAPIENS	ENTEROCYTE CHOLESTEROL METABOLISM%WIKIPATHWAYS_20250810%WP5333%HOMO SAPIENS		25	0.66599995	1.7913666	0.0025316456	0.013270361	0.9945	716	tags=36%, list=6%, signal=38%	
REGULATION OF IGF ACTIVITY BY IGFBP%REACTOME%R-HSA-381426.4	REGULATION OF IGF ACTIVITY BY IGFBP%REACTOME%R-HSA-381426.4		75	0.5421402	1.7899581	0.0	0.013475721	0.9955	1171	tags=28%, list=10%, signal=31%	
ADP METABOLIC PROCESS%GOBP%GO:0046031	ADP METABOLIC PROCESS%GOBP%GO:0046031		28	0.6411942	1.786626	0.0035778175	0.014054769	0.996	2131	tags=68%, list=18%, signal=82%	
GLYCOGENOSIS, TYPE IB%SMPDB%SMP0000573	GLYCOGENOSIS, TYPE IB%SMPDB%SMP0000573		17	0.7287698	1.7863752	0.0044014086	0.01407547	0.996	1765	tags=59%, list=15%, signal=69%	
NEUROINFLAMMATION AND GLUTAMATERGIC SIGNALING%WIKIPATHWAYS_20250810%WP5083%HOMO SAPIENS	NEUROINFLAMMATION AND GLUTAMATERGIC SIGNALING%WIKIPATHWAYS_20250810%WP5083%HOMO SAPIENS		66	0.5566061	1.7861764	0.0	0.014078138	0.996	937	tags=21%, list=8%, signal=23%	
REGULATION OF T CELL ACTIVATION%GOBP%GO:0050863	REGULATION OF T CELL ACTIVATION%GOBP%GO:0050863		177	0.47833157	1.786123	0.0	0.014056957	0.996	2149	tags=33%, list=18%, signal=39%	
UBIQUITIN-DEPENDENT DEGRADATION OF CYCLIN D%REACTOME DATABASE ID RELEASE 93%75815	UBIQUITIN-DEPENDENT DEGRADATION OF CYCLIN D%REACTOME DATABASE ID RELEASE 93%75815		38	0.6094488	1.7858005	8.237232E-4	0.014083325	0.996	2272	tags=50%, list=19%, signal=61%	
POSITIVE REGULATION OF LEUKOCYTE CHEMOTAXIS%GOBP%GO:0002690	POSITIVE REGULATION OF LEUKOCYTE CHEMOTAXIS%GOBP%GO:0002690		48	0.5840669	1.7848586	0.0024252224	0.014230737	0.996	935	tags=29%, list=8%, signal=31%	
CELL SURFACE RECEPTOR SIGNALING PATHWAY VIA STAT%GOBP%GO:0097696	CELL SURFACE RECEPTOR SIGNALING PATHWAY VIA STAT%GOBP%GO:0097696		42	0.59477466	1.7841446	7.824726E-4	0.014316036	0.996	1336	tags=31%, list=11%, signal=35%	
ACTIVATION OF MATRIX METALLOPROTEINASES%REACTOME DATABASE ID RELEASE 93%1592389	ACTIVATION OF MATRIX METALLOPROTEINASES%REACTOME DATABASE ID RELEASE 93%1592389		16	0.7250557	1.7839895	0.0	0.014313499	0.996	319	tags=25%, list=3%, signal=26%	
PYRIDINE-CONTAINING COMPOUND METABOLIC PROCESS%GOBP%GO:0072524	PYRIDINE-CONTAINING COMPOUND METABOLIC PROCESS%GOBP%GO:0072524		77	0.5387425	1.7830224	7.656968E-4	0.0144844735	0.996	2156	tags=48%, list=18%, signal=58%	
LPS AND CITRATE SIGNALING AND INFLAMMATION%PATHWHIZ%PW101069	LPS AND CITRATE SIGNALING AND INFLAMMATION%PATHWHIZ%PW101069		20	0.6983045	1.7829913	8.7873463E-4	0.01446034	0.996	1949	tags=55%, list=16%, signal=66%	
ADAPTIVE IMMUNE RESPONSE BASED ON SOMATIC RECOMBINATION OF IMMUNE RECEPTORS BUILT FROM IMMUNOGLOBULIN SUPERFAMILY DOMAINS%GOBP%GO:0002460	ADAPTIVE IMMUNE RESPONSE BASED ON SOMATIC RECOMBINATION OF IMMUNE RECEPTORS BUILT FROM IMMUNOGLOBULIN SUPERFAMILY DOMAINS%GOBP%GO:0002460		46	0.5853909	1.7829412	0.0015936255	0.014436311	0.996	1612	tags=30%, list=13%, signal=35%	
NEGATIVE REGULATION OF WOUND HEALING%GOBP%GO:0061045	NEGATIVE REGULATION OF WOUND HEALING%GOBP%GO:0061045		34	0.6185851	1.7829318	0.0031570639	0.014407695	0.996	123	tags=21%, list=1%, signal=21%	
RIBONUCLEOSIDE DIPHOSPHATE METABOLIC PROCESS%GOBP%GO:0009185	RIBONUCLEOSIDE DIPHOSPHATE METABOLIC PROCESS%GOBP%GO:0009185		40	0.5958433	1.7818829	0.0	0.014577081	0.996	2131	tags=55%, list=18%, signal=67%	
REGULATION OF BODY FLUID LEVELS%GOBP%GO:0050878	REGULATION OF BODY FLUID LEVELS%GOBP%GO:0050878		147	0.48952577	1.7804755	0.0	0.014784333	0.9965	1440	tags=27%, list=12%, signal=30%	
REGULATION OF ANGIOGENESIS%GOBP%GO:0045765	REGULATION OF ANGIOGENESIS%GOBP%GO:0045765		151	0.4857621	1.7798957	0.0	0.014840207	0.9965	1911	tags=30%, list=16%, signal=36%	
TRYPTOPHAN METABOLISM%WIKIPATHWAYS_20250810%WP465%HOMO SAPIENS	TRYPTOPHAN METABOLISM%WIKIPATHWAYS_20250810%WP465%HOMO SAPIENS		16	0.7242918	1.7797927	0.002610966	0.014826213	0.9965	1451	tags=44%, list=12%, signal=50%	
AUF1 (HNRNP D0) BINDS AND DESTABILIZES MRNA%REACTOME%R-HSA-450408.5	AUF1 (HNRNP D0) BINDS AND DESTABILIZES MRNA%REACTOME%R-HSA-450408.5		40	0.6058208	1.7789547	0.0024252224	0.014967622	0.9975	2272	tags=55%, list=19%, signal=68%	
NICOTINAMIDE NUCLEOTIDE METABOLIC PROCESS%GOBP%GO:0046496	NICOTINAMIDE NUCLEOTIDE METABOLIC PROCESS%GOBP%GO:0046496		67	0.5467505	1.7783973	7.633588E-4	0.015059946	0.9975	2156	tags=49%, list=18%, signal=60%	
POSITIVE REGULATION OF T CELL PROLIFERATION%GOBP%GO:0042102	POSITIVE REGULATION OF T CELL PROLIFERATION%GOBP%GO:0042102		42	0.5911979	1.7780827	0.004823151	0.015079124	0.9975	964	tags=29%, list=8%, signal=31%	
DISRUPTION OF ANATOMICAL STRUCTURE IN ANOTHER ORGANISM%GOBP%GO:0141060	DISRUPTION OF ANATOMICAL STRUCTURE IN ANOTHER ORGANISM%GOBP%GO:0141060		20	0.68209237	1.7776572	0.0034305318	0.015137297	0.998	1475	tags=35%, list=12%, signal=40%	
CELL SURFACE RECEPTOR SIGNALING PATHWAY VIA JAK-STAT%GOBP%GO:0007259	CELL SURFACE RECEPTOR SIGNALING PATHWAY VIA JAK-STAT%GOBP%GO:0007259		36	0.6069739	1.777509	0.0024630541	0.015136519	0.998	1336	tags=33%, list=11%, signal=37%	
CELLULAR RESPONSE TO TUMOR NECROSIS FACTOR%GOBP%GO:0071356	CELLULAR RESPONSE TO TUMOR NECROSIS FACTOR%GOBP%GO:0071356		68	0.5434381	1.7772974	7.6923077E-4	0.015145059	0.998	913	tags=21%, list=8%, signal=22%	
REGULATION OF LEUKOCYTE CELL-CELL ADHESION%GOBP%GO:1903037	REGULATION OF LEUKOCYTE CELL-CELL ADHESION%GOBP%GO:1903037		185	0.4773347	1.7766659	0.0	0.0152601395	0.998	1009	tags=22%, list=8%, signal=23%	
PURINE RIBONUCLEOTIDE METABOLIC PROCESS%GOBP%GO:0009150	PURINE RIBONUCLEOTIDE METABOLIC PROCESS%GOBP%GO:0009150		143	0.4880801	1.775715	0.0	0.015416025	0.998	2131	tags=35%, list=18%, signal=42%	
REGULATION OF CDH1 FUNCTION%REACTOME DATABASE ID RELEASE 93%9764561	REGULATION OF CDH1 FUNCTION%REACTOME DATABASE ID RELEASE 93%9764561		50	0.58145386	1.7753814	0.0	0.015448942	0.999	2303	tags=48%, list=19%, signal=59%	
TNF SIGNALING%REACTOME%R-HSA-75893.10	TNF SIGNALING%REACTOME%R-HSA-75893.10		52	0.5669741	1.7747111	0.0	0.015545585	0.9995	1423	tags=21%, list=12%, signal=24%	
POSITIVE REGULATION OF RELEASE OF CYTOCHROME C FROM MITOCHONDRIA%GOBP%GO:0090200	POSITIVE REGULATION OF RELEASE OF CYTOCHROME C FROM MITOCHONDRIA%GOBP%GO:0090200		19	0.70080173	1.7744073	0.0035242292	0.01556457	0.9995	378	tags=26%, list=3%, signal=27%	
DOWNSTREAM SIGNALING EVENTS OF B CELL RECEPTOR (BCR)%REACTOME%R-HSA-1168372.5	DOWNSTREAM SIGNALING EVENTS OF B CELL RECEPTOR (BCR)%REACTOME%R-HSA-1168372.5		62	0.5544127	1.7742642	0.0	0.015559566	0.9995	2381	tags=45%, list=20%, signal=56%	
PROTEIN COMPLEX OLIGOMERIZATION%GOBP%GO:0051259	PROTEIN COMPLEX OLIGOMERIZATION%GOBP%GO:0051259		136	0.49418247	1.774263	0.0	0.015528571	0.9995	1470	tags=23%, list=12%, signal=26%	
NEGATIVE REGULATION OF SIGNAL TRANSDUCTION IN ABSENCE OF LIGAND%GOBP%GO:1901099	NEGATIVE REGULATION OF SIGNAL TRANSDUCTION IN ABSENCE OF LIGAND%GOBP%GO:1901099		20	0.6851644	1.7737166	0.006993007	0.015630163	0.9995	80	tags=25%, list=1%, signal=25%	
POSITIVE REGULATION OF REPRODUCTIVE PROCESS%GOBP%GO:2000243	POSITIVE REGULATION OF REPRODUCTIVE PROCESS%GOBP%GO:2000243		22	0.6724615	1.7736852	0.0025062656	0.015608174	0.9995	1297	tags=41%, list=11%, signal=46%	
PHOSPHOENOLPYRUVATE CARBOXYKINASE DEFICIENCY 1 (PEPCK1)%SMPDB%SMP0000560	PHOSPHOENOLPYRUVATE CARBOXYKINASE DEFICIENCY 1 (PEPCK1)%SMPDB%SMP0000560		17	0.7287698	1.7735819	0.0054298644	0.015599855	0.9995	1765	tags=59%, list=15%, signal=69%	
BIOCARTA_MAPK_PATHWAY%MSIGDB_C2%BIOCARTA_MAPK_PATHWAY	BIOCARTA_MAPK_PATHWAY%MSIGDB_C2%BIOCARTA_MAPK_PATHWAY		65	0.5459069	1.7731928	0.0	0.015643246	0.9995	2518	tags=45%, list=21%, signal=56%	
NUCLEOSIDE PHOSPHATE CATABOLIC PROCESS%GOBP%GO:1901292	NUCLEOSIDE PHOSPHATE CATABOLIC PROCESS%GOBP%GO:1901292		79	0.53208274	1.7730638	0.0	0.015641583	0.9995	2461	tags=42%, list=20%, signal=52%	
REGULATION OF T-HELPER 17 TYPE IMMUNE RESPONSE%GOBP%GO:2000316	REGULATION OF T-HELPER 17 TYPE IMMUNE RESPONSE%GOBP%GO:2000316		21	0.6902802	1.7726682	0.00254022	0.01569235	0.9995	2491	tags=52%, list=21%, signal=66%	
PARASITIC INFECTION PATHWAYS%REACTOME%R-HSA-9824443.2	PARASITIC INFECTION PATHWAYS%REACTOME%R-HSA-9824443.2		110	0.5030997	1.7718922	0.0	0.015823547	0.9995	938	tags=18%, list=8%, signal=20%	
ZBP1(DAI) MEDIATED INDUCTION OF TYPE I IFNS%REACTOME DATABASE ID RELEASE 93%1606322	ZBP1(DAI) MEDIATED INDUCTION OF TYPE I IFNS%REACTOME DATABASE ID RELEASE 93%1606322		19	0.7104462	1.7717963	0.0	0.015810369	0.9995	1778	tags=53%, list=15%, signal=62%	
POSITIVE REGULATION OF INTERLEUKIN-1 BETA PRODUCTION%GOBP%GO:0032731	POSITIVE REGULATION OF INTERLEUKIN-1 BETA PRODUCTION%GOBP%GO:0032731		34	0.62075394	1.7710351	0.0024630541	0.015939655	0.9995	1778	tags=41%, list=15%, signal=48%	
REGULATION OF BONE REMODELING%GOBP%GO:0046850	REGULATION OF BONE REMODELING%GOBP%GO:0046850		26	0.6499084	1.770801	0.006024096	0.015952965	0.9995	114	tags=15%, list=1%, signal=15%	
ADAPTIVE IMMUNE RESPONSE%GOBP%GO:0002250	ADAPTIVE IMMUNE RESPONSE%GOBP%GO:0002250		63	0.54938036	1.7702556	7.4183976E-4	0.016022788	0.9995	1612	tags=29%, list=13%, signal=33%	
EGFR DOWNREGULATION%REACTOME%R-HSA-182971.8	EGFR DOWNREGULATION%REACTOME%R-HSA-182971.8		26	0.65675193	1.7698188	8.6132647E-4	0.01607687	1.0	1892	tags=38%, list=16%, signal=46%	
NUCLEOTIDE SALVAGE%REACTOME DATABASE ID RELEASE 93%8956321	NUCLEOTIDE SALVAGE%REACTOME DATABASE ID RELEASE 93%8956321		18	0.7097968	1.7692668	0.0043290043	0.016141629	1.0	439	tags=33%, list=4%, signal=35%	
PROSTAGLANDIN SYNTHESIS AND REGULATION%WIKIPATHWAYS_20250810%WP98%HOMO SAPIENS	PROSTAGLANDIN SYNTHESIS AND REGULATION%WIKIPATHWAYS_20250810%WP98%HOMO SAPIENS		25	0.6528758	1.769022	0.0016849199	0.016166558	1.0	1037	tags=40%, list=9%, signal=44%	
GLUTAMINOLYSIS AND CANCER%SMPDB%SMP0002298	GLUTAMINOLYSIS AND CANCER%SMPDB%SMP0002298		31	0.61900634	1.7682055	0.003352892	0.016312195	1.0	2300	tags=48%, list=19%, signal=60%	
ATP METABOLIC PROCESS%GOBP%GO:0046034	ATP METABOLIC PROCESS%GOBP%GO:0046034		90	0.5237661	1.7678009	0.0	0.016347649	1.0	2131	tags=40%, list=18%, signal=48%	
HEXOSE CATABOLIC PROCESS%GOBP%GO:0019320	HEXOSE CATABOLIC PROCESS%GOBP%GO:0019320		33	0.6121684	1.7677476	0.004938272	0.016329292	1.0	2131	tags=48%, list=18%, signal=59%	
INFLAMMATORY BOWEL DISEASE SIGNALING%WIKIPATHWAYS_20250810%WP5198%HOMO SAPIENS	INFLAMMATORY BOWEL DISEASE SIGNALING%WIKIPATHWAYS_20250810%WP5198%HOMO SAPIENS		22	0.6777607	1.7667285	0.0017196905	0.01652651	1.0	1005	tags=41%, list=8%, signal=45%	
BIOCARTA_HIVNEF_PATHWAY%MSIGDB_C2%BIOCARTA_HIVNEF_PATHWAY	BIOCARTA_HIVNEF_PATHWAY%MSIGDB_C2%BIOCARTA_HIVNEF_PATHWAY		42	0.5922145	1.765927	0.0	0.016641099	1.0	1951	tags=29%, list=16%, signal=34%	
ALZHEIMER 39 S DISEASE AND MIRNA EFFECTS%WIKIPATHWAYS_20250810%WP2059%HOMO SAPIENS	ALZHEIMER 39 S DISEASE AND MIRNA EFFECTS%WIKIPATHWAYS_20250810%WP2059%HOMO SAPIENS		158	0.48094794	1.7655072	0.0	0.016683381	1.0	1405	tags=27%, list=12%, signal=30%	
NUCLEOSIDE TRIPHOSPHATE METABOLIC PROCESS%GOBP%GO:0009141	NUCLEOSIDE TRIPHOSPHATE METABOLIC PROCESS%GOBP%GO:0009141		119	0.49890485	1.7649691	0.0	0.016752651	1.0	2131	tags=37%, list=18%, signal=44%	
NEGATIVE REGULATION OF EXTRINSIC APOPTOTIC SIGNALING PATHWAY IN ABSENCE OF LIGAND%GOBP%GO:2001240	NEGATIVE REGULATION OF EXTRINSIC APOPTOTIC SIGNALING PATHWAY IN ABSENCE OF LIGAND%GOBP%GO:2001240		20	0.6851644	1.7648009	0.004363002	0.016754303	1.0	80	tags=25%, list=1%, signal=25%	
REGULATION OF CELL ADHESION MEDIATED BY INTEGRIN%GOBP%GO:0033628	REGULATION OF CELL ADHESION MEDIATED BY INTEGRIN%GOBP%GO:0033628		26	0.64332175	1.7646351	0.0033840947	0.016757125	1.0	410	tags=23%, list=3%, signal=24%	
CHOLESTEROL BIOSYNTHESIS%REACTOME DATABASE ID RELEASE 93%191273	CHOLESTEROL BIOSYNTHESIS%REACTOME DATABASE ID RELEASE 93%191273		23	0.67312354	1.7640729	0.003427592	0.016844327	1.0	716	tags=39%, list=6%, signal=42%	
PURINE NUCLEOSIDE TRIPHOSPHATE METABOLIC PROCESS%GOBP%GO:0009144	PURINE NUCLEOSIDE TRIPHOSPHATE METABOLIC PROCESS%GOBP%GO:0009144		106	0.5016395	1.7640078	0.0	0.01683391	1.0	2131	tags=38%, list=18%, signal=45%	
POSITIVE REGULATION OF CANONICAL NF-KAPPAB SIGNAL TRANSDUCTION%GOBP%GO:0043123	POSITIVE REGULATION OF CANONICAL NF-KAPPAB SIGNAL TRANSDUCTION%GOBP%GO:0043123		182	0.47403336	1.7637	0.0	0.016873205	1.0	2194	tags=32%, list=18%, signal=38%	
HIF-1-ALPHA TRANSCRIPTION FACTOR NETWORK%PATHWAY INTERACTION DATABASE NCI-NATURE CURATED DATA%HIF-1-ALPHA TRANSCRIPTION FACTOR NETWORK	HIF-1-ALPHA TRANSCRIPTION FACTOR NETWORK%PATHWAY INTERACTION DATABASE NCI-NATURE CURATED DATA%HIF-1-ALPHA TRANSCRIPTION FACTOR NETWORK		53	0.56459755	1.7629744	7.824726E-4	0.016998602	1.0	2109	tags=36%, list=18%, signal=43%	
SUDDEN INFANT DEATH SYNDROME SIDS SUSCEPTIBILITY PATHWAYS%WIKIPATHWAYS_20250810%WP706%HOMO SAPIENS	SUDDEN INFANT DEATH SYNDROME SIDS SUSCEPTIBILITY PATHWAYS%WIKIPATHWAYS_20250810%WP706%HOMO SAPIENS		71	0.5358172	1.7617652	0.0014771048	0.017213404	1.0	734	tags=23%, list=6%, signal=24%	
THROMBOXANE A2 RECEPTOR SIGNALING%PATHWAY INTERACTION DATABASE NCI-NATURE CURATED DATA%THROMBOXANE A2 RECEPTOR SIGNALING	THROMBOXANE A2 RECEPTOR SIGNALING%PATHWAY INTERACTION DATABASE NCI-NATURE CURATED DATA%THROMBOXANE A2 RECEPTOR SIGNALING		34	0.6095318	1.7615079	0.004950495	0.017227057	1.0	2719	tags=47%, list=23%, signal=61%	
EGF SIGNALLING PATHWAY%SMPDB%SMP0063810	EGF SIGNALLING PATHWAY%SMPDB%SMP0063810		24	0.65711683	1.7602742	0.0025337837	0.017474718	1.0	2398	tags=54%, list=20%, signal=68%	
POSITIVE REGULATION OF LEUKOCYTE DIFFERENTIATION%GOBP%GO:1902107	POSITIVE REGULATION OF LEUKOCYTE DIFFERENTIATION%GOBP%GO:1902107		93	0.5115361	1.7599988	0.0	0.017512359	1.0	1151	tags=22%, list=10%, signal=24%	
EPITHELIAL CELL PROLIFERATION%GOBP%GO:0050673	EPITHELIAL CELL PROLIFERATION%GOBP%GO:0050673		32	0.62204385	1.7599915	0.0033361134	0.017480638	1.0	837	tags=31%, list=7%, signal=33%	
CD40%IOB%CD40	CD40%IOB%CD40		18	0.7039373	1.7583183	0.0067854114	0.017820103	1.0	937	tags=39%, list=8%, signal=42%	
POSITIVE REGULATION OF HEMOPOIESIS%GOBP%GO:1903708	POSITIVE REGULATION OF HEMOPOIESIS%GOBP%GO:1903708		93	0.5115361	1.7581333	0.0	0.017826086	1.0	1151	tags=22%, list=10%, signal=24%	
ANTIVIRAL AND ANTI INFLAMMATORY EFFECTS OF NRF2 ON SARS COV 2 PATHWAY%WIKIPATHWAYS_20250810%WP5113%HOMO SAPIENS	ANTIVIRAL AND ANTI INFLAMMATORY EFFECTS OF NRF2 ON SARS COV 2 PATHWAY%WIKIPATHWAYS_20250810%WP5113%HOMO SAPIENS		22	0.67279685	1.7577872	0.0060344827	0.017861776	1.0	107	tags=23%, list=1%, signal=23%	
BIOCARTA_BIOPEPTIDES_PATHWAY%MSIGDB_C2%BIOCARTA_BIOPEPTIDES_PATHWAY	BIOCARTA_BIOPEPTIDES_PATHWAY%MSIGDB_C2%BIOCARTA_BIOPEPTIDES_PATHWAY		20	0.68673635	1.7571697	0.003475239	0.017966952	1.0	2333	tags=55%, list=19%, signal=68%	
RIBOSOMAL LARGE SUBUNIT ASSEMBLY%GOBP%GO:0000027	RIBOSOMAL LARGE SUBUNIT ASSEMBLY%GOBP%GO:0000027		18	0.7011539	1.7567339	0.0052956752	0.01802018	1.0	1616	tags=39%, list=13%, signal=45%	
PURINE NUCLEOSIDE DIPHOSPHATE METABOLIC PROCESS%GOBP%GO:0009135	PURINE NUCLEOSIDE DIPHOSPHATE METABOLIC PROCESS%GOBP%GO:0009135		31	0.6244567	1.7565621	0.004142502	0.018021578	1.0	2549	tags=68%, list=21%, signal=86%	
NEOVASCULARIZATION PROCESSES%WIKIPATHWAYS_20250810%WP4331%HOMO SAPIENS	NEOVASCULARIZATION PROCESSES%WIKIPATHWAYS_20250810%WP4331%HOMO SAPIENS		20	0.68858784	1.7544863	0.004191115	0.018435637	1.0	966	tags=30%, list=8%, signal=33%	
ALZHEIMER 39 S DISEASE%WIKIPATHWAYS_20250810%WP5124%HOMO SAPIENS	ALZHEIMER 39 S DISEASE%WIKIPATHWAYS_20250810%WP5124%HOMO SAPIENS		158	0.48094794	1.7541261	0.0	0.01848462	1.0	1405	tags=27%, list=12%, signal=30%	
PID_UPA_UPAR_PATHWAY%MSIGDB_C2%PID_UPA_UPAR_PATHWAY	PID_UPA_UPAR_PATHWAY%MSIGDB_C2%PID_UPA_UPAR_PATHWAY		15	0.7414915	1.7540058	8.896797E-4	0.018474674	1.0	2508	tags=60%, list=21%, signal=76%	
EVASION BY RSV OF HOST INTERFERON RESPONSES%REACTOME%R-HSA-9833109.1	EVASION BY RSV OF HOST INTERFERON RESPONSES%REACTOME%R-HSA-9833109.1		17	0.6992361	1.7538831	0.0068846815	0.018472156	1.0	1612	tags=47%, list=13%, signal=54%	
EXTRACELLULAR MATRIX DISASSEMBLY%GOBP%GO:0022617	EXTRACELLULAR MATRIX DISASSEMBLY%GOBP%GO:0022617		24	0.6546946	1.7527026	0.0017316018	0.018713858	1.0	319	tags=25%, list=3%, signal=26%	
METABOLISM OF POLYAMINES%REACTOME%R-HSA-351202.5	METABOLISM OF POLYAMINES%REACTOME%R-HSA-351202.5		43	0.5818616	1.7526599	8.090615E-4	0.018693063	1.0	2589	tags=53%, list=22%, signal=68%	
BIOCARTA_IL2_PATHWAY%MSIGDB_C2%BIOCARTA_IL2_PATHWAY	BIOCARTA_IL2_PATHWAY%MSIGDB_C2%BIOCARTA_IL2_PATHWAY		15	0.7143462	1.752493	0.0052539404	0.01870465	1.0	2398	tags=60%, list=20%, signal=75%	
BIOCARTA_FMLP_PATHWAY%MSIGDB_C2%BIOCARTA_FMLP_PATHWAY	BIOCARTA_FMLP_PATHWAY%MSIGDB_C2%BIOCARTA_FMLP_PATHWAY		23	0.6634064	1.752352	8.55432E-4	0.018707816	1.0	1778	tags=52%, list=15%, signal=61%	
16P11 2 DISTAL DELETION SYNDROME%WIKIPATHWAYS_20250810%WP4950%HOMO SAPIENS	16P11 2 DISTAL DELETION SYNDROME%WIKIPATHWAYS_20250810%WP4950%HOMO SAPIENS		20	0.67514956	1.7520647	0.0051107327	0.018741071	1.0	1679	tags=35%, list=14%, signal=41%	
NO CGMP PKG MEDIATED NEUROPROTECTION%WIKIPATHWAYS_20250810%WP4008%HOMO SAPIENS	NO CGMP PKG MEDIATED NEUROPROTECTION%WIKIPATHWAYS_20250810%WP4008%HOMO SAPIENS		20	0.696441	1.7514881	0.0035810205	0.018833105	1.0	987	tags=30%, list=8%, signal=33%	
TOLL-LIKE RECEPTOR SIGNALING PATHWAY%GOBP%GO:0002224	TOLL-LIKE RECEPTOR SIGNALING PATHWAY%GOBP%GO:0002224		31	0.6225883	1.7505895	0.0016542597	0.019004287	1.0	1409	tags=32%, list=12%, signal=36%	
ACTIVATED TAK1 MEDIATES P38 MAPK ACTIVATION%REACTOME DATABASE ID RELEASE 93%450302	ACTIVATED TAK1 MEDIATES P38 MAPK ACTIVATION%REACTOME DATABASE ID RELEASE 93%450302		17	0.718126	1.7497693	8.802817E-4	0.019182146	1.0	2015	tags=41%, list=17%, signal=49%	
LEISHMANIA INFECTION%REACTOME%R-HSA-9658195.3	LEISHMANIA INFECTION%REACTOME%R-HSA-9658195.3		110	0.5030997	1.7495354	6.9589424E-4	0.019217432	1.0	938	tags=18%, list=8%, signal=20%	
C-TYPE LECTIN RECEPTORS (CLRS)%REACTOME DATABASE ID RELEASE 93%5621481	C-TYPE LECTIN RECEPTORS (CLRS)%REACTOME DATABASE ID RELEASE 93%5621481		99	0.50379944	1.7484242	7.2254334E-4	0.019444417	1.0	1778	tags=31%, list=15%, signal=36%	
MAP3K8 (TPL2)-DEPENDENT MAPK1 3 ACTIVATION%REACTOME DATABASE ID RELEASE 93%5684264	MAP3K8 (TPL2)-DEPENDENT MAPK1 3 ACTIVATION%REACTOME DATABASE ID RELEASE 93%5684264		16	0.71431506	1.7481846	0.003539823	0.019455487	1.0	1423	tags=44%, list=12%, signal=50%	
REGULATION OF MITOCHONDRIAL MEMBRANE POTENTIAL%GOBP%GO:0051881	REGULATION OF MITOCHONDRIAL MEMBRANE POTENTIAL%GOBP%GO:0051881		27	0.64616334	1.7461941	0.0057803467	0.019898212	1.0	1253	tags=44%, list=10%, signal=49%	
NUCLEOTIDE METABOLISM%REACTOME%R-HSA-15869.7	NUCLEOTIDE METABOLISM%REACTOME%R-HSA-15869.7		71	0.5293416	1.7459904	0.0014760147	0.019906275	1.0	2581	tags=39%, list=21%, signal=50%	
POSITIVE REGULATION OF LYMPHOCYTE MIGRATION%GOBP%GO:2000403	POSITIVE REGULATION OF LYMPHOCYTE MIGRATION%GOBP%GO:2000403		24	0.6612055	1.7457244	0.0035587188	0.019940846	1.0	935	tags=29%, list=8%, signal=32%	
NUCLEOSIDE DIPHOSPHATE METABOLIC PROCESS%GOBP%GO:0009132	NUCLEOSIDE DIPHOSPHATE METABOLIC PROCESS%GOBP%GO:0009132		44	0.58330697	1.7456363	8.0580177E-4	0.019925578	1.0	2549	tags=57%, list=21%, signal=72%	
SECONDARY ALCOHOL METABOLIC PROCESS%GOBP%GO:1902652	SECONDARY ALCOHOL METABOLIC PROCESS%GOBP%GO:1902652		55	0.55295753	1.7455318	0.00155521	0.019918421	1.0	2371	tags=47%, list=20%, signal=59%	
DEGRADATION OF DVL%REACTOME DATABASE ID RELEASE 93%4641258	DEGRADATION OF DVL%REACTOME DATABASE ID RELEASE 93%4641258		41	0.5859088	1.7452915	0.004032258	0.019938651	1.0	2272	tags=49%, list=19%, signal=60%	
DEFENSE RESPONSE TO GRAM-POSITIVE BACTERIUM%GOBP%GO:0050830	DEFENSE RESPONSE TO GRAM-POSITIVE BACTERIUM%GOBP%GO:0050830		31	0.62107193	1.7452751	0.0024793388	0.019909242	1.0	219	tags=16%, list=2%, signal=16%	
NF-KB SIGNALING PATHWAY%PATHWHIZ%PW064818	NF-KB SIGNALING PATHWAY%PATHWHIZ%PW064818		25	0.6410094	1.744196	0.007614213	0.020140715	1.0	965	tags=24%, list=8%, signal=26%	
BLADDER CANCER%WIKIPATHWAYS_20250810%WP2828%HOMO SAPIENS	BLADDER CANCER%WIKIPATHWAYS_20250810%WP2828%HOMO SAPIENS		31	0.6186199	1.7441281	0.0033585222	0.020118069	1.0	899	tags=29%, list=7%, signal=31%	
REGULATION OF NITRIC OXIDE BIOSYNTHETIC PROCESS%GOBP%GO:0045428	REGULATION OF NITRIC OXIDE BIOSYNTHETIC PROCESS%GOBP%GO:0045428		35	0.60228604	1.7421037	0.004878049	0.020573357	1.0	968	tags=31%, list=8%, signal=34%	
VITAMIN D IN INFLAMMATORY DISEASES%WIKIPATHWAYS_20250810%WP4482%HOMO SAPIENS	VITAMIN D IN INFLAMMATORY DISEASES%WIKIPATHWAYS_20250810%WP4482%HOMO SAPIENS		18	0.6897243	1.7421002	0.010169491	0.020537008	1.0	501	tags=28%, list=4%, signal=29%	
BLOOD COAGULATION%GOBP%GO:0007596	BLOOD COAGULATION%GOBP%GO:0007596		80	0.52233285	1.7418658	0.0014814815	0.02056095	1.0	1440	tags=31%, list=12%, signal=35%	
POSITIVE REGULATION OF IMMUNE EFFECTOR PROCESS%GOBP%GO:0002699	POSITIVE REGULATION OF IMMUNE EFFECTOR PROCESS%GOBP%GO:0002699		107	0.49958056	1.7408094	0.0	0.020802023	1.0	1228	tags=21%, list=10%, signal=24%	
REGULATION OF CD4-POSITIVE, ALPHA-BETA T CELL ACTIVATION%GOBP%GO:2000514	REGULATION OF CD4-POSITIVE, ALPHA-BETA T CELL ACTIVATION%GOBP%GO:2000514		39	0.5860871	1.740604	0.0032336297	0.020796511	1.0	2149	tags=38%, list=18%, signal=47%	
REGULATION OF LYMPHOCYTE DIFFERENTIATION%GOBP%GO:0045619	REGULATION OF LYMPHOCYTE DIFFERENTIATION%GOBP%GO:0045619		99	0.50534785	1.7399873	0.0	0.020915756	1.0	1950	tags=31%, list=16%, signal=37%	
METABOLIC REPROGRAMMING IN COLON CANCER%WIKIPATHWAYS_20250810%WP4290%HOMO SAPIENS	METABOLIC REPROGRAMMING IN COLON CANCER%WIKIPATHWAYS_20250810%WP4290%HOMO SAPIENS		20	0.6767541	1.7399465	0.0052083335	0.020889057	1.0	2300	tags=60%, list=19%, signal=74%	
HEMOSTASIS%GOBP%GO:0007599	HEMOSTASIS%GOBP%GO:0007599		83	0.5170477	1.7395195	7.434944E-4	0.020957071	1.0	1440	tags=31%, list=12%, signal=35%	
NEGATIVE REGULATION OF INTRINSIC APOPTOTIC SIGNALING PATHWAY%GOBP%GO:2001243	NEGATIVE REGULATION OF INTRINSIC APOPTOTIC SIGNALING PATHWAY%GOBP%GO:2001243		62	0.5378354	1.7382741	0.001506024	0.021279996	1.0	2425	tags=44%, list=20%, signal=54%	
EBOLA VIRUS INFECTION IN HOST%WIKIPATHWAYS_20250810%WP4217%HOMO SAPIENS	EBOLA VIRUS INFECTION IN HOST%WIKIPATHWAYS_20250810%WP4217%HOMO SAPIENS		87	0.51232094	1.7375965	0.0	0.021415269	1.0	976	tags=20%, list=8%, signal=21%	
TH17 CELL DIFFERENTIATION PATHWAY%WIKIPATHWAYS_20250810%WP5130%HOMO SAPIENS	TH17 CELL DIFFERENTIATION PATHWAY%WIKIPATHWAYS_20250810%WP5130%HOMO SAPIENS		41	0.58954954	1.7374954	0.0015772871	0.021412794	1.0	2398	tags=44%, list=20%, signal=55%	
SCF-BETA-TRCP MEDIATED DEGRADATION OF EMI1%REACTOME DATABASE ID RELEASE 93%174113	SCF-BETA-TRCP MEDIATED DEGRADATION OF EMI1%REACTOME DATABASE ID RELEASE 93%174113		41	0.5821925	1.7373879	8.0321287E-4	0.02140029	1.0	2569	tags=54%, list=21%, signal=68%	
GSK3B AND BTRC:CUL1-MEDIATED-DEGRADATION OF NFE2L2%REACTOME%R-HSA-9762114.3	GSK3B AND BTRC:CUL1-MEDIATED-DEGRADATION OF NFE2L2%REACTOME%R-HSA-9762114.3		41	0.58816475	1.735591	0.0024038462	0.021792846	1.0	2272	tags=51%, list=19%, signal=63%	
REGULATION OF ERYTHROCYTE DIFFERENTIATION%GOBP%GO:0045646	REGULATION OF ERYTHROCYTE DIFFERENTIATION%GOBP%GO:0045646		32	0.6149297	1.7353107	0.0033670033	0.021836935	1.0	1190	tags=25%, list=10%, signal=28%	
COAGULATION%GOBP%GO:0050817	COAGULATION%GOBP%GO:0050817		80	0.52233285	1.7334006	7.401924E-4	0.022273602	1.0	1440	tags=31%, list=12%, signal=35%	
SIGNALING BY CSF1 (M-CSF) IN MYELOID CELLS%REACTOME%R-HSA-9680350.3	SIGNALING BY CSF1 (M-CSF) IN MYELOID CELLS%REACTOME%R-HSA-9680350.3		25	0.64496607	1.7327293	0.0050933785	0.022462694	1.0	1240	tags=48%, list=10%, signal=53%	
RIP-MEDIATED NFKB ACTIVATION VIA ZBP1%REACTOME%R-HSA-1810476.4	RIP-MEDIATED NFKB ACTIVATION VIA ZBP1%REACTOME%R-HSA-1810476.4		16	0.7061014	1.7314706	0.004409171	0.022756591	1.0	1778	tags=56%, list=15%, signal=66%	
POSITIVE REGULATION OF PROTEIN KINASE ACTIVITY%GOBP%GO:0045860	POSITIVE REGULATION OF PROTEIN KINASE ACTIVITY%GOBP%GO:0045860		76	0.5173124	1.7313691	7.3475385E-4	0.022751756	1.0	913	tags=24%, list=8%, signal=25%	
OVARIAN TUMOR DOMAIN PROTEASES%REACTOME DATABASE ID RELEASE 93%5689896	OVARIAN TUMOR DOMAIN PROTEASES%REACTOME DATABASE ID RELEASE 93%5689896		36	0.5954672	1.7306731	0.0024135157	0.022904813	1.0	1423	tags=33%, list=12%, signal=38%	
REGULATION OF T CELL MEDIATED IMMUNITY%GOBP%GO:0002709	REGULATION OF T CELL MEDIATED IMMUNITY%GOBP%GO:0002709		57	0.5475238	1.7305753	0.0016038492	0.022891857	1.0	1597	tags=30%, list=13%, signal=34%	
INFECTION WITH MYCOBACTERIUM TUBERCULOSIS%REACTOME DATABASE ID RELEASE 93%9635486	INFECTION WITH MYCOBACTERIUM TUBERCULOSIS%REACTOME DATABASE ID RELEASE 93%9635486		23	0.65079105	1.7301723	0.0060869567	0.02299096	1.0	1892	tags=52%, list=16%, signal=62%	
BIOCARTA_STRESS_PATHWAY%MSIGDB_C2%BIOCARTA_STRESS_PATHWAY	BIOCARTA_STRESS_PATHWAY%MSIGDB_C2%BIOCARTA_STRESS_PATHWAY		23	0.6481666	1.7297132	0.0042735045	0.023091266	1.0	793	tags=22%, list=7%, signal=23%	
PURINE NUCLEOTIDE METABOLIC PROCESS%GOBP%GO:0006163	PURINE NUCLEOTIDE METABOLIC PROCESS%GOBP%GO:0006163		196	0.4573199	1.7292491	0.0	0.023196336	1.0	2462	tags=37%, list=20%, signal=45%	
NEGATIVE REGULATION OF EXTRINSIC APOPTOTIC SIGNALING PATHWAY%GOBP%GO:2001237	NEGATIVE REGULATION OF EXTRINSIC APOPTOTIC SIGNALING PATHWAY%GOBP%GO:2001237		59	0.5428357	1.7283103	0.002269289	0.023430409	1.0	690	tags=17%, list=6%, signal=18%	
RESPONSE TO TUMOR NECROSIS FACTOR%GOBP%GO:0034612	RESPONSE TO TUMOR NECROSIS FACTOR%GOBP%GO:0034612		84	0.51539755	1.7282586	7.246377E-4	0.023406062	1.0	1020	tags=20%, list=8%, signal=22%	
ISOPRENOID BIOSYNTHETIC PROCESS%GOBP%GO:0008299	ISOPRENOID BIOSYNTHETIC PROCESS%GOBP%GO:0008299		17	0.69052786	1.7277846	0.005235602	0.023504337	1.0	2262	tags=59%, list=19%, signal=72%	
INTERLEUKIN-6 FAMILY SIGNALING%REACTOME DATABASE ID RELEASE 93%6783589	INTERLEUKIN-6 FAMILY SIGNALING%REACTOME DATABASE ID RELEASE 93%6783589		19	0.68653643	1.7276169	0.005226481	0.023513677	1.0	1098	tags=37%, list=9%, signal=40%	
REGULATION OF SMOOTH MUSCLE CELL PROLIFERATION%GOBP%GO:0048660	REGULATION OF SMOOTH MUSCLE CELL PROLIFERATION%GOBP%GO:0048660		61	0.53537184	1.7263138	0.001537279	0.023833485	1.0	749	tags=23%, list=6%, signal=24%	
PYROPTOTIC INFLAMMATORY RESPONSE%GOBP%GO:0070269	PYROPTOTIC INFLAMMATORY RESPONSE%GOBP%GO:0070269		18	0.68386656	1.7261804	0.0042955326	0.02383736	1.0	1684	tags=33%, list=14%, signal=39%	
RUNX1 REGULATES TRANSCRIPTION OF GENES INVOLVED IN DIFFERENTIATION OF HSCS%REACTOME DATABASE ID RELEASE 93%8939236	RUNX1 REGULATES TRANSCRIPTION OF GENES INVOLVED IN DIFFERENTIATION OF HSCS%REACTOME DATABASE ID RELEASE 93%8939236		48	0.55972487	1.7232759	0.0023923444	0.024642672	1.0	2272	tags=42%, list=19%, signal=51%	
UBIQUITIN–PROTEASOME PATHWAY%SMPDB%SMP0063816	UBIQUITIN–PROTEASOME PATHWAY%SMPDB%SMP0063816		28	0.6204522	1.7231516	0.003319502	0.024641361	1.0	1474	tags=46%, list=12%, signal=53%	
REGULATION OF CELL KILLING%GOBP%GO:0031341	REGULATION OF CELL KILLING%GOBP%GO:0031341		45	0.5682327	1.7230392	0.0015686274	0.02464191	1.0	1123	tags=24%, list=9%, signal=27%	
GNAQ PATHWAYS IN PORT WINE STAIN%WIKIPATHWAYS_20250810%WP5437%HOMO SAPIENS	GNAQ PATHWAYS IN PORT WINE STAIN%WIKIPATHWAYS_20250810%WP5437%HOMO SAPIENS		15	0.7106657	1.7229209	0.010156971	0.024626343	1.0	1326	tags=60%, list=11%, signal=67%	
REGULATION OF CD4-POSITIVE, ALPHA-BETA T CELL DIFFERENTIATION%GOBP%GO:0043370	REGULATION OF CD4-POSITIVE, ALPHA-BETA T CELL DIFFERENTIATION%GOBP%GO:0043370		32	0.601549	1.7207355	0.0058626467	0.02524529	1.0	2044	tags=38%, list=17%, signal=45%	
POSITIVE REGULATION OF LEUKOCYTE MEDIATED IMMUNITY%GOBP%GO:0002705	POSITIVE REGULATION OF LEUKOCYTE MEDIATED IMMUNITY%GOBP%GO:0002705		64	0.5288794	1.7191844	0.0022488756	0.02564205	1.0	1123	tags=20%, list=9%, signal=22%	
OSTEOCLAST DIFFERENTIATION%GOBP%GO:0030316	OSTEOCLAST DIFFERENTIATION%GOBP%GO:0030316		19	0.66902083	1.7190745	0.0067453627	0.025630603	1.0	1198	tags=37%, list=10%, signal=41%	
POSITIVE REGULATION OF ADAPTIVE IMMUNE RESPONSE%GOBP%GO:0002821	POSITIVE REGULATION OF ADAPTIVE IMMUNE RESPONSE%GOBP%GO:0002821		70	0.52009326	1.7187445	0.0	0.02567211	1.0	2507	tags=33%, list=21%, signal=41%	
PURINE RIBONUCLEOSIDE TRIPHOSPHATE METABOLIC PROCESS%GOBP%GO:0009205	PURINE RIBONUCLEOSIDE TRIPHOSPHATE METABOLIC PROCESS%GOBP%GO:0009205		103	0.49374437	1.7169534	7.3260075E-4	0.026127242	1.0	2131	tags=38%, list=18%, signal=46%	
IL6 SIGNALING%WIKIPATHWAYS_20250810%WP364%HOMO SAPIENS	IL6 SIGNALING%WIKIPATHWAYS_20250810%WP364%HOMO SAPIENS		35	0.5952063	1.7165017	0.001618123	0.026227836	1.0	937	tags=34%, list=8%, signal=37%	
REGULATION OF RAS BY GAPS%REACTOME DATABASE ID RELEASE 93%5658442	REGULATION OF RAS BY GAPS%REACTOME DATABASE ID RELEASE 93%5658442		51	0.5537106	1.7136854	0.0015491867	0.027076857	1.0	2333	tags=49%, list=19%, signal=61%	
HH MUTANTS ARE DEGRADED BY ERAD%REACTOME DATABASE ID RELEASE 93%5362768	HH MUTANTS ARE DEGRADED BY ERAD%REACTOME DATABASE ID RELEASE 93%5362768		41	0.5753603	1.7131519	0.0062548867	0.027195029	1.0	2272	tags=51%, list=19%, signal=63%	
KILLING OF CELLS OF ANOTHER ORGANISM%GOBP%GO:0031640	KILLING OF CELLS OF ANOTHER ORGANISM%GOBP%GO:0031640		16	0.6987612	1.7130895	0.006167401	0.027167967	1.0	1475	tags=38%, list=12%, signal=43%	
POSITIVE REGULATION OF CYTOKINE PRODUCTION INVOLVED IN IMMUNE RESPONSE%GOBP%GO:0002720	POSITIVE REGULATION OF CYTOKINE PRODUCTION INVOLVED IN IMMUNE RESPONSE%GOBP%GO:0002720		39	0.5874258	1.7129432	0.004769475	0.02717098	1.0	1005	tags=21%, list=8%, signal=22%	
REGULATION OF EXPRESSION AND FUNCTION OF TYPE II CLASSICAL CADHERINS%REACTOME%R-HSA-9764260.2	REGULATION OF EXPRESSION AND FUNCTION OF TYPE II CLASSICAL CADHERINS%REACTOME%R-HSA-9764260.2		20	0.66844636	1.7121744	0.0067001674	0.027385052	1.0	2094	tags=40%, list=17%, signal=48%	
PID_SYNDECAN_1_PATHWAY%MSIGDB_C2%PID_SYNDECAN_1_PATHWAY	PID_SYNDECAN_1_PATHWAY%MSIGDB_C2%PID_SYNDECAN_1_PATHWAY		28	0.6144263	1.7119846	0.0078125	0.027392445	1.0	1866	tags=32%, list=15%, signal=38%	
PID_IL1_PATHWAY%MSIGDB_C2%PID_IL1_PATHWAY	PID_IL1_PATHWAY%MSIGDB_C2%PID_IL1_PATHWAY		23	0.63216424	1.7115926	0.0052956752	0.027473109	1.0	2398	tags=52%, list=20%, signal=65%	
TRANSEPITHELIAL TRANSPORT%GOBP%GO:0070633	TRANSEPITHELIAL TRANSPORT%GOBP%GO:0070633		16	0.7043874	1.7108103	0.011786038	0.027675435	1.0	75	tags=13%, list=1%, signal=13%	
AGE RAGE PATHWAY%WIKIPATHWAYS_20250810%WP2324%HOMO SAPIENS	AGE RAGE PATHWAY%WIKIPATHWAYS_20250810%WP2324%HOMO SAPIENS		46	0.5679733	1.7105259	0.0031397175	0.027717436	1.0	2398	tags=39%, list=20%, signal=49%	
DISRUPTION OF CELL IN ANOTHER ORGANISM%GOBP%GO:0141061	DISRUPTION OF CELL IN ANOTHER ORGANISM%GOBP%GO:0141061		16	0.6987612	1.7095579	0.008865248	0.027959907	1.0	1475	tags=38%, list=12%, signal=43%	
PROTEIN HOMOOLIGOMERIZATION%GOBP%GO:0051260	PROTEIN HOMOOLIGOMERIZATION%GOBP%GO:0051260		95	0.4965021	1.7079761	0.0014760147	0.028438399	1.0	1684	tags=28%, list=14%, signal=33%	
BIOCARTA_DEATH_PATHWAY%MSIGDB_C2%BIOCARTA_DEATH_PATHWAY	BIOCARTA_DEATH_PATHWAY%MSIGDB_C2%BIOCARTA_DEATH_PATHWAY		24	0.6382574	1.7078296	0.0024813896	0.02842917	1.0	1778	tags=29%, list=15%, signal=34%	
PYRIDINE NUCLEOTIDE CATABOLIC PROCESS%GOBP%GO:0019364	PYRIDINE NUCLEOTIDE CATABOLIC PROCESS%GOBP%GO:0019364		28	0.61294806	1.7070395	0.005902192	0.02865922	1.0	2131	tags=68%, list=18%, signal=82%	
COLLAGEN FORMATION%REACTOME DATABASE ID RELEASE 93%1474290	COLLAGEN FORMATION%REACTOME DATABASE ID RELEASE 93%1474290		53	0.544018	1.7064064	0.0038372986	0.028817391	1.0	2675	tags=49%, list=22%, signal=63%	
RIPK1-MEDIATED REGULATED NECROSIS%REACTOME%R-HSA-5213460.6	RIPK1-MEDIATED REGULATED NECROSIS%REACTOME%R-HSA-5213460.6		28	0.61471856	1.7059557	0.0076013515	0.028931873	1.0	1240	tags=29%, list=10%, signal=32%	
REGULATION OF CYTOKINE PRODUCTION INVOLVED IN IMMUNE RESPONSE%GOBP%GO:0002718	REGULATION OF CYTOKINE PRODUCTION INVOLVED IN IMMUNE RESPONSE%GOBP%GO:0002718		51	0.5559153	1.7055464	0.0016090105	0.0290267	1.0	1005	tags=22%, list=8%, signal=23%	
SIGNALING EVENTS MEDIATED BY TCPTP%PATHWAY INTERACTION DATABASE NCI-NATURE CURATED DATA%SIGNALING EVENTS MEDIATED BY TCPTP	SIGNALING EVENTS MEDIATED BY TCPTP%PATHWAY INTERACTION DATABASE NCI-NATURE CURATED DATA%SIGNALING EVENTS MEDIATED BY TCPTP		34	0.5952214	1.7052522	0.0024916944	0.029084612	1.0	1679	tags=38%, list=14%, signal=44%	
MITOCHONDRIAL TRANSLATION ELONGATION%REACTOME%R-HSA-5389840.3	MITOCHONDRIAL TRANSLATION ELONGATION%REACTOME%R-HSA-5389840.3		84	0.5034548	1.7048162	7.320644E-4	0.029193511	1.0	3491	tags=51%, list=29%, signal=72%	
POSITIVE REGULATION OF ENDOTHELIAL CELL MIGRATION%GOBP%GO:0010595	POSITIVE REGULATION OF ENDOTHELIAL CELL MIGRATION%GOBP%GO:0010595		74	0.5127087	1.7040148	0.0014825797	0.02940622	1.0	996	tags=26%, list=8%, signal=28%	
REGULATION OF NITRIC OXIDE METABOLIC PROCESS%GOBP%GO:0080164	REGULATION OF NITRIC OXIDE METABOLIC PROCESS%GOBP%GO:0080164		37	0.58864146	1.7036923	0.004198153	0.029477768	1.0	968	tags=30%, list=8%, signal=32%	
SYNDECAN INTERACTIONS%REACTOME%R-HSA-3000170.4	SYNDECAN INTERACTIONS%REACTOME%R-HSA-3000170.4		19	0.6615859	1.7022649	0.010544815	0.029888082	1.0	689	tags=26%, list=6%, signal=28%	
POSITIVE REGULATION OF CHEMOTAXIS%GOBP%GO:0050921	POSITIVE REGULATION OF CHEMOTAXIS%GOBP%GO:0050921		70	0.51790386	1.7010587	7.5872533E-4	0.030258175	1.0	935	tags=23%, list=8%, signal=25%	
NAD METABOLISM IN ONCOGENE INDUCED SENESCENCE AND MITOCHONDRIAL DYSFUNCTION ASSOCIATED SENESCENCE%WIKIPATHWAYS_20250810%WP5046%HOMO SAPIENS	NAD METABOLISM IN ONCOGENE INDUCED SENESCENCE AND MITOCHONDRIAL DYSFUNCTION ASSOCIATED SENESCENCE%WIKIPATHWAYS_20250810%WP5046%HOMO SAPIENS		15	0.7126261	1.7009134	0.0095735425	0.030267186	1.0	621	tags=33%, list=5%, signal=35%	
PID_FCER1_PATHWAY%MSIGDB_C2%PID_FCER1_PATHWAY	PID_FCER1_PATHWAY%MSIGDB_C2%PID_FCER1_PATHWAY		40	0.5733671	1.7002416	0.004746835	0.030438326	1.0	2398	tags=48%, list=20%, signal=59%	
REGULATION OF APOPTOSIS%REACTOME DATABASE ID RELEASE 93%169911	REGULATION OF APOPTOSIS%REACTOME DATABASE ID RELEASE 93%169911		39	0.56995326	1.6997585	0.004897959	0.030530259	1.0	2272	tags=49%, list=19%, signal=60%	
ANGIOPOIETIN RECEPTOR TIE2-MEDIATED SIGNALING%PATHWAY INTERACTION DATABASE NCI-NATURE CURATED DATA%ANGIOPOIETIN RECEPTOR TIE2-MEDIATED SIGNALING	ANGIOPOIETIN RECEPTOR TIE2-MEDIATED SIGNALING%PATHWAY INTERACTION DATABASE NCI-NATURE CURATED DATA%ANGIOPOIETIN RECEPTOR TIE2-MEDIATED SIGNALING		39	0.5721237	1.6992526	0.006436042	0.030651025	1.0	854	tags=31%, list=7%, signal=33%	
LEUKOCYTE MEDIATED IMMUNITY%GOBP%GO:0002443	LEUKOCYTE MEDIATED IMMUNITY%GOBP%GO:0002443		63	0.53090584	1.6988475	0.002284844	0.0307405	1.0	1304	tags=29%, list=11%, signal=32%	
INTRACELLULAR RECEPTOR SIGNALING PATHWAY%GOBP%GO:0030522	INTRACELLULAR RECEPTOR SIGNALING PATHWAY%GOBP%GO:0030522		113	0.48374218	1.6986055	6.934813E-4	0.030776486	1.0	1778	tags=27%, list=15%, signal=31%	
POSITIVE REGULATION OF SMOOTH MUSCLE CELL PROLIFERATION%GOBP%GO:0048661	POSITIVE REGULATION OF SMOOTH MUSCLE CELL PROLIFERATION%GOBP%GO:0048661		34	0.59084964	1.6985934	0.004882018	0.030730473	1.0	689	tags=26%, list=6%, signal=28%	
DEVELOPMENT AND HETEROGENEITY OF THE ILC FAMILY%WIKIPATHWAYS_20250810%WP3893%HOMO SAPIENS	DEVELOPMENT AND HETEROGENEITY OF THE ILC FAMILY%WIKIPATHWAYS_20250810%WP3893%HOMO SAPIENS		15	0.7069322	1.698329	0.010899182	0.030755702	1.0	641	tags=33%, list=5%, signal=35%	
AUTODEGRADATION OF THE E3 UBIQUITIN LIGASE COP1%REACTOME%R-HSA-349425.4	AUTODEGRADATION OF THE E3 UBIQUITIN LIGASE COP1%REACTOME%R-HSA-349425.4		37	0.58176565	1.6980852	0.006289308	0.030783376	1.0	2272	tags=51%, list=19%, signal=63%	
MONOSACCHARIDE CATABOLIC PROCESS%GOBP%GO:0046365	MONOSACCHARIDE CATABOLIC PROCESS%GOBP%GO:0046365		35	0.5870255	1.6973964	0.009942005	0.030947894	1.0	2369	tags=49%, list=20%, signal=60%	
PHAGOCYTOSIS%GOBP%GO:0006909	PHAGOCYTOSIS%GOBP%GO:0006909		74	0.51173913	1.6971742	0.0022918258	0.030964503	1.0	965	tags=28%, list=8%, signal=31%	
POSITIVE REGULATION OF EXTRACELLULAR MATRIX ORGANIZATION%GOBP%GO:1903055	POSITIVE REGULATION OF EXTRACELLULAR MATRIX ORGANIZATION%GOBP%GO:1903055		16	0.6930955	1.6967093	0.007901669	0.03109189	1.0	937	tags=31%, list=8%, signal=34%	
NEGATIVE REGULATION OF MAPK PATHWAY%REACTOME DATABASE ID RELEASE 93%5675221	NEGATIVE REGULATION OF MAPK PATHWAY%REACTOME DATABASE ID RELEASE 93%5675221		40	0.57184947	1.6960168	0.008032128	0.03128213	1.0	1326	tags=40%, list=11%, signal=45%	
NEGATIVE REGULATION OF CD4-POSITIVE, ALPHA-BETA T CELL ACTIVATION%GOBP%GO:2000515	NEGATIVE REGULATION OF CD4-POSITIVE, ALPHA-BETA T CELL ACTIVATION%GOBP%GO:2000515		17	0.6903898	1.6958709	0.01007326	0.031282175	1.0	302	tags=24%, list=3%, signal=24%	
COLLAGEN CATABOLIC PROCESS%GOBP%GO:0030574	COLLAGEN CATABOLIC PROCESS%GOBP%GO:0030574		19	0.6625042	1.6956296	0.018567638	0.03129726	1.0	1409	tags=32%, list=12%, signal=36%	
MATURATION OF LSU-RRNA%GOBP%GO:0000470	MATURATION OF LSU-RRNA%GOBP%GO:0000470		25	0.6281739	1.6955763	0.008460237	0.03126261	1.0	1800	tags=44%, list=15%, signal=52%	
NUCLEAR EVENTS STIMULATED BY ALK SIGNALING IN CANCER%REACTOME DATABASE ID RELEASE 93%9725371	NUCLEAR EVENTS STIMULATED BY ALK SIGNALING IN CANCER%REACTOME DATABASE ID RELEASE 93%9725371		26	0.63053286	1.6940933	0.005799503	0.031712603	1.0	944	tags=27%, list=8%, signal=29%	
CARBOHYDRATE DERIVATIVE CATABOLIC PROCESS%GOBP%GO:1901136	CARBOHYDRATE DERIVATIVE CATABOLIC PROCESS%GOBP%GO:1901136		120	0.47592333	1.6933134	7.132668E-4	0.03195072	1.0	2131	tags=33%, list=18%, signal=40%	
PYRIMIDINE RIBONUCLEOTIDE METABOLIC PROCESS%GOBP%GO:0009218	PYRIMIDINE RIBONUCLEOTIDE METABOLIC PROCESS%GOBP%GO:0009218		15	0.7003308	1.6923246	0.011373579	0.03224103	1.0	1056	tags=33%, list=9%, signal=36%	
ANTIBACTERIAL HUMORAL RESPONSE%GOBP%GO:0019731	ANTIBACTERIAL HUMORAL RESPONSE%GOBP%GO:0019731		17	0.68079233	1.6907909	0.008710802	0.032715924	1.0	1122	tags=29%, list=9%, signal=32%	
REGULATION OF RESPONSE TO WOUNDING%GOBP%GO:1903034	REGULATION OF RESPONSE TO WOUNDING%GOBP%GO:1903034		88	0.4982238	1.6906619	0.001447178	0.032703966	1.0	729	tags=20%, list=6%, signal=22%	
ASSEMBLY OF COLLAGEN FIBRILS AND OTHER MULTIMERIC STRUCTURES%REACTOME%R-HSA-2022090.5	ASSEMBLY OF COLLAGEN FIBRILS AND OTHER MULTIMERIC STRUCTURES%REACTOME%R-HSA-2022090.5		35	0.5865357	1.6902796	0.004995837	0.032790724	1.0	1549	tags=40%, list=13%, signal=46%	
PID_TOLL_ENDOGENOUS_PATHWAY%MSIGDB_C2%PID_TOLL_ENDOGENOUS_PATHWAY	PID_TOLL_ENDOGENOUS_PATHWAY%MSIGDB_C2%PID_TOLL_ENDOGENOUS_PATHWAY		17	0.69447994	1.6897105	0.012578616	0.032961868	1.0	341	tags=24%, list=3%, signal=24%	
GASTRIN SIGNALING%WIKIPATHWAYS_20250810%WP4659%HOMO SAPIENS	GASTRIN SIGNALING%WIKIPATHWAYS_20250810%WP4659%HOMO SAPIENS		89	0.49641487	1.6885976	0.0028694405	0.03333413	1.0	1326	tags=25%, list=11%, signal=28%	
APOPTOTIC SIGNALING PATHWAY%GOBP%GO:0097190	APOPTOTIC SIGNALING PATHWAY%GOBP%GO:0097190		192	0.4503685	1.6875211	0.0	0.033667933	1.0	1295	tags=20%, list=11%, signal=22%	
REGULATION OF T CELL DIFFERENTIATION%GOBP%GO:0045580	REGULATION OF T CELL DIFFERENTIATION%GOBP%GO:0045580		86	0.50064987	1.6863842	7.3099416E-4	0.033986494	1.0	2044	tags=33%, list=17%, signal=39%	
T CELL ACTIVATION SARS COV 2%WIKIPATHWAYS_20250810%WP5098%HOMO SAPIENS	T CELL ACTIVATION SARS COV 2%WIKIPATHWAYS_20250810%WP5098%HOMO SAPIENS		52	0.5380499	1.686102	0.0054179565	0.034043223	1.0	2398	tags=48%, list=20%, signal=60%	
REGULATION OF MIRNA TRANSCRIPTION%GOBP%GO:1902893	REGULATION OF MIRNA TRANSCRIPTION%GOBP%GO:1902893		50	0.54777074	1.685804	0.0023942539	0.03408602	1.0	978	tags=22%, list=8%, signal=24%	
PLATELET AGGREGATION%GOBP%GO:0070527	PLATELET AGGREGATION%GOBP%GO:0070527		23	0.63574034	1.6855317	0.00855432	0.034122597	1.0	1440	tags=43%, list=12%, signal=49%	
IL6%NETPATH%IL6	IL6%NETPATH%IL6		52	0.54045594	1.6854166	7.751938E-4	0.03410778	1.0	937	tags=29%, list=8%, signal=31%	
METABOLIC EPILEPTIC DISORDERS%WIKIPATHWAYS_20250810%WP5355%HOMO SAPIENS	METABOLIC EPILEPTIC DISORDERS%WIKIPATHWAYS_20250810%WP5355%HOMO SAPIENS		51	0.5450534	1.6848866	0.0015649452	0.034245837	1.0	2300	tags=39%, list=19%, signal=48%	
P75NTR SIGNALS VIA NF-KB%REACTOME DATABASE ID RELEASE 93%193639	P75NTR SIGNALS VIA NF-KB%REACTOME DATABASE ID RELEASE 93%193639		15	0.6984874	1.6844035	0.013043478	0.034356344	1.0	2381	tags=60%, list=20%, signal=75%	
UCH PROTEINASES%REACTOME%R-HSA-5689603.4	UCH PROTEINASES%REACTOME%R-HSA-5689603.4		69	0.5155566	1.6842291	0.0015082957	0.034381133	1.0	2643	tags=45%, list=22%, signal=57%	
SIGNALING EVENTS MEDIATED BY PTP1B%PATHWAY INTERACTION DATABASE NCI-NATURE CURATED DATA%SIGNALING EVENTS MEDIATED BY PTP1B	SIGNALING EVENTS MEDIATED BY PTP1B%PATHWAY INTERACTION DATABASE NCI-NATURE CURATED DATA%SIGNALING EVENTS MEDIATED BY PTP1B		37	0.5751321	1.683853	0.0031746032	0.034490395	1.0	937	tags=30%, list=8%, signal=32%	
RESPONSE OF ENDOTHELIAL CELLS TO SHEAR STRESS%REACTOME DATABASE ID RELEASE 93%9860931	RESPONSE OF ENDOTHELIAL CELLS TO SHEAR STRESS%REACTOME DATABASE ID RELEASE 93%9860931		69	0.51850986	1.68368	0.0030721966	0.03450275	1.0	1778	tags=32%, list=15%, signal=37%	
REGULATION OF ALPHA-BETA T CELL ACTIVATION%GOBP%GO:0046634	REGULATION OF ALPHA-BETA T CELL ACTIVATION%GOBP%GO:0046634		54	0.54254276	1.6831908	0.0015163003	0.034625247	1.0	2507	tags=41%, list=21%, signal=51%	
7Q11 23 DISTAL COPY NUMBER VARIATION%WIKIPATHWAYS_20250810%WP5401%HOMO SAPIENS	7Q11 23 DISTAL COPY NUMBER VARIATION%WIKIPATHWAYS_20250810%WP5401%HOMO SAPIENS		16	0.6914745	1.6824493	0.009683099	0.03485049	1.0	1784	tags=56%, list=15%, signal=66%	
REGULATION OF RUNX2 EXPRESSION AND ACTIVITY%REACTOME%R-HSA-8939902.4	REGULATION OF RUNX2 EXPRESSION AND ACTIVITY%REACTOME%R-HSA-8939902.4		53	0.53439903	1.6804987	0.0015384615	0.035520528	1.0	2272	tags=45%, list=19%, signal=56%	
ANTIGEN PROCESSING: UB, ATP-INDEPENDENT PROTEASOMAL DEGRADATION%REACTOME%R-HSA-9912633.1	ANTIGEN PROCESSING: UB, ATP-INDEPENDENT PROTEASOMAL DEGRADATION%REACTOME%R-HSA-9912633.1		19	0.66008484	1.680393	0.0077319588	0.035510726	1.0	1474	tags=53%, list=12%, signal=60%	
REGULATION OF NECROPTOTIC CELL DEATH%REACTOME%R-HSA-5675482.9	REGULATION OF NECROPTOTIC CELL DEATH%REACTOME%R-HSA-5675482.9		28	0.61471856	1.6801565	0.008972268	0.0355472	1.0	1240	tags=29%, list=10%, signal=32%	
HEDGEHOG LIGAND BIOGENESIS%REACTOME DATABASE ID RELEASE 93%5358346	HEDGEHOG LIGAND BIOGENESIS%REACTOME DATABASE ID RELEASE 93%5358346		45	0.5558084	1.67987	0.00555115	0.035578407	1.0	2272	tags=49%, list=19%, signal=60%	
REGULATION OF NON-CANONICAL NF-KAPPAB SIGNAL TRANSDUCTION%GOBP%GO:1901222	REGULATION OF NON-CANONICAL NF-KAPPAB SIGNAL TRANSDUCTION%GOBP%GO:1901222		46	0.5572257	1.679716	0.00390625	0.03558904	1.0	1340	tags=33%, list=11%, signal=37%	
HOST-MEDIATED PERTURBATION OF SYMBIONT PROCESS%GOBP%GO:0051851	HOST-MEDIATED PERTURBATION OF SYMBIONT PROCESS%GOBP%GO:0051851		72	0.5060195	1.6777712	0.0014892033	0.036307406	1.0	1099	tags=21%, list=9%, signal=23%	
POSITIVE REGULATION OF MONONUCLEAR CELL PROLIFERATION%GOBP%GO:0032946	POSITIVE REGULATION OF MONONUCLEAR CELL PROLIFERATION%GOBP%GO:0032946		55	0.53001326	1.6777118	0.007558579	0.036280215	1.0	1098	tags=27%, list=9%, signal=30%	
POSITIVE REGULATION OF T CELL MIGRATION%GOBP%GO:2000406	POSITIVE REGULATION OF T CELL MIGRATION%GOBP%GO:2000406		22	0.6403098	1.6776248	0.017497813	0.03625919	1.0	935	tags=27%, list=8%, signal=30%	
POSITIVE REGULATION OF KINASE ACTIVITY%GOBP%GO:0033674	POSITIVE REGULATION OF KINASE ACTIVITY%GOBP%GO:0033674		81	0.49997967	1.6766605	0.0029390154	0.036583226	1.0	915	tags=23%, list=8%, signal=25%	
CARDIAC HYPERTROPHIC RESPONSE%WIKIPATHWAYS_20250810%WP2795%HOMO SAPIENS	CARDIAC HYPERTROPHIC RESPONSE%WIKIPATHWAYS_20250810%WP2795%HOMO SAPIENS		41	0.56371975	1.6763994	0.0062015504	0.036630385	1.0	1423	tags=34%, list=12%, signal=39%	
FC-EPSILON RECEPTOR I SIGNALING IN MAST CELLS%PATHWAY INTERACTION DATABASE NCI-NATURE CURATED DATA%FC-EPSILON RECEPTOR I SIGNALING IN MAST CELLS	FC-EPSILON RECEPTOR I SIGNALING IN MAST CELLS%PATHWAY INTERACTION DATABASE NCI-NATURE CURATED DATA%FC-EPSILON RECEPTOR I SIGNALING IN MAST CELLS		49	0.5404184	1.6762402	0.002352941	0.036646903	1.0	2398	tags=45%, list=20%, signal=56%	
HALLMARK_UNFOLDED_PROTEIN_RESPONSE%MSIGDBHALLMARK%HALLMARK_UNFOLDED_PROTEIN_RESPONSE	HALLMARK_UNFOLDED_PROTEIN_RESPONSE%MSIGDBHALLMARK%HALLMARK_UNFOLDED_PROTEIN_RESPONSE		87	0.4933262	1.676235	0.0014662757	0.036594186	1.0	3393	tags=51%, list=28%, signal=70%	
CHOLESTEROL METABOLIC PROCESS%GOBP%GO:0008203	CHOLESTEROL METABOLIC PROCESS%GOBP%GO:0008203		48	0.54566556	1.6741452	0.004769475	0.037364643	1.0	2371	tags=46%, list=20%, signal=57%	
RAF MAP KINASE CASCADE%REACTOME DATABASE ID RELEASE 93%5673001	RAF MAP KINASE CASCADE%REACTOME DATABASE ID RELEASE 93%5673001		173	0.45227417	1.6735005	0.0	0.037570916	1.0	1694	tags=30%, list=14%, signal=34%	
NEGATIVE REGULATION OF LIPID TRANSPORT%GOBP%GO:0032369	NEGATIVE REGULATION OF LIPID TRANSPORT%GOBP%GO:0032369		15	0.69633585	1.673097	0.011850501	0.037677553	1.0	689	tags=27%, list=6%, signal=28%	
INTEGRIN CELL SURFACE INTERACTIONS%REACTOME DATABASE ID RELEASE 93%216083	INTEGRIN CELL SURFACE INTERACTIONS%REACTOME DATABASE ID RELEASE 93%216083		39	0.5644053	1.6728598	0.004823151	0.03770514	1.0	785	tags=18%, list=7%, signal=19%	
DEGRADATION OF GLI1 BY THE PROTEASOME%REACTOME%R-HSA-5610780.2	DEGRADATION OF GLI1 BY THE PROTEASOME%REACTOME%R-HSA-5610780.2		44	0.55353576	1.6709164	0.006535948	0.03846597	1.0	2272	tags=50%, list=19%, signal=61%	
NUCLEAR ENVELOPE (NE) REASSEMBLY%REACTOME DATABASE ID RELEASE 93%2995410	NUCLEAR ENVELOPE (NE) REASSEMBLY%REACTOME DATABASE ID RELEASE 93%2995410		60	0.521012	1.6707363	0.005279035	0.038487878	1.0	1220	tags=27%, list=10%, signal=30%	
ERK1 ERK2 PATHWAY%REACTOME DATABASE ID RELEASE 93%5684996	ERK1 ERK2 PATHWAY%REACTOME DATABASE ID RELEASE 93%5684996		178	0.44826233	1.6706336	0.0	0.038471483	1.0	1694	tags=30%, list=14%, signal=34%	
DETECTION OF BIOTIC STIMULUS%GOBP%GO:0009595	DETECTION OF BIOTIC STIMULUS%GOBP%GO:0009595		21	0.643955	1.6697552	0.007633588	0.0387867	1.0	2159	tags=43%, list=18%, signal=52%	
REGULATION OF ORNITHINE DECARBOXYLASE (ODC)%REACTOME%R-HSA-350562.5	REGULATION OF ORNITHINE DECARBOXYLASE (ODC)%REACTOME%R-HSA-350562.5		37	0.5700883	1.6696614	0.010466989	0.03877334	1.0	2272	tags=49%, list=19%, signal=60%	
IL1-MEDIATED SIGNALING EVENTS%PATHWAY INTERACTION DATABASE NCI-NATURE CURATED DATA%IL1-MEDIATED SIGNALING EVENTS	IL1-MEDIATED SIGNALING EVENTS%PATHWAY INTERACTION DATABASE NCI-NATURE CURATED DATA%IL1-MEDIATED SIGNALING EVENTS		30	0.59230715	1.6688402	0.00886382	0.039057	1.0	965	tags=23%, list=8%, signal=25%	
REGULATION OF LYMPHOCYTE MEDIATED IMMUNITY%GOBP%GO:0002706	REGULATION OF LYMPHOCYTE MEDIATED IMMUNITY%GOBP%GO:0002706		83	0.49919844	1.668226	7.479432E-4	0.03923177	1.0	2274	tags=34%, list=19%, signal=41%	
REGULATION OF ERK1 AND ERK2 CASCADE%GOBP%GO:0070372	REGULATION OF ERK1 AND ERK2 CASCADE%GOBP%GO:0070372		131	0.46105435	1.6681783	0.0020463846	0.039190315	1.0	1102	tags=23%, list=9%, signal=25%	
IFN-GAMMA PATHWAY%PATHWAY INTERACTION DATABASE NCI-NATURE CURATED DATA%IFN-GAMMA PATHWAY	IFN-GAMMA PATHWAY%PATHWAY INTERACTION DATABASE NCI-NATURE CURATED DATA%IFN-GAMMA PATHWAY		37	0.57194227	1.6662602	0.0048076925	0.039903425	1.0	1733	tags=38%, list=14%, signal=44%	
INFLAMMASOMES%REACTOME DATABASE ID RELEASE 93%622312	INFLAMMASOMES%REACTOME DATABASE ID RELEASE 93%622312		15	0.68910354	1.6657805	0.012334802	0.040043708	1.0	1778	tags=47%, list=15%, signal=55%	
REGULATION OF PHOSPHOLIPID METABOLIC PROCESS%GOBP%GO:1903725	REGULATION OF PHOSPHOLIPID METABOLIC PROCESS%GOBP%GO:1903725		19	0.6463291	1.6652849	0.01559792	0.04019112	1.0	241	tags=16%, list=2%, signal=16%	
NEGATIVE REGULATION OF IMMUNE EFFECTOR PROCESS%GOBP%GO:0002698	NEGATIVE REGULATION OF IMMUNE EFFECTOR PROCESS%GOBP%GO:0002698		48	0.54569846	1.6645964	0.00764526	0.04042084	1.0	2274	tags=46%, list=19%, signal=56%	
PEPTIDYL-CYSTEINE MODIFICATION%GOBP%GO:0018198	PEPTIDYL-CYSTEINE MODIFICATION%GOBP%GO:0018198		17	0.66971165	1.6642153	0.012280702	0.040503923	1.0	19	tags=12%, list=0%, signal=12%	
RESPONSE TO HYDROGEN PEROXIDE%GOBP%GO:0042542	RESPONSE TO HYDROGEN PEROXIDE%GOBP%GO:0042542		35	0.57467586	1.664099	0.007936508	0.04049717	1.0	1997	tags=37%, list=17%, signal=44%	
IL4%NETPATH%IL4	IL4%NETPATH%IL4		31	0.5924546	1.6631491	0.010770505	0.04084525	1.0	2381	tags=42%, list=20%, signal=52%	
ORGANOPHOSPHATE CATABOLIC PROCESS%GOBP%GO:0046434	ORGANOPHOSPHATE CATABOLIC PROCESS%GOBP%GO:0046434		108	0.4737925	1.6631387	0.0	0.040791303	1.0	2131	tags=35%, list=18%, signal=42%	
NEGATIVE REGULATION OF HORMONE SECRETION%GOBP%GO:0046888	NEGATIVE REGULATION OF HORMONE SECRETION%GOBP%GO:0046888		17	0.6785501	1.6630076	0.013066202	0.040789098	1.0	220	tags=24%, list=2%, signal=24%	
NEGATIVE REGULATION OF LYMPHOCYTE DIFFERENTIATION%GOBP%GO:0045620	NEGATIVE REGULATION OF LYMPHOCYTE DIFFERENTIATION%GOBP%GO:0045620		24	0.61729705	1.6622996	0.009322034	0.041054856	1.0	622	tags=21%, list=5%, signal=22%	
HH MUTANTS ABROGATE LIGAND SECRETION%REACTOME DATABASE ID RELEASE 93%5387390	HH MUTANTS ABROGATE LIGAND SECRETION%REACTOME DATABASE ID RELEASE 93%5387390		42	0.55124	1.6619017	0.0048582996	0.041182805	1.0	2272	tags=50%, list=19%, signal=61%	
RESISTIN AS A REGULATOR OF INFLAMMATION%WIKIPATHWAYS_20250810%WP4481%HOMO SAPIENS	RESISTIN AS A REGULATOR OF INFLAMMATION%WIKIPATHWAYS_20250810%WP4481%HOMO SAPIENS		21	0.6514303	1.66157	0.012048192	0.041263226	1.0	624	tags=29%, list=5%, signal=30%	
NON-INTEGRIN MEMBRANE-ECM INTERACTIONS%REACTOME%R-HSA-3000171.6	NON-INTEGRIN MEMBRANE-ECM INTERACTIONS%REACTOME%R-HSA-3000171.6		46	0.5491593	1.6611499	0.0031821798	0.04138992	1.0	1063	tags=24%, list=9%, signal=26%	
NEGATIVE REGULATION OF TYPE I INTERFERON PRODUCTION%GOBP%GO:0032480	NEGATIVE REGULATION OF TYPE I INTERFERON PRODUCTION%GOBP%GO:0032480		33	0.5855549	1.6603416	0.008950366	0.041671094	1.0	1228	tags=27%, list=10%, signal=30%	
REGULATION OF NECROPTOTIC PROCESS%GOBP%GO:0060544	REGULATION OF NECROPTOTIC PROCESS%GOBP%GO:0060544		16	0.6935735	1.6595042	0.012931035	0.041949186	1.0	2311	tags=50%, list=19%, signal=62%	
B CELL ACTIVATION%REACTOME%R-HSA-983705.3	B CELL ACTIVATION%REACTOME%R-HSA-983705.3		83	0.49628416	1.6591958	0.00513573	0.04201925	1.0	2381	tags=43%, list=20%, signal=54%	
HALLMARK_UV_RESPONSE_UP%MSIGDBHALLMARK%HALLMARK_UV_RESPONSE_UP	HALLMARK_UV_RESPONSE_UP%MSIGDBHALLMARK%HALLMARK_UV_RESPONSE_UP		110	0.47123128	1.6587296	7.047216E-4	0.042152036	1.0	998	tags=22%, list=8%, signal=24%	
NUCLEAR EVENTS MEDIATED BY NFE2L2%REACTOME DATABASE ID RELEASE 93%9759194	NUCLEAR EVENTS MEDIATED BY NFE2L2%REACTOME DATABASE ID RELEASE 93%9759194		80	0.49175325	1.6575851	0.0036737693	0.042608645	1.0	2272	tags=43%, list=19%, signal=52%	
UPTAKE AND ACTIONS OF BACTERIAL TOXINS%REACTOME DATABASE ID RELEASE 93%5339562	UPTAKE AND ACTIONS OF BACTERIAL TOXINS%REACTOME DATABASE ID RELEASE 93%5339562		17	0.67508876	1.6570427	0.010471204	0.042785976	1.0	899	tags=29%, list=7%, signal=32%	
NEURON MATURATION%GOBP%GO:0042551	NEURON MATURATION%GOBP%GO:0042551		17	0.66942257	1.6568497	0.018018018	0.042803627	1.0	1198	tags=35%, list=10%, signal=39%	
S1P3 PATHWAY%PATHWAY INTERACTION DATABASE NCI-NATURE CURATED DATA%S1P3 PATHWAY	S1P3 PATHWAY%PATHWAY INTERACTION DATABASE NCI-NATURE CURATED DATA%S1P3 PATHWAY		19	0.64396226	1.656792	0.013169447	0.042766426	1.0	824	tags=37%, list=7%, signal=39%	
MAPK SIGNALING AND ARTD FAMILY MEMBERS%WIKIPATHWAYS_20250810%WP5530%HOMO SAPIENS	MAPK SIGNALING AND ARTD FAMILY MEMBERS%WIKIPATHWAYS_20250810%WP5530%HOMO SAPIENS		27	0.6090122	1.6566895	0.0075440067	0.042752616	1.0	1951	tags=44%, list=16%, signal=53%	
HORMONE SECRETION%GOBP%GO:0046879	HORMONE SECRETION%GOBP%GO:0046879		17	0.6710543	1.6562983	0.010535558	0.042872503	1.0	682	tags=24%, list=6%, signal=25%	
DEGRADATION OF AXIN%REACTOME%R-HSA-4641257.3	DEGRADATION OF AXIN%REACTOME%R-HSA-4641257.3		40	0.56133026	1.6559862	0.0072115385	0.042945024	1.0	2569	tags=55%, list=21%, signal=70%	
REGULATION OF PHAGOCYTOSIS%GOBP%GO:0050764	REGULATION OF PHAGOCYTOSIS%GOBP%GO:0050764		42	0.55889106	1.6553965	0.0039588283	0.04315718	1.0	1507	tags=24%, list=13%, signal=27%	
MAPK SIGNALING%WIKIPATHWAYS_20250810%WP382%HOMO SAPIENS	MAPK SIGNALING%WIKIPATHWAYS_20250810%WP382%HOMO SAPIENS		128	0.46149847	1.6548774	0.0014204546	0.043302607	1.0	1946	tags=27%, list=16%, signal=32%	
INTERFERON MEDIATED SIGNALING%WIKIPATHWAYS_20250810%WP4558%HOMO SAPIENS	INTERFERON MEDIATED SIGNALING%WIKIPATHWAYS_20250810%WP4558%HOMO SAPIENS		15	0.686332	1.6544918	0.018083183	0.04343823	1.0	467	tags=33%, list=4%, signal=35%	
CELLULAR RESPONSES TO MECHANICAL STIMULI%REACTOME DATABASE ID RELEASE 93%9855142	CELLULAR RESPONSES TO MECHANICAL STIMULI%REACTOME DATABASE ID RELEASE 93%9855142		75	0.49877846	1.6542047	0.0021786492	0.043511253	1.0	1778	tags=29%, list=15%, signal=34%	
ANTIGEN PRESENTATION: FOLDING, ASSEMBLY AND PEPTIDE LOADING OF CLASS I MHC%REACTOME%R-HSA-983170.5	ANTIGEN PRESENTATION: FOLDING, ASSEMBLY AND PEPTIDE LOADING OF CLASS I MHC%REACTOME%R-HSA-983170.5		29	0.59198135	1.6540885	0.0168492	0.043493222	1.0	2146	tags=34%, list=18%, signal=42%	
BIOCARTA_ERK_PATHWAY%MSIGDB_C2%BIOCARTA_ERK_PATHWAY	BIOCARTA_ERK_PATHWAY%MSIGDB_C2%BIOCARTA_ERK_PATHWAY		20	0.63843113	1.6540118	0.013227513	0.04346588	1.0	2333	tags=55%, list=19%, signal=68%	
MULTI-MULTICELLULAR ORGANISM PROCESS%GOBP%GO:0044706	MULTI-MULTICELLULAR ORGANISM PROCESS%GOBP%GO:0044706		36	0.57137823	1.6538299	0.011764706	0.0434854	1.0	1951	tags=39%, list=16%, signal=46%	
CXCR4 SIGNALING PATHWAY%SMPDB%SMP0064625	CXCR4 SIGNALING PATHWAY%SMPDB%SMP0064625		16	0.6845674	1.6527823	0.01438849	0.04386888	1.0	2436	tags=56%, list=20%, signal=70%	
APOPTOSIS%WIKIPATHWAYS_20250810%WP254%HOMO SAPIENS	APOPTOSIS%WIKIPATHWAYS_20250810%WP254%HOMO SAPIENS		67	0.5056518	1.6524894	0.003776435	0.04395656	1.0	1423	tags=22%, list=12%, signal=25%	
GLUCOCORTICOID RECEPTOR REGULATORY NETWORK%PATHWAY INTERACTION DATABASE NCI-NATURE CURATED DATA%GLUCOCORTICOID RECEPTOR REGULATORY NETWORK	GLUCOCORTICOID RECEPTOR REGULATORY NETWORK%PATHWAY INTERACTION DATABASE NCI-NATURE CURATED DATA%GLUCOCORTICOID RECEPTOR REGULATORY NETWORK		61	0.5201921	1.6522313	0.002969562	0.044007	1.0	1096	tags=25%, list=9%, signal=27%	
BIOCARTA_EPO_PATHWAY%MSIGDB_C2%BIOCARTA_EPO_PATHWAY	BIOCARTA_EPO_PATHWAY%MSIGDB_C2%BIOCARTA_EPO_PATHWAY		15	0.69419974	1.6518828	0.012433393	0.044088658	1.0	2464	tags=60%, list=20%, signal=75%	
CELLULAR RESPONSE TO HYDROGEN PEROXIDE%GOBP%GO:0070301	CELLULAR RESPONSE TO HYDROGEN PEROXIDE%GOBP%GO:0070301		30	0.5921834	1.6517261	0.011513158	0.044105593	1.0	1997	tags=40%, list=17%, signal=48%	
TRAIL%IOB%TRAIL	TRAIL%IOB%TRAIL		40	0.55352265	1.6500206	0.0049668876	0.044818956	1.0	1951	tags=30%, list=16%, signal=36%	
POSITIVE REGULATION OF BINDING%GOBP%GO:0051099	POSITIVE REGULATION OF BINDING%GOBP%GO:0051099		31	0.582925	1.6490557	0.0106820045	0.04521799	1.0	477	tags=16%, list=4%, signal=17%	
REGULATION OF T CELL MEDIATED CYTOTOXICITY%GOBP%GO:0001914	REGULATION OF T CELL MEDIATED CYTOTOXICITY%GOBP%GO:0001914		23	0.6216826	1.6488318	0.011945393	0.045266822	1.0	3359	tags=57%, list=28%, signal=78%	
INTERLEUKIN-20 FAMILY SIGNALING%REACTOME%R-HSA-8854691.8	INTERLEUKIN-20 FAMILY SIGNALING%REACTOME%R-HSA-8854691.8		16	0.6692778	1.6486739	0.017009849	0.045282047	1.0	1612	tags=31%, list=13%, signal=36%	
RIBOSOME ASSEMBLY%GOBP%GO:0042255	RIBOSOME ASSEMBLY%GOBP%GO:0042255		49	0.5375077	1.648589	0.0062015504	0.045253474	1.0	1616	tags=29%, list=13%, signal=33%	
ACTIN FILAMENT ORGANIZATION%GOBP%GO:0007015	ACTIN FILAMENT ORGANIZATION%GOBP%GO:0007015		174	0.44226843	1.6482177	0.0	0.04536723	1.0	1914	tags=29%, list=16%, signal=34%	
MODULATION OF PROCESS OF ANOTHER ORGANISM%GOBP%GO:0035821	MODULATION OF PROCESS OF ANOTHER ORGANISM%GOBP%GO:0035821		73	0.504444	1.6481487	0.0052434457	0.045335393	1.0	1099	tags=21%, list=9%, signal=22%	
CELLULAR RESPONSE TO MECHANICAL STIMULUS%GOBP%GO:0071260	CELLULAR RESPONSE TO MECHANICAL STIMULUS%GOBP%GO:0071260		45	0.5394461	1.6456603	0.003937008	0.046439186	1.0	1860	tags=27%, list=15%, signal=31%	
SIGNALING BY PDGF%REACTOME DATABASE ID RELEASE 93%186797	SIGNALING BY PDGF%REACTOME DATABASE ID RELEASE 93%186797		36	0.5659035	1.6454703	0.012145749	0.046469696	1.0	1549	tags=33%, list=13%, signal=38%	
STABILIZATION OF P53%REACTOME DATABASE ID RELEASE 93%69541	STABILIZATION OF P53%REACTOME DATABASE ID RELEASE 93%69541		42	0.5525416	1.6448278	0.0071146246	0.04668849	1.0	2272	tags=45%, list=19%, signal=56%	
POSITIVE REGULATION OF LYMPHOCYTE MEDIATED IMMUNITY%GOBP%GO:0002708	POSITIVE REGULATION OF LYMPHOCYTE MEDIATED IMMUNITY%GOBP%GO:0002708		59	0.5201996	1.6447998	0.006870229	0.046632558	1.0	1123	tags=20%, list=9%, signal=22%	
IMMUNOREGULATORY INTERACTIONS BETWEEN A LYMPHOID AND A NON-LYMPHOID CELL%REACTOME%R-HSA-198933.9	IMMUNOREGULATORY INTERACTIONS BETWEEN A LYMPHOID AND A NON-LYMPHOID CELL%REACTOME%R-HSA-198933.9		37	0.5631582	1.6447697	0.0049423394	0.0465845	1.0	619	tags=19%, list=5%, signal=20%	
KIT RECEPTOR SIGNALING%WIKIPATHWAYS_20250810%WP304%HOMO SAPIENS	KIT RECEPTOR SIGNALING%WIKIPATHWAYS_20250810%WP304%HOMO SAPIENS		42	0.55050355	1.6445733	0.010450161	0.046607837	1.0	1326	tags=33%, list=11%, signal=37%	
LPA RECEPTOR MEDIATED EVENTS%PATHWAY INTERACTION DATABASE NCI-NATURE CURATED DATA%LPA RECEPTOR MEDIATED EVENTS	LPA RECEPTOR MEDIATED EVENTS%PATHWAY INTERACTION DATABASE NCI-NATURE CURATED DATA%LPA RECEPTOR MEDIATED EVENTS		53	0.5289157	1.6437618	0.0054221535	0.04693469	1.0	2754	tags=45%, list=23%, signal=58%	
NUCLEAR EVENTS (KINASE AND TRANSCRIPTION FACTOR ACTIVATION)%REACTOME DATABASE ID RELEASE 93%198725	NUCLEAR EVENTS (KINASE AND TRANSCRIPTION FACTOR ACTIVATION)%REACTOME DATABASE ID RELEASE 93%198725		50	0.5349441	1.6433485	0.007137193	0.04706927	1.0	1946	tags=34%, list=16%, signal=40%	
FGFR3 SIGNALING IN CHONDROCYTE PROLIFERATION AND TERMINAL DIFFERENTIATION%WIKIPATHWAYS_20250810%WP4767%HOMO SAPIENS	FGFR3 SIGNALING IN CHONDROCYTE PROLIFERATION AND TERMINAL DIFFERENTIATION%WIKIPATHWAYS_20250810%WP4767%HOMO SAPIENS		22	0.62204427	1.6421816	0.01937658	0.04753789	1.0	1930	tags=45%, list=16%, signal=54%	
POSITIVE REGULATION OF INTERFERON-ALPHA PRODUCTION%GOBP%GO:0032727	POSITIVE REGULATION OF INTERFERON-ALPHA PRODUCTION%GOBP%GO:0032727		17	0.6722703	1.6400037	0.017905103	0.04853283	1.0	609	tags=24%, list=5%, signal=25%	
POSITIVE REGULATION OF EPITHELIAL CELL PROLIFERATION%GOBP%GO:0050679	POSITIVE REGULATION OF EPITHELIAL CELL PROLIFERATION%GOBP%GO:0050679		92	0.48320064	1.6396936	0.0014124294	0.048597965	1.0	1120	tags=21%, list=9%, signal=23%	
INTERMEDIATE FILAMENT ORGANIZATION%GOBP%GO:0045109	INTERMEDIATE FILAMENT ORGANIZATION%GOBP%GO:0045109		36	0.56663674	1.6396096	0.00970089	0.04858151	1.0	367	tags=19%, list=3%, signal=20%	
WOUND HEALING%GOBP%GO:0042060	WOUND HEALING%GOBP%GO:0042060		164	0.44531906	1.6387213	6.747638E-4	0.048959374	1.0	1440	tags=23%, list=12%, signal=26%	
POSITIVE REGULATION OF NITRIC OXIDE BIOSYNTHETIC PROCESS%GOBP%GO:0045429	POSITIVE REGULATION OF NITRIC OXIDE BIOSYNTHETIC PROCESS%GOBP%GO:0045429		23	0.62446463	1.6371126	0.007023705	0.049688816	1.0	674	tags=35%, list=6%, signal=37%	
REGULATION OF HOMOTYPIC CELL-CELL ADHESION%REACTOME DATABASE ID RELEASE 93%9759476	REGULATION OF HOMOTYPIC CELL-CELL ADHESION%REACTOME DATABASE ID RELEASE 93%9759476		132	0.45253438	1.6370401	6.8399456E-4	0.049656514	1.0	2569	tags=36%, list=21%, signal=45%	
IL19 SIGNALING%WIKIPATHWAYS_20250810%WP5422%HOMO SAPIENS	IL19 SIGNALING%WIKIPATHWAYS_20250810%WP5422%HOMO SAPIENS		18	0.6514647	1.6369988	0.020264316	0.049605854	1.0	937	tags=33%, list=8%, signal=36%	
CELLULAR RESPONSE TO TYPE II INTERFERON%GOBP%GO:0071346	CELLULAR RESPONSE TO TYPE II INTERFERON%GOBP%GO:0071346		33	0.57096857	1.6357598	0.008298756	0.050163	1.0	1612	tags=36%, list=13%, signal=42%	
CELLULAR RESPONSE TO INTERLEUKIN-6%GOBP%GO:0071354	CELLULAR RESPONSE TO INTERLEUKIN-6%GOBP%GO:0071354		17	0.6572438	1.635273	0.0148731405	0.050357483	1.0	1778	tags=47%, list=15%, signal=55%	
CHEMOKINE SIGNALING%WIKIPATHWAYS_20250810%WP3929%HOMO SAPIENS	CHEMOKINE SIGNALING%WIKIPATHWAYS_20250810%WP3929%HOMO SAPIENS		82	0.4900324	1.6345593	0.005169867	0.05065074	1.0	937	tags=21%, list=8%, signal=22%	
REGULATION OF T CELL MIGRATION%GOBP%GO:2000404	REGULATION OF T CELL MIGRATION%GOBP%GO:2000404		26	0.6047866	1.6332184	0.017721519	0.051261105	1.0	935	tags=27%, list=8%, signal=29%	
MYELOID CELL HOMEOSTASIS%GOBP%GO:0002262	MYELOID CELL HOMEOSTASIS%GOBP%GO:0002262		44	0.54427546	1.6329402	0.008675079	0.05134368	1.0	719	tags=16%, list=6%, signal=17%	
MITOCHONDRIAL TRANSLATION TERMINATION%REACTOME%R-HSA-5419276.5	MITOCHONDRIAL TRANSLATION TERMINATION%REACTOME%R-HSA-5419276.5		85	0.4833816	1.6327575	0.002186589	0.051355507	1.0	3491	tags=49%, list=29%, signal=69%	
NEGATIVE REGULATION OF EXTRINSIC APOPTOTIC SIGNALING PATHWAY VIA DEATH DOMAIN RECEPTORS%GOBP%GO:1902042	NEGATIVE REGULATION OF EXTRINSIC APOPTOTIC SIGNALING PATHWAY VIA DEATH DOMAIN RECEPTORS%GOBP%GO:1902042		18	0.65022343	1.6326658	0.023993146	0.05133941	1.0	229	tags=17%, list=2%, signal=17%	
PID_IL2_1PATHWAY%MSIGDB_C2%PID_IL2_1PATHWAY	PID_IL2_1PATHWAY%MSIGDB_C2%PID_IL2_1PATHWAY		40	0.5489638	1.6322879	0.00789266	0.05145307	1.0	2398	tags=48%, list=20%, signal=59%	
POSITIVE REGULATION OF LYMPHOCYTE PROLIFERATION%GOBP%GO:0050671	POSITIVE REGULATION OF LYMPHOCYTE PROLIFERATION%GOBP%GO:0050671		54	0.519899	1.6318274	0.008580343	0.05165423	1.0	1098	tags=26%, list=9%, signal=28%	
PYRUVATE DEHYDROGENASE DEFICIENCY (E2)%SMPDB%SMP0000551	PYRUVATE DEHYDROGENASE DEFICIENCY (E2)%SMPDB%SMP0000551		21	0.6200297	1.6314527	0.017736487	0.051764976	1.0	2124	tags=48%, list=18%, signal=58%	
POSITIVE REGULATION OF EPITHELIAL TO MESENCHYMAL TRANSITION%GOBP%GO:0010718	POSITIVE REGULATION OF EPITHELIAL TO MESENCHYMAL TRANSITION%GOBP%GO:0010718		42	0.54155445	1.6305271	0.0072347266	0.052182343	1.0	2225	tags=40%, list=18%, signal=49%	
CELLULAR RESPONSE TO EXTERNAL STIMULUS%GOBP%GO:0071496	CELLULAR RESPONSE TO EXTERNAL STIMULUS%GOBP%GO:0071496		45	0.5394461	1.6304091	0.008814103	0.052174196	1.0	1860	tags=27%, list=15%, signal=31%	
SUPEROXIDE METABOLIC PROCESS%GOBP%GO:0006801	SUPEROXIDE METABOLIC PROCESS%GOBP%GO:0006801		19	0.6541001	1.6303867	0.017211704	0.052116632	1.0	1658	tags=42%, list=14%, signal=49%	
RESPONSE TO REACTIVE OXYGEN SPECIES%GOBP%GO:0000302	RESPONSE TO REACTIVE OXYGEN SPECIES%GOBP%GO:0000302		78	0.49135372	1.6300932	0.0028715003	0.05219497	1.0	854	tags=17%, list=7%, signal=18%	
CELL DIFFERENTIATION INVOLVED IN KIDNEY DEVELOPMENT%GOBP%GO:0061005	CELL DIFFERENTIATION INVOLVED IN KIDNEY DEVELOPMENT%GOBP%GO:0061005		16	0.6672851	1.6297667	0.015748031	0.05229232	1.0	1407	tags=50%, list=12%, signal=57%	
PID_GMCSF_PATHWAY%MSIGDB_C2%PID_GMCSF_PATHWAY	PID_GMCSF_PATHWAY%MSIGDB_C2%PID_GMCSF_PATHWAY		26	0.60185564	1.6296129	0.022241231	0.05228928	1.0	1326	tags=38%, list=11%, signal=43%	
SIGNALING EVENTS MEDIATED BY VEGFR1 AND VEGFR2%PATHWAY INTERACTION DATABASE NCI-NATURE CURATED DATA%SIGNALING EVENTS MEDIATED BY VEGFR1 AND VEGFR2	SIGNALING EVENTS MEDIATED BY VEGFR1 AND VEGFR2%PATHWAY INTERACTION DATABASE NCI-NATURE CURATED DATA%SIGNALING EVENTS MEDIATED BY VEGFR1 AND VEGFR2		58	0.5135818	1.6285468	0.0030674846	0.05279105	1.0	2719	tags=48%, list=23%, signal=62%	
IL2-MEDIATED SIGNALING EVENTS%PATHWAY INTERACTION DATABASE NCI-NATURE CURATED DATA%IL2-MEDIATED SIGNALING EVENTS	IL2-MEDIATED SIGNALING EVENTS%PATHWAY INTERACTION DATABASE NCI-NATURE CURATED DATA%IL2-MEDIATED SIGNALING EVENTS		44	0.5356117	1.6265904	0.0064205457	0.053665478	1.0	2398	tags=45%, list=20%, signal=57%	
SKIN EPIDERMIS DEVELOPMENT%GOBP%GO:0098773	SKIN EPIDERMIS DEVELOPMENT%GOBP%GO:0098773		29	0.58351475	1.625803	0.014061208	0.053994004	1.0	1145	tags=28%, list=10%, signal=30%	
ANTIGEN PROCESSING AND PRESENTATION OF PEPTIDE ANTIGEN VIA MHC CLASS IB%GOBP%GO:0002428	ANTIGEN PROCESSING AND PRESENTATION OF PEPTIDE ANTIGEN VIA MHC CLASS IB%GOBP%GO:0002428		15	0.6749331	1.6255344	0.022887323	0.05405055	1.0	619	tags=27%, list=5%, signal=28%	
REGULATION OF MITOCHONDRION ORGANIZATION%GOBP%GO:0010821	REGULATION OF MITOCHONDRION ORGANIZATION%GOBP%GO:0010821		85	0.47692338	1.6252673	0.0059835454	0.054107714	1.0	1295	tags=20%, list=11%, signal=22%	
VITAMIN D RECEPTOR PATHWAY%WIKIPATHWAYS_20250810%WP2877%HOMO SAPIENS	VITAMIN D RECEPTOR PATHWAY%WIKIPATHWAYS_20250810%WP2877%HOMO SAPIENS		92	0.47919104	1.6244467	0.0021261517	0.05446565	1.0	1741	tags=27%, list=14%, signal=32%	
POSITIVE REGULATION OF NITRIC OXIDE METABOLIC PROCESS%GOBP%GO:1904407	POSITIVE REGULATION OF NITRIC OXIDE METABOLIC PROCESS%GOBP%GO:1904407		25	0.60646886	1.6242242	0.011764706	0.054507382	1.0	674	tags=32%, list=6%, signal=34%	
CELL MATURATION%GOBP%GO:0048469	CELL MATURATION%GOBP%GO:0048469		45	0.5313859	1.6241639	0.012708499	0.054471307	1.0	1198	tags=20%, list=10%, signal=22%	
THE ROLE OF GTSE1 IN G2 M PROGRESSION AFTER G2 CHECKPOINT%REACTOME DATABASE ID RELEASE 93%8852276	THE ROLE OF GTSE1 IN G2 M PROGRESSION AFTER G2 CHECKPOINT%REACTOME DATABASE ID RELEASE 93%8852276		46	0.52801436	1.6241604	0.0077279755	0.05440205	1.0	2272	tags=50%, list=19%, signal=61%	
EPO SIGNALING PATHWAY%PATHWHIZ%PW070692	EPO SIGNALING PATHWAY%PATHWHIZ%PW070692		16	0.6767504	1.6234828	0.016695958	0.0546967	1.0	2464	tags=63%, list=20%, signal=78%	
POSITIVE REGULATION OF INTERLEUKIN-2 PRODUCTION%GOBP%GO:0032743	POSITIVE REGULATION OF INTERLEUKIN-2 PRODUCTION%GOBP%GO:0032743		17	0.6589253	1.6234573	0.016593887	0.054637663	1.0	957	tags=35%, list=8%, signal=38%	
TOLL-LIKE RECEPTOR PATHWAY 1%PATHWHIZ%PW064909	TOLL-LIKE RECEPTOR PATHWAY 1%PATHWHIZ%PW064909		28	0.5825222	1.6233974	0.01030043	0.054603733	1.0	2398	tags=43%, list=20%, signal=53%	
ETHANOL EFFECTS ON HISTONE MODIFICATIONS%WIKIPATHWAYS_20250810%WP3996%HOMO SAPIENS	ETHANOL EFFECTS ON HISTONE MODIFICATIONS%WIKIPATHWAYS_20250810%WP3996%HOMO SAPIENS		20	0.6200542	1.6233813	0.024200518	0.05454129	1.0	1876	tags=45%, list=16%, signal=53%	
RESPONSE OF MTB TO PHAGOCYTOSIS%REACTOME DATABASE ID RELEASE 93%9637690	RESPONSE OF MTB TO PHAGOCYTOSIS%REACTOME DATABASE ID RELEASE 93%9637690		21	0.6271808	1.62305	0.012110727	0.05463746	1.0	1892	tags=52%, list=16%, signal=62%	
POSITIVE REGULATION OF T CELL CYTOKINE PRODUCTION%GOBP%GO:0002726	POSITIVE REGULATION OF T CELL CYTOKINE PRODUCTION%GOBP%GO:0002726		19	0.6392104	1.6218382	0.019213974	0.055203732	1.0	964	tags=21%, list=8%, signal=23%	
PID_A6B1_A6B4_INTEGRIN_PATHWAY%MSIGDB_C2%PID_A6B1_A6B4_INTEGRIN_PATHWAY	PID_A6B1_A6B4_INTEGRIN_PATHWAY%MSIGDB_C2%PID_A6B1_A6B4_INTEGRIN_PATHWAY		34	0.5595744	1.6213838	0.012787724	0.05536383	1.0	1063	tags=26%, list=9%, signal=29%	
MULTI-ORGANISM REPRODUCTIVE PROCESS%GOBP%GO:0044703	MULTI-ORGANISM REPRODUCTIVE PROCESS%GOBP%GO:0044703		35	0.56466967	1.6210047	0.01378751	0.055475432	1.0	1951	tags=37%, list=16%, signal=44%	
REGULATION OF BICELLULAR TIGHT JUNCTION ASSEMBLY%GOBP%GO:2000810	REGULATION OF BICELLULAR TIGHT JUNCTION ASSEMBLY%GOBP%GO:2000810		15	0.6696057	1.620663	0.018356644	0.05559466	1.0	852	tags=33%, list=7%, signal=36%	
NUCLEOSIDE MONOPHOSPHATE METABOLIC PROCESS%GOBP%GO:0009123	NUCLEOSIDE MONOPHOSPHATE METABOLIC PROCESS%GOBP%GO:0009123		32	0.56684524	1.6202071	0.016921837	0.055771735	1.0	2775	tags=41%, list=23%, signal=53%	
IL2 SIGNALING%WIKIPATHWAYS_20250810%WP49%HOMO SAPIENS	IL2 SIGNALING%WIKIPATHWAYS_20250810%WP49%HOMO SAPIENS		28	0.5963145	1.6196631	0.014693878	0.056006845	1.0	2333	tags=50%, list=19%, signal=62%	
REGULATION OF T-HELPER CELL DIFFERENTIATION%GOBP%GO:0045622	REGULATION OF T-HELPER CELL DIFFERENTIATION%GOBP%GO:0045622		24	0.6048989	1.6175303	0.02247191	0.057071593	1.0	641	tags=21%, list=5%, signal=22%	
RESPONSE TO INTERLEUKIN-6%GOBP%GO:0070741	RESPONSE TO INTERLEUKIN-6%GOBP%GO:0070741		19	0.6402266	1.6173627	0.011586453	0.057090353	1.0	1778	tags=42%, list=15%, signal=49%	
KISSPEPTIN KISSPEPTIN RECEPTOR SYSTEM IN THE OVARY%WIKIPATHWAYS_20250810%WP4871%HOMO SAPIENS	KISSPEPTIN KISSPEPTIN RECEPTOR SYSTEM IN THE OVARY%WIKIPATHWAYS_20250810%WP4871%HOMO SAPIENS		19	0.6397214	1.6169732	0.015873017	0.05721106	1.0	1326	tags=37%, list=11%, signal=41%	
EPITHELIAL CELL DEVELOPMENT%GOBP%GO:0002064	EPITHELIAL CELL DEVELOPMENT%GOBP%GO:0002064		59	0.5096641	1.616684	0.0046765395	0.05730123	1.0	2033	tags=34%, list=17%, signal=41%	
MITOCHONDRIAL PROTEIN DEGRADATION%REACTOME%R-HSA-9837999.2	MITOCHONDRIAL PROTEIN DEGRADATION%REACTOME%R-HSA-9837999.2		76	0.48998564	1.616128	0.0060105184	0.05753011	1.0	1847	tags=30%, list=15%, signal=36%	
PID_IL8_CXCR2_PATHWAY%MSIGDB_C2%PID_IL8_CXCR2_PATHWAY	PID_IL8_CXCR2_PATHWAY%MSIGDB_C2%PID_IL8_CXCR2_PATHWAY		15	0.6688212	1.6154398	0.02523934	0.057827115	1.0	647	tags=27%, list=5%, signal=28%	
PURINE RIBONUCLEOSIDE MONOPHOSPHATE METABOLIC PROCESS%GOBP%GO:0009167	PURINE RIBONUCLEOSIDE MONOPHOSPHATE METABOLIC PROCESS%GOBP%GO:0009167		18	0.64358944	1.6154037	0.033717833	0.057774637	1.0	2775	tags=56%, list=23%, signal=72%	
A6B1 AND A6B4 INTEGRIN SIGNALING%PATHWAY INTERACTION DATABASE NCI-NATURE CURATED DATA%A6B1 AND A6B4 INTEGRIN SIGNALING	A6B1 AND A6B4 INTEGRIN SIGNALING%PATHWAY INTERACTION DATABASE NCI-NATURE CURATED DATA%A6B1 AND A6B4 INTEGRIN SIGNALING		42	0.53632575	1.6144729	0.01027668	0.058238976	1.0	1784	tags=31%, list=15%, signal=36%	
NEGATIVE REGULATION OF LIPID METABOLIC PROCESS%GOBP%GO:0045833	NEGATIVE REGULATION OF LIPID METABOLIC PROCESS%GOBP%GO:0045833		52	0.5253328	1.6144474	0.012638231	0.05817817	1.0	1178	tags=25%, list=10%, signal=28%	
PID_VEGFR1_2_PATHWAY%MSIGDB_C2%PID_VEGFR1_2_PATHWAY	PID_VEGFR1_2_PATHWAY%MSIGDB_C2%PID_VEGFR1_2_PATHWAY		47	0.5316309	1.6139991	0.012451362	0.05834128	1.0	2287	tags=43%, list=19%, signal=52%	
MITOCHONDRIAL RIBOSOME-ASSOCIATED QUALITY CONTROL%REACTOME%R-HSA-9937383.1	MITOCHONDRIAL RIBOSOME-ASSOCIATED QUALITY CONTROL%REACTOME%R-HSA-9937383.1		83	0.48273987	1.613785	0.005956813	0.058363803	1.0	3491	tags=49%, list=29%, signal=69%	
POSITIVE REGULATION OF MORPHOGENESIS OF AN EPITHELIUM%GOBP%GO:1905332	POSITIVE REGULATION OF MORPHOGENESIS OF AN EPITHELIUM%GOBP%GO:1905332		17	0.648821	1.6136497	0.016579406	0.05835479	1.0	1091	tags=24%, list=9%, signal=26%	
NEGATIVE REGULATION OF CELL JUNCTION ASSEMBLY%GOBP%GO:1901889	NEGATIVE REGULATION OF CELL JUNCTION ASSEMBLY%GOBP%GO:1901889		22	0.61443007	1.6134013	0.017391304	0.05840602	1.0	690	tags=23%, list=6%, signal=24%	
DEATH RECEPTOR SIGNALING%REACTOME DATABASE ID RELEASE 93%73887	DEATH RECEPTOR SIGNALING%REACTOME DATABASE ID RELEASE 93%73887		133	0.4502784	1.6132355	0.0013869626	0.05841693	1.0	1423	tags=21%, list=12%, signal=24%	
GLUCOCORTICOID RECEPTOR PATHWAY%WIKIPATHWAYS_20250810%WP2880%HOMO SAPIENS	GLUCOCORTICOID RECEPTOR PATHWAY%WIKIPATHWAYS_20250810%WP2880%HOMO SAPIENS		49	0.521162	1.6121283	0.007886435	0.058967195	1.0	199	tags=14%, list=2%, signal=14%	
NEGATIVE REGULATION OF INFLAMMATORY RESPONSE%GOBP%GO:0050728	NEGATIVE REGULATION OF INFLAMMATORY RESPONSE%GOBP%GO:0050728		77	0.48403403	1.6111919	0.009643917	0.059427474	1.0	1772	tags=25%, list=15%, signal=29%	
IL4 SIGNALING%WIKIPATHWAYS_20250810%WP395%HOMO SAPIENS	IL4 SIGNALING%WIKIPATHWAYS_20250810%WP395%HOMO SAPIENS		38	0.5476697	1.6108948	0.012077294	0.05950779	1.0	2381	tags=45%, list=20%, signal=56%	
CITRIC ACID CYCLE%SMPDB%SMP0000057	CITRIC ACID CYCLE%SMPDB%SMP0000057		21	0.6200297	1.6106949	0.017331023	0.05952868	1.0	2124	tags=48%, list=18%, signal=58%	
MATURATION OF SSU-RRNA FROM TRICISTRONIC RRNA TRANSCRIPT (SSU-RRNA, 5.8S RRNA, LSU-RRNA)%GOBP%GO:0000462	MATURATION OF SSU-RRNA FROM TRICISTRONIC RRNA TRANSCRIPT (SSU-RRNA, 5.8S RRNA, LSU-RRNA)%GOBP%GO:0000462		26	0.59207577	1.610694	0.016474465	0.05945498	1.0	2930	tags=46%, list=24%, signal=61%	
COOPERATION OF PDCL (PHLP1) AND TRIC CCT IN G-PROTEIN BETA FOLDING%REACTOME%R-HSA-6814122.3	COOPERATION OF PDCL (PHLP1) AND TRIC CCT IN G-PROTEIN BETA FOLDING%REACTOME%R-HSA-6814122.3		23	0.5959527	1.6106896	0.026655203	0.059386425	1.0	2636	tags=52%, list=22%, signal=67%	
INTERLEUKIN-12 FAMILY SIGNALING%REACTOME%R-HSA-447115.7	INTERLEUKIN-12 FAMILY SIGNALING%REACTOME%R-HSA-447115.7		43	0.5325871	1.6094593	0.012057878	0.06000258	1.0	1658	tags=33%, list=14%, signal=38%	
ENDOTHELINS%PATHWAY INTERACTION DATABASE NCI-NATURE CURATED DATA%ENDOTHELINS	ENDOTHELINS%PATHWAY INTERACTION DATABASE NCI-NATURE CURATED DATA%ENDOTHELINS		45	0.5295431	1.6088223	0.010180109	0.060253784	1.0	2754	tags=47%, list=23%, signal=60%	
FUMARASE DEFICIENCY%SMPDB%SMP0000547	FUMARASE DEFICIENCY%SMPDB%SMP0000547		21	0.6200297	1.6087325	0.015397776	0.060237527	1.0	2124	tags=48%, list=18%, signal=58%	
IFN-ALPHA%IOB%IFN-ALPHA	IFN-ALPHA%IOB%IFN-ALPHA		27	0.5928713	1.6086417	0.011986301	0.060211483	1.0	2358	tags=48%, list=20%, signal=60%	
REGULATION OF INTERLEUKIN-17 PRODUCTION%GOBP%GO:0032660	REGULATION OF INTERLEUKIN-17 PRODUCTION%GOBP%GO:0032660		20	0.6318071	1.6082642	0.021276595	0.060348473	1.0	1005	tags=30%, list=8%, signal=33%	
OSTEOPONTIN-MEDIATED EVENTS%PATHWAY INTERACTION DATABASE NCI-NATURE CURATED DATA%OSTEOPONTIN-MEDIATED EVENTS	OSTEOPONTIN-MEDIATED EVENTS%PATHWAY INTERACTION DATABASE NCI-NATURE CURATED DATA%OSTEOPONTIN-MEDIATED EVENTS		31	0.5693603	1.6079631	0.019008264	0.060438633	1.0	824	tags=23%, list=7%, signal=24%	
BETA1 INTEGRIN CELL SURFACE INTERACTIONS%PATHWAY INTERACTION DATABASE NCI-NATURE CURATED DATA%BETA1 INTEGRIN CELL SURFACE INTERACTIONS	BETA1 INTEGRIN CELL SURFACE INTERACTIONS%PATHWAY INTERACTION DATABASE NCI-NATURE CURATED DATA%BETA1 INTEGRIN CELL SURFACE INTERACTIONS		48	0.5253201	1.6079615	0.011755486	0.06036453	1.0	1063	tags=27%, list=9%, signal=30%	
IMMUNE RESPONSE-ACTIVATING CELL SURFACE RECEPTOR SIGNALING PATHWAY%GOBP%GO:0002429	IMMUNE RESPONSE-ACTIVATING CELL SURFACE RECEPTOR SIGNALING PATHWAY%GOBP%GO:0002429		111	0.45715722	1.6079098	0.002039429	0.060313746	1.0	1044	tags=19%, list=9%, signal=21%	
POSITIVE REGULATION OF CELL DEVELOPMENT%GOBP%GO:0010720	POSITIVE REGULATION OF CELL DEVELOPMENT%GOBP%GO:0010720		177	0.43383968	1.6076207	0.0	0.060398728	1.0	1866	tags=25%, list=15%, signal=29%	
DEFECTIVE CFTR CAUSES CYSTIC FIBROSIS%REACTOME DATABASE ID RELEASE 93%5678895	DEFECTIVE CFTR CAUSES CYSTIC FIBROSIS%REACTOME DATABASE ID RELEASE 93%5678895		44	0.5291048	1.6075678	0.015885623	0.06035651	1.0	2272	tags=45%, list=19%, signal=56%	
CORTICOTROPIN RELEASING HORMONE SIGNALING%WIKIPATHWAYS_20250810%WP2355%HOMO SAPIENS	CORTICOTROPIN RELEASING HORMONE SIGNALING%WIKIPATHWAYS_20250810%WP2355%HOMO SAPIENS		53	0.5131905	1.6061242	0.0054602185	0.06111334	1.0	1958	tags=36%, list=16%, signal=43%	
GROWTH HORMONE RECEPTOR SIGNALING%REACTOME DATABASE ID RELEASE 93%982772	GROWTH HORMONE RECEPTOR SIGNALING%REACTOME DATABASE ID RELEASE 93%982772		17	0.651968	1.6056937	0.028571429	0.061282612	1.0	937	tags=35%, list=8%, signal=38%	
POSITIVE REGULATION OF NF-KAPPAB TRANSCRIPTION FACTOR ACTIVITY%GOBP%GO:0051092	POSITIVE REGULATION OF NF-KAPPAB TRANSCRIPTION FACTOR ACTIVITY%GOBP%GO:0051092		62	0.4961245	1.6055465	0.004457652	0.061298795	1.0	3226	tags=44%, list=27%, signal=59%	
ANTIGEN PROCESSING AND PRESENTATION OF ENDOGENOUS PEPTIDE ANTIGEN VIA MHC CLASS IB%GOBP%GO:0002476	ANTIGEN PROCESSING AND PRESENTATION OF ENDOGENOUS PEPTIDE ANTIGEN VIA MHC CLASS IB%GOBP%GO:0002476		15	0.6749331	1.6053003	0.019417476	0.06136309	1.0	619	tags=27%, list=5%, signal=28%	
REGULATION OF PATTERN RECOGNITION RECEPTOR SIGNALING PATHWAY%GOBP%GO:0062207	REGULATION OF PATTERN RECOGNITION RECEPTOR SIGNALING PATHWAY%GOBP%GO:0062207		127	0.45349985	1.6050885	0.0028288544	0.0614029	1.0	1340	tags=20%, list=11%, signal=22%	
CARBOHYDRATE BIOSYNTHETIC PROCESS%GOBP%GO:0016051	CARBOHYDRATE BIOSYNTHETIC PROCESS%GOBP%GO:0016051		56	0.50722384	1.605088	0.008403362	0.06132774	1.0	1944	tags=45%, list=16%, signal=53%	
POSITIVE REGULATION OF GROWTH%GOBP%GO:0045927	POSITIVE REGULATION OF GROWTH%GOBP%GO:0045927		102	0.46371612	1.6048224	0.0021201414	0.061421778	1.0	1902	tags=27%, list=16%, signal=32%	
SCF(SKP2)-MEDIATED DEGRADATION OF P27 P21%REACTOME%R-HSA-187577.5	SCF(SKP2)-MEDIATED DEGRADATION OF P27 P21%REACTOME%R-HSA-187577.5		49	0.51586497	1.6039813	0.008723236	0.061837677	1.0	2272	tags=43%, list=19%, signal=53%	
ARYL HYDROCARBON RECEPTOR PATHWAY%WIKIPATHWAYS_20250810%WP2586%HOMO SAPIENS	ARYL HYDROCARBON RECEPTOR PATHWAY%WIKIPATHWAYS_20250810%WP2586%HOMO SAPIENS		34	0.5537758	1.6035609	0.020678246	0.061996073	1.0	690	tags=26%, list=6%, signal=28%	
PID_PTP1B_PATHWAY%MSIGDB_C2%PID_PTP1B_PATHWAY	PID_PTP1B_PATHWAY%MSIGDB_C2%PID_PTP1B_PATHWAY		29	0.5760191	1.6035564	0.01300813	0.06192331	1.0	2358	tags=48%, list=20%, signal=60%	
NEGATIVE REGULATION OF ALPHA-BETA T CELL DIFFERENTIATION%GOBP%GO:0046639	NEGATIVE REGULATION OF ALPHA-BETA T CELL DIFFERENTIATION%GOBP%GO:0046639		17	0.64596677	1.6034027	0.021645023	0.061953057	1.0	228	tags=18%, list=2%, signal=18%	
2-KETOGLUTARATE DEHYDROGENASE COMPLEX DEFICIENCY%PATHWHIZ%PW000525	2-KETOGLUTARATE DEHYDROGENASE COMPLEX DEFICIENCY%PATHWHIZ%PW000525		21	0.6200297	1.6031493	0.01880342	0.062000144	1.0	2124	tags=48%, list=18%, signal=58%	
DEGRADATION OF CRY AND PER PROTEINS%REACTOME DATABASE ID RELEASE 93%9932298	DEGRADATION OF CRY AND PER PROTEINS%REACTOME DATABASE ID RELEASE 93%9932298		47	0.52530676	1.6030655	0.014383043	0.061972495	1.0	2272	tags=47%, list=19%, signal=57%	
NEGATIVE REGULATION OF LEUKOCYTE MEDIATED CYTOTOXICITY%GOBP%GO:0001911	NEGATIVE REGULATION OF LEUKOCYTE MEDIATED CYTOTOXICITY%GOBP%GO:0001911		15	0.6598384	1.6028489	0.023622047	0.06201658	1.0	2861	tags=67%, list=24%, signal=87%	
PYRUVATE DEHYDROGENASE DEFICIENCY (E3)%SMPDB%SMP0000550	PYRUVATE DEHYDROGENASE DEFICIENCY (E3)%SMPDB%SMP0000550		21	0.6200297	1.6028051	0.026655203	0.061967626	1.0	2124	tags=48%, list=18%, signal=58%	
DOWNSTREAM TCR SIGNALING%REACTOME%R-HSA-202424.6	DOWNSTREAM TCR SIGNALING%REACTOME%R-HSA-202424.6		65	0.4929789	1.6025243	0.0075244545	0.06205992	1.0	2381	tags=43%, list=20%, signal=53%	
CONGENITAL LACTIC ACIDOSIS%PATHWHIZ%PW000522	CONGENITAL LACTIC ACIDOSIS%PATHWHIZ%PW000522		21	0.6200297	1.6013585	0.025915997	0.0626519	1.0	2124	tags=48%, list=18%, signal=58%	
HDAC6 INTERACTIONS IN THE CENTRAL NERVOUS SYSTEM%WIKIPATHWAYS_20250810%WP5426%HOMO SAPIENS	HDAC6 INTERACTIONS IN THE CENTRAL NERVOUS SYSTEM%WIKIPATHWAYS_20250810%WP5426%HOMO SAPIENS		71	0.48861384	1.6013354	0.0060468633	0.06258802	1.0	2287	tags=34%, list=19%, signal=41%	
STEROL METABOLIC PROCESS%GOBP%GO:0016125	STEROL METABOLIC PROCESS%GOBP%GO:0016125		53	0.5119985	1.6009827	0.0070202807	0.062711224	1.0	2371	tags=43%, list=20%, signal=54%	
SIGNALING BY NOTCH4%REACTOME DATABASE ID RELEASE 93%9013694	SIGNALING BY NOTCH4%REACTOME DATABASE ID RELEASE 93%9013694		65	0.49438372	1.6003723	0.006828528	0.06298522	1.0	2272	tags=42%, list=19%, signal=51%	
PURINE NUCLEOSIDE MONOPHOSPHATE METABOLIC PROCESS%GOBP%GO:0009126	PURINE NUCLEOSIDE MONOPHOSPHATE METABOLIC PROCESS%GOBP%GO:0009126		19	0.6385248	1.6003325	0.01888412	0.06293548	1.0	2775	tags=53%, list=23%, signal=68%	
REGULATION OF CELL MIGRATION INVOLVED IN SPROUTING ANGIOGENESIS%GOBP%GO:0090049	REGULATION OF CELL MIGRATION INVOLVED IN SPROUTING ANGIOGENESIS%GOBP%GO:0090049		25	0.59007627	1.6003287	0.01975945	0.06286472	1.0	1268	tags=32%, list=11%, signal=36%	
REGULATION OF CHEMOTAXIS%GOBP%GO:0050920	REGULATION OF CHEMOTAXIS%GOBP%GO:0050920		92	0.47137776	1.5992467	0.004950495	0.06339746	1.0	935	tags=21%, list=8%, signal=22%	
POSITIVE REGULATION OF INTERLEUKIN-17 PRODUCTION%GOBP%GO:0032740	POSITIVE REGULATION OF INTERLEUKIN-17 PRODUCTION%GOBP%GO:0032740		15	0.65911645	1.5989339	0.029229406	0.063502125	1.0	1005	tags=33%, list=8%, signal=36%	
POSITIVE REGULATION OF MITOTIC NUCLEAR DIVISION%GOBP%GO:0045840	POSITIVE REGULATION OF MITOTIC NUCLEAR DIVISION%GOBP%GO:0045840		30	0.56396353	1.5989206	0.014119601	0.06343229	1.0	533	tags=20%, list=4%, signal=21%	
MYELOID CELL DEVELOPMENT%GOBP%GO:0061515	MYELOID CELL DEVELOPMENT%GOBP%GO:0061515		16	0.65908873	1.5981486	0.026690392	0.06378319	1.0	3174	tags=56%, list=26%, signal=76%	
NEGATIVE REGULATION OF CELL ACTIVATION%GOBP%GO:0050866	NEGATIVE REGULATION OF CELL ACTIVATION%GOBP%GO:0050866		83	0.4752607	1.5978197	0.0057803467	0.06390808	1.0	854	tags=20%, list=7%, signal=22%	
EPO RECEPTOR SIGNALING%WIKIPATHWAYS_20250810%WP581%HOMO SAPIENS	EPO RECEPTOR SIGNALING%WIKIPATHWAYS_20250810%WP581%HOMO SAPIENS		16	0.65852076	1.5976638	0.021333333	0.063914575	1.0	1326	tags=50%, list=11%, signal=56%	
CYTOSKELETAL REGULATION BY RHO GTPASE%PANTHER PATHWAY%P00016	CYTOSKELETAL REGULATION BY RHO GTPASE%PANTHER PATHWAY%P00016		42	0.5355092	1.597086	0.009638554	0.06416766	1.0	1440	tags=38%, list=12%, signal=43%	
REGULATION OF LIPID TRANSPORT%GOBP%GO:0032368	REGULATION OF LIPID TRANSPORT%GOBP%GO:0032368		65	0.4918734	1.5969604	0.008352316	0.0641609	1.0	702	tags=20%, list=6%, signal=21%	
INTEGRIN SIGNALING%REACTOME%R-HSA-354192.4	INTEGRIN SIGNALING%REACTOME%R-HSA-354192.4		19	0.6203162	1.5967323	0.025686448	0.06421036	1.0	2342	tags=47%, list=19%, signal=59%	
EPHRIN B REVERSE SIGNALING%PATHWAY INTERACTION DATABASE NCI-NATURE CURATED DATA%EPHRIN B REVERSE SIGNALING	EPHRIN B REVERSE SIGNALING%PATHWAY INTERACTION DATABASE NCI-NATURE CURATED DATA%EPHRIN B REVERSE SIGNALING		20	0.6110662	1.5966257	0.023539668	0.06419824	1.0	1470	tags=40%, list=12%, signal=45%	
REGULATION OF PRODUCTION OF MOLECULAR MEDIATOR OF IMMUNE RESPONSE%GOBP%GO:0002700	REGULATION OF PRODUCTION OF MOLECULAR MEDIATOR OF IMMUNE RESPONSE%GOBP%GO:0002700		70	0.49126235	1.5961728	0.008320726	0.06438298	1.0	2213	tags=34%, list=18%, signal=42%	
MITOCHONDRIAL COMPLEX II DEFICIENCY%PATHWHIZ%PW000524	MITOCHONDRIAL COMPLEX II DEFICIENCY%PATHWHIZ%PW000524		21	0.6200297	1.596041	0.023911187	0.064381465	1.0	2124	tags=48%, list=18%, signal=58%	
ASTROCYTE DIFFERENTIATION%GOBP%GO:0048708	ASTROCYTE DIFFERENTIATION%GOBP%GO:0048708		15	0.65672123	1.5957496	0.019451812	0.06448276	1.0	1385	tags=33%, list=12%, signal=38%	
HORMONE TRANSPORT%GOBP%GO:0009914	HORMONE TRANSPORT%GOBP%GO:0009914		21	0.6064364	1.595566	0.02310231	0.06451469	1.0	69	tags=14%, list=1%, signal=14%	
CELLULAR RESPONSE TO REACTIVE OXYGEN SPECIES%GOBP%GO:0034614	CELLULAR RESPONSE TO REACTIVE OXYGEN SPECIES%GOBP%GO:0034614		66	0.49263325	1.5941639	0.010401188	0.065288074	1.0	1997	tags=29%, list=17%, signal=34%	
REGULATION OF REPRODUCTIVE PROCESS%GOBP%GO:2000241	REGULATION OF REPRODUCTIVE PROCESS%GOBP%GO:2000241		64	0.49025682	1.594136	0.0067975833	0.065224566	1.0	1534	tags=25%, list=13%, signal=28%	
MITOCHONDRIAL TRANSLATION%REACTOME%R-HSA-5368287.5	MITOCHONDRIAL TRANSLATION%REACTOME%R-HSA-5368287.5		93	0.46569917	1.594056	0.0021551724	0.06519473	1.0	2521	tags=37%, list=21%, signal=46%	
HALLMARK_EPITHELIAL_MESENCHYMAL_TRANSITION%MSIGDBHALLMARK%HALLMARK_EPITHELIAL_MESENCHYMAL_TRANSITION	HALLMARK_EPITHELIAL_MESENCHYMAL_TRANSITION%MSIGDBHALLMARK%HALLMARK_EPITHELIAL_MESENCHYMAL_TRANSITION		126	0.4454159	1.5938373	0.0020661156	0.06523556	1.0	974	tags=19%, list=8%, signal=21%	
HYPERCHOLESTEROLEMIA%PATHWHIZ%PW000221	HYPERCHOLESTEROLEMIA%PATHWHIZ%PW000221		20	0.609697	1.5937945	0.018916596	0.065191075	1.0	716	tags=35%, list=6%, signal=37%	
SIGNALING BY SCF-KIT%REACTOME DATABASE ID RELEASE 93%1433557	SIGNALING BY SCF-KIT%REACTOME DATABASE ID RELEASE 93%1433557		32	0.55953914	1.5932207	0.01640689	0.06543667	1.0	1070	tags=31%, list=9%, signal=34%	
NEGATIVE REGULATION OF EPITHELIAL CELL DIFFERENTIATION%GOBP%GO:0030857	NEGATIVE REGULATION OF EPITHELIAL CELL DIFFERENTIATION%GOBP%GO:0030857		16	0.6552576	1.5928303	0.02910959	0.06559239	1.0	787	tags=25%, list=7%, signal=27%	
FLUOROPYRIMIDINE ACTIVITY%WIKIPATHWAYS_20250810%WP1601%HOMO SAPIENS	FLUOROPYRIMIDINE ACTIVITY%WIKIPATHWAYS_20250810%WP1601%HOMO SAPIENS		23	0.59664947	1.5920415	0.019900497	0.06599472	1.0	1136	tags=22%, list=9%, signal=24%	
MIR TARGETED GENES IN LEUKOCYTES%WIKIPATHWAYS_20250810%WP2003%HOMO SAPIENS	MIR TARGETED GENES IN LEUKOCYTES%WIKIPATHWAYS_20250810%WP2003%HOMO SAPIENS		99	0.46028382	1.5914695	0.0035038542	0.06625467	1.0	1576	tags=25%, list=13%, signal=29%	
ENDOTHELIAL CELL DEVELOPMENT%GOBP%GO:0001885	ENDOTHELIAL CELL DEVELOPMENT%GOBP%GO:0001885		25	0.5879791	1.5910869	0.01969178	0.06638833	1.0	1503	tags=24%, list=12%, signal=27%	
INTRINSIC APOPTOTIC SIGNALING PATHWAY%GOBP%GO:0097193	INTRINSIC APOPTOTIC SIGNALING PATHWAY%GOBP%GO:0097193		117	0.45183215	1.5903536	0.0020761245	0.06673977	1.0	1287	tags=21%, list=11%, signal=24%	
DEGRADATION OF THE EXTRACELLULAR MATRIX%REACTOME%R-HSA-1474228.6	DEGRADATION OF THE EXTRACELLULAR MATRIX%REACTOME%R-HSA-1474228.6		63	0.49336347	1.5903531	0.010510511	0.06666274	1.0	1409	tags=27%, list=12%, signal=30%	
POSITIVE REGULATION OF PROTEIN SERINE/THREONINE KINASE ACTIVITY%GOBP%GO:0071902	POSITIVE REGULATION OF PROTEIN SERINE/THREONINE KINASE ACTIVITY%GOBP%GO:0071902		34	0.5506053	1.5887429	0.016260162	0.06753656	1.0	913	tags=26%, list=8%, signal=29%	
RISEDRONATE ACTION PATHWAY%PATHWHIZ%PW000272	RISEDRONATE ACTION PATHWAY%PATHWHIZ%PW000272		20	0.609697	1.5881553	0.02032176	0.0678341	1.0	716	tags=35%, list=6%, signal=37%	
REGULATION OF BLOOD VESSEL ENDOTHELIAL CELL MIGRATION%GOBP%GO:0043535	REGULATION OF BLOOD VESSEL ENDOTHELIAL CELL MIGRATION%GOBP%GO:0043535		62	0.4917897	1.5871029	0.006037736	0.068389654	1.0	1405	tags=26%, list=12%, signal=29%	
REGULATION OF ENDOTHELIAL CELL MIGRATION%GOBP%GO:0010594	REGULATION OF ENDOTHELIAL CELL MIGRATION%GOBP%GO:0010594		109	0.4566491	1.5866771	0.0056457305	0.06856223	1.0	996	tags=22%, list=8%, signal=24%	
POSITIVE REGULATION OF CELL GROWTH%GOBP%GO:0030307	POSITIVE REGULATION OF CELL GROWTH%GOBP%GO:0030307		80	0.48048073	1.5860623	0.0044247787	0.06887177	1.0	1877	tags=28%, list=16%, signal=32%	
HEXOSE METABOLIC PROCESS%GOBP%GO:0019318	HEXOSE METABOLIC PROCESS%GOBP%GO:0019318		80	0.47790563	1.5860058	0.0065264683	0.06883095	1.0	2268	tags=45%, list=19%, signal=55%	
ROSUVASTATIN ACTION PATHWAY%SMPDB%SMP0000092	ROSUVASTATIN ACTION PATHWAY%SMPDB%SMP0000092		20	0.609697	1.585811	0.030434782	0.06888143	1.0	716	tags=35%, list=6%, signal=37%	
REGULATION OF INTERLEUKIN-12 PRODUCTION%GOBP%GO:0032655	REGULATION OF INTERLEUKIN-12 PRODUCTION%GOBP%GO:0032655		30	0.5635349	1.585269	0.020973155	0.0691416	1.0	689	tags=23%, list=6%, signal=25%	
PID_S1P_S1P3_PATHWAY%MSIGDB_C2%PID_S1P_S1P3_PATHWAY	PID_S1P_S1P3_PATHWAY%MSIGDB_C2%PID_S1P_S1P3_PATHWAY		16	0.6469235	1.5849413	0.027753687	0.06925052	1.0	824	tags=38%, list=7%, signal=40%	
DEGRADATION OF GLI2 BY THE PROTEASOME%REACTOME%R-HSA-5610783.2	DEGRADATION OF GLI2 BY THE PROTEASOME%REACTOME%R-HSA-5610783.2		44	0.52114546	1.5848254	0.016627079	0.06923497	1.0	2272	tags=48%, list=19%, signal=59%	
REGULATION OF NUCLEOCYTOPLASMIC TRANSPORT%GOBP%GO:0046822	REGULATION OF NUCLEOCYTOPLASMIC TRANSPORT%GOBP%GO:0046822		75	0.4719802	1.5844241	0.005904059	0.0693908	1.0	1212	tags=21%, list=10%, signal=24%	
NEGATIVE REGULATION OF NATURAL KILLER CELL MEDIATED CYTOTOXICITY%GOBP%GO:0045953	NEGATIVE REGULATION OF NATURAL KILLER CELL MEDIATED CYTOTOXICITY%GOBP%GO:0045953		15	0.6598384	1.5840209	0.019642858	0.06957879	1.0	2861	tags=67%, list=24%, signal=87%	
DOWNSTREAM SIGNALING IN NAIVE CD8+ T CELLS%PATHWAY INTERACTION DATABASE NCI-NATURE CURATED DATA%DOWNSTREAM SIGNALING IN NAIVE CD8+ T CELLS	DOWNSTREAM SIGNALING IN NAIVE CD8+ T CELLS%PATHWAY INTERACTION DATABASE NCI-NATURE CURATED DATA%DOWNSTREAM SIGNALING IN NAIVE CD8+ T CELLS		29	0.57283854	1.5839912	0.018976897	0.06951656	1.0	2481	tags=45%, list=21%, signal=56%	
REGULATION OF T CELL PROLIFERATION%GOBP%GO:0042129	REGULATION OF T CELL PROLIFERATION%GOBP%GO:0042129		66	0.4842101	1.5825078	0.009954059	0.07036801	1.0	964	tags=24%, list=8%, signal=26%	
FEMALE SEX DIFFERENTIATION%GOBP%GO:0046660	FEMALE SEX DIFFERENTIATION%GOBP%GO:0046660		21	0.6087638	1.5822757	0.036036037	0.07043239	1.0	1658	tags=43%, list=14%, signal=50%	
GMCSF-MEDIATED SIGNALING EVENTS%PATHWAY INTERACTION DATABASE NCI-NATURE CURATED DATA%GMCSF-MEDIATED SIGNALING EVENTS	GMCSF-MEDIATED SIGNALING EVENTS%PATHWAY INTERACTION DATABASE NCI-NATURE CURATED DATA%GMCSF-MEDIATED SIGNALING EVENTS		31	0.55751467	1.5819148	0.018898932	0.07057412	1.0	937	tags=32%, list=8%, signal=35%	
OLIGOSACCHARIDE BIOSYNTHETIC PROCESS%GOBP%GO:0009312	OLIGOSACCHARIDE BIOSYNTHETIC PROCESS%GOBP%GO:0009312		17	0.636579	1.5815483	0.029616725	0.07072864	1.0	1009	tags=29%, list=8%, signal=32%	
ENDOLYSOSOMAL TOLL-LIKE RECEPTOR SIGNALING PATHWAY%GOBP%GO:0140894	ENDOLYSOSOMAL TOLL-LIKE RECEPTOR SIGNALING PATHWAY%GOBP%GO:0140894		15	0.6651098	1.581498	0.02809482	0.07068367	1.0	965	tags=40%, list=8%, signal=43%	
BIOCARTA_PYK2_PATHWAY%MSIGDB_C2%BIOCARTA_PYK2_PATHWAY	BIOCARTA_PYK2_PATHWAY%MSIGDB_C2%BIOCARTA_PYK2_PATHWAY		22	0.59695965	1.5809181	0.02970297	0.0709536	1.0	2398	tags=50%, list=20%, signal=62%	
AUTODEGRADATION OF CDH1 BY CDH1:APC C%REACTOME DATABASE ID RELEASE 93%174084	AUTODEGRADATION OF CDH1 BY CDH1:APC C%REACTOME DATABASE ID RELEASE 93%174084		53	0.503896	1.5806357	0.016291698	0.07103188	1.0	2569	tags=43%, list=21%, signal=55%	
PARASITE INFECTION%REACTOME DATABASE ID RELEASE 93%9664407	PARASITE INFECTION%REACTOME DATABASE ID RELEASE 93%9664407		45	0.51748097	1.5804309	0.017670684	0.07107005	1.0	1440	tags=33%, list=12%, signal=38%	
REGULATION OF VASCULAR ENDOTHELIAL GROWTH FACTOR RECEPTOR SIGNALING PATHWAY%GOBP%GO:0030947	REGULATION OF VASCULAR ENDOTHELIAL GROWTH FACTOR RECEPTOR SIGNALING PATHWAY%GOBP%GO:0030947		19	0.61719275	1.579771	0.022589052	0.071400076	1.0	1892	tags=37%, list=16%, signal=44%	
REGULATION OF GLIOGENESIS%GOBP%GO:0014013	REGULATION OF GLIOGENESIS%GOBP%GO:0014013		27	0.574844	1.5796416	0.02090301	0.07139786	1.0	165	tags=19%, list=1%, signal=19%	
MORPHOGENESIS OF AN EPITHELIAL SHEET%GOBP%GO:0002011	MORPHOGENESIS OF AN EPITHELIAL SHEET%GOBP%GO:0002011		28	0.5709921	1.5792499	0.02864364	0.07155999	1.0	648	tags=25%, list=5%, signal=26%	
IKK COMPLEX RECRUITMENT MEDIATED BY RIP1%REACTOME DATABASE ID RELEASE 93%937041	IKK COMPLEX RECRUITMENT MEDIATED BY RIP1%REACTOME DATABASE ID RELEASE 93%937041		18	0.6285028	1.5777491	0.02977233	0.072411925	1.0	1423	tags=33%, list=12%, signal=38%	
REGULATION OF LIPID BIOSYNTHETIC PROCESS%GOBP%GO:0046890	REGULATION OF LIPID BIOSYNTHETIC PROCESS%GOBP%GO:0046890		103	0.45596853	1.5774015	0.0028510336	0.072564684	1.0	1219	tags=20%, list=10%, signal=22%	
SIGNAL TRANSDUCTION BY L1%REACTOME%R-HSA-445144.3	SIGNAL TRANSDUCTION BY L1%REACTOME%R-HSA-445144.3		17	0.638009	1.5765381	0.02347826	0.07301933	1.0	1692	tags=47%, list=14%, signal=55%	
CITRIC ACID CYCLE (TCA CYCLE)%REACTOME DATABASE ID RELEASE 93%71403	CITRIC ACID CYCLE (TCA CYCLE)%REACTOME DATABASE ID RELEASE 93%71403		28	0.56559074	1.5765028	0.023026315	0.0729575	1.0	2124	tags=46%, list=18%, signal=56%	
ERBB4 SIGNALING EVENTS%PATHWAY INTERACTION DATABASE NCI-NATURE CURATED DATA%ERBB4 SIGNALING EVENTS	ERBB4 SIGNALING EVENTS%PATHWAY INTERACTION DATABASE NCI-NATURE CURATED DATA%ERBB4 SIGNALING EVENTS		28	0.5695942	1.576456	0.021922428	0.072906084	1.0	987	tags=25%, list=8%, signal=27%	
POSITIVE REGULATION OF MAP KINASE ACTIVITY%GOBP%GO:0043406	POSITIVE REGULATION OF MAP KINASE ACTIVITY%GOBP%GO:0043406		22	0.5982159	1.5755525	0.028301887	0.07338893	1.0	793	tags=27%, list=7%, signal=29%	
INTERLEUKIN SIGNALING PATHWAY%PANTHER PATHWAY%P00036	INTERLEUKIN SIGNALING PATHWAY%PANTHER PATHWAY%P00036		63	0.48758933	1.575233	0.013302035	0.073503286	1.0	1502	tags=32%, list=12%, signal=36%	
NEGATIVE REGULATION OF CELL DEVELOPMENT%GOBP%GO:0010721	NEGATIVE REGULATION OF CELL DEVELOPMENT%GOBP%GO:0010721		91	0.4583305	1.5751749	0.0050614607	0.0734596	1.0	750	tags=15%, list=6%, signal=16%	
POSITIVE REGULATION OF NUCLEAR DIVISION%GOBP%GO:0051785	POSITIVE REGULATION OF NUCLEAR DIVISION%GOBP%GO:0051785		32	0.55318856	1.5747032	0.01575456	0.073657654	1.0	533	tags=19%, list=4%, signal=20%	
LEISHMANIA PHAGOCYTOSIS%REACTOME%R-HSA-9664417.2	LEISHMANIA PHAGOCYTOSIS%REACTOME%R-HSA-9664417.2		45	0.51748097	1.574269	0.011895321	0.073829204	1.0	1440	tags=33%, list=12%, signal=38%	
HYPER-IGD SYNDROME%SMPDB%SMP0000509	HYPER-IGD SYNDROME%SMPDB%SMP0000509		20	0.609697	1.5741149	0.037567083	0.07384724	1.0	716	tags=35%, list=6%, signal=37%	
CHONDRODYSPLASIA PUNCTATA II, X-LINKED DOMINANT (CDPX2)%SMPDB%SMP0000388	CHONDRODYSPLASIA PUNCTATA II, X-LINKED DOMINANT (CDPX2)%SMPDB%SMP0000388		20	0.609697	1.5735468	0.02282704	0.074139595	1.0	716	tags=35%, list=6%, signal=37%	
PAMIDRONATE ACTION PATHWAY%PATHWHIZ%PW000273	PAMIDRONATE ACTION PATHWAY%PATHWHIZ%PW000273		20	0.609697	1.5734419	0.026204566	0.07412409	1.0	716	tags=35%, list=6%, signal=37%	
NEGATIVE REGULATION OF LEUKOCYTE DIFFERENTIATION%GOBP%GO:1902106	NEGATIVE REGULATION OF LEUKOCYTE DIFFERENTIATION%GOBP%GO:1902106		42	0.52300674	1.5730406	0.021001615	0.07428704	1.0	622	tags=17%, list=5%, signal=18%	
NEGATIVE REGULATION OF NATURAL KILLER CELL MEDIATED IMMUNITY%GOBP%GO:0002716	NEGATIVE REGULATION OF NATURAL KILLER CELL MEDIATED IMMUNITY%GOBP%GO:0002716		15	0.6598384	1.5723059	0.03060306	0.074678935	1.0	2861	tags=67%, list=24%, signal=87%	
CERIVASTATIN ACTION PATHWAY%PATHWHIZ%PW000271	CERIVASTATIN ACTION PATHWAY%PATHWHIZ%PW000271		20	0.609697	1.5722557	0.031650983	0.074633144	1.0	716	tags=35%, list=6%, signal=37%	
LEUKOCYTE ACTIVATION INVOLVED IN IMMUNE RESPONSE%GOBP%GO:0002366	LEUKOCYTE ACTIVATION INVOLVED IN IMMUNE RESPONSE%GOBP%GO:0002366		67	0.48451635	1.5719202	0.004514673	0.07477644	1.0	595	tags=13%, list=5%, signal=14%	
POSITIVE REGULATION OF NON-CANONICAL NF-KAPPAB SIGNAL TRANSDUCTION%GOBP%GO:1901224	POSITIVE REGULATION OF NON-CANONICAL NF-KAPPAB SIGNAL TRANSDUCTION%GOBP%GO:1901224		32	0.5528428	1.5716547	0.025556471	0.07486178	1.0	1005	tags=28%, list=8%, signal=31%	
FLUVASTATIN ACTION PATHWAY%PATHWHIZ%PW000274	FLUVASTATIN ACTION PATHWAY%PATHWHIZ%PW000274		20	0.609697	1.5713326	0.025929127	0.07498125	1.0	716	tags=35%, list=6%, signal=37%	
NCAM SIGNALING FOR NEURITE OUT-GROWTH%REACTOME%R-HSA-375165.5	NCAM SIGNALING FOR NEURITE OUT-GROWTH%REACTOME%R-HSA-375165.5		22	0.6055941	1.5711553	0.03362832	0.075011715	1.0	2590	tags=55%, list=22%, signal=69%	
REGULATION OF MEMBRANE PROTEIN ECTODOMAIN PROTEOLYSIS%GOBP%GO:0051043	REGULATION OF MEMBRANE PROTEIN ECTODOMAIN PROTEOLYSIS%GOBP%GO:0051043		18	0.6272856	1.5708734	0.02451839	0.07512764	1.0	114	tags=17%, list=1%, signal=17%	
IL11 SIGNALING%WIKIPATHWAYS_20250810%WP2332%HOMO SAPIENS	IL11 SIGNALING%WIKIPATHWAYS_20250810%WP2332%HOMO SAPIENS		36	0.5395426	1.570837	0.016286645	0.075070925	1.0	2381	tags=47%, list=20%, signal=59%	
NEGATIVE REGULATION OF RESPONSE TO WOUNDING%GOBP%GO:1903035	NEGATIVE REGULATION OF RESPONSE TO WOUNDING%GOBP%GO:1903035		46	0.5080309	1.570792	0.012648221	0.07501822	1.0	476	tags=17%, list=4%, signal=18%	
IL3 SIGNALING%WIKIPATHWAYS_20250810%WP286%HOMO SAPIENS	IL3 SIGNALING%WIKIPATHWAYS_20250810%WP286%HOMO SAPIENS		34	0.551527	1.5707713	0.020358305	0.074952416	1.0	2398	tags=53%, list=20%, signal=66%	
NEGATIVE REGULATION OF LEUKOCYTE ACTIVATION%GOBP%GO:0002695	NEGATIVE REGULATION OF LEUKOCYTE ACTIVATION%GOBP%GO:0002695		70	0.48186648	1.5705432	0.0036927622	0.07503202	1.0	854	tags=21%, list=7%, signal=23%	
REGULATION OF PLATELET ACTIVATION%GOBP%GO:0010543	REGULATION OF PLATELET ACTIVATION%GOBP%GO:0010543		29	0.5669153	1.5702533	0.024247492	0.07515166	1.0	285	tags=17%, list=2%, signal=18%	
POSITIVE REGULATION OF GLIOGENESIS%GOBP%GO:0014015	POSITIVE REGULATION OF GLIOGENESIS%GOBP%GO:0014015		17	0.63391554	1.5698013	0.028571429	0.075359076	1.0	118	tags=24%, list=1%, signal=24%	
ZOLEDRONATE ACTION PATHWAY%PATHWHIZ%PW000270	ZOLEDRONATE ACTION PATHWAY%PATHWHIZ%PW000270		20	0.609697	1.5693147	0.023116438	0.07560161	1.0	716	tags=35%, list=6%, signal=37%	
RESPONSE TO ARSENIC-CONTAINING SUBSTANCE%GOBP%GO:0046685	RESPONSE TO ARSENIC-CONTAINING SUBSTANCE%GOBP%GO:0046685		17	0.63097644	1.5692014	0.027826088	0.07559846	1.0	986	tags=29%, list=8%, signal=32%	
ARF1 PATHWAY%PATHWAY INTERACTION DATABASE NCI-NATURE CURATED DATA%ARF1 PATHWAY	ARF1 PATHWAY%PATHWAY INTERACTION DATABASE NCI-NATURE CURATED DATA%ARF1 PATHWAY		18	0.62857527	1.5689975	0.020851433	0.07564832	1.0	2353	tags=56%, list=20%, signal=69%	
LYSOSOMAL ACID LIPASE DEFICIENCY (WOLMAN DISEASE)%PATHWHIZ%PW000099	LYSOSOMAL ACID LIPASE DEFICIENCY (WOLMAN DISEASE)%PATHWHIZ%PW000099		20	0.609697	1.5682336	0.025711661	0.0760632	1.0	716	tags=35%, list=6%, signal=37%	
PKR-MEDIATED SIGNALING%REACTOME DATABASE ID RELEASE 93%9833482	PKR-MEDIATED SIGNALING%REACTOME DATABASE ID RELEASE 93%9833482		48	0.5074738	1.5678369	0.01665345	0.07623682	1.0	1541	tags=27%, list=13%, signal=31%	
MITOCHONDRIAL RIBOSOME ASSEMBLY%GOBP%GO:0061668	MITOCHONDRIAL RIBOSOME ASSEMBLY%GOBP%GO:0061668		20	0.61653703	1.5673919	0.03602812	0.0764341	1.0	1616	tags=30%, list=13%, signal=35%	
LOVASTATIN ACTION PATHWAY%SMPDB%SMP0000099	LOVASTATIN ACTION PATHWAY%SMPDB%SMP0000099		20	0.609697	1.567379	0.023519164	0.07635815	1.0	716	tags=35%, list=6%, signal=37%	
AEROBIC RESPIRATION%GOBP%GO:0009060	AEROBIC RESPIRATION%GOBP%GO:0009060		122	0.4443523	1.5663458	0.0013577732	0.07697543	1.0	2230	tags=34%, list=19%, signal=41%	
MET ACTIVATES PTK2 SIGNALING%REACTOME DATABASE ID RELEASE 93%8874081	MET ACTIVATES PTK2 SIGNALING%REACTOME DATABASE ID RELEASE 93%8874081		16	0.6446213	1.5660142	0.030035336	0.07710922	1.0	2072	tags=44%, list=17%, signal=53%	
EPIDERMAL GROWTH FACTOR RECEPTOR SIGNALING PATHWAY%GOBP%GO:0007173	EPIDERMAL GROWTH FACTOR RECEPTOR SIGNALING PATHWAY%GOBP%GO:0007173		43	0.5185612	1.5653105	0.016733067	0.077480264	1.0	2287	tags=40%, list=19%, signal=49%	
POSITIVE REGULATION OF ERK1 AND ERK2 CASCADE%GOBP%GO:0070374	POSITIVE REGULATION OF ERK1 AND ERK2 CASCADE%GOBP%GO:0070374		76	0.47326347	1.5652649	0.010241404	0.077420264	1.0	1041	tags=25%, list=9%, signal=27%	
ANTIGEN PROCESSING AND PRESENTATION VIA MHC CLASS IB%GOBP%GO:0002475	ANTIGEN PROCESSING AND PRESENTATION VIA MHC CLASS IB%GOBP%GO:0002475		16	0.6410472	1.564862	0.031111112	0.07762052	1.0	3359	tags=56%, list=28%, signal=78%	
REGULATION OF ENDOTHELIAL CELL APOPTOTIC PROCESS%GOBP%GO:2000351	REGULATION OF ENDOTHELIAL CELL APOPTOTIC PROCESS%GOBP%GO:2000351		26	0.57823163	1.5644857	0.02705061	0.077783324	1.0	689	tags=27%, list=6%, signal=28%	
THE ONCOGENIC ACTION OF D-2-HYDROXYGLUTARATE IN HYDROXYGLUTARIC ACIDURIA%SMPDB%SMP0002359	THE ONCOGENIC ACTION OF D-2-HYDROXYGLUTARATE IN HYDROXYGLUTARIC ACIDURIA%SMPDB%SMP0002359		27	0.56827676	1.5644523	0.022146508	0.07771699	1.0	2300	tags=44%, list=19%, signal=55%	
MAP2K AND MAPK ACTIVATION%REACTOME DATABASE ID RELEASE 93%5674135	MAP2K AND MAPK ACTIVATION%REACTOME DATABASE ID RELEASE 93%5674135		30	0.55188894	1.5641131	0.025041737	0.07784462	1.0	1326	tags=33%, list=11%, signal=37%	
T CELL RECEPTOR SIGNALING PATHWAY%SMPDB%SMP0066977	T CELL RECEPTOR SIGNALING PATHWAY%SMPDB%SMP0066977		34	0.5355177	1.5640618	0.021328958	0.07779441	1.0	2481	tags=50%, list=21%, signal=63%	
BIOCARTA_TOLL_PATHWAY%MSIGDB_C2%BIOCARTA_TOLL_PATHWAY	BIOCARTA_TOLL_PATHWAY%MSIGDB_C2%BIOCARTA_TOLL_PATHWAY		19	0.6147914	1.5635056	0.033744857	0.078063756	1.0	2398	tags=53%, list=20%, signal=66%	
SIMVASTATIN ACTION PATHWAY%PATHWHIZ%PW000127	SIMVASTATIN ACTION PATHWAY%PATHWHIZ%PW000127		20	0.609697	1.5633249	0.030612245	0.078097895	1.0	716	tags=35%, list=6%, signal=37%	
PRAVASTATIN ACTION PATHWAY%SMPDB%SMP0000089	PRAVASTATIN ACTION PATHWAY%SMPDB%SMP0000089		20	0.609697	1.5621768	0.027187765	0.078791335	1.0	716	tags=35%, list=6%, signal=37%	
ALENDRONATE ACTION PATHWAY%PATHWHIZ%PW000137	ALENDRONATE ACTION PATHWAY%PATHWHIZ%PW000137		20	0.609697	1.5619693	0.02698145	0.07884419	1.0	716	tags=35%, list=6%, signal=37%	
SMITH-LEMLI-OPITZ SYNDROME (SLOS)%PATHWHIZ%PW000095	SMITH-LEMLI-OPITZ SYNDROME (SLOS)%PATHWHIZ%PW000095		20	0.609697	1.5613322	0.027074236	0.07918828	1.0	716	tags=35%, list=6%, signal=37%	
BIOCARTA_P38MAPK_PATHWAY%MSIGDB_C2%BIOCARTA_P38MAPK_PATHWAY	BIOCARTA_P38MAPK_PATHWAY%MSIGDB_C2%BIOCARTA_P38MAPK_PATHWAY		26	0.56499696	1.5607746	0.03062914	0.07948165	1.0	2333	tags=38%, list=19%, signal=48%	
REGULATION OF SYSTEMIC ARTERIAL BLOOD PRESSURE%GOBP%GO:0003073	REGULATION OF SYSTEMIC ARTERIAL BLOOD PRESSURE%GOBP%GO:0003073		24	0.5848991	1.5603601	0.030434782	0.07970009	1.0	1961	tags=42%, list=16%, signal=50%	
IL4-MEDIATED SIGNALING EVENTS%PATHWAY INTERACTION DATABASE NCI-NATURE CURATED DATA%IL4-MEDIATED SIGNALING EVENTS	IL4-MEDIATED SIGNALING EVENTS%PATHWAY INTERACTION DATABASE NCI-NATURE CURATED DATA%IL4-MEDIATED SIGNALING EVENTS		39	0.5320796	1.5603411	0.020967742	0.07962692	1.0	1733	tags=33%, list=14%, signal=39%	
REGULATION OF EXTRINSIC APOPTOTIC SIGNALING PATHWAY VIA DEATH DOMAIN RECEPTORS%GOBP%GO:1902041	REGULATION OF EXTRINSIC APOPTOTIC SIGNALING PATHWAY VIA DEATH DOMAIN RECEPTORS%GOBP%GO:1902041		28	0.5683923	1.5601013	0.024126455	0.07971321	1.0	689	tags=18%, list=6%, signal=19%	
PYROPTOSIS%REACTOME%R-HSA-5620971.5	PYROPTOSIS%REACTOME%R-HSA-5620971.5		23	0.5883562	1.5599076	0.027003484	0.079755224	1.0	1611	tags=26%, list=13%, signal=30%	
ISOPRENOID METABOLIC PROCESS%GOBP%GO:0006720	ISOPRENOID METABOLIC PROCESS%GOBP%GO:0006720		53	0.4989704	1.559723	0.010861132	0.07980914	1.0	1992	tags=36%, list=17%, signal=43%	
AXON GUIDANCE%WIKIPATHWAYS_20250810%WP5289%HOMO SAPIENS	AXON GUIDANCE%WIKIPATHWAYS_20250810%WP5289%HOMO SAPIENS		45	0.515616	1.5594288	0.015625	0.07991921	1.0	1738	tags=33%, list=14%, signal=39%	
HUNTINGTON DISEASE%PANTHER PATHWAY%P00029	HUNTINGTON DISEASE%PANTHER PATHWAY%P00029		70	0.47353876	1.558524	0.010550113	0.08047341	1.0	2051	tags=33%, list=17%, signal=39%	
ANATOMICAL STRUCTURE MATURATION%GOBP%GO:0071695	ANATOMICAL STRUCTURE MATURATION%GOBP%GO:0071695		61	0.48581627	1.5583396	0.013066872	0.080491796	1.0	1406	tags=23%, list=12%, signal=26%	
PROGRAMMED CELL DEATH%REACTOME%R-HSA-5357801.4	PROGRAMMED CELL DEATH%REACTOME%R-HSA-5357801.4		169	0.4165439	1.5583284	0.0	0.08041655	1.0	2149	tags=30%, list=18%, signal=36%	
OREXIN RECEPTOR PATHWAY%WIKIPATHWAYS_20250810%WP5094%HOMO SAPIENS	OREXIN RECEPTOR PATHWAY%WIKIPATHWAYS_20250810%WP5094%HOMO SAPIENS		51	0.50524276	1.5581514	0.009309542	0.08046212	1.0	937	tags=18%, list=8%, signal=19%	
REGULATION OF MORPHOGENESIS OF AN EPITHELIUM%GOBP%GO:1905330	REGULATION OF MORPHOGENESIS OF AN EPITHELIUM%GOBP%GO:1905330		28	0.56179434	1.5580264	0.020636285	0.08045696	1.0	1091	tags=25%, list=9%, signal=27%	
SENESCENCE ASSOCIATED SECRETORY PHENOTYPE SASP %WIKIPATHWAYS_20250810%WP3391%HOMO SAPIENS	SENESCENCE ASSOCIATED SECRETORY PHENOTYPE SASP %WIKIPATHWAYS_20250810%WP3391%HOMO SAPIENS		45	0.5137991	1.5578055	0.012987013	0.08053151	1.0	2518	tags=40%, list=21%, signal=50%	
REGULATION OF FATTY ACID BIOSYNTHETIC PROCESS%GOBP%GO:0042304	REGULATION OF FATTY ACID BIOSYNTHETIC PROCESS%GOBP%GO:0042304		32	0.55141586	1.5570941	0.020151133	0.08092398	1.0	1178	tags=28%, list=10%, signal=31%	
ATORVASTATIN ACTION PATHWAY%SMPDB%SMP0000131	ATORVASTATIN ACTION PATHWAY%SMPDB%SMP0000131		20	0.609697	1.5570463	0.023539668	0.08086548	1.0	716	tags=35%, list=6%, signal=37%	
CHOLESTERYL ESTER STORAGE DISEASE%SMPDB%SMP0000508	CHOLESTERYL ESTER STORAGE DISEASE%SMPDB%SMP0000508		20	0.609697	1.5570433	0.036713287	0.080782495	1.0	716	tags=35%, list=6%, signal=37%	
MEVALONIC ACIDURIA%SMPDB%SMP0000510	MEVALONIC ACIDURIA%SMPDB%SMP0000510		20	0.609697	1.5570196	0.034632035	0.08071342	1.0	716	tags=35%, list=6%, signal=37%	
PLATELET AGGREGATION (PLUG FORMATION)%REACTOME%R-HSA-76009.4	PLATELET AGGREGATION (PLUG FORMATION)%REACTOME%R-HSA-76009.4		19	0.6203162	1.5569304	0.027312776	0.080703296	1.0	2342	tags=47%, list=19%, signal=59%	
REGULATION OF RECEPTOR SIGNALING PATHWAY VIA STAT%GOBP%GO:1904892	REGULATION OF RECEPTOR SIGNALING PATHWAY VIA STAT%GOBP%GO:1904892		45	0.51837134	1.5568403	0.011191047	0.08067824	1.0	315	tags=13%, list=3%, signal=14%	
OXYGEN-DEPENDENT PROLINE HYDROXYLATION OF HYPOXIA-INDUCIBLE FACTOR ALPHA%REACTOME DATABASE ID RELEASE 93%1234176	OXYGEN-DEPENDENT PROLINE HYDROXYLATION OF HYPOXIA-INDUCIBLE FACTOR ALPHA%REACTOME DATABASE ID RELEASE 93%1234176		48	0.50485086	1.5566143	0.013375295	0.0807435	1.0	2272	tags=42%, list=19%, signal=51%	
HEDGEHOG 'ON' STATE%REACTOME%R-HSA-5632684.2	HEDGEHOG 'ON' STATE%REACTOME%R-HSA-5632684.2		64	0.48085263	1.5562431	0.0116459625	0.08091375	1.0	2272	tags=41%, list=19%, signal=50%	
REGULATION OF TRIGLYCERIDE BIOSYNTHETIC PROCESS%GOBP%GO:0010866	REGULATION OF TRIGLYCERIDE BIOSYNTHETIC PROCESS%GOBP%GO:0010866		15	0.6498506	1.5561001	0.04390681	0.08091907	1.0	241	tags=20%, list=2%, signal=20%	
IL18 SIGNALING%WIKIPATHWAYS_20250810%WP4754%HOMO SAPIENS	IL18 SIGNALING%WIKIPATHWAYS_20250810%WP4754%HOMO SAPIENS		37	0.52944916	1.556094	0.027687296	0.08084143	1.0	965	tags=22%, list=8%, signal=23%	
POSITIVE REGULATION OF T CELL MEDIATED CYTOTOXICITY%GOBP%GO:0001916	POSITIVE REGULATION OF T CELL MEDIATED CYTOTOXICITY%GOBP%GO:0001916		20	0.6078054	1.5560204	0.03510274	0.0808115	1.0	3359	tags=55%, list=28%, signal=76%	
POSITIVE REGULATION OF CATALYTIC ACTIVITY%GOBP%GO:0043085	POSITIVE REGULATION OF CATALYTIC ACTIVITY%GOBP%GO:0043085		197	0.41251025	1.5557353	0.0059484467	0.08090709	1.0	1004	tags=17%, list=8%, signal=19%	
REGULATION OF MRNA STABILITY BY PROTEINS THAT BIND AU-RICH ELEMENTS%REACTOME%R-HSA-450531.6	REGULATION OF MRNA STABILITY BY PROTEINS THAT BIND AU-RICH ELEMENTS%REACTOME%R-HSA-450531.6		72	0.4743512	1.5553901	0.011949216	0.0810668	1.0	2719	tags=43%, list=23%, signal=55%	
T CELL ACTIVATION INVOLVED IN IMMUNE RESPONSE%GOBP%GO:0002286	T CELL ACTIVATION INVOLVED IN IMMUNE RESPONSE%GOBP%GO:0002286		29	0.5606876	1.5553439	0.023569023	0.08101598	1.0	392	tags=14%, list=3%, signal=14%	
PID_ARF6_PATHWAY%MSIGDB_C2%PID_ARF6_PATHWAY	PID_ARF6_PATHWAY%MSIGDB_C2%PID_ARF6_PATHWAY		20	0.6018117	1.5550951	0.030198447	0.08110542	1.0	690	tags=30%, list=6%, signal=32%	
IMMUNE RESPONSE-REGULATING CELL SURFACE RECEPTOR SIGNALING PATHWAY%GOBP%GO:0002768	IMMUNE RESPONSE-REGULATING CELL SURFACE RECEPTOR SIGNALING PATHWAY%GOBP%GO:0002768		124	0.43398544	1.5550015	0.004178273	0.08108559	1.0	2381	tags=31%, list=20%, signal=39%	
IBANDRONATE ACTION PATHWAY%SMPDB%SMP0000079	IBANDRONATE ACTION PATHWAY%SMPDB%SMP0000079		20	0.609697	1.5548608	0.023809524	0.08109821	1.0	716	tags=35%, list=6%, signal=37%	
REGULATION OF EPIDERMAL CELL DIFFERENTIATION%GOBP%GO:0045604	REGULATION OF EPIDERMAL CELL DIFFERENTIATION%GOBP%GO:0045604		30	0.5506863	1.5548257	0.023509655	0.0810441	1.0	560	tags=23%, list=5%, signal=24%	
IL5 SIGNALING%WIKIPATHWAYS_20250810%WP127%HOMO SAPIENS	IL5 SIGNALING%WIKIPATHWAYS_20250810%WP127%HOMO SAPIENS		26	0.5731032	1.5542053	0.026563838	0.08141231	1.0	1612	tags=42%, list=13%, signal=49%	
HALLMARK_CHOLESTEROL_HOMEOSTASIS%MSIGDBHALLMARK%HALLMARK_CHOLESTEROL_HOMEOSTASIS	HALLMARK_CHOLESTEROL_HOMEOSTASIS%MSIGDBHALLMARK%HALLMARK_CHOLESTEROL_HOMEOSTASIS		55	0.49260724	1.5538944	0.013964313	0.08155096	1.0	2262	tags=45%, list=19%, signal=56%	
CHILD SYNDROME%PATHWHIZ%PW000096	CHILD SYNDROME%PATHWHIZ%PW000096		20	0.609697	1.5535728	0.02680067	0.081675574	1.0	716	tags=35%, list=6%, signal=37%	
NEGATIVE REGULATION OF ALPHA-BETA T CELL ACTIVATION%GOBP%GO:0046636	NEGATIVE REGULATION OF ALPHA-BETA T CELL ACTIVATION%GOBP%GO:0046636		23	0.5858024	1.553025	0.033942558	0.081947565	1.0	302	tags=17%, list=3%, signal=18%	
WOLMAN DISEASE%PATHWHIZ%PW000487	WOLMAN DISEASE%PATHWHIZ%PW000487		20	0.609697	1.5519825	0.036973346	0.08256266	1.0	716	tags=35%, list=6%, signal=37%	
2Q37 COPY NUMBER VARIATION SYNDROME%WIKIPATHWAYS_20250810%WP5224%HOMO SAPIENS	2Q37 COPY NUMBER VARIATION SYNDROME%WIKIPATHWAYS_20250810%WP5224%HOMO SAPIENS		62	0.48139864	1.5519015	0.014785992	0.08252963	1.0	1287	tags=21%, list=11%, signal=23%	
KERATAN SULFATE BIOSYNTHESIS%REACTOME DATABASE ID RELEASE 93%2022854	KERATAN SULFATE BIOSYNTHESIS%REACTOME DATABASE ID RELEASE 93%2022854		20	0.60722554	1.5518564	0.03084833	0.08247905	1.0	2564	tags=50%, list=21%, signal=63%	
HAIR CYCLE%GOBP%GO:0042633	HAIR CYCLE%GOBP%GO:0042633		16	0.63069004	1.5517468	0.031746034	0.08246432	1.0	1145	tags=31%, list=10%, signal=34%	
P38 MAPK SIGNALING%WIKIPATHWAYS_20250810%WP400%HOMO SAPIENS	P38 MAPK SIGNALING%WIKIPATHWAYS_20250810%WP400%HOMO SAPIENS		25	0.5670253	1.5515612	0.033444814	0.08250224	1.0	2333	tags=40%, list=19%, signal=50%	
PROTEIN HOMOTETRAMERIZATION%GOBP%GO:0051289	PROTEIN HOMOTETRAMERIZATION%GOBP%GO:0051289		40	0.53348315	1.5513928	0.026101142	0.082515664	1.0	1661	tags=35%, list=14%, signal=40%	
FCGR3A-MEDIATED PHAGOCYTOSIS%REACTOME%R-HSA-9664422.2	FCGR3A-MEDIATED PHAGOCYTOSIS%REACTOME%R-HSA-9664422.2		45	0.51748097	1.5512621	0.018638574	0.08253012	1.0	1440	tags=33%, list=12%, signal=38%	
RESPONSE TO WOUNDING%GOBP%GO:0009611	RESPONSE TO WOUNDING%GOBP%GO:0009611		196	0.41076687	1.5510639	0.0013037809	0.08256051	1.0	1440	tags=21%, list=12%, signal=24%	
CELL KILLING%GOBP%GO:0001906	CELL KILLING%GOBP%GO:0001906		44	0.51276815	1.5497462	0.01686747	0.08339849	1.0	1475	tags=32%, list=12%, signal=36%	
PID_EPO_PATHWAY%MSIGDB_C2%PID_EPO_PATHWAY	PID_EPO_PATHWAY%MSIGDB_C2%PID_EPO_PATHWAY		26	0.5726306	1.54963	0.03195963	0.08338237	1.0	1253	tags=23%, list=10%, signal=26%	
SMAD2 SMAD3:SMAD4 HETEROTRIMER REGULATES TRANSCRIPTION%REACTOME%R-HSA-2173796.6	SMAD2 SMAD3:SMAD4 HETEROTRIMER REGULATES TRANSCRIPTION%REACTOME%R-HSA-2173796.6		36	0.5304058	1.549224	0.026380874	0.083590046	1.0	1597	tags=31%, list=13%, signal=35%	
PROTEIN TETRAMERIZATION%GOBP%GO:0051262	PROTEIN TETRAMERIZATION%GOBP%GO:0051262		56	0.49006546	1.5490524	0.012307692	0.08361918	1.0	1661	tags=27%, list=14%, signal=31%	
DESMOSTEROLOSIS%PATHWHIZ%PW000097	DESMOSTEROLOSIS%PATHWHIZ%PW000097		20	0.609697	1.5486479	0.035745423	0.08382134	1.0	716	tags=35%, list=6%, signal=37%	
THE ONCOGENIC ACTION OF L-2-HYDROXYGLUTARATE IN HYDROXYGLUTARIC ACIDURIA%PATHWHIZ%PW002451	THE ONCOGENIC ACTION OF L-2-HYDROXYGLUTARATE IN HYDROXYGLUTARIC ACIDURIA%PATHWHIZ%PW002451		26	0.5684307	1.5479426	0.025416302	0.08424604	1.0	2300	tags=46%, list=19%, signal=57%	
REGULATION OF CELL SHAPE%GOBP%GO:0008360	REGULATION OF CELL SHAPE%GOBP%GO:0008360		71	0.47247192	1.5478857	0.008190618	0.084204204	1.0	2287	tags=38%, list=19%, signal=47%	
THE ONCOGENIC ACTION OF 2-HYDROXYGLUTARATE%SMPDB%SMP0002291	THE ONCOGENIC ACTION OF 2-HYDROXYGLUTARATE%SMPDB%SMP0002291		24	0.57524556	1.5478103	0.033840947	0.084171064	1.0	2124	tags=46%, list=18%, signal=56%	
ADHERENS JUNCTIONS INTERACTIONS%REACTOME DATABASE ID RELEASE 93%418990	ADHERENS JUNCTIONS INTERACTIONS%REACTOME DATABASE ID RELEASE 93%418990		141	0.42878678	1.5475979	0.00473613	0.084236994	1.0	2569	tags=35%, list=21%, signal=45%	
MITOCHONDRIAL TRANSLATION INITIATION%REACTOME DATABASE ID RELEASE 93%5368286	MITOCHONDRIAL TRANSLATION INITIATION%REACTOME DATABASE ID RELEASE 93%5368286		84	0.45658588	1.5473871	0.009615385	0.084298745	1.0	3491	tags=49%, list=29%, signal=68%	
POSITIVE REGULATION OF NEUTROPHIL MIGRATION%GOBP%GO:1902624	POSITIVE REGULATION OF NEUTROPHIL MIGRATION%GOBP%GO:1902624		16	0.6232445	1.5472356	0.053393666	0.08432734	1.0	1507	tags=38%, list=13%, signal=43%	
MOLTING CYCLE%GOBP%GO:0042303	MOLTING CYCLE%GOBP%GO:0042303		16	0.63069004	1.5471306	0.042495478	0.084319055	1.0	1145	tags=31%, list=10%, signal=34%	
NEGATIVE REGULATION OF HEMOPOIESIS%GOBP%GO:1903707	NEGATIVE REGULATION OF HEMOPOIESIS%GOBP%GO:1903707		43	0.5069251	1.5461835	0.021909233	0.084891394	1.0	622	tags=16%, list=5%, signal=17%	
REGULATION OF EPIDERMIS DEVELOPMENT%GOBP%GO:0045682	REGULATION OF EPIDERMIS DEVELOPMENT%GOBP%GO:0045682		32	0.54715973	1.5459495	0.026533997	0.08496904	1.0	560	tags=22%, list=5%, signal=23%	
POSITIVE REGULATION OF PROTEIN-CONTAINING COMPLEX ASSEMBLY%GOBP%GO:0031334	POSITIVE REGULATION OF PROTEIN-CONTAINING COMPLEX ASSEMBLY%GOBP%GO:0031334		128	0.43650383	1.5457616	0.0069060773	0.08502238	1.0	2487	tags=31%, list=21%, signal=39%	
APOPTOTIC MITOCHONDRIAL CHANGES%GOBP%GO:0008637	APOPTOTIC MITOCHONDRIAL CHANGES%GOBP%GO:0008637		37	0.52504355	1.5456865	0.021243116	0.08498713	1.0	316	tags=14%, list=3%, signal=14%	
POSITIVE REGULATION OF P38MAPK CASCADE%GOBP%GO:1900745	POSITIVE REGULATION OF P38MAPK CASCADE%GOBP%GO:1900745		19	0.61178374	1.5450994	0.036649216	0.08529866	1.0	491	tags=21%, list=4%, signal=22%	
BIOCARTA_IL6_PATHWAY%MSIGDB_C2%BIOCARTA_IL6_PATHWAY	BIOCARTA_IL6_PATHWAY%MSIGDB_C2%BIOCARTA_IL6_PATHWAY		18	0.6159303	1.5443013	0.035559412	0.08578934	1.0	2398	tags=67%, list=20%, signal=83%	
REGULATION OF REACTIVE OXYGEN SPECIES METABOLIC PROCESS%GOBP%GO:2000377	REGULATION OF REACTIVE OXYGEN SPECIES METABOLIC PROCESS%GOBP%GO:2000377		74	0.46830449	1.5435301	0.0074850298	0.08626135	1.0	1876	tags=26%, list=16%, signal=30%	
HALLMARK_APICAL_SURFACE%MSIGDBHALLMARK%HALLMARK_APICAL_SURFACE	HALLMARK_APICAL_SURFACE%MSIGDBHALLMARK%HALLMARK_APICAL_SURFACE		29	0.5530164	1.5433662	0.027615063	0.08629581	1.0	966	tags=24%, list=8%, signal=26%	
REGULATION OF PROTEIN EXPORT FROM NUCLEUS%GOBP%GO:0046825	REGULATION OF PROTEIN EXPORT FROM NUCLEUS%GOBP%GO:0046825		24	0.5845034	1.5433245	0.032635983	0.086242236	1.0	587	tags=21%, list=5%, signal=22%	
REGULATION OF LEUKOCYTE ADHESION TO VASCULAR ENDOTHELIAL CELL%GOBP%GO:1904994	REGULATION OF LEUKOCYTE ADHESION TO VASCULAR ENDOTHELIAL CELL%GOBP%GO:1904994		18	0.6171314	1.5420765	0.033304118	0.08703924	1.0	1009	tags=33%, list=8%, signal=36%	
IMMUNOGLOBULIN MEDIATED IMMUNE RESPONSE%GOBP%GO:0016064	IMMUNOGLOBULIN MEDIATED IMMUNE RESPONSE%GOBP%GO:0016064		17	0.6249729	1.541819	0.035587188	0.08713621	1.0	1546	tags=35%, list=13%, signal=40%	
B CELL MEDIATED IMMUNITY%GOBP%GO:0019724	B CELL MEDIATED IMMUNITY%GOBP%GO:0019724		18	0.61412364	1.5417928	0.032618027	0.08706825	1.0	1546	tags=33%, list=13%, signal=38%	
CELLULAR RESPONSE TO CHEMOKINE%GOBP%GO:1990869	CELLULAR RESPONSE TO CHEMOKINE%GOBP%GO:1990869		28	0.55364186	1.5414941	0.027918782	0.08720133	1.0	935	tags=21%, list=8%, signal=23%	
BCR SIGNALING PATHWAY%PATHWAY INTERACTION DATABASE NCI-NATURE CURATED DATA%BCR SIGNALING PATHWAY	BCR SIGNALING PATHWAY%PATHWAY INTERACTION DATABASE NCI-NATURE CURATED DATA%BCR SIGNALING PATHWAY		57	0.48483342	1.5411984	0.012279355	0.08731541	1.0	2481	tags=40%, list=21%, signal=51%	
MATURATION OF NUCLEOPROTEIN%REACTOME%R-HSA-9694631.7	MATURATION OF NUCLEOPROTEIN%REACTOME%R-HSA-9694631.7		15	0.6314378	1.5411148	0.04565801	0.087280996	1.0	1295	tags=27%, list=11%, signal=30%	
UB-SPECIFIC PROCESSING PROTEASES%REACTOME DATABASE ID RELEASE 93%5689880	UB-SPECIFIC PROCESSING PROTEASES%REACTOME DATABASE ID RELEASE 93%5689880		139	0.4279886	1.5405768	0.0047201617	0.08758431	1.0	2272	tags=31%, list=19%, signal=38%	
APC C:CDC20 MEDIATED DEGRADATION OF SECURIN%REACTOME DATABASE ID RELEASE 93%174154	APC C:CDC20 MEDIATED DEGRADATION OF SECURIN%REACTOME DATABASE ID RELEASE 93%174154		54	0.48902813	1.540222	0.021604938	0.08773926	1.0	2272	tags=39%, list=19%, signal=48%	
MITOCHONDRIAL TRANSLATION%GOBP%GO:0032543	MITOCHONDRIAL TRANSLATION%GOBP%GO:0032543		102	0.43971923	1.5396208	0.005738881	0.08806227	1.0	2521	tags=32%, list=21%, signal=41%	
CELL ADHESION MEDIATED BY INTEGRIN%GOBP%GO:0033627	CELL ADHESION MEDIATED BY INTEGRIN%GOBP%GO:0033627		21	0.59805787	1.5395135	0.032121725	0.08804255	1.0	98	tags=14%, list=1%, signal=14%	
STEROID BIOSYNTHESIS%PATHWHIZ%PW000050	STEROID BIOSYNTHESIS%PATHWHIZ%PW000050		20	0.609697	1.539432	0.037300177	0.08801497	1.0	716	tags=35%, list=6%, signal=37%	
CALCIUM SIGNALING IN THE CD4+ TCR PATHWAY%PATHWAY INTERACTION DATABASE NCI-NATURE CURATED DATA%CALCIUM SIGNALING IN THE CD4+ TCR PATHWAY	CALCIUM SIGNALING IN THE CD4+ TCR PATHWAY%PATHWAY INTERACTION DATABASE NCI-NATURE CURATED DATA%CALCIUM SIGNALING IN THE CD4+ TCR PATHWAY		16	0.62544507	1.5393665	0.053649954	0.08797393	1.0	199	tags=19%, list=2%, signal=19%	
NAD+ METABOLIC PROCESS%GOBP%GO:0019674	NAD+ METABOLIC PROCESS%GOBP%GO:0019674		23	0.5753945	1.5390555	0.041038524	0.08811628	1.0	1752	tags=43%, list=15%, signal=51%	
MYELOID CELL ACTIVATION INVOLVED IN IMMUNE RESPONSE%GOBP%GO:0002275	MYELOID CELL ACTIVATION INVOLVED IN IMMUNE RESPONSE%GOBP%GO:0002275		19	0.60362816	1.5389255	0.035375323	0.08813386	1.0	595	tags=21%, list=5%, signal=22%	
REGULATION OF EXECUTION PHASE OF APOPTOSIS%GOBP%GO:1900117	REGULATION OF EXECUTION PHASE OF APOPTOSIS%GOBP%GO:1900117		16	0.6212368	1.538872	0.04177323	0.088087104	1.0	1287	tags=25%, list=11%, signal=28%	
UNFOLDED PROTEIN RESPONSE%WIKIPATHWAYS_20250810%WP4925%HOMO SAPIENS	UNFOLDED PROTEIN RESPONSE%WIKIPATHWAYS_20250810%WP4925%HOMO SAPIENS		17	0.62506837	1.5382277	0.0389948	0.088479295	1.0	1118	tags=41%, list=9%, signal=45%	
IL7 SIGNALING%WIKIPATHWAYS_20250810%WP205%HOMO SAPIENS	IL7 SIGNALING%WIKIPATHWAYS_20250810%WP205%HOMO SAPIENS		16	0.631281	1.5382222	0.050212767	0.08839522	1.0	937	tags=44%, list=8%, signal=47%	
POSITIVE REGULATION OF G PROTEIN-COUPLED RECEPTOR SIGNALING PATHWAY%GOBP%GO:0045745	POSITIVE REGULATION OF G PROTEIN-COUPLED RECEPTOR SIGNALING PATHWAY%GOBP%GO:0045745		17	0.6132955	1.5381498	0.038927335	0.088359565	1.0	1295	tags=24%, list=11%, signal=26%	
NGF-STIMULATED TRANSCRIPTION%REACTOME DATABASE ID RELEASE 93%9031628	NGF-STIMULATED TRANSCRIPTION%REACTOME DATABASE ID RELEASE 93%9031628		28	0.5622975	1.5379462	0.033333335	0.08843123	1.0	1946	tags=36%, list=16%, signal=43%	
POSITIVE REGULATION OF VASCULAR ASSOCIATED SMOOTH MUSCLE CELL PROLIFERATION%GOBP%GO:1904707	POSITIVE REGULATION OF VASCULAR ASSOCIATED SMOOTH MUSCLE CELL PROLIFERATION%GOBP%GO:1904707		16	0.6330024	1.5375423	0.044619422	0.088664055	1.0	684	tags=25%, list=6%, signal=26%	
EXTRACELLULAR MATRIX ORGANIZATION%REACTOME%R-HSA-1474244.5	EXTRACELLULAR MATRIX ORGANIZATION%REACTOME%R-HSA-1474244.5		184	0.412368	1.5371145	0.003282994	0.08890146	1.0	1421	tags=21%, list=12%, signal=23%	
HALLMARK_MTORC1_SIGNALING%MSIGDBHALLMARK%HALLMARK_MTORC1_SIGNALING	HALLMARK_MTORC1_SIGNALING%MSIGDBHALLMARK%HALLMARK_MTORC1_SIGNALING		138	0.42463046	1.5369865	0.00407332	0.08889631	1.0	1258	tags=23%, list=10%, signal=26%	
REGULATION OF CELL GROWTH%GOBP%GO:0001558	REGULATION OF CELL GROWTH%GOBP%GO:0001558		199	0.40914717	1.5363872	0.0012878301	0.08924577	1.0	1877	tags=24%, list=16%, signal=28%	
DOWNREGULATION OF ERBB2 SIGNALING%REACTOME%R-HSA-8863795.3	DOWNREGULATION OF ERBB2 SIGNALING%REACTOME%R-HSA-8863795.3		21	0.6006497	1.5363027	0.03583618	0.08921237	1.0	2088	tags=43%, list=17%, signal=52%	
PID_AP1_PATHWAY%MSIGDB_C2%PID_AP1_PATHWAY	PID_AP1_PATHWAY%MSIGDB_C2%PID_AP1_PATHWAY		44	0.5142382	1.5360893	0.021531101	0.08929418	1.0	479	tags=16%, list=4%, signal=17%	
POSITIVE REGULATION OF INTRINSIC APOPTOTIC SIGNALING PATHWAY%GOBP%GO:2001244	POSITIVE REGULATION OF INTRINSIC APOPTOTIC SIGNALING PATHWAY%GOBP%GO:2001244		34	0.5343447	1.5360497	0.02350081	0.08923403	1.0	1756	tags=32%, list=15%, signal=38%	
EPO SIGNALING PATHWAY%PATHWAY INTERACTION DATABASE NCI-NATURE CURATED DATA%EPO SIGNALING PATHWAY	EPO SIGNALING PATHWAY%PATHWAY INTERACTION DATABASE NCI-NATURE CURATED DATA%EPO SIGNALING PATHWAY		31	0.5436245	1.5359242	0.027709862	0.08923794	1.0	758	tags=19%, list=6%, signal=21%	
REGULATION OF CHOLESTEROL BIOSYNTHESIS BY SREBP (SREBF)%REACTOME DATABASE ID RELEASE 93%1655829	REGULATION OF CHOLESTEROL BIOSYNTHESIS BY SREBP (SREBF)%REACTOME DATABASE ID RELEASE 93%1655829		52	0.49344322	1.5350323	0.020689655	0.0897961	1.0	2371	tags=40%, list=20%, signal=50%	
POSITIVE REGULATION OF TYPE II INTERFERON PRODUCTION%GOBP%GO:0032729	POSITIVE REGULATION OF TYPE II INTERFERON PRODUCTION%GOBP%GO:0032729		29	0.54786307	1.5347809	0.031379025	0.08990151	1.0	641	tags=17%, list=5%, signal=18%	
KEAP1-NFE2L2 PATHWAY%REACTOME%R-HSA-9755511.5	KEAP1-NFE2L2 PATHWAY%REACTOME%R-HSA-9755511.5		105	0.44094026	1.5340438	0.0056657223	0.09031912	1.0	2272	tags=39%, list=19%, signal=48%	
MOLECULAR PATHWAY FOR OXIDATIVE STRESS%WIKIPATHWAYS_20250810%WP5477%HOMO SAPIENS	MOLECULAR PATHWAY FOR OXIDATIVE STRESS%WIKIPATHWAYS_20250810%WP5477%HOMO SAPIENS		37	0.5251866	1.5340292	0.014574898	0.090240546	1.0	1596	tags=27%, list=13%, signal=31%	
CLEAR CELL RENAL CELL CARCINOMA PATHWAYS%WIKIPATHWAYS_20250810%WP4018%HOMO SAPIENS	CLEAR CELL RENAL CELL CARCINOMA PATHWAYS%WIKIPATHWAYS_20250810%WP4018%HOMO SAPIENS		51	0.4985178	1.5338756	0.021143304	0.09026243	1.0	2187	tags=43%, list=18%, signal=52%	
POSITIVE REGULATION OF PHAGOCYTOSIS%GOBP%GO:0050766	POSITIVE REGULATION OF PHAGOCYTOSIS%GOBP%GO:0050766		28	0.56064653	1.5335305	0.028837997	0.09043026	1.0	1888	tags=29%, list=16%, signal=34%	
MAMMARY GLAND DEVELOPMENT PREGNANCY AND LACTATION STAGE 3 OF 4%WIKIPATHWAYS_20250810%WP2817%HOMO SAPIENS	MAMMARY GLAND DEVELOPMENT PREGNANCY AND LACTATION STAGE 3 OF 4%WIKIPATHWAYS_20250810%WP2817%HOMO SAPIENS		29	0.55256957	1.5322112	0.030303031	0.091284975	1.0	2487	tags=48%, list=21%, signal=61%	
REGULATION OF PTEN STABILITY AND ACTIVITY%REACTOME%R-HSA-8948751.3	REGULATION OF PTEN STABILITY AND ACTIVITY%REACTOME%R-HSA-8948751.3		54	0.48940656	1.5319045	0.018326694	0.091420375	1.0	2569	tags=46%, list=21%, signal=59%	
IL17 SIGNALING%WIKIPATHWAYS_20250810%WP2112%HOMO SAPIENS	IL17 SIGNALING%WIKIPATHWAYS_20250810%WP2112%HOMO SAPIENS		21	0.58646506	1.5317554	0.034569982	0.09144648	1.0	2381	tags=52%, list=20%, signal=65%	
BIOCARTA_TCR_PATHWAY%MSIGDB_C2%BIOCARTA_TCR_PATHWAY	BIOCARTA_TCR_PATHWAY%MSIGDB_C2%BIOCARTA_TCR_PATHWAY		29	0.55109656	1.5313001	0.028286189	0.0916648	1.0	2398	tags=52%, list=20%, signal=64%	
INITIATION OF TRANSCRIPTION AND TRANSLATION ELONGATION AT THE HIV 1 LTR%WIKIPATHWAYS_20250810%WP3414%HOMO SAPIENS	INITIATION OF TRANSCRIPTION AND TRANSLATION ELONGATION AT THE HIV 1 LTR%WIKIPATHWAYS_20250810%WP3414%HOMO SAPIENS		26	0.5651557	1.5310268	0.03293919	0.09178911	1.0	843	tags=23%, list=7%, signal=25%	
FEMALE GONAD DEVELOPMENT%GOBP%GO:0008585	FEMALE GONAD DEVELOPMENT%GOBP%GO:0008585		18	0.60999423	1.5307139	0.04347826	0.09195641	1.0	1658	tags=44%, list=14%, signal=51%	
BETA-UREIDOPROPIONASE DEFICIENCY%PATHWHIZ%PW000187	BETA-UREIDOPROPIONASE DEFICIENCY%PATHWHIZ%PW000187		19	0.5992189	1.5298208	0.03968254	0.09253928	1.0	1279	tags=32%, list=11%, signal=35%	
DEVELOPMENT OF PRIMARY FEMALE SEXUAL CHARACTERISTICS%GOBP%GO:0046545	DEVELOPMENT OF PRIMARY FEMALE SEXUAL CHARACTERISTICS%GOBP%GO:0046545		19	0.6058974	1.5297503	0.04599659	0.09251088	1.0	1658	tags=42%, list=14%, signal=49%	
MIR TARGETED GENES IN SQUAMOUS CELL%WIKIPATHWAYS_20250810%WP2006%HOMO SAPIENS	MIR TARGETED GENES IN SQUAMOUS CELL%WIKIPATHWAYS_20250810%WP2006%HOMO SAPIENS		98	0.44342342	1.5289143	0.005032351	0.093065515	1.0	1481	tags=23%, list=12%, signal=27%	
REGULATION OF GRANULOCYTE CHEMOTAXIS%GOBP%GO:0071622	REGULATION OF GRANULOCYTE CHEMOTAXIS%GOBP%GO:0071622		25	0.5708793	1.5280783	0.041131105	0.09366386	1.0	1507	tags=32%, list=13%, signal=37%	
TRICARBOXYLIC ACID CYCLE%GOBP%GO:0006099	TRICARBOXYLIC ACID CYCLE%GOBP%GO:0006099		23	0.577818	1.5280473	0.032118056	0.09360045	1.0	2124	tags=43%, list=18%, signal=53%	
PDGFR-BETA SIGNALING PATHWAY%PATHWAY INTERACTION DATABASE NCI-NATURE CURATED DATA%PDGFR-BETA SIGNALING PATHWAY	PDGFR-BETA SIGNALING PATHWAY%PATHWAY INTERACTION DATABASE NCI-NATURE CURATED DATA%PDGFR-BETA SIGNALING PATHWAY		113	0.43560016	1.526914	0.0042949175	0.09436778	1.0	1390	tags=23%, list=12%, signal=26%	
POSITIVE REGULATION OF DNA-BINDING TRANSCRIPTION FACTOR ACTIVITY%GOBP%GO:0051091	POSITIVE REGULATION OF DNA-BINDING TRANSCRIPTION FACTOR ACTIVITY%GOBP%GO:0051091		82	0.4559362	1.5268804	0.009558824	0.0942968	1.0	2763	tags=35%, list=23%, signal=46%	
PHOTODYNAMIC THERAPY INDUCED AP 1 SURVIVAL SIGNALING%WIKIPATHWAYS_20250810%WP3611%HOMO SAPIENS	PHOTODYNAMIC THERAPY INDUCED AP 1 SURVIVAL SIGNALING%WIKIPATHWAYS_20250810%WP3611%HOMO SAPIENS		37	0.5196513	1.5264571	0.04152824	0.094523944	1.0	793	tags=16%, list=7%, signal=17%	
REGULATION OF MYELOID LEUKOCYTE MEDIATED IMMUNITY%GOBP%GO:0002886	REGULATION OF MYELOID LEUKOCYTE MEDIATED IMMUNITY%GOBP%GO:0002886		16	0.6201375	1.5259483	0.03797468	0.09481767	1.0	908	tags=25%, list=8%, signal=27%	
POSITIVE REGULATION OF LEUKOCYTE ADHESION TO VASCULAR ENDOTHELIAL CELL%GOBP%GO:1904996	POSITIVE REGULATION OF LEUKOCYTE ADHESION TO VASCULAR ENDOTHELIAL CELL%GOBP%GO:1904996		15	0.6358449	1.5255512	0.043927647	0.09503446	1.0	249	tags=27%, list=2%, signal=27%	
UMP SYNTHASE DEFICIENCY (OROTIC ACIDURIA)%SMPDB%SMP0000219	UMP SYNTHASE DEFICIENCY (OROTIC ACIDURIA)%SMPDB%SMP0000219		19	0.5992189	1.5254548	0.046140194	0.095024675	1.0	1279	tags=32%, list=11%, signal=35%	
ARYL HYDROCARBON RECEPTOR PATHWAY%WIKIPATHWAYS_20250810%WP2873%HOMO SAPIENS	ARYL HYDROCARBON RECEPTOR PATHWAY%WIKIPATHWAYS_20250810%WP2873%HOMO SAPIENS		29	0.5465484	1.5252167	0.03241895	0.09510243	1.0	690	tags=17%, list=6%, signal=18%	
RELEASE OF CYTOCHROME C FROM MITOCHONDRIA%GOBP%GO:0001836	RELEASE OF CYTOCHROME C FROM MITOCHONDRIA%GOBP%GO:0001836		16	0.6273467	1.5243556	0.039893616	0.09568526	1.0	160	tags=19%, list=1%, signal=19%	
PYRIMIDINE METABOLISM%PATHWHIZ%PW000160	PYRIMIDINE METABOLISM%PATHWHIZ%PW000160		19	0.5992189	1.5235754	0.038808662	0.09621721	1.0	1279	tags=32%, list=11%, signal=35%	
CELL POPULATION PROLIFERATION%GOBP%GO:0008283	CELL POPULATION PROLIFERATION%GOBP%GO:0008283		166	0.41469672	1.5233883	0.0053015244	0.096262746	1.0	1801	tags=24%, list=15%, signal=28%	
FC EPSILON RECEPTOR (FCERI) SIGNALING%REACTOME%R-HSA-2454202.5	FC EPSILON RECEPTOR (FCERI) SIGNALING%REACTOME%R-HSA-2454202.5		100	0.43934613	1.522955	0.007862759	0.09650884	1.0	2398	tags=38%, list=20%, signal=47%	
SIGNALING BY EGFR%REACTOME%R-HSA-177929.6	SIGNALING BY EGFR%REACTOME%R-HSA-177929.6		47	0.4962517	1.5228332	0.021634616	0.096504696	1.0	1892	tags=32%, list=16%, signal=38%	
NEGATIVE REGULATION OF CELL ADHESION%GOBP%GO:0007162	NEGATIVE REGULATION OF CELL ADHESION%GOBP%GO:0007162		159	0.4115207	1.5212594	0.0033400133	0.09768751	1.0	985	tags=19%, list=8%, signal=21%	
LEUKOCYTE DIFFERENTIATION%GOBP%GO:0002521	LEUKOCYTE DIFFERENTIATION%GOBP%GO:0002521		158	0.41601366	1.5209653	0.0	0.09781684	1.0	1623	tags=24%, list=13%, signal=27%	
NEGATIVE REGULATION OF SECRETION%GOBP%GO:0051048	NEGATIVE REGULATION OF SECRETION%GOBP%GO:0051048		57	0.48138332	1.5205348	0.018138802	0.09807327	1.0	392	tags=12%, list=3%, signal=13%	
MONOSACCHARIDE METABOLIC PROCESS%GOBP%GO:0005996	MONOSACCHARIDE METABOLIC PROCESS%GOBP%GO:0005996		89	0.4466008	1.519928	0.0074794316	0.09845967	1.0	2268	tags=40%, list=19%, signal=49%	
TOLL-LIKE RECEPTOR PATHWAY 2%SMPDB%SMP0069593	TOLL-LIKE RECEPTOR PATHWAY 2%SMPDB%SMP0069593		26	0.5615663	1.5198637	0.031462584	0.09842399	1.0	2381	tags=35%, list=20%, signal=43%	
POSITIVE REGULATION OF ALPHA-BETA T CELL DIFFERENTIATION%GOBP%GO:0046638	POSITIVE REGULATION OF ALPHA-BETA T CELL DIFFERENTIATION%GOBP%GO:0046638		25	0.5630612	1.5194302	0.03959562	0.09865575	1.0	961	tags=28%, list=8%, signal=30%	
ARF6 SIGNALING EVENTS%PATHWAY INTERACTION DATABASE NCI-NATURE CURATED DATA%ARF6 SIGNALING EVENTS	ARF6 SIGNALING EVENTS%PATHWAY INTERACTION DATABASE NCI-NATURE CURATED DATA%ARF6 SIGNALING EVENTS		26	0.56269133	1.5187898	0.03826955	0.09906013	1.0	765	tags=27%, list=6%, signal=29%	
DIHYDROPYRIMIDINASE DEFICIENCY%SMPDB%SMP0000178	DIHYDROPYRIMIDINASE DEFICIENCY%SMPDB%SMP0000178		19	0.5992189	1.5187457	0.04585538	0.09900152	1.0	1279	tags=32%, list=11%, signal=35%	
PID_CD8_TCR_DOWNSTREAM_PATHWAY%MSIGDB_C2%PID_CD8_TCR_DOWNSTREAM_PATHWAY	PID_CD8_TCR_DOWNSTREAM_PATHWAY%MSIGDB_C2%PID_CD8_TCR_DOWNSTREAM_PATHWAY		29	0.54546505	1.5185233	0.033442087	0.09908627	1.0	2398	tags=41%, list=20%, signal=52%	
PLURIPOTENT STEM CELL DIFFERENTIATION PATHWAY%WIKIPATHWAYS_20250810%WP2848%HOMO SAPIENS	PLURIPOTENT STEM CELL DIFFERENTIATION PATHWAY%WIKIPATHWAYS_20250810%WP2848%HOMO SAPIENS		18	0.6025779	1.5180955	0.05117086	0.09934251	1.0	607	tags=28%, list=5%, signal=29%	
POSITIVE REGULATION OF EPIDERMIS DEVELOPMENT%GOBP%GO:0045684	POSITIVE REGULATION OF EPIDERMIS DEVELOPMENT%GOBP%GO:0045684		17	0.6099322	1.5176407	0.044169612	0.09959476	1.0	1165	tags=35%, list=10%, signal=39%	
PYRUVATE METABOLISM%PATHWHIZ%PW000054	PYRUVATE METABOLISM%PATHWHIZ%PW000054		17	0.6069422	1.5162889	0.044843048	0.10056336	1.0	1949	tags=47%, list=16%, signal=56%	
GLI3 IS PROCESSED TO GLI3R BY THE PROTEASOME%REACTOME%R-HSA-5610785.2	GLI3 IS PROCESSED TO GLI3R BY THE PROTEASOME%REACTOME%R-HSA-5610785.2		45	0.5027941	1.5154947	0.023052463	0.10109818	1.0	2272	tags=47%, list=19%, signal=57%	
NEGATIVE REGULATION OF CELL-CELL ADHESION%GOBP%GO:0022408	NEGATIVE REGULATION OF CELL-CELL ADHESION%GOBP%GO:0022408		94	0.4390729	1.5154889	0.0078459345	0.10100539	1.0	969	tags=21%, list=8%, signal=23%	
MYOMETRIAL RELAXATION AND CONTRACTION PATHWAYS%WIKIPATHWAYS_20250810%WP289%HOMO SAPIENS	MYOMETRIAL RELAXATION AND CONTRACTION PATHWAYS%WIKIPATHWAYS_20250810%WP289%HOMO SAPIENS		79	0.4536815	1.5151424	0.01459854	0.101189725	1.0	2517	tags=32%, list=21%, signal=40%	
SIGNALING BY HIGH-KINASE ACTIVITY BRAF MUTANTS%REACTOME DATABASE ID RELEASE 93%6802948	SIGNALING BY HIGH-KINASE ACTIVITY BRAF MUTANTS%REACTOME DATABASE ID RELEASE 93%6802948		26	0.5627886	1.5149459	0.039198607	0.10124788	1.0	1326	tags=35%, list=11%, signal=39%	
PYRUVATE DEHYDROGENASE COMPLEX DEFICIENCY%PATHWHIZ%PW000117	PYRUVATE DEHYDROGENASE COMPLEX DEFICIENCY%PATHWHIZ%PW000117		17	0.6069422	1.5149258	0.033094812	0.10117068	1.0	1949	tags=47%, list=16%, signal=56%	
GLUCOSE METABOLIC PROCESS%GOBP%GO:0006006	GLUCOSE METABOLIC PROCESS%GOBP%GO:0006006		52	0.48675248	1.514644	0.019245574	0.10129658	1.0	2200	tags=48%, list=18%, signal=59%	
POSITIVE REGULATION OF HORMONE SECRETION%GOBP%GO:0046887	POSITIVE REGULATION OF HORMONE SECRETION%GOBP%GO:0046887		43	0.4999277	1.5146359	0.021052632	0.10120937	1.0	2300	tags=37%, list=19%, signal=46%	
POSITIVE REGULATION OF ENDOTHELIAL CELL PROLIFERATION%GOBP%GO:0001938	POSITIVE REGULATION OF ENDOTHELIAL CELL PROLIFERATION%GOBP%GO:0001938		51	0.49127355	1.514152	0.017719569	0.10152361	1.0	860	tags=18%, list=7%, signal=19%	
RESPONSE TO CHEMOKINE%GOBP%GO:1990868	RESPONSE TO CHEMOKINE%GOBP%GO:1990868		28	0.55364186	1.5133188	0.034395974	0.1021246	1.0	935	tags=21%, list=8%, signal=23%	
INTEGRIN SIGNALLING PATHWAY%PANTHER PATHWAY%P00034	INTEGRIN SIGNALLING PATHWAY%PANTHER PATHWAY%P00034		133	0.4188598	1.5132728	0.00407332	0.102067	1.0	1579	tags=27%, list=13%, signal=31%	
GLUCOSE METABOLISM%REACTOME DATABASE ID RELEASE 93%70326	GLUCOSE METABOLISM%REACTOME DATABASE ID RELEASE 93%70326		60	0.47317007	1.5130867	0.013953488	0.102106825	1.0	2323	tags=45%, list=19%, signal=55%	
ALCOHOL BIOSYNTHETIC PROCESS%GOBP%GO:0046165	ALCOHOL BIOSYNTHETIC PROCESS%GOBP%GO:0046165		59	0.47437242	1.5128372	0.021455938	0.10222997	1.0	876	tags=22%, list=7%, signal=24%	
POSITIVE REGULATION OF SECRETION%GOBP%GO:0051047	POSITIVE REGULATION OF SECRETION%GOBP%GO:0051047		130	0.41825292	1.511982	0.00414651	0.10278209	1.0	1359	tags=19%, list=11%, signal=21%	
CELL ACTIVATION INVOLVED IN IMMUNE RESPONSE%GOBP%GO:0002263	CELL ACTIVATION INVOLVED IN IMMUNE RESPONSE%GOBP%GO:0002263		71	0.46270326	1.5112878	0.009818731	0.103261	1.0	595	tags=13%, list=5%, signal=13%	
PROTEASOME DEGRADATION%WIKIPATHWAYS_20250810%WP183%HOMO SAPIENS	PROTEASOME DEGRADATION%WIKIPATHWAYS_20250810%WP183%HOMO SAPIENS		39	0.5133409	1.5103918	0.029580936	0.10390091	1.0	3359	tags=59%, list=28%, signal=82%	
HALLMARK_APICAL_JUNCTION%MSIGDBHALLMARK%HALLMARK_APICAL_JUNCTION	HALLMARK_APICAL_JUNCTION%MSIGDBHALLMARK%HALLMARK_APICAL_JUNCTION		115	0.42769778	1.5102221	0.004237288	0.10393586	1.0	2395	tags=31%, list=20%, signal=39%	
POSITIVE REGULATION OF NEURON DIFFERENTIATION%GOBP%GO:0045666	POSITIVE REGULATION OF NEURON DIFFERENTIATION%GOBP%GO:0045666		19	0.59572864	1.5102056	0.056669574	0.10385482	1.0	229	tags=21%, list=2%, signal=21%	
REGULATION OF LEUKOCYTE APOPTOTIC PROCESS%GOBP%GO:2000106	REGULATION OF LEUKOCYTE APOPTOTIC PROCESS%GOBP%GO:2000106		40	0.5029368	1.5101076	0.030502886	0.10382771	1.0	1163	tags=30%, list=10%, signal=33%	
PID_ALPHA_SYNUCLEIN_PATHWAY%MSIGDB_C2%PID_ALPHA_SYNUCLEIN_PATHWAY	PID_ALPHA_SYNUCLEIN_PATHWAY%MSIGDB_C2%PID_ALPHA_SYNUCLEIN_PATHWAY		18	0.6100173	1.5097489	0.050847456	0.10401169	1.0	2287	tags=44%, list=19%, signal=55%	
PID_AVB3_OPN_PATHWAY%MSIGDB_C2%PID_AVB3_OPN_PATHWAY	PID_AVB3_OPN_PATHWAY%MSIGDB_C2%PID_AVB3_OPN_PATHWAY		26	0.5562612	1.5097166	0.032562125	0.10393409	1.0	824	tags=23%, list=7%, signal=25%	
EPHRIN RECEPTOR SIGNALING PATHWAY%GOBP%GO:0048013	EPHRIN RECEPTOR SIGNALING PATHWAY%GOBP%GO:0048013		35	0.52966875	1.5091362	0.034453783	0.10432376	1.0	2072	tags=43%, list=17%, signal=52%	
ACUTE MYELOID LEUKEMIA%WIKIPATHWAYS_20250810%WP5293%HOMO SAPIENS	ACUTE MYELOID LEUKEMIA%WIKIPATHWAYS_20250810%WP5293%HOMO SAPIENS		46	0.49373397	1.5090971	0.028257458	0.10426164	1.0	2381	tags=41%, list=20%, signal=51%	
APOPTOSIS REGULATION BY PARATHYROID HORMONE RELATED PROTEIN%WIKIPATHWAYS_20250810%WP3872%HOMO SAPIENS	APOPTOSIS REGULATION BY PARATHYROID HORMONE RELATED PROTEIN%WIKIPATHWAYS_20250810%WP3872%HOMO SAPIENS		17	0.60733974	1.5089476	0.051509768	0.10428504	1.0	1295	tags=35%, list=11%, signal=39%	
LEIGH SYNDROME%SMPDB%SMP0000196	LEIGH SYNDROME%SMPDB%SMP0000196		17	0.6069422	1.5085641	0.0475763	0.10452005	1.0	1949	tags=47%, list=16%, signal=56%	
TCR SIGNALING%REACTOME%R-HSA-202403.7	TCR SIGNALING%REACTOME%R-HSA-202403.7		79	0.44944847	1.5082248	0.011895911	0.10470059	1.0	2381	tags=37%, list=20%, signal=45%	
NOTCH3 ACTIVATION AND TRANSMISSION OF SIGNAL TO THE NUCLEUS%REACTOME DATABASE ID RELEASE 93%9013507	NOTCH3 ACTIVATION AND TRANSMISSION OF SIGNAL TO THE NUCLEUS%REACTOME DATABASE ID RELEASE 93%9013507		22	0.57750136	1.5081491	0.040033363	0.104666494	1.0	1385	tags=32%, list=12%, signal=36%	
PID_EPHRINB_REV_PATHWAY%MSIGDB_C2%PID_EPHRINB_REV_PATHWAY	PID_EPHRINB_REV_PATHWAY%MSIGDB_C2%PID_EPHRINB_REV_PATHWAY		18	0.61011857	1.5079668	0.054768648	0.10469764	1.0	1411	tags=39%, list=12%, signal=44%	
PI3K AKT SIGNALING%WIKIPATHWAYS_20250810%WP4172%HOMO SAPIENS	PI3K AKT SIGNALING%WIKIPATHWAYS_20250810%WP4172%HOMO SAPIENS		184	0.40395516	1.507938	0.004548408	0.10461884	1.0	2009	tags=28%, list=17%, signal=33%	
MICRORNAS IN CARDIOMYOCYTE HYPERTROPHY%WIKIPATHWAYS_20250810%WP1544%HOMO SAPIENS	MICRORNAS IN CARDIOMYOCYTE HYPERTROPHY%WIKIPATHWAYS_20250810%WP1544%HOMO SAPIENS		60	0.47365588	1.5077596	0.015625	0.1046751	1.0	1423	tags=30%, list=12%, signal=34%	
POSITIVE REGULATION OF ALPHA-BETA T CELL ACTIVATION%GOBP%GO:0046635	POSITIVE REGULATION OF ALPHA-BETA T CELL ACTIVATION%GOBP%GO:0046635		33	0.5253583	1.5075446	0.0345679	0.1047667	1.0	2507	tags=45%, list=21%, signal=57%	
NECTIN ADHESION PATHWAY%PATHWAY INTERACTION DATABASE NCI-NATURE CURATED DATA%NECTIN ADHESION PATHWAY	NECTIN ADHESION PATHWAY%PATHWAY INTERACTION DATABASE NCI-NATURE CURATED DATA%NECTIN ADHESION PATHWAY		25	0.55894864	1.5074556	0.037815128	0.10474425	1.0	1292	tags=32%, list=11%, signal=36%	
REGULATION OF PEPTIDYL-SERINE PHOSPHORYLATION%GOBP%GO:0033135	REGULATION OF PEPTIDYL-SERINE PHOSPHORYLATION%GOBP%GO:0033135		20	0.58325684	1.50695	0.053791888	0.10508069	1.0	26	tags=10%, list=0%, signal=10%	
SENESCENCE-ASSOCIATED SECRETORY PHENOTYPE (SASP)%REACTOME%R-HSA-2559582.4	SENESCENCE-ASSOCIATED SECRETORY PHENOTYPE (SASP)%REACTOME%R-HSA-2559582.4		50	0.48924726	1.5067676	0.02578125	0.10512537	1.0	2518	tags=36%, list=21%, signal=45%	
REGULATION OF HORMONE LEVELS%GOBP%GO:0010817	REGULATION OF HORMONE LEVELS%GOBP%GO:0010817		187	0.40141657	1.5060087	6.644518E-4	0.10569101	1.0	1812	tags=24%, list=15%, signal=27%	
REGULATION OF OSTEOCLAST DIFFERENTIATION%GOBP%GO:0045670	REGULATION OF OSTEOCLAST DIFFERENTIATION%GOBP%GO:0045670		24	0.5603552	1.5057135	0.0513468	0.105844304	1.0	641	tags=25%, list=5%, signal=26%	
LYMPHOCYTE MEDIATED IMMUNITY%GOBP%GO:0002449	LYMPHOCYTE MEDIATED IMMUNITY%GOBP%GO:0002449		50	0.48928237	1.5056089	0.023864511	0.10584309	1.0	1304	tags=30%, list=11%, signal=34%	
BIOLOGICAL PROCESS INVOLVED IN SYMBIOTIC INTERACTION%GOBP%GO:0044403	BIOLOGICAL PROCESS INVOLVED IN SYMBIOTIC INTERACTION%GOBP%GO:0044403		68	0.4602962	1.5052475	0.018419033	0.10607118	1.0	1714	tags=26%, list=14%, signal=31%	
REGULATION OF B CELL ACTIVATION%GOBP%GO:0050864	REGULATION OF B CELL ACTIVATION%GOBP%GO:0050864		43	0.5043012	1.5050026	0.029992107	0.10617873	1.0	1941	tags=33%, list=16%, signal=39%	
POSITIVE REGULATION OF CD4-POSITIVE, ALPHA-BETA T CELL ACTIVATION%GOBP%GO:2000516	POSITIVE REGULATION OF CD4-POSITIVE, ALPHA-BETA T CELL ACTIVATION%GOBP%GO:2000516		22	0.57452184	1.5049481	0.04130809	0.10612881	1.0	964	tags=32%, list=8%, signal=35%	
SIGNALING EVENTS MEDIATED BY PRL%PATHWAY INTERACTION DATABASE NCI-NATURE CURATED DATA%SIGNALING EVENTS MEDIATED BY PRL	SIGNALING EVENTS MEDIATED BY PRL%PATHWAY INTERACTION DATABASE NCI-NATURE CURATED DATA%SIGNALING EVENTS MEDIATED BY PRL		22	0.571282	1.5048648	0.051607445	0.106102645	1.0	824	tags=27%, list=7%, signal=29%	
RESPONSE TO OXIDATIVE STRESS%GOBP%GO:0006979	RESPONSE TO OXIDATIVE STRESS%GOBP%GO:0006979		185	0.40367824	1.5048351	6.476684E-4	0.10603074	1.0	2366	tags=29%, list=20%, signal=36%	
POSITIVE REGULATION OF RESPONSE TO WOUNDING%GOBP%GO:1903036	POSITIVE REGULATION OF RESPONSE TO WOUNDING%GOBP%GO:1903036		38	0.5120657	1.5038966	0.03395311	0.10670678	1.0	1479	tags=39%, list=12%, signal=45%	
REGULATION OF BINDING%GOBP%GO:0051098	REGULATION OF BINDING%GOBP%GO:0051098		68	0.45687112	1.5037904	0.017490495	0.10669925	1.0	654	tags=12%, list=5%, signal=12%	
LISTERIA MONOCYTOGENES ENTRY INTO HOST CELLS%REACTOME DATABASE ID RELEASE 93%8876384	LISTERIA MONOCYTOGENES ENTRY INTO HOST CELLS%REACTOME DATABASE ID RELEASE 93%8876384		17	0.6148627	1.5035957	0.050892856	0.1067662	1.0	1892	tags=29%, list=16%, signal=35%	
CONTRACTILE ACTIN FILAMENT BUNDLE ASSEMBLY%GOBP%GO:0030038	CONTRACTILE ACTIN FILAMENT BUNDLE ASSEMBLY%GOBP%GO:0030038		15	0.6188357	1.5029473	0.05040504	0.107214294	1.0	1510	tags=47%, list=13%, signal=53%	
MITOCHONDRIAL PROTEIN IMPORT%REACTOME DATABASE ID RELEASE 93%1268020	MITOCHONDRIAL PROTEIN IMPORT%REACTOME DATABASE ID RELEASE 93%1268020		57	0.47860402	1.5029048	0.029202841	0.10715243	1.0	3866	tags=54%, list=32%, signal=80%	
REGULATION OF INTERFERON-ALPHA PRODUCTION%GOBP%GO:0032647	REGULATION OF INTERFERON-ALPHA PRODUCTION%GOBP%GO:0032647		18	0.60934424	1.5028249	0.041083917	0.10711937	1.0	609	tags=22%, list=5%, signal=23%	
POSITIVE REGULATION OF EPIDERMAL CELL DIFFERENTIATION%GOBP%GO:0045606	POSITIVE REGULATION OF EPIDERMAL CELL DIFFERENTIATION%GOBP%GO:0045606		15	0.6174459	1.5027022	0.04688909	0.10711298	1.0	1165	tags=40%, list=10%, signal=44%	
T CELL MODULATION AND DESMOPLASIA IN PANCREATIC CANCER%WIKIPATHWAYS_20250810%WP5078%HOMO SAPIENS	T CELL MODULATION AND DESMOPLASIA IN PANCREATIC CANCER%WIKIPATHWAYS_20250810%WP5078%HOMO SAPIENS		17	0.60050684	1.5026641	0.057605762	0.10704677	1.0	769	tags=29%, list=6%, signal=31%	
CELLULAR RESPONSE TO HYPOXIA%REACTOME DATABASE ID RELEASE 93%1234174	CELLULAR RESPONSE TO HYPOXIA%REACTOME DATABASE ID RELEASE 93%1234174		56	0.47719017	1.5025659	0.01924619	0.107034944	1.0	1694	tags=34%, list=14%, signal=39%	
MODULATORS OF TCR SIGNALING AND T CELL ACTIVATION%WIKIPATHWAYS_20250810%WP5072%HOMO SAPIENS	MODULATORS OF TCR SIGNALING AND T CELL ACTIVATION%WIKIPATHWAYS_20250810%WP5072%HOMO SAPIENS		37	0.5117713	1.5025599	0.03858521	0.10694193	1.0	2381	tags=38%, list=20%, signal=47%	
IL2%NETPATH%IL2	IL2%NETPATH%IL2		53	0.4788259	1.5021878	0.02347418	0.10713567	1.0	1326	tags=30%, list=11%, signal=34%	
POSITIVE REGULATION OF SECRETION BY CELL%GOBP%GO:1903532	POSITIVE REGULATION OF SECRETION BY CELL%GOBP%GO:1903532		126	0.42028365	1.501733	0.0048442907	0.10740805	1.0	1359	tags=19%, list=11%, signal=21%	
OXIDATIVE DAMAGE RESPONSE%WIKIPATHWAYS_20250810%WP3941%HOMO SAPIENS	OXIDATIVE DAMAGE RESPONSE%WIKIPATHWAYS_20250810%WP3941%HOMO SAPIENS		30	0.5366906	1.5010108	0.033085193	0.107929185	1.0	793	tags=23%, list=7%, signal=25%	
RIBONUCLEOSIDE MONOPHOSPHATE BIOSYNTHETIC PROCESS%GOBP%GO:0009156	RIBONUCLEOSIDE MONOPHOSPHATE BIOSYNTHETIC PROCESS%GOBP%GO:0009156		17	0.6036358	1.5004685	0.054659497	0.10830288	1.0	2775	tags=53%, list=23%, signal=69%	
G ALPHA (Q) SIGNALLING EVENTS%REACTOME%R-HSA-416476.8	G ALPHA (Q) SIGNALLING EVENTS%REACTOME%R-HSA-416476.8		87	0.44099945	1.5004648	0.015107914	0.108209155	1.0	853	tags=16%, list=7%, signal=17%	
CHOLESTEROL METABOLISM%WIKIPATHWAYS_20250810%WP5304%HOMO SAPIENS	CHOLESTEROL METABOLISM%WIKIPATHWAYS_20250810%WP5304%HOMO SAPIENS		42	0.503273	1.5001377	0.033359192	0.10837132	1.0	716	tags=26%, list=6%, signal=28%	
NUCLEOBASE METABOLIC PROCESS%GOBP%GO:0009112	NUCLEOBASE METABOLIC PROCESS%GOBP%GO:0009112		19	0.5873259	1.4987676	0.051799823	0.10941186	1.0	2315	tags=47%, list=19%, signal=59%	
AMINO ACID METABOLISM%WIKIPATHWAYS_20250810%WP3925%HOMO SAPIENS	AMINO ACID METABOLISM%WIKIPATHWAYS_20250810%WP3925%HOMO SAPIENS		43	0.49406183	1.4987329	0.026771653	0.109343216	1.0	2351	tags=42%, list=20%, signal=52%	
DNA-TEMPLATED TRANSCRIPTION ELONGATION%GOBP%GO:0006354	DNA-TEMPLATED TRANSCRIPTION ELONGATION%GOBP%GO:0006354		36	0.51890635	1.4984803	0.04302789	0.10946256	1.0	2081	tags=31%, list=17%, signal=37%	
TRANSCRIPTION ELONGATION BY RNA POLYMERASE II%GOBP%GO:0006368	TRANSCRIPTION ELONGATION BY RNA POLYMERASE II%GOBP%GO:0006368		32	0.5268593	1.4979395	0.034797017	0.1098133	1.0	2081	tags=34%, list=17%, signal=41%	
POSITIVE REGULATION OF PRODUCTION OF MOLECULAR MEDIATOR OF IMMUNE RESPONSE%GOBP%GO:0002702	POSITIVE REGULATION OF PRODUCTION OF MOLECULAR MEDIATOR OF IMMUNE RESPONSE%GOBP%GO:0002702		56	0.47502056	1.4974362	0.02621434	0.11014835	1.0	1118	tags=20%, list=9%, signal=22%	
MATRIX METALLOPROTEINASES%WIKIPATHWAYS_20250810%WP129%HOMO SAPIENS	MATRIX METALLOPROTEINASES%WIKIPATHWAYS_20250810%WP129%HOMO SAPIENS		15	0.622277	1.4973377	0.0500439	0.11012623	1.0	1293	tags=33%, list=11%, signal=37%	
CELLULAR RESPONSE TO CHEMICAL STRESS%REACTOME%R-HSA-9711123.5	CELLULAR RESPONSE TO CHEMICAL STRESS%REACTOME%R-HSA-9711123.5		163	0.40659586	1.4972728	0.0045543266	0.11008498	1.0	1838	tags=28%, list=15%, signal=33%	
8P23 1 COPY NUMBER VARIATION SYNDROME%WIKIPATHWAYS_20250810%WP5346%HOMO SAPIENS	8P23 1 COPY NUMBER VARIATION SYNDROME%WIKIPATHWAYS_20250810%WP5346%HOMO SAPIENS		30	0.5374786	1.4969126	0.029761905	0.11030349	1.0	1326	tags=23%, list=11%, signal=26%	
NUCLEAR RECEPTORS META PATHWAY%WIKIPATHWAYS_20250810%WP2882%HOMO SAPIENS	NUCLEAR RECEPTORS META PATHWAY%WIKIPATHWAYS_20250810%WP2882%HOMO SAPIENS		174	0.4032013	1.496401	0.0072655217	0.11061844	1.0	937	tags=15%, list=8%, signal=16%	
CALCIUM ION HOMEOSTASIS%GOBP%GO:0055074	CALCIUM ION HOMEOSTASIS%GOBP%GO:0055074		82	0.44838572	1.4963063	0.016265912	0.11059744	1.0	1406	tags=18%, list=12%, signal=21%	
METABOLISM OF STEROIDS%REACTOME%R-HSA-8957322.4	METABOLISM OF STEROIDS%REACTOME%R-HSA-8957322.4		108	0.42996612	1.4962732	0.0118466895	0.11052678	1.0	2371	tags=34%, list=20%, signal=42%	
PID_HIF1_TFPATHWAY%MSIGDB_C2%PID_HIF1_TFPATHWAY	PID_HIF1_TFPATHWAY%MSIGDB_C2%PID_HIF1_TFPATHWAY		36	0.51552355	1.4959124	0.03267974	0.11074823	1.0	634	tags=14%, list=5%, signal=15%	
UTERINE NATURAL KILLER CELLS AND PROGESTERONE ESTROGEN AND CHORIONIC GONADOTROPIN%WIKIPATHWAYS_20250810%WP5569%HOMO SAPIENS	UTERINE NATURAL KILLER CELLS AND PROGESTERONE ESTROGEN AND CHORIONIC GONADOTROPIN%WIKIPATHWAYS_20250810%WP5569%HOMO SAPIENS		19	0.58823955	1.4951104	0.05352364	0.111329354	1.0	624	tags=21%, list=5%, signal=22%	
STRESS FIBER ASSEMBLY%GOBP%GO:0043149	STRESS FIBER ASSEMBLY%GOBP%GO:0043149		15	0.6188357	1.4949884	0.05358765	0.11133656	1.0	1510	tags=47%, list=13%, signal=53%	
PYRUVATE DECARBOXYLASE E1 COMPONENT DEFICIENCY (PDHE1 DEFICIENCY)%SMPDB%SMP0000334	PYRUVATE DECARBOXYLASE E1 COMPONENT DEFICIENCY (PDHE1 DEFICIENCY)%SMPDB%SMP0000334		17	0.6069422	1.4937303	0.046369202	0.11236963	1.0	1949	tags=47%, list=16%, signal=56%	
POSITIVE REGULATION OF TRANSFERASE ACTIVITY%GOBP%GO:0051347	POSITIVE REGULATION OF TRANSFERASE ACTIVITY%GOBP%GO:0051347		98	0.43230417	1.4937017	0.016129032	0.11229023	1.0	915	tags=19%, list=8%, signal=21%	
REGULATION OF CDH11 EXPRESSION AND FUNCTION%REACTOME DATABASE ID RELEASE 93%9759475	REGULATION OF CDH11 EXPRESSION AND FUNCTION%REACTOME DATABASE ID RELEASE 93%9759475		19	0.58783245	1.4928606	0.059027776	0.11290456	1.0	2094	tags=37%, list=17%, signal=45%	
INTERMEDIATE FILAMENT CYTOSKELETON ORGANIZATION%GOBP%GO:0045104	INTERMEDIATE FILAMENT CYTOSKELETON ORGANIZATION%GOBP%GO:0045104		48	0.48470786	1.492155	0.028413575	0.11342462	1.0	545	tags=17%, list=5%, signal=17%	
POSITIVE REGULATION OF REACTIVE OXYGEN SPECIES METABOLIC PROCESS%GOBP%GO:2000379	POSITIVE REGULATION OF REACTIVE OXYGEN SPECIES METABOLIC PROCESS%GOBP%GO:2000379		40	0.5039209	1.4917985	0.029959515	0.11365244	1.0	3194	tags=45%, list=27%, signal=61%	
REGULATION OF SPROUTING ANGIOGENESIS%GOBP%GO:1903670	REGULATION OF SPROUTING ANGIOGENESIS%GOBP%GO:1903670		28	0.5436583	1.4910661	0.038992688	0.114170544	1.0	1612	tags=32%, list=13%, signal=37%	
POSITIVE REGULATION OF WOUND HEALING%GOBP%GO:0090303	POSITIVE REGULATION OF WOUND HEALING%GOBP%GO:0090303		36	0.5154294	1.4907405	0.04935275	0.11434746	1.0	1479	tags=42%, list=12%, signal=47%	
REACTIVE OXYGEN SPECIES METABOLIC PROCESS%GOBP%GO:0072593	REACTIVE OXYGEN SPECIES METABOLIC PROCESS%GOBP%GO:0072593		43	0.4881177	1.4905931	0.020717131	0.114358865	1.0	1880	tags=33%, list=16%, signal=38%	
NEGATIVE REGULATION OF LYMPHOCYTE ACTIVATION%GOBP%GO:0051250	NEGATIVE REGULATION OF LYMPHOCYTE ACTIVATION%GOBP%GO:0051250		58	0.4676533	1.4905722	0.027407987	0.114272796	1.0	854	tags=21%, list=7%, signal=22%	
VIRAL PROCESS%GOBP%GO:0016032	VIRAL PROCESS%GOBP%GO:0016032		140	0.41463223	1.4901699	0.004016064	0.11450478	1.0	2421	tags=34%, list=20%, signal=42%	
POSITIVE REGULATION OF LEUKOCYTE APOPTOTIC PROCESS%GOBP%GO:2000108	POSITIVE REGULATION OF LEUKOCYTE APOPTOTIC PROCESS%GOBP%GO:2000108		18	0.6020135	1.4900601	0.05123675	0.11449921	1.0	1117	tags=33%, list=9%, signal=37%	
MNGIE (MITOCHONDRIAL NEUROGASTROINTESTINAL ENCEPHALOPATHY)%PATHWHIZ%PW000190	MNGIE (MITOCHONDRIAL NEUROGASTROINTESTINAL ENCEPHALOPATHY)%PATHWHIZ%PW000190		19	0.5992189	1.4900041	0.054404143	0.114452906	1.0	1279	tags=32%, list=11%, signal=35%	
POSITIVE REGULATION OF RECEPTOR SIGNALING PATHWAY VIA STAT%GOBP%GO:1904894	POSITIVE REGULATION OF RECEPTOR SIGNALING PATHWAY VIA STAT%GOBP%GO:1904894		27	0.53949267	1.4884903	0.04431438	0.1156914	1.0	170	tags=11%, list=1%, signal=11%	
RAC1 PAK1 P38 MMP2 PATHWAY%WIKIPATHWAYS_20250810%WP3303%HOMO SAPIENS	RAC1 PAK1 P38 MMP2 PATHWAY%WIKIPATHWAYS_20250810%WP3303%HOMO SAPIENS		48	0.48091203	1.4880108	0.030684501	0.11600828	1.0	2381	tags=38%, list=20%, signal=47%	
PRIMARY HYPEROXALURIA II, PH2%SMPDB%SMP0000558	PRIMARY HYPEROXALURIA II, PH2%SMPDB%SMP0000558		17	0.6069422	1.4879217	0.058772687	0.115989	1.0	1949	tags=47%, list=16%, signal=56%	
HOST INTERACTIONS OF HIV FACTORS%REACTOME DATABASE ID RELEASE 93%162909	HOST INTERACTIONS OF HIV FACTORS%REACTOME DATABASE ID RELEASE 93%162909		100	0.42775765	1.4874091	0.014957265	0.1163345	1.0	2706	tags=39%, list=22%, signal=50%	
REGULATION OF T CELL CYTOKINE PRODUCTION%GOBP%GO:0002724	REGULATION OF T CELL CYTOKINE PRODUCTION%GOBP%GO:0002724		23	0.55433834	1.4871135	0.047698744	0.116493836	1.0	2213	tags=35%, list=18%, signal=43%	
PYRUVATE KINASE DEFICIENCY%PATHWHIZ%PW000535	PYRUVATE KINASE DEFICIENCY%PATHWHIZ%PW000535		17	0.6069422	1.4869646	0.057168785	0.11651367	1.0	1949	tags=47%, list=16%, signal=56%	
SMALL CELL LUNG CANCER%WIKIPATHWAYS_20250810%WP4658%HOMO SAPIENS	SMALL CELL LUNG CANCER%WIKIPATHWAYS_20250810%WP4658%HOMO SAPIENS		75	0.45426193	1.4867818	0.017829457	0.116558075	1.0	1549	tags=23%, list=13%, signal=26%	
ASSEMBLY OF THE HIV VIRION%REACTOME DATABASE ID RELEASE 93%175474	ASSEMBLY OF THE HIV VIRION%REACTOME DATABASE ID RELEASE 93%175474		15	0.61873657	1.4864566	0.06193896	0.11673656	1.0	2880	tags=67%, list=24%, signal=88%	
SIGNALING BY NOTCH%REACTOME DATABASE ID RELEASE 93%157118	SIGNALING BY NOTCH%REACTOME DATABASE ID RELEASE 93%157118		145	0.40912765	1.4862542	0.0074123987	0.11680718	1.0	1533	tags=24%, list=13%, signal=27%	
MONONUCLEAR CELL PROLIFERATION%GOBP%GO:0032943	MONONUCLEAR CELL PROLIFERATION%GOBP%GO:0032943		18	0.594901	1.4856585	0.05892857	0.11722426	1.0	1187	tags=33%, list=10%, signal=37%	
RRNA PROCESSING%GOBP%GO:0006364	RRNA PROCESSING%GOBP%GO:0006364		149	0.4083229	1.4854742	0.0054200543	0.11728925	1.0	3254	tags=40%, list=27%, signal=54%	
PI5P, PP2A AND IER3 REGULATE PI3K AKT SIGNALING%REACTOME DATABASE ID RELEASE 93%6811558	PI5P, PP2A AND IER3 REGULATE PI3K AKT SIGNALING%REACTOME DATABASE ID RELEASE 93%6811558		62	0.46751323	1.4852359	0.022590362	0.11739868	1.0	1119	tags=29%, list=9%, signal=32%	
RRNA METABOLIC PROCESS%GOBP%GO:0016072	RRNA METABOLIC PROCESS%GOBP%GO:0016072		174	0.39955395	1.485003	0.0045602606	0.11750576	1.0	3254	tags=38%, list=27%, signal=51%	
REGULATION OF ACTIN DYNAMICS FOR PHAGOCYTIC CUP FORMATION%REACTOME%R-HSA-2029482.4	REGULATION OF ACTIN DYNAMICS FOR PHAGOCYTIC CUP FORMATION%REACTOME%R-HSA-2029482.4		48	0.48336607	1.4849263	0.033123028	0.1174795	1.0	2088	tags=38%, list=17%, signal=45%	
CELL-CELL JUNCTION ORGANIZATION%REACTOME DATABASE ID RELEASE 93%421270	CELL-CELL JUNCTION ORGANIZATION%REACTOME DATABASE ID RELEASE 93%421270		156	0.4052688	1.4842303	0.006901311	0.11798882	1.0	2569	tags=35%, list=21%, signal=44%	
RAS PATHWAY%PANTHER PATHWAY%P04393	RAS PATHWAY%PANTHER PATHWAY%P04393		66	0.4620686	1.4839559	0.02247191	0.118107945	1.0	2518	tags=39%, list=21%, signal=50%	
NEGATIVE REGULATION OF SECRETION BY CELL%GOBP%GO:1903531	NEGATIVE REGULATION OF SECRETION BY CELL%GOBP%GO:1903531		53	0.47815904	1.4834166	0.02934363	0.118501745	1.0	302	tags=11%, list=3%, signal=12%	
REGULATION OF TISSUE REMODELING%GOBP%GO:0034103	REGULATION OF TISSUE REMODELING%GOBP%GO:0034103		38	0.5095458	1.4833982	0.03518374	0.11841507	1.0	690	tags=16%, list=6%, signal=17%	
IL-7%NETPATH%IL-7	IL-7%NETPATH%IL-7		17	0.6048557	1.4830288	0.05745063	0.118653715	1.0	1295	tags=53%, list=11%, signal=59%	
GAP JUNCTION TRAFFICKING AND REGULATION%REACTOME DATABASE ID RELEASE 93%157858	GAP JUNCTION TRAFFICKING AND REGULATION%REACTOME DATABASE ID RELEASE 93%157858		18	0.5959241	1.4822655	0.05732484	0.11923199	1.0	1807	tags=50%, list=15%, signal=59%	
FC EPSILON RECEPTOR I SIGNALING IN MAST CELLS%SMPDB%SMP0000358	FC EPSILON RECEPTOR I SIGNALING IN MAST CELLS%SMPDB%SMP0000358		31	0.52172655	1.4817876	0.049759228	0.119533546	1.0	908	tags=29%, list=8%, signal=31%	
ACTIVATION OF GTPASE ACTIVITY%GOBP%GO:0090630	ACTIVATION OF GTPASE ACTIVITY%GOBP%GO:0090630		20	0.5833599	1.4815413	0.049657535	0.119649194	1.0	1119	tags=30%, list=9%, signal=33%	
B CELL RECEPTOR SIGNALING%WIKIPATHWAYS_20250810%WP23%HOMO SAPIENS	B CELL RECEPTOR SIGNALING%WIKIPATHWAYS_20250810%WP23%HOMO SAPIENS		64	0.45678538	1.4814657	0.023988007	0.11960916	1.0	1423	tags=27%, list=12%, signal=30%	
PID_BCR_5PATHWAY%MSIGDB_C2%PID_BCR_5PATHWAY	PID_BCR_5PATHWAY%MSIGDB_C2%PID_BCR_5PATHWAY		49	0.48391023	1.481459	0.029992107	0.11951175	1.0	824	tags=20%, list=7%, signal=22%	
REGULATION OF MUSCLE CONTRACTION%GOBP%GO:0006937	REGULATION OF MUSCLE CONTRACTION%GOBP%GO:0006937		65	0.45507008	1.4813771	0.027047332	0.11948397	1.0	1911	tags=29%, list=16%, signal=35%	
LYMPHOCYTE PROLIFERATION%GOBP%GO:0046651	LYMPHOCYTE PROLIFERATION%GOBP%GO:0046651		18	0.594901	1.4805983	0.04886562	0.120062724	1.0	1187	tags=33%, list=10%, signal=37%	
T CELL RECEPTOR SIGNALING%WIKIPATHWAYS_20250810%WP69%HOMO SAPIENS	T CELL RECEPTOR SIGNALING%WIKIPATHWAYS_20250810%WP69%HOMO SAPIENS		50	0.47866306	1.4795552	0.027070064	0.120896585	1.0	2398	tags=40%, list=20%, signal=50%	
AGGREPHAGY%REACTOME%R-HSA-9646399.4	AGGREPHAGY%REACTOME%R-HSA-9646399.4		20	0.5772469	1.479386	0.050632913	0.120932564	1.0	2279	tags=45%, list=19%, signal=55%	
NEGATIVE REGULATION OF MIRNA METABOLIC PROCESS%GOBP%GO:2000629	NEGATIVE REGULATION OF MIRNA METABOLIC PROCESS%GOBP%GO:2000629		24	0.5491407	1.4790907	0.051452283	0.121081345	1.0	201	tags=17%, list=2%, signal=17%	
MITOCHONDRIAL GENE EXPRESSION%GOBP%GO:0140053	MITOCHONDRIAL GENE EXPRESSION%GOBP%GO:0140053		134	0.41101146	1.4785737	0.009852217	0.121435024	1.0	3340	tags=40%, list=28%, signal=54%	
GAP JUNCTION TRAFFICKING%REACTOME DATABASE ID RELEASE 93%190828	GAP JUNCTION TRAFFICKING%REACTOME DATABASE ID RELEASE 93%190828		17	0.5979673	1.4780302	0.06375546	0.12180616	1.0	1807	tags=53%, list=15%, signal=62%	
REGULATION OF CELL MORPHOGENESIS%GOBP%GO:0022604	REGULATION OF CELL MORPHOGENESIS%GOBP%GO:0022604		135	0.41348624	1.477762	0.007596685	0.12194903	1.0	2287	tags=33%, list=19%, signal=40%	
SEMA4D IN SEMAPHORIN SIGNALING%REACTOME DATABASE ID RELEASE 93%400685	SEMA4D IN SEMAPHORIN SIGNALING%REACTOME DATABASE ID RELEASE 93%400685		23	0.55393285	1.4770019	0.047815334	0.12250892	1.0	1654	tags=35%, list=14%, signal=40%	
PID_REG_GR_PATHWAY%MSIGDB_C2%PID_REG_GR_PATHWAY	PID_REG_GR_PATHWAY%MSIGDB_C2%PID_REG_GR_PATHWAY		49	0.47346368	1.4768395	0.032	0.12255896	1.0	1946	tags=31%, list=16%, signal=36%	
REGULATORY CIRCUITS OF STAT3 SIGNALING%WIKIPATHWAYS_20250810%WP4538%HOMO SAPIENS	REGULATORY CIRCUITS OF STAT3 SIGNALING%WIKIPATHWAYS_20250810%WP4538%HOMO SAPIENS		48	0.48237	1.4759605	0.033437014	0.12323577	1.0	1930	tags=40%, list=16%, signal=47%	
COLLAGEN METABOLIC PROCESS%GOBP%GO:0032963	COLLAGEN METABOLIC PROCESS%GOBP%GO:0032963		32	0.5177024	1.4759475	0.049579833	0.12314161	1.0	2303	tags=34%, list=19%, signal=42%	
NEGATIVE REGULATION OF T CELL DIFFERENTIATION%GOBP%GO:0045581	NEGATIVE REGULATION OF T CELL DIFFERENTIATION%GOBP%GO:0045581		22	0.5600224	1.4754095	0.055700608	0.123514965	1.0	622	tags=18%, list=5%, signal=19%	
HIF-2-ALPHA TRANSCRIPTION FACTOR NETWORK%PATHWAY INTERACTION DATABASE NCI-NATURE CURATED DATA%HIF-2-ALPHA TRANSCRIPTION FACTOR NETWORK	HIF-2-ALPHA TRANSCRIPTION FACTOR NETWORK%PATHWAY INTERACTION DATABASE NCI-NATURE CURATED DATA%HIF-2-ALPHA TRANSCRIPTION FACTOR NETWORK		27	0.5358496	1.4750004	0.049423393	0.12375871	1.0	821	tags=22%, list=7%, signal=24%	
REGULATION OF TRANSFORMING GROWTH FACTOR BETA PRODUCTION%GOBP%GO:0071634	REGULATION OF TRANSFORMING GROWTH FACTOR BETA PRODUCTION%GOBP%GO:0071634		17	0.6073093	1.4719331	0.059176672	0.12642573	1.0	689	tags=29%, list=6%, signal=31%	
POSITIVE REGULATION OF EPIDERMAL GROWTH FACTOR RECEPTOR SIGNALING PATHWAY%GOBP%GO:0045742	POSITIVE REGULATION OF EPIDERMAL GROWTH FACTOR RECEPTOR SIGNALING PATHWAY%GOBP%GO:0045742		22	0.56924295	1.4717902	0.049663298	0.12644917	1.0	109	tags=14%, list=1%, signal=14%	
TICAM1, RIP1-MEDIATED IKK COMPLEX RECRUITMENT%REACTOME DATABASE ID RELEASE 93%168927	TICAM1, RIP1-MEDIATED IKK COMPLEX RECRUITMENT%REACTOME DATABASE ID RELEASE 93%168927		18	0.5888298	1.4714758	0.06010453	0.12663947	1.0	1423	tags=33%, list=12%, signal=38%	
REGULATION OF INFLAMMATORY RESPONSE TO ANTIGENIC STIMULUS%GOBP%GO:0002861	REGULATION OF INFLAMMATORY RESPONSE TO ANTIGENIC STIMULUS%GOBP%GO:0002861		19	0.5797183	1.4710522	0.057793345	0.12693122	1.0	2877	tags=47%, list=24%, signal=62%	
HALLMARK OF CANCER SUSTAINING PROLIFERATIVE SIGNALING%WIKIPATHWAYS_20250810%WP5475%HOMO SAPIENS	HALLMARK OF CANCER SUSTAINING PROLIFERATIVE SIGNALING%WIKIPATHWAYS_20250810%WP5475%HOMO SAPIENS		67	0.4548213	1.470917	0.018726591	0.12695748	1.0	1946	tags=33%, list=16%, signal=39%	
HALLMARK_COAGULATION%MSIGDBHALLMARK%HALLMARK_COAGULATION	HALLMARK_COAGULATION%MSIGDBHALLMARK%HALLMARK_COAGULATION		67	0.4527576	1.4704226	0.021593448	0.12732358	1.0	854	tags=22%, list=7%, signal=24%	
PDGFR BETA PATHWAY%WIKIPATHWAYS_20250810%WP3972%HOMO SAPIENS	PDGFR BETA PATHWAY%WIKIPATHWAYS_20250810%WP3972%HOMO SAPIENS		21	0.56994504	1.4703767	0.050087873	0.12726921	1.0	2398	tags=57%, list=20%, signal=71%	
IMMUNE SYSTEM DEVELOPMENT%GOBP%GO:0002520	IMMUNE SYSTEM DEVELOPMENT%GOBP%GO:0002520		55	0.46922308	1.4699469	0.028571429	0.1275603	1.0	429	tags=11%, list=4%, signal=11%	
INTERMEDIATE FILAMENT-BASED PROCESS%GOBP%GO:0045103	INTERMEDIATE FILAMENT-BASED PROCESS%GOBP%GO:0045103		49	0.48040953	1.4699277	0.031587057	0.12747248	1.0	545	tags=16%, list=5%, signal=17%	
BCR%NETPATH%BCR	BCR%NETPATH%BCR		68	0.44876033	1.4691077	0.027067669	0.12813164	1.0	2398	tags=29%, list=20%, signal=37%	
TRANSCRIPTIONAL REGULATION BY RUNX2%REACTOME%R-HSA-8878166.4	TRANSCRIPTIONAL REGULATION BY RUNX2%REACTOME%R-HSA-8878166.4		89	0.43563348	1.4689815	0.015532545	0.12814158	1.0	2113	tags=36%, list=18%, signal=43%	
RESPONSE OF EIF2AK1 (HRI) TO HEME DEFICIENCY%REACTOME%R-HSA-9648895.4	RESPONSE OF EIF2AK1 (HRI) TO HEME DEFICIENCY%REACTOME%R-HSA-9648895.4		15	0.60936195	1.468891	0.05263158	0.12811473	1.0	1178	tags=33%, list=10%, signal=37%	
BIOLOGICAL PROCESS INVOLVED IN INTERACTION WITH HOST%GOBP%GO:0051701	BIOLOGICAL PROCESS INVOLVED IN INTERACTION WITH HOST%GOBP%GO:0051701		59	0.45680583	1.4683781	0.029657794	0.12847905	1.0	1714	tags=27%, list=14%, signal=31%	
PROTEIN K63-LINKED DEUBIQUITINATION%GOBP%GO:0070536	PROTEIN K63-LINKED DEUBIQUITINATION%GOBP%GO:0070536		21	0.56812465	1.4681915	0.058169376	0.12854931	1.0	997	tags=24%, list=8%, signal=26%	
CELL JUNCTION ORGANIZATION%REACTOME DATABASE ID RELEASE 93%446728	CELL JUNCTION ORGANIZATION%REACTOME DATABASE ID RELEASE 93%446728		180	0.39191356	1.4680817	0.0064226077	0.12854987	1.0	2569	tags=34%, list=21%, signal=43%	
POSITIVE REGULATION OF PHOSPHATIDYLINOSITOL 3-KINASE/PROTEIN KINASE B SIGNAL TRANSDUCTION%GOBP%GO:0051897	POSITIVE REGULATION OF PHOSPHATIDYLINOSITOL 3-KINASE/PROTEIN KINASE B SIGNAL TRANSDUCTION%GOBP%GO:0051897		100	0.42759636	1.468069	0.015460296	0.12845507	1.0	813	tags=15%, list=7%, signal=16%	
PID_IL6_7_PATHWAY%MSIGDB_C2%PID_IL6_7_PATHWAY	PID_IL6_7_PATHWAY%MSIGDB_C2%PID_IL6_7_PATHWAY		33	0.50956196	1.4680136	0.045088567	0.1284049	1.0	2398	tags=55%, list=20%, signal=68%	
POSITIVE REGULATION OF ACTIN FILAMENT POLYMERIZATION%GOBP%GO:0030838	POSITIVE REGULATION OF ACTIN FILAMENT POLYMERIZATION%GOBP%GO:0030838		27	0.53154254	1.4676385	0.043889847	0.12867138	1.0	636	tags=19%, list=5%, signal=20%	
MONOSACCHARIDE BIOSYNTHETIC PROCESS%GOBP%GO:0046364	MONOSACCHARIDE BIOSYNTHETIC PROCESS%GOBP%GO:0046364		26	0.53665954	1.4672405	0.05467372	0.12892799	1.0	2200	tags=62%, list=18%, signal=75%	
ADIPOGENESIS%WIKIPATHWAYS_20250810%WP236%HOMO SAPIENS	ADIPOGENESIS%WIKIPATHWAYS_20250810%WP236%HOMO SAPIENS		76	0.4426061	1.4670305	0.017830608	0.12901746	1.0	725	tags=14%, list=6%, signal=15%	
POSITIVE REGULATION OF CALCIUM-MEDIATED SIGNALING%GOBP%GO:0050850	POSITIVE REGULATION OF CALCIUM-MEDIATED SIGNALING%GOBP%GO:0050850		23	0.54979914	1.4664147	0.06721992	0.12950194	1.0	2000	tags=26%, list=17%, signal=31%	
PROTEIN-RNA COMPLEX ORGANIZATION%GOBP%GO:0071826	PROTEIN-RNA COMPLEX ORGANIZATION%GOBP%GO:0071826		180	0.39354715	1.464772	0.0046480745	0.13091862	1.0	3254	tags=36%, list=27%, signal=49%	
PID_GLYPICAN_1PATHWAY%MSIGDB_C2%PID_GLYPICAN_1PATHWAY	PID_GLYPICAN_1PATHWAY%MSIGDB_C2%PID_GLYPICAN_1PATHWAY		16	0.605163	1.463806	0.0680147	0.13172363	1.0	2975	tags=63%, list=25%, signal=83%	
ERBB SIGNALING PATHWAY%GOBP%GO:0038127	ERBB SIGNALING PATHWAY%GOBP%GO:0038127		50	0.46848345	1.4631424	0.035466462	0.13224827	1.0	2487	tags=38%, list=21%, signal=48%	
CYCLIN A:CDK2-ASSOCIATED EVENTS AT S PHASE ENTRY%REACTOME%R-HSA-69656.6	CYCLIN A:CDK2-ASSOCIATED EVENTS AT S PHASE ENTRY%REACTOME%R-HSA-69656.6		74	0.4417461	1.4630245	0.027941177	0.13225281	1.0	2272	tags=35%, list=19%, signal=43%	
NEGATIVE REGULATION OF CYTOKINE PRODUCTION INVOLVED IN INFLAMMATORY RESPONSE%GOBP%GO:1900016	NEGATIVE REGULATION OF CYTOKINE PRODUCTION INVOLVED IN INFLAMMATORY RESPONSE%GOBP%GO:1900016		19	0.57742006	1.462735	0.057241976	0.13243121	1.0	107	tags=16%, list=1%, signal=16%	
TRANSCRIPTIONAL REGULATION BY RUNX3%REACTOME%R-HSA-8878159.4	TRANSCRIPTIONAL REGULATION BY RUNX3%REACTOME%R-HSA-8878159.4		81	0.43266845	1.4623084	0.027027028	0.13274288	1.0	2569	tags=42%, list=21%, signal=53%	
NEGATIVE REGULATION OF PROTEOLYSIS%GOBP%GO:0045861	NEGATIVE REGULATION OF PROTEOLYSIS%GOBP%GO:0045861		85	0.43485665	1.4622965	0.024462566	0.13264604	1.0	2098	tags=33%, list=17%, signal=40%	
PID_TCR_CALCIUM_PATHWAY%MSIGDB_C2%PID_TCR_CALCIUM_PATHWAY	PID_TCR_CALCIUM_PATHWAY%MSIGDB_C2%PID_TCR_CALCIUM_PATHWAY		15	0.6088464	1.4619161	0.0729927	0.13290678	1.0	199	tags=20%, list=2%, signal=20%	
REGULATION OF EPIDERMAL GROWTH FACTOR RECEPTOR SIGNALING PATHWAY%GOBP%GO:0042058	REGULATION OF EPIDERMAL GROWTH FACTOR RECEPTOR SIGNALING PATHWAY%GOBP%GO:0042058		54	0.4658563	1.4617243	0.03309693	0.13299957	1.0	2475	tags=30%, list=21%, signal=37%	
THE ONCOGENIC ACTION OF SUCCINATE%PATHWHIZ%PW002360	THE ONCOGENIC ACTION OF SUCCINATE%PATHWHIZ%PW002360		26	0.53921354	1.4609026	0.056218058	0.13366812	1.0	2124	tags=42%, list=18%, signal=51%	
PCP CE PATHWAY%REACTOME%R-HSA-4086400.4	PCP CE PATHWAY%REACTOME%R-HSA-4086400.4		72	0.43893945	1.460827	0.02355623	0.13362917	1.0	2113	tags=38%, list=18%, signal=45%	
THE ONCOGENIC ACTION OF FUMARATE%PATHWHIZ%PW002363	THE ONCOGENIC ACTION OF FUMARATE%PATHWHIZ%PW002363		26	0.53921354	1.4606013	0.056603774	0.133726	1.0	2124	tags=42%, list=18%, signal=51%	
REGULATION OF MONONUCLEAR CELL PROLIFERATION%GOBP%GO:0032944	REGULATION OF MONONUCLEAR CELL PROLIFERATION%GOBP%GO:0032944		81	0.43829548	1.4602101	0.020642202	0.13399598	1.0	1098	tags=23%, list=9%, signal=26%	
REGULATION OF FIBROBLAST MIGRATION%GOBP%GO:0010762	REGULATION OF FIBROBLAST MIGRATION%GOBP%GO:0010762		17	0.59098715	1.4594868	0.06460177	0.13459185	1.0	2678	tags=47%, list=22%, signal=60%	
BIOCARTA_PDGF_PATHWAY%MSIGDB_C2%BIOCARTA_PDGF_PATHWAY	BIOCARTA_PDGF_PATHWAY%MSIGDB_C2%BIOCARTA_PDGF_PATHWAY		21	0.55788624	1.4588814	0.06764961	0.135075	1.0	2398	tags=52%, list=20%, signal=65%	
NUCLEOSIDE METABOLIC PROCESS%GOBP%GO:0009116	NUCLEOSIDE METABOLIC PROCESS%GOBP%GO:0009116		25	0.54657835	1.4582242	0.046511628	0.13559881	1.0	439	tags=16%, list=4%, signal=17%	
NEGATIVE REGULATION OF SMALL MOLECULE METABOLIC PROCESS%GOBP%GO:0062014	NEGATIVE REGULATION OF SMALL MOLECULE METABOLIC PROCESS%GOBP%GO:0062014		54	0.46511945	1.4575006	0.038694993	0.13618395	1.0	2868	tags=43%, list=24%, signal=56%	
EXTRINSIC APOPTOTIC SIGNALING PATHWAY VIA DEATH DOMAIN RECEPTORS%GOBP%GO:0008625	EXTRINSIC APOPTOTIC SIGNALING PATHWAY VIA DEATH DOMAIN RECEPTORS%GOBP%GO:0008625		29	0.5241493	1.4573861	0.051813472	0.13618295	1.0	833	tags=21%, list=7%, signal=22%	
DOWNREGULATION OF TGF-BETA RECEPTOR SIGNALING%REACTOME DATABASE ID RELEASE 93%2173788	DOWNREGULATION OF TGF-BETA RECEPTOR SIGNALING%REACTOME DATABASE ID RELEASE 93%2173788		25	0.534248	1.4573486	0.05942275	0.13611153	1.0	2091	tags=44%, list=17%, signal=53%	
COMPLEMENT CASCADE%REACTOME%R-HSA-166658.6	COMPLEMENT CASCADE%REACTOME%R-HSA-166658.6		16	0.5931193	1.4567856	0.071428575	0.13653706	1.0	1304	tags=44%, list=11%, signal=49%	
LKB1 SIGNALING EVENTS%PATHWAY INTERACTION DATABASE NCI-NATURE CURATED DATA%LKB1 SIGNALING EVENTS	LKB1 SIGNALING EVENTS%PATHWAY INTERACTION DATABASE NCI-NATURE CURATED DATA%LKB1 SIGNALING EVENTS		39	0.48904324	1.4563879	0.04083205	0.13682473	1.0	3026	tags=51%, list=25%, signal=68%	
PID_AVB3_INTEGRIN_PATHWAY%MSIGDB_C2%PID_AVB3_INTEGRIN_PATHWAY	PID_AVB3_INTEGRIN_PATHWAY%MSIGDB_C2%PID_AVB3_INTEGRIN_PATHWAY		46	0.4820877	1.4561476	0.042433947	0.13694021	1.0	1549	tags=30%, list=13%, signal=35%	
16P11 2 PROXIMAL DELETION SYNDROME%WIKIPATHWAYS_20250810%WP4949%HOMO SAPIENS	16P11 2 PROXIMAL DELETION SYNDROME%WIKIPATHWAYS_20250810%WP4949%HOMO SAPIENS		44	0.48414543	1.4548755	0.04727564	0.1380822	1.0	2664	tags=45%, list=22%, signal=58%	
NEGATIVE REGULATION OF MIRNA TRANSCRIPTION%GOBP%GO:1902894	NEGATIVE REGULATION OF MIRNA TRANSCRIPTION%GOBP%GO:1902894		24	0.5491407	1.4547881	0.056737587	0.13805784	1.0	201	tags=17%, list=2%, signal=17%	
POSITIVE REGULATION OF PROTEASOMAL UBIQUITIN-DEPENDENT PROTEIN CATABOLIC PROCESS%GOBP%GO:0032436	POSITIVE REGULATION OF PROTEASOMAL UBIQUITIN-DEPENDENT PROTEIN CATABOLIC PROCESS%GOBP%GO:0032436		58	0.45548746	1.4546946	0.032735776	0.13803901	1.0	2506	tags=41%, list=21%, signal=52%	
ENDOSOMAL SORTING COMPLEX REQUIRED FOR TRANSPORT (ESCRT)%REACTOME%R-HSA-917729.3	ENDOSOMAL SORTING COMPLEX REQUIRED FOR TRANSPORT (ESCRT)%REACTOME%R-HSA-917729.3		30	0.5161471	1.4542664	0.061603375	0.1383291	1.0	2880	tags=50%, list=24%, signal=66%	
PEPTIDYL-TYROSINE PHOSPHORYLATION%GOBP%GO:0018108	PEPTIDYL-TYROSINE PHOSPHORYLATION%GOBP%GO:0018108		24	0.5394273	1.4542646	0.074290484	0.13821918	1.0	854	tags=25%, list=7%, signal=27%	
CELLULAR RESPONSE TO VASCULAR ENDOTHELIAL GROWTH FACTOR STIMULUS%GOBP%GO:0035924	CELLULAR RESPONSE TO VASCULAR ENDOTHELIAL GROWTH FACTOR STIMULUS%GOBP%GO:0035924		29	0.51777035	1.4541209	0.058178753	0.13824622	1.0	684	tags=31%, list=6%, signal=33%	
DEOXYRIBONUCLEOTIDE CATABOLIC PROCESS%GOBP%GO:0009264	DEOXYRIBONUCLEOTIDE CATABOLIC PROCESS%GOBP%GO:0009264		18	0.5823993	1.4536414	0.056737587	0.13859689	1.0	439	tags=17%, list=4%, signal=17%	
REGULATION OF ERBB SIGNALING PATHWAY%GOBP%GO:1901184	REGULATION OF ERBB SIGNALING PATHWAY%GOBP%GO:1901184		59	0.45166174	1.4536355	0.041763343	0.13849291	1.0	2188	tags=27%, list=18%, signal=33%	
REGULATION OF EPITHELIAL TO MESENCHYMAL TRANSITION%GOBP%GO:0010717	REGULATION OF EPITHELIAL TO MESENCHYMAL TRANSITION%GOBP%GO:0010717		75	0.43839073	1.4527678	0.03185185	0.1392141	1.0	1866	tags=27%, list=15%, signal=31%	
RSV-HOST INTERACTIONS%REACTOME%R-HSA-9833110.2	RSV-HOST INTERACTIONS%REACTOME%R-HSA-9833110.2		71	0.4428491	1.4515202	0.03590527	0.14032528	1.0	1340	tags=20%, list=11%, signal=22%	
JNK (C-JUN KINASES) PHOSPHORYLATION AND ACTIVATION MEDIATED BY ACTIVATED HUMAN TAK1%REACTOME DATABASE ID RELEASE 93%450321	JNK (C-JUN KINASES) PHOSPHORYLATION AND ACTIVATION MEDIATED BY ACTIVATED HUMAN TAK1%REACTOME DATABASE ID RELEASE 93%450321		17	0.5936699	1.4509219	0.0761062	0.1408011	1.0	2015	tags=24%, list=17%, signal=28%	
NEGATIVE REGULATION OF TRANSPORT%GOBP%GO:0051051	NEGATIVE REGULATION OF TRANSPORT%GOBP%GO:0051051		191	0.38606724	1.4507349	0.004608295	0.14085396	1.0	1570	tags=17%, list=13%, signal=19%	
REGULATION OF ALPHA-BETA T CELL PROLIFERATION%GOBP%GO:0046640	REGULATION OF ALPHA-BETA T CELL PROLIFERATION%GOBP%GO:0046640		19	0.571786	1.450734	0.077729255	0.14074221	1.0	2507	tags=47%, list=21%, signal=60%	
NEGATIVE REGULATION OF LEUKOCYTE MEDIATED IMMUNITY%GOBP%GO:0002704	NEGATIVE REGULATION OF LEUKOCYTE MEDIATED IMMUNITY%GOBP%GO:0002704		26	0.52667683	1.450636	0.06727575	0.14074029	1.0	2274	tags=50%, list=19%, signal=62%	
HEXOSE BIOSYNTHETIC PROCESS%GOBP%GO:0019319	HEXOSE BIOSYNTHETIC PROCESS%GOBP%GO:0019319		25	0.5409703	1.4506068	0.06644518	0.14066684	1.0	2200	tags=64%, list=18%, signal=78%	
COMPLEMENT SYSTEM%WIKIPATHWAYS_20250810%WP2806%HOMO SAPIENS	COMPLEMENT SYSTEM%WIKIPATHWAYS_20250810%WP2806%HOMO SAPIENS		31	0.51078045	1.4502249	0.051666666	0.14095342	1.0	1304	tags=29%, list=11%, signal=32%	
IRE1ALPHA ACTIVATES CHAPERONES%REACTOME%R-HSA-381070.3	IRE1ALPHA ACTIVATES CHAPERONES%REACTOME%R-HSA-381070.3		44	0.485927	1.4501965	0.052927025	0.1408689	1.0	2353	tags=39%, list=20%, signal=48%	
NEGATIVE REGULATION OF INFLAMMATORY RESPONSE TO ANTIGENIC STIMULUS%GOBP%GO:0002862	NEGATIVE REGULATION OF INFLAMMATORY RESPONSE TO ANTIGENIC STIMULUS%GOBP%GO:0002862		15	0.6008237	1.4501913	0.084172	0.14076036	1.0	1570	tags=33%, list=13%, signal=38%	
CDK-MEDIATED PHOSPHORYLATION AND REMOVAL OF CDC6%REACTOME%R-HSA-69017.4	CDK-MEDIATED PHOSPHORYLATION AND REMOVAL OF CDC6%REACTOME%R-HSA-69017.4		59	0.44986227	1.4496025	0.035932723	0.1412545	1.0	2569	tags=39%, list=21%, signal=49%	
RESPONSE TO MECHANICAL STIMULUS%GOBP%GO:0009612	RESPONSE TO MECHANICAL STIMULUS%GOBP%GO:0009612		69	0.44842735	1.449382	0.028883684	0.14135015	1.0	2072	tags=26%, list=17%, signal=31%	
SIGNALING EVENTS MEDIATED BY FOCAL ADHESION KINASE%PATHWAY INTERACTION DATABASE NCI-NATURE CURATED DATA%SIGNALING EVENTS MEDIATED BY FOCAL ADHESION KINASE	SIGNALING EVENTS MEDIATED BY FOCAL ADHESION KINASE%PATHWAY INTERACTION DATABASE NCI-NATURE CURATED DATA%SIGNALING EVENTS MEDIATED BY FOCAL ADHESION KINASE		55	0.4620006	1.4489608	0.03822153	0.14165024	1.0	2508	tags=35%, list=21%, signal=43%	
ACTIVATION OF GENE EXPRESSION BY SREBF (SREBP)%REACTOME%R-HSA-2426168.5	ACTIVATION OF GENE EXPRESSION BY SREBF (SREBP)%REACTOME%R-HSA-2426168.5		39	0.48783025	1.4487786	0.054302424	0.1417262	1.0	556	tags=21%, list=5%, signal=21%	
REGULATION OF PROGRAMMED NECROTIC CELL DEATH%GOBP%GO:0062098	REGULATION OF PROGRAMMED NECROTIC CELL DEATH%GOBP%GO:0062098		18	0.57856256	1.4487357	0.053540587	0.14164776	1.0	2311	tags=44%, list=19%, signal=55%	
POSITIVE REGULATION OF CD4-POSITIVE, ALPHA-BETA T CELL DIFFERENTIATION%GOBP%GO:0043372	POSITIVE REGULATION OF CD4-POSITIVE, ALPHA-BETA T CELL DIFFERENTIATION%GOBP%GO:0043372		18	0.5692577	1.4486158	0.07560138	0.14164682	1.0	961	tags=28%, list=8%, signal=30%	
G1 S DNA DAMAGE CHECKPOINTS%REACTOME DATABASE ID RELEASE 93%69615	G1 S DNA DAMAGE CHECKPOINTS%REACTOME DATABASE ID RELEASE 93%69615		58	0.45946392	1.448254	0.029007634	0.14190081	1.0	2272	tags=36%, list=19%, signal=44%	
DEOXYRIBOSE PHOSPHATE CATABOLIC PROCESS%GOBP%GO:0046386	DEOXYRIBOSE PHOSPHATE CATABOLIC PROCESS%GOBP%GO:0046386		17	0.5960012	1.4479637	0.059079062	0.14206481	1.0	439	tags=18%, list=4%, signal=18%	
OTHER INTERLEUKIN SIGNALING%REACTOME%R-HSA-449836.12	OTHER INTERLEUKIN SIGNALING%REACTOME%R-HSA-449836.12		17	0.5856919	1.4472959	0.07515473	0.14260407	1.0	850	tags=24%, list=7%, signal=25%	
REGULATION OF CELLULAR RESPONSE TO VASCULAR ENDOTHELIAL GROWTH FACTOR STIMULUS%GOBP%GO:1902547	REGULATION OF CELLULAR RESPONSE TO VASCULAR ENDOTHELIAL GROWTH FACTOR STIMULUS%GOBP%GO:1902547		15	0.6022222	1.4460936	0.06666667	0.14367743	1.0	369	tags=27%, list=3%, signal=27%	
PYRIMIDINE-CONTAINING COMPOUND BIOSYNTHETIC PROCESS%GOBP%GO:0072528	PYRIMIDINE-CONTAINING COMPOUND BIOSYNTHETIC PROCESS%GOBP%GO:0072528		22	0.53979456	1.4458513	0.069298245	0.14381215	1.0	1056	tags=23%, list=9%, signal=25%	
EPH-EPHRIN SIGNALING%REACTOME DATABASE ID RELEASE 93%2682334	EPH-EPHRIN SIGNALING%REACTOME DATABASE ID RELEASE 93%2682334		79	0.43269646	1.4456339	0.021561338	0.14390382	1.0	1751	tags=30%, list=15%, signal=35%	
BIOCARTA_TPO_PATHWAY%MSIGDB_C2%BIOCARTA_TPO_PATHWAY	BIOCARTA_TPO_PATHWAY%MSIGDB_C2%BIOCARTA_TPO_PATHWAY		17	0.58359736	1.4444613	0.07626393	0.14502057	1.0	2398	tags=59%, list=20%, signal=73%	
REGULATION OF VIRAL TRANSCRIPTION%GOBP%GO:0046782	REGULATION OF VIRAL TRANSCRIPTION%GOBP%GO:0046782		17	0.585727	1.4439731	0.06315789	0.14540651	1.0	940	tags=29%, list=8%, signal=32%	
ALPHA-BETA T CELL DIFFERENTIATION%GOBP%GO:0046632	ALPHA-BETA T CELL DIFFERENTIATION%GOBP%GO:0046632		23	0.5428051	1.4435904	0.0720339	0.145695	1.0	228	tags=13%, list=2%, signal=13%	
EGF RECEPTOR SIGNALING PATHWAY%PANTHER PATHWAY%P00018	EGF RECEPTOR SIGNALING PATHWAY%PANTHER PATHWAY%P00018		77	0.43055415	1.4429975	0.03125	0.14619045	1.0	1733	tags=27%, list=14%, signal=32%	
BIOCARTA_EGF_PATHWAY%MSIGDB_C2%BIOCARTA_EGF_PATHWAY	BIOCARTA_EGF_PATHWAY%MSIGDB_C2%BIOCARTA_EGF_PATHWAY		21	0.55658364	1.442631	0.060251046	0.14643924	1.0	2398	tags=52%, list=20%, signal=65%	
POSITIVE REGULATION OF LIPID BIOSYNTHETIC PROCESS%GOBP%GO:0046889	POSITIVE REGULATION OF LIPID BIOSYNTHETIC PROCESS%GOBP%GO:0046889		54	0.4600222	1.4424528	0.039938558	0.14651005	1.0	599	tags=15%, list=5%, signal=16%	
REGULATION OF EXPRESSION OF SLITS AND ROBOS%REACTOME DATABASE ID RELEASE 93%9010553	REGULATION OF EXPRESSION OF SLITS AND ROBOS%REACTOME DATABASE ID RELEASE 93%9010553		140	0.39566323	1.4424274	0.01220339	0.14642115	1.0	2143	tags=30%, list=18%, signal=36%	
SIGNALING BY TGF-BETA RECEPTOR COMPLEX%REACTOME DATABASE ID RELEASE 93%170834	SIGNALING BY TGF-BETA RECEPTOR COMPLEX%REACTOME DATABASE ID RELEASE 93%170834		88	0.4210862	1.4423959	0.033691756	0.14633644	1.0	2177	tags=30%, list=18%, signal=36%	
ERYTHROCYTE DIFFERENTIATION%GOBP%GO:0030218	ERYTHROCYTE DIFFERENTIATION%GOBP%GO:0030218		35	0.4950013	1.4420315	0.048859935	0.14660992	1.0	719	tags=14%, list=6%, signal=15%	
BIOCARTA_BCR_PATHWAY%MSIGDB_C2%BIOCARTA_BCR_PATHWAY	BIOCARTA_BCR_PATHWAY%MSIGDB_C2%BIOCARTA_BCR_PATHWAY		24	0.54096186	1.4419662	0.06830122	0.14656696	1.0	2398	tags=50%, list=20%, signal=62%	
SIGNALING BY TGFB FAMILY MEMBERS%REACTOME DATABASE ID RELEASE 93%9006936	SIGNALING BY TGFB FAMILY MEMBERS%REACTOME DATABASE ID RELEASE 93%9006936		131	0.40091103	1.4417313	0.011291461	0.14669622	1.0	2177	tags=28%, list=18%, signal=34%	
CXCR4-MEDIATED SIGNALING EVENTS%PATHWAY INTERACTION DATABASE NCI-NATURE CURATED DATA%CXCR4-MEDIATED SIGNALING EVENTS	CXCR4-MEDIATED SIGNALING EVENTS%PATHWAY INTERACTION DATABASE NCI-NATURE CURATED DATA%CXCR4-MEDIATED SIGNALING EVENTS		59	0.45280397	1.4410293	0.028659953	0.14734592	1.0	2436	tags=41%, list=20%, signal=51%	
REGULATION OF LYMPHOCYTE PROLIFERATION%GOBP%GO:0050670	REGULATION OF LYMPHOCYTE PROLIFERATION%GOBP%GO:0050670		80	0.42937884	1.4408249	0.025436046	0.14743362	1.0	1098	tags=23%, list=9%, signal=25%	
P53-DEPENDENT G1 DNA DAMAGE RESPONSE%REACTOME%R-HSA-69563.6	P53-DEPENDENT G1 DNA DAMAGE RESPONSE%REACTOME%R-HSA-69563.6		51	0.46362448	1.440821	0.03493789	0.14732254	1.0	2272	tags=37%, list=19%, signal=46%	
FAS%IOB%FAS	FAS%IOB%FAS		75	0.43437317	1.4394265	0.025934402	0.14863376	1.0	1405	tags=21%, list=12%, signal=24%	
REGULATION OF CELLULAR RESPONSE TO INSULIN STIMULUS%GOBP%GO:1900076	REGULATION OF CELLULAR RESPONSE TO INSULIN STIMULUS%GOBP%GO:1900076		44	0.48431483	1.43936	0.03861625	0.14858535	1.0	2719	tags=43%, list=23%, signal=56%	
NEGATIVE REGULATION OF FAT CELL DIFFERENTIATION%GOBP%GO:0045599	NEGATIVE REGULATION OF FAT CELL DIFFERENTIATION%GOBP%GO:0045599		29	0.5237341	1.4393297	0.06655434	0.14850354	1.0	1239	tags=28%, list=10%, signal=31%	
ANTIGEN PROCESSING AND PRESENTATION OF PEPTIDE ANTIGEN VIA MHC CLASS I%GOBP%GO:0002474	ANTIGEN PROCESSING AND PRESENTATION OF PEPTIDE ANTIGEN VIA MHC CLASS I%GOBP%GO:0002474		30	0.5125444	1.4392723	0.057770547	0.14845213	1.0	3082	tags=40%, list=26%, signal=54%	
BIOCARTA_NFAT_PATHWAY%MSIGDB_C2%BIOCARTA_NFAT_PATHWAY	BIOCARTA_NFAT_PATHWAY%MSIGDB_C2%BIOCARTA_NFAT_PATHWAY		27	0.5197239	1.438585	0.05364627	0.14904232	1.0	676	tags=19%, list=6%, signal=20%	
NEGATIVE REGULATION OF THE PI3K AKT NETWORK%REACTOME DATABASE ID RELEASE 93%199418	NEGATIVE REGULATION OF THE PI3K AKT NETWORK%REACTOME DATABASE ID RELEASE 93%199418		69	0.4417313	1.4384296	0.023323616	0.1491019	1.0	1178	tags=28%, list=10%, signal=30%	
STEROL REGULATORY ELEMENT BINDING PROTEINS SREBP SIGNALING%WIKIPATHWAYS_20250810%WP1982%HOMO SAPIENS	STEROL REGULATORY ELEMENT BINDING PROTEINS SREBP SIGNALING%WIKIPATHWAYS_20250810%WP1982%HOMO SAPIENS		50	0.46441543	1.4383235	0.052425664	0.14910413	1.0	2319	tags=36%, list=19%, signal=44%	
POSITIVE REGULATION OF T CELL DIFFERENTIATION%GOBP%GO:0045582	POSITIVE REGULATION OF T CELL DIFFERENTIATION%GOBP%GO:0045582		60	0.44918838	1.4381071	0.034324944	0.14922108	1.0	1118	tags=20%, list=9%, signal=22%	
REGULATION OF PROTEIN KINASE ACTIVITY%GOBP%GO:0045859	REGULATION OF PROTEIN KINASE ACTIVITY%GOBP%GO:0045859		160	0.39005435	1.4379723	0.012211669	0.14923294	1.0	1184	tags=18%, list=10%, signal=19%	
APC C:CDH1 MEDIATED DEGRADATION OF CDC20 AND OTHER APC C:CDH1 TARGETED PROTEINS IN LATE MITOSIS EARLY G1%REACTOME DATABASE ID RELEASE 93%174178	APC C:CDH1 MEDIATED DEGRADATION OF CDC20 AND OTHER APC C:CDH1 TARGETED PROTEINS IN LATE MITOSIS EARLY G1%REACTOME DATABASE ID RELEASE 93%174178		60	0.45567784	1.4377867	0.038580246	0.14930825	1.0	2569	tags=38%, list=21%, signal=48%	
PID_ENDOTHELIN_PATHWAY%MSIGDB_C2%PID_ENDOTHELIN_PATHWAY	PID_ENDOTHELIN_PATHWAY%MSIGDB_C2%PID_ENDOTHELIN_PATHWAY		32	0.5074105	1.4374208	0.057424117	0.1495792	1.0	2398	tags=41%, list=20%, signal=51%	
TERPENOID METABOLIC PROCESS%GOBP%GO:0006721	TERPENOID METABOLIC PROCESS%GOBP%GO:0006721		42	0.48046368	1.4368701	0.04743083	0.15002768	1.0	1987	tags=36%, list=17%, signal=43%	
REGULATION OF COMPLEMENT CASCADE%REACTOME%R-HSA-977606.7	REGULATION OF COMPLEMENT CASCADE%REACTOME%R-HSA-977606.7		15	0.6017746	1.4366736	0.07752613	0.15011612	1.0	1304	tags=47%, list=11%, signal=52%	
REGULATION OF MAP KINASE ACTIVITY%GOBP%GO:0043405	REGULATION OF MAP KINASE ACTIVITY%GOBP%GO:0043405		42	0.48405057	1.4361882	0.040832665	0.1504996	1.0	1959	tags=33%, list=16%, signal=40%	
RRNA PROCESSING%REACTOME%R-HSA-72312.5	RRNA PROCESSING%REACTOME%R-HSA-72312.5		190	0.38393608	1.435954	0.0077619664	0.15063462	1.0	3254	tags=37%, list=27%, signal=50%	
JAK STAT SIGNALING IN THE REGULATION OF BETA CELLS%WIKIPATHWAYS_20250810%WP5358%HOMO SAPIENS	JAK STAT SIGNALING IN THE REGULATION OF BETA CELLS%WIKIPATHWAYS_20250810%WP5358%HOMO SAPIENS		24	0.5380649	1.4358996	0.06987952	0.15057154	1.0	1357	tags=33%, list=11%, signal=37%	
EXTERNAL ENCAPSULATING STRUCTURE ORGANIZATION%GOBP%GO:0045229	EXTERNAL ENCAPSULATING STRUCTURE ORGANIZATION%GOBP%GO:0045229		103	0.411937	1.4352736	0.019794721	0.15109216	1.0	1409	tags=23%, list=12%, signal=26%	
HALLMARK_MYC_TARGETS_V1%MSIGDBHALLMARK%HALLMARK_MYC_TARGETS_V1	HALLMARK_MYC_TARGETS_V1%MSIGDBHALLMARK%HALLMARK_MYC_TARGETS_V1		147	0.3972888	1.4352373	0.016983695	0.1510093	1.0	1818	tags=24%, list=15%, signal=28%	
CAMKK2 PATHWAY%WIKIPATHWAYS_20250810%WP4874%HOMO SAPIENS	CAMKK2 PATHWAY%WIKIPATHWAYS_20250810%WP4874%HOMO SAPIENS		67	0.44235966	1.4348584	0.027108435	0.15130219	1.0	2269	tags=34%, list=19%, signal=42%	
REGULATION OF FAT CELL DIFFERENTIATION%GOBP%GO:0045598	REGULATION OF FAT CELL DIFFERENTIATION%GOBP%GO:0045598		72	0.4290928	1.4347633	0.03362573	0.15128288	1.0	1239	tags=18%, list=10%, signal=20%	
BUDDING AND MATURATION OF HIV VIRION%REACTOME%R-HSA-162588.4	BUDDING AND MATURATION OF HIV VIRION%REACTOME%R-HSA-162588.4		27	0.5255951	1.4347419	0.07017544	0.15118825	1.0	2880	tags=52%, list=24%, signal=68%	
SYNAPTIC VESICLE RECYCLING%GOBP%GO:0036465	SYNAPTIC VESICLE RECYCLING%GOBP%GO:0036465		36	0.49739632	1.4345671	0.05190592	0.15126427	1.0	1500	tags=28%, list=12%, signal=32%	
PID_TCPTP_PATHWAY%MSIGDB_C2%PID_TCPTP_PATHWAY	PID_TCPTP_PATHWAY%MSIGDB_C2%PID_TCPTP_PATHWAY		29	0.518435	1.4342012	0.071723	0.1515154	1.0	1679	tags=38%, list=14%, signal=44%	
GLAND MORPHOGENESIS%GOBP%GO:0022612	GLAND MORPHOGENESIS%GOBP%GO:0022612		16	0.5803049	1.4341409	0.07664884	0.1514599	1.0	837	tags=38%, list=7%, signal=40%	
NEGATIVE REGULATION OF PHOSPHATE METABOLIC PROCESS%GOBP%GO:0045936	NEGATIVE REGULATION OF PHOSPHATE METABOLIC PROCESS%GOBP%GO:0045936		110	0.41035596	1.4340631	0.015250545	0.1514256	1.0	2278	tags=25%, list=19%, signal=31%	
RRNA PROCESSING IN THE NUCLEUS AND CYTOSOL%REACTOME DATABASE ID RELEASE 93%8868773	RRNA PROCESSING IN THE NUCLEUS AND CYTOSOL%REACTOME DATABASE ID RELEASE 93%8868773		179	0.38716388	1.4340178	0.006455778	0.15135355	1.0	1822	tags=23%, list=15%, signal=27%	
REGULATION OF DNA BINDING%GOBP%GO:0051101	REGULATION OF DNA BINDING%GOBP%GO:0051101		30	0.5190259	1.4339546	0.063114755	0.1512961	1.0	157	tags=10%, list=1%, signal=10%	
CELLULAR RESPONSE TO OXIDATIVE STRESS%GOBP%GO:0034599	CELLULAR RESPONSE TO OXIDATIVE STRESS%GOBP%GO:0034599		130	0.39649612	1.4337342	0.019768234	0.15139462	1.0	1997	tags=24%, list=17%, signal=28%	
DEGRADATION OF BETA-CATENIN BY THE DESTRUCTION COMPLEX%REACTOME%R-HSA-195253.4	DEGRADATION OF BETA-CATENIN BY THE DESTRUCTION COMPLEX%REACTOME%R-HSA-195253.4		67	0.43860868	1.4334162	0.038719285	0.15163398	1.0	2376	tags=39%, list=20%, signal=48%	
POSITIVE REGULATION OF LIPID TRANSPORT%GOBP%GO:0032370	POSITIVE REGULATION OF LIPID TRANSPORT%GOBP%GO:0032370		41	0.48442972	1.4330617	0.04979592	0.15191114	1.0	702	tags=22%, list=6%, signal=23%	
POSITIVE REGULATION OF LYMPHOCYTE DIFFERENTIATION%GOBP%GO:0045621	POSITIVE REGULATION OF LYMPHOCYTE DIFFERENTIATION%GOBP%GO:0045621		69	0.4372237	1.4324523	0.03051106	0.15242708	1.0	1118	tags=19%, list=9%, signal=21%	
SIGNAL RELEASE%GOBP%GO:0023061	SIGNAL RELEASE%GOBP%GO:0023061		60	0.44710243	1.4323978	0.033987917	0.15237589	1.0	1775	tags=20%, list=15%, signal=23%	
CELL-MATRIX ADHESION%GOBP%GO:0007160	CELL-MATRIX ADHESION%GOBP%GO:0007160		72	0.4356057	1.4318929	0.030169243	0.15279815	1.0	1713	tags=25%, list=14%, signal=29%	
WARBURG EFFECT MODULATED BY DEUBIQUITINATING ENZYMES AND THEIR SUBSTRATES%WIKIPATHWAYS_20250810%WP5216%HOMO SAPIENS	WARBURG EFFECT MODULATED BY DEUBIQUITINATING ENZYMES AND THEIR SUBSTRATES%WIKIPATHWAYS_20250810%WP5216%HOMO SAPIENS		17	0.57866925	1.4312408	0.07029877	0.15336233	1.0	317	tags=24%, list=3%, signal=24%	
PROTEIN METHYLATION%GOBP%GO:0006479	PROTEIN METHYLATION%GOBP%GO:0006479		27	0.51818043	1.4312296	0.06426735	0.15325758	1.0	4139	tags=59%, list=34%, signal=90%	
EPO%IOB%EPO	EPO%IOB%EPO		23	0.5436716	1.4310299	0.06796941	0.15334846	1.0	2464	tags=52%, list=20%, signal=65%	
REGULATION OF NEUTROPHIL MIGRATION%GOBP%GO:1902622	REGULATION OF NEUTROPHIL MIGRATION%GOBP%GO:1902622		20	0.5528288	1.4308267	0.072256915	0.15344642	1.0	1507	tags=30%, list=13%, signal=34%	
P53-DEPENDENT G1 S DNA DAMAGE CHECKPOINT%REACTOME DATABASE ID RELEASE 93%69580	P53-DEPENDENT G1 S DNA DAMAGE CHECKPOINT%REACTOME DATABASE ID RELEASE 93%69580		51	0.46362448	1.4298843	0.042023346	0.1543329	1.0	2272	tags=37%, list=19%, signal=46%	
REGULATION OF DNA-BINDING TRANSCRIPTION FACTOR ACTIVITY%GOBP%GO:0051090	REGULATION OF DNA-BINDING TRANSCRIPTION FACTOR ACTIVITY%GOBP%GO:0051090		127	0.39775753	1.4297884	0.022916667	0.15431526	1.0	2163	tags=24%, list=18%, signal=29%	
PROTEIN-RNA COMPLEX ASSEMBLY%GOBP%GO:0022618	PROTEIN-RNA COMPLEX ASSEMBLY%GOBP%GO:0022618		171	0.38552636	1.4292091	0.012541254	0.15480044	1.0	3254	tags=36%, list=27%, signal=48%	
NEGATIVE REGULATION OF PROTEIN MODIFICATION BY SMALL PROTEIN CONJUGATION OR REMOVAL%GOBP%GO:1903321	NEGATIVE REGULATION OF PROTEIN MODIFICATION BY SMALL PROTEIN CONJUGATION OR REMOVAL%GOBP%GO:1903321		60	0.44336724	1.4289817	0.039382238	0.1549235	1.0	1959	tags=30%, list=16%, signal=36%	
NEGATIVE REGULATION OF PHOSPHORUS METABOLIC PROCESS%GOBP%GO:0010563	NEGATIVE REGULATION OF PHOSPHORUS METABOLIC PROCESS%GOBP%GO:0010563		110	0.41035596	1.4286048	0.021557719	0.15520546	1.0	2278	tags=25%, list=19%, signal=31%	
GLYCOSAMINOGLYCAN BIOSYNTHETIC PROCESS%GOBP%GO:0006024	GLYCOSAMINOGLYCAN BIOSYNTHETIC PROCESS%GOBP%GO:0006024		18	0.56528705	1.4277993	0.068481125	0.15593556	1.0	180	tags=11%, list=1%, signal=11%	
ENDOCHONDRAL OSSIFICATION WITH SKELETAL DYSPLASIAS%WIKIPATHWAYS_20250810%WP4808%HOMO SAPIENS	ENDOCHONDRAL OSSIFICATION WITH SKELETAL DYSPLASIAS%WIKIPATHWAYS_20250810%WP4808%HOMO SAPIENS		31	0.50612867	1.4277498	0.054121565	0.15586288	1.0	1089	tags=23%, list=9%, signal=25%	
NEGATIVE REGULATION OF OXIDATIVE STRESS-INDUCED INTRINSIC APOPTOTIC SIGNALING PATHWAY%GOBP%GO:1902176	NEGATIVE REGULATION OF OXIDATIVE STRESS-INDUCED INTRINSIC APOPTOTIC SIGNALING PATHWAY%GOBP%GO:1902176		20	0.55299187	1.4267377	0.06998314	0.15682703	1.0	2425	tags=50%, list=20%, signal=63%	
POSITIVE REGULATION OF ERBB SIGNALING PATHWAY%GOBP%GO:1901186	POSITIVE REGULATION OF ERBB SIGNALING PATHWAY%GOBP%GO:1901186		24	0.5361358	1.4264328	0.08101266	0.15703851	1.0	109	tags=13%, list=1%, signal=13%	
GLYCOLYSIS%REACTOME DATABASE ID RELEASE 93%70171	GLYCOLYSIS%REACTOME DATABASE ID RELEASE 93%70171		55	0.4486973	1.4262985	0.03978577	0.15706483	1.0	2323	tags=42%, list=19%, signal=52%	
CYCLIN E ASSOCIATED EVENTS DURING G1 S TRANSITION%REACTOME%R-HSA-69202.5	CYCLIN E ASSOCIATED EVENTS DURING G1 S TRANSITION%REACTOME%R-HSA-69202.5		72	0.42823982	1.4262934	0.038255546	0.1569522	1.0	2272	tags=35%, list=19%, signal=43%	
ERYTHROCYTE HOMEOSTASIS%GOBP%GO:0034101	ERYTHROCYTE HOMEOSTASIS%GOBP%GO:0034101		37	0.48685968	1.4262116	0.05098684	0.15692648	1.0	719	tags=14%, list=6%, signal=14%	
SHP2 SIGNALING%PATHWAY INTERACTION DATABASE NCI-NATURE CURATED DATA%SHP2 SIGNALING	SHP2 SIGNALING%PATHWAY INTERACTION DATABASE NCI-NATURE CURATED DATA%SHP2 SIGNALING		39	0.48060566	1.4261549	0.06214689	0.1568666	1.0	908	tags=23%, list=8%, signal=25%	
BIOCARTA_CERAMIDE_PATHWAY%MSIGDB_C2%BIOCARTA_CERAMIDE_PATHWAY	BIOCARTA_CERAMIDE_PATHWAY%MSIGDB_C2%BIOCARTA_CERAMIDE_PATHWAY		21	0.5532648	1.4259185	0.08163265	0.15700932	1.0	1901	tags=33%, list=16%, signal=40%	
NEGATIVE REGULATION OF MAPK CASCADE%GOBP%GO:0043409	NEGATIVE REGULATION OF MAPK CASCADE%GOBP%GO:0043409		103	0.41092092	1.4254574	0.026485326	0.15735088	1.0	1239	tags=22%, list=10%, signal=25%	
XBP1(S) ACTIVATES CHAPERONE GENES%REACTOME%R-HSA-381038.5	XBP1(S) ACTIVATES CHAPERONE GENES%REACTOME%R-HSA-381038.5		42	0.47171336	1.4246085	0.06028939	0.15816471	1.0	2353	tags=38%, list=20%, signal=47%	
REGULATION OF PROTEIN LOCALIZATION TO NUCLEUS%GOBP%GO:1900180	REGULATION OF PROTEIN LOCALIZATION TO NUCLEUS%GOBP%GO:1900180		91	0.41852286	1.4243109	0.03176895	0.15835714	1.0	2358	tags=31%, list=20%, signal=38%	
BIOCARTA_AT1R_PATHWAY%MSIGDB_C2%BIOCARTA_AT1R_PATHWAY	BIOCARTA_AT1R_PATHWAY%MSIGDB_C2%BIOCARTA_AT1R_PATHWAY		20	0.565041	1.4239336	0.08426483	0.15864193	1.0	2398	tags=50%, list=20%, signal=62%	
ENDOCHONDRAL OSSIFICATION%WIKIPATHWAYS_20250810%WP474%HOMO SAPIENS	ENDOCHONDRAL OSSIFICATION%WIKIPATHWAYS_20250810%WP474%HOMO SAPIENS		31	0.50612867	1.423825	0.06562756	0.15864976	1.0	1089	tags=23%, list=9%, signal=25%	
ANGIOGENESIS%GOBP%GO:0001525	ANGIOGENESIS%GOBP%GO:0001525		121	0.40155464	1.4237884	0.022774328	0.1585679	1.0	1575	tags=26%, list=13%, signal=29%	
NICOTINIC ACETYLCHOLINE RECEPTOR SIGNALING PATHWAY%PANTHER PATHWAY%P00044	NICOTINIC ACETYLCHOLINE RECEPTOR SIGNALING PATHWAY%PANTHER PATHWAY%P00044		31	0.5029861	1.4236919	0.07807309	0.15854706	1.0	1659	tags=39%, list=14%, signal=45%	
7Q11 23 COPY NUMBER VARIATION SYNDROME%WIKIPATHWAYS_20250810%WP4932%HOMO SAPIENS	7Q11 23 COPY NUMBER VARIATION SYNDROME%WIKIPATHWAYS_20250810%WP4932%HOMO SAPIENS		67	0.43714505	1.4233143	0.042136945	0.1588413	1.0	2321	tags=36%, list=19%, signal=44%	
MACROPHAGE ACTIVATION%GOBP%GO:0042116	MACROPHAGE ACTIVATION%GOBP%GO:0042116		22	0.5338965	1.4223751	0.07081911	0.15972811	1.0	301	tags=18%, list=3%, signal=19%	
LISSENCEPHALY GENE (LIS1) IN NEURONAL MIGRATION AND DEVELOPMENT%PATHWAY INTERACTION DATABASE NCI-NATURE CURATED DATA%LISSENCEPHALY GENE (LIS1) IN NEURONAL MIGRATION AND DEVELOPMENT	LISSENCEPHALY GENE (LIS1) IN NEURONAL MIGRATION AND DEVELOPMENT%PATHWAY INTERACTION DATABASE NCI-NATURE CURATED DATA%LISSENCEPHALY GENE (LIS1) IN NEURONAL MIGRATION AND DEVELOPMENT		26	0.51527923	1.4216392	0.06571188	0.16041496	1.0	2714	tags=42%, list=23%, signal=55%	
HEMATOPOIETIC PROGENITOR CELL DIFFERENTIATION%GOBP%GO:0002244	HEMATOPOIETIC PROGENITOR CELL DIFFERENTIATION%GOBP%GO:0002244		19	0.559318	1.4214733	0.077186964	0.16048746	1.0	451	tags=21%, list=4%, signal=22%	
RAF-INDEPENDENT MAPK1 3 ACTIVATION%REACTOME DATABASE ID RELEASE 93%112409	RAF-INDEPENDENT MAPK1 3 ACTIVATION%REACTOME DATABASE ID RELEASE 93%112409		21	0.54644156	1.4210591	0.07484769	0.16079229	1.0	1621	tags=52%, list=13%, signal=60%	
PARKINSON 39 S DISEASE PATHWAY%WIKIPATHWAYS_20250810%WP2371%HOMO SAPIENS	PARKINSON 39 S DISEASE PATHWAY%WIKIPATHWAYS_20250810%WP2371%HOMO SAPIENS		26	0.52337366	1.419746	0.08173478	0.16212712	1.0	1930	tags=31%, list=16%, signal=37%	
PID_HDAC_CLASSI_PATHWAY%MSIGDB_C2%PID_HDAC_CLASSI_PATHWAY	PID_HDAC_CLASSI_PATHWAY%MSIGDB_C2%PID_HDAC_CLASSI_PATHWAY		54	0.4559401	1.4196312	0.045736436	0.16212957	1.0	937	tags=15%, list=8%, signal=16%	
POSITIVE REGULATION OF PROTEIN LOCALIZATION TO NUCLEUS%GOBP%GO:1900182	POSITIVE REGULATION OF PROTEIN LOCALIZATION TO NUCLEUS%GOBP%GO:1900182		64	0.43851426	1.4191458	0.0373413	0.16254653	1.0	2109	tags=31%, list=18%, signal=38%	
REGULATION OF INSULIN RECEPTOR SIGNALING PATHWAY%GOBP%GO:0046626	REGULATION OF INSULIN RECEPTOR SIGNALING PATHWAY%GOBP%GO:0046626		40	0.4803692	1.4189504	0.055423595	0.16265981	1.0	2771	tags=45%, list=23%, signal=58%	
REGULATION OF TRANSLATION IN RESPONSE TO STRESS%GOBP%GO:0043555	REGULATION OF TRANSLATION IN RESPONSE TO STRESS%GOBP%GO:0043555		17	0.5750522	1.4183578	0.08931699	0.16317955	1.0	837	tags=18%, list=7%, signal=19%	
PROTEIN LOCALIZATION TO ENDOPLASMIC RETICULUM%GOBP%GO:0070972	PROTEIN LOCALIZATION TO ENDOPLASMIC RETICULUM%GOBP%GO:0070972		22	0.54258955	1.4166079	0.08089501	0.16500376	1.0	2319	tags=32%, list=19%, signal=39%	
N-GLYCAN ANTENNAE ELONGATION IN THE MEDIAL TRANS-GOLGI%REACTOME DATABASE ID RELEASE 93%975576	N-GLYCAN ANTENNAE ELONGATION IN THE MEDIAL TRANS-GOLGI%REACTOME DATABASE ID RELEASE 93%975576		18	0.5641806	1.4165465	0.09625668	0.1649494	1.0	2564	tags=44%, list=21%, signal=56%	
NEGATIVE REGULATION OF MYELOID CELL DIFFERENTIATION%GOBP%GO:0045638	NEGATIVE REGULATION OF MYELOID CELL DIFFERENTIATION%GOBP%GO:0045638		32	0.50028926	1.4164927	0.07107023	0.16488883	1.0	913	tags=19%, list=8%, signal=20%	
ESTABLISHMENT OF ENDOTHELIAL BARRIER%GOBP%GO:0061028	ESTABLISHMENT OF ENDOTHELIAL BARRIER%GOBP%GO:0061028		19	0.56349486	1.4164727	0.08911739	0.16478474	1.0	1914	tags=26%, list=16%, signal=31%	
POSITIVE REGULATION OF SPROUTING ANGIOGENESIS%GOBP%GO:1903672	POSITIVE REGULATION OF SPROUTING ANGIOGENESIS%GOBP%GO:1903672		16	0.58457136	1.4160061	0.080213904	0.16518696	1.0	679	tags=25%, list=6%, signal=26%	
CELLULAR RESPIRATION%GOBP%GO:0045333	CELLULAR RESPIRATION%GOBP%GO:0045333		130	0.39725348	1.4159242	0.023842918	0.16516142	1.0	2131	tags=32%, list=18%, signal=38%	
METABOLIC REPROGRAMMING IN PANCREATIC CANCER%WIKIPATHWAYS_20250810%WP5220%HOMO SAPIENS	METABOLIC REPROGRAMMING IN PANCREATIC CANCER%WIKIPATHWAYS_20250810%WP5220%HOMO SAPIENS		26	0.5219025	1.4156414	0.07633588	0.16535424	1.0	2300	tags=38%, list=19%, signal=47%	
THYROXINE THYROID HORMONE PRODUCTION%WIKIPATHWAYS_20250810%WP1981%HOMO SAPIENS	THYROXINE THYROID HORMONE PRODUCTION%WIKIPATHWAYS_20250810%WP1981%HOMO SAPIENS		15	0.58963025	1.4154667	0.078397214	0.16542943	1.0	1326	tags=40%, list=11%, signal=45%	
FEMALE PREGNANCY%GOBP%GO:0007565	FEMALE PREGNANCY%GOBP%GO:0007565		33	0.50079286	1.4154418	0.05755396	0.16533415	1.0	1951	tags=33%, list=16%, signal=40%	
SIGNALING BY ERBB4%REACTOME DATABASE ID RELEASE 93%1236394	SIGNALING BY ERBB4%REACTOME DATABASE ID RELEASE 93%1236394		39	0.47877178	1.4152699	0.05967742	0.16541079	1.0	1385	tags=28%, list=12%, signal=32%	
NEGATIVE REGULATION OF REPRODUCTIVE PROCESS%GOBP%GO:2000242	NEGATIVE REGULATION OF REPRODUCTIVE PROCESS%GOBP%GO:2000242		20	0.5464355	1.4143472	0.079555176	0.1663254	1.0	599	tags=25%, list=5%, signal=26%	
CCR5%IOB%CCR5	CCR5%IOB%CCR5		17	0.5762067	1.4142622	0.0890411	0.16630921	1.0	2381	tags=47%, list=20%, signal=59%	
NUCLEAR SIGNALING BY ERBB4%REACTOME DATABASE ID RELEASE 93%1251985	NUCLEAR SIGNALING BY ERBB4%REACTOME DATABASE ID RELEASE 93%1251985		23	0.5335146	1.4134408	0.072841726	0.16710731	1.0	1385	tags=30%, list=12%, signal=34%	
MAJOR PATHWAY OF RRNA PROCESSING IN THE NUCLEOLUS AND CYTOSOL%REACTOME%R-HSA-6791226.5	MAJOR PATHWAY OF RRNA PROCESSING IN THE NUCLEOLUS AND CYTOSOL%REACTOME%R-HSA-6791226.5		169	0.38157588	1.4131021	0.015625	0.1673725	1.0	3254	tags=37%, list=27%, signal=50%	
PID_PDGFRB_PATHWAY%MSIGDB_C2%PID_PDGFRB_PATHWAY	PID_PDGFRB_PATHWAY%MSIGDB_C2%PID_PDGFRB_PATHWAY		89	0.41740286	1.4126675	0.038350217	0.16772649	1.0	2398	tags=33%, list=20%, signal=40%	
CELL-SUBSTRATE ADHESION%GOBP%GO:0031589	CELL-SUBSTRATE ADHESION%GOBP%GO:0031589		97	0.40971923	1.4123061	0.02875629	0.16801651	1.0	1713	tags=23%, list=14%, signal=26%	
SIGNALING BY EGFR IN CANCER%REACTOME%R-HSA-1643713.4	SIGNALING BY EGFR IN CANCER%REACTOME%R-HSA-1643713.4		21	0.5493552	1.4122568	0.07747106	0.16794248	1.0	1240	tags=33%, list=10%, signal=37%	
BIOCARTA_PTDINS_PATHWAY%MSIGDB_C2%BIOCARTA_PTDINS_PATHWAY	BIOCARTA_PTDINS_PATHWAY%MSIGDB_C2%BIOCARTA_PTDINS_PATHWAY		20	0.5496349	1.4120076	0.08549223	0.16810654	1.0	2131	tags=40%, list=18%, signal=49%	
REGULATION OF LIPID CATABOLIC PROCESS%GOBP%GO:0050994	REGULATION OF LIPID CATABOLIC PROCESS%GOBP%GO:0050994		28	0.5142043	1.4116374	0.07107023	0.16840841	1.0	241	tags=18%, list=2%, signal=18%	
PARKINSON DISEASE%PANTHER PATHWAY%P00049	PARKINSON DISEASE%PANTHER PATHWAY%P00049		37	0.4904329	1.411096	0.067434214	0.16888286	1.0	2569	tags=38%, list=21%, signal=48%	
RIBONUCLEOSIDE TRIPHOSPHATE BIOSYNTHETIC PROCESS%GOBP%GO:0009201	RIBONUCLEOSIDE TRIPHOSPHATE BIOSYNTHETIC PROCESS%GOBP%GO:0009201		56	0.44604975	1.410838	0.043243244	0.16904673	1.0	2082	tags=27%, list=17%, signal=32%	
REGULATION OF EXPRESSION AND FUNCTION OF TYPE I CLASSICAL CADHERINS%REACTOME DATABASE ID RELEASE 93%9764274	REGULATION OF EXPRESSION AND FUNCTION OF TYPE I CLASSICAL CADHERINS%REACTOME DATABASE ID RELEASE 93%9764274		125	0.39171034	1.4107219	0.024255024	0.1690571	1.0	2569	tags=33%, list=21%, signal=41%	
SEMI-LUNAR VALVE DEVELOPMENT%GOBP%GO:1905314	SEMI-LUNAR VALVE DEVELOPMENT%GOBP%GO:1905314		30	0.5010497	1.4104248	0.06864407	0.16926278	1.0	2148	tags=33%, list=18%, signal=40%	
T CELL RECEPTOR SIGNALING PATHWAY%GOBP%GO:0050852	T CELL RECEPTOR SIGNALING PATHWAY%GOBP%GO:0050852		57	0.4443465	1.4094955	0.04304381	0.17013451	1.0	2448	tags=32%, list=20%, signal=39%	
IL8- AND CXCR2-MEDIATED SIGNALING EVENTS%PATHWAY INTERACTION DATABASE NCI-NATURE CURATED DATA%IL8- AND CXCR2-MEDIATED SIGNALING EVENTS	IL8- AND CXCR2-MEDIATED SIGNALING EVENTS%PATHWAY INTERACTION DATABASE NCI-NATURE CURATED DATA%IL8- AND CXCR2-MEDIATED SIGNALING EVENTS		20	0.5464017	1.4092238	0.09439003	0.1703094	1.0	2436	tags=45%, list=20%, signal=56%	
SIGNALING BY ALK FUSIONS AND ACTIVATED POINT MUTANTS%REACTOME DATABASE ID RELEASE 93%9725370	SIGNALING BY ALK FUSIONS AND ACTIVATED POINT MUTANTS%REACTOME DATABASE ID RELEASE 93%9725370		78	0.42016393	1.4080706	0.03731343	0.17146519	1.0	1402	tags=23%, list=12%, signal=26%	
TGF-BETA RECEPTOR SIGNALING ACTIVATES SMADS%REACTOME%R-HSA-2173789.6	TGF-BETA RECEPTOR SIGNALING ACTIVATES SMADS%REACTOME%R-HSA-2173789.6		44	0.4651288	1.4076014	0.054287963	0.17190214	1.0	2148	tags=34%, list=18%, signal=41%	
PROTEIN ALKYLATION%GOBP%GO:0008213	PROTEIN ALKYLATION%GOBP%GO:0008213		27	0.51818043	1.4073714	0.057192374	0.17203832	1.0	4139	tags=59%, list=34%, signal=90%	
SIGNALING BY RAF1 MUTANTS%REACTOME%R-HSA-9656223.2	SIGNALING BY RAF1 MUTANTS%REACTOME%R-HSA-9656223.2		29	0.50396675	1.407357	0.08442623	0.17192759	1.0	1326	tags=31%, list=11%, signal=35%	
SIGNALING EVENTS MEDIATED BY HDAC CLASS I%PATHWAY INTERACTION DATABASE NCI-NATURE CURATED DATA%SIGNALING EVENTS MEDIATED BY HDAC CLASS I	SIGNALING EVENTS MEDIATED BY HDAC CLASS I%PATHWAY INTERACTION DATABASE NCI-NATURE CURATED DATA%SIGNALING EVENTS MEDIATED BY HDAC CLASS I		63	0.4369754	1.4064357	0.05421687	0.17281367	1.0	2329	tags=27%, list=19%, signal=33%	
NEGATIVE REGULATION OF ADAPTIVE IMMUNE RESPONSE BASED ON SOMATIC RECOMBINATION OF IMMUNE RECEPTORS BUILT FROM IMMUNOGLOBULIN SUPERFAMILY DOMAINS%GOBP%GO:0002823	NEGATIVE REGULATION OF ADAPTIVE IMMUNE RESPONSE BASED ON SOMATIC RECOMBINATION OF IMMUNE RECEPTORS BUILT FROM IMMUNOGLOBULIN SUPERFAMILY DOMAINS%GOBP%GO:0002823		20	0.55221486	1.406095	0.09059829	0.17307247	1.0	1724	tags=40%, list=14%, signal=47%	
PHOSPHOLIPASE C-ACTIVATING G PROTEIN-COUPLED RECEPTOR SIGNALING PATHWAY%GOBP%GO:0007200	PHOSPHOLIPASE C-ACTIVATING G PROTEIN-COUPLED RECEPTOR SIGNALING PATHWAY%GOBP%GO:0007200		35	0.48110598	1.4057935	0.07457899	0.17329015	1.0	542	tags=17%, list=5%, signal=18%	
TGF-BETA RECEPTOR SIGNALING IN EMT (EPITHELIAL TO MESENCHYMAL TRANSITION)%REACTOME%R-HSA-2173791.3	TGF-BETA RECEPTOR SIGNALING IN EMT (EPITHELIAL TO MESENCHYMAL TRANSITION)%REACTOME%R-HSA-2173791.3		15	0.5825986	1.4057525	0.08933218	0.17320867	1.0	2714	tags=53%, list=23%, signal=69%	
PANCREATIC ADENOCARCINOMA PATHWAY%WIKIPATHWAYS_20250810%WP4263%HOMO SAPIENS	PANCREATIC ADENOCARCINOMA PATHWAY%WIKIPATHWAYS_20250810%WP4263%HOMO SAPIENS		65	0.4332097	1.4054891	0.05173745	0.17339508	1.0	1866	tags=28%, list=15%, signal=33%	
PEPTIDYL-TYROSINE MODIFICATION%GOBP%GO:0018212	PEPTIDYL-TYROSINE MODIFICATION%GOBP%GO:0018212		25	0.52994585	1.4045125	0.09020618	0.17439178	1.0	854	tags=24%, list=7%, signal=26%	
SIGNALING EVENTS MEDIATED BY HDAC CLASS II%PATHWAY INTERACTION DATABASE NCI-NATURE CURATED DATA%SIGNALING EVENTS MEDIATED BY HDAC CLASS II	SIGNALING EVENTS MEDIATED BY HDAC CLASS II%PATHWAY INTERACTION DATABASE NCI-NATURE CURATED DATA%SIGNALING EVENTS MEDIATED BY HDAC CLASS II		29	0.4973168	1.4042379	0.08244898	0.17458335	1.0	2088	tags=38%, list=17%, signal=46%	
NEGATIVE REGULATION OF NERVOUS SYSTEM DEVELOPMENT%GOBP%GO:0051961	NEGATIVE REGULATION OF NERVOUS SYSTEM DEVELOPMENT%GOBP%GO:0051961		46	0.46357417	1.4037505	0.06818182	0.17503227	1.0	219	tags=13%, list=2%, signal=13%	
PRION DISEASE PATHWAY%WIKIPATHWAYS_20250810%WP3995%HOMO SAPIENS	PRION DISEASE PATHWAY%WIKIPATHWAYS_20250810%WP3995%HOMO SAPIENS		22	0.5357757	1.4033663	0.07692308	0.1753342	1.0	937	tags=23%, list=8%, signal=25%	
DNA REPAIR-DEPENDENT CHROMATIN REMODELING%GOBP%GO:0140861	DNA REPAIR-DEPENDENT CHROMATIN REMODELING%GOBP%GO:0140861		21	0.54699045	1.4032534	0.08202443	0.17534141	1.0	1726	tags=33%, list=14%, signal=39%	
SIGNALING BY MODERATE KINASE ACTIVITY BRAF MUTANTS%REACTOME%R-HSA-6802946.3	SIGNALING BY MODERATE KINASE ACTIVITY BRAF MUTANTS%REACTOME%R-HSA-6802946.3		33	0.48616827	1.4030746	0.07498027	0.17542289	1.0	1326	tags=27%, list=11%, signal=31%	
PID_HIF2PATHWAY%MSIGDB_C2%PID_HIF2PATHWAY	PID_HIF2PATHWAY%MSIGDB_C2%PID_HIF2PATHWAY		19	0.5529336	1.4029753	0.08105802	0.17540707	1.0	200	tags=16%, list=2%, signal=16%	
1P36 COPY NUMBER VARIATION SYNDROME%WIKIPATHWAYS_20250810%WP5345%HOMO SAPIENS	1P36 COPY NUMBER VARIATION SYNDROME%WIKIPATHWAYS_20250810%WP5345%HOMO SAPIENS		63	0.43312162	1.4026502	0.0503003	0.17565708	1.0	2196	tags=27%, list=18%, signal=33%	
T CELL COSTIMULATION%GOBP%GO:0031295	T CELL COSTIMULATION%GOBP%GO:0031295		23	0.53214574	1.402061	0.085957445	0.17618561	1.0	1219	tags=39%, list=10%, signal=43%	
EMBRYONIC MORPHOGENESIS%GOBP%GO:0048598	EMBRYONIC MORPHOGENESIS%GOBP%GO:0048598		170	0.37598732	1.4011674	0.01864181	0.17712638	1.0	1091	tags=15%, list=9%, signal=16%	
REGULATION OF TELOMERE MAINTENANCE IN RESPONSE TO DNA DAMAGE%GOBP%GO:1904505	REGULATION OF TELOMERE MAINTENANCE IN RESPONSE TO DNA DAMAGE%GOBP%GO:1904505		16	0.5792043	1.4008023	0.09139785	0.17743164	1.0	2533	tags=44%, list=21%, signal=55%	
GLUCONEOGENESIS%GOBP%GO:0006094	GLUCONEOGENESIS%GOBP%GO:0006094		22	0.5401595	1.3994209	0.09043478	0.17893869	1.0	2200	tags=68%, list=18%, signal=83%	
MATURATION OF 5.8S RRNA FROM TRICISTRONIC RRNA TRANSCRIPT (SSU-RRNA, 5.8S RRNA, LSU-RRNA)%GOBP%GO:0000466	MATURATION OF 5.8S RRNA FROM TRICISTRONIC RRNA TRANSCRIPT (SSU-RRNA, 5.8S RRNA, LSU-RRNA)%GOBP%GO:0000466		20	0.5490782	1.3993571	0.094024606	0.17887777	1.0	2805	tags=45%, list=23%, signal=59%	
GLUTAMATE RECEPTOR SIGNALING PATHWAY%GOBP%GO:0007215	GLUTAMATE RECEPTOR SIGNALING PATHWAY%GOBP%GO:0007215		16	0.5755406	1.3981098	0.089590445	0.1801616	1.0	2532	tags=50%, list=21%, signal=63%	
REGULATION OF CDH1 EXPRESSION AND FUNCTION%REACTOME%R-HSA-9764265.1	REGULATION OF CDH1 EXPRESSION AND FUNCTION%REACTOME%R-HSA-9764265.1		125	0.39171034	1.3978101	0.021587744	0.18037556	1.0	2569	tags=33%, list=21%, signal=41%	
POSITIVE REGULATION OF PROTEIN-CONTAINING COMPLEX DISASSEMBLY%GOBP%GO:0043243	POSITIVE REGULATION OF PROTEIN-CONTAINING COMPLEX DISASSEMBLY%GOBP%GO:0043243		22	0.5262059	1.3976916	0.08616188	0.18039432	1.0	1679	tags=32%, list=14%, signal=37%	
POSITIVE REGULATION OF NUCLEOCYTOPLASMIC TRANSPORT%GOBP%GO:0046824	POSITIVE REGULATION OF NUCLEOCYTOPLASMIC TRANSPORT%GOBP%GO:0046824		41	0.4652915	1.3975084	0.077974275	0.18048595	1.0	1911	tags=29%, list=16%, signal=35%	
U2-TYPE PRESPLICEOSOME ASSEMBLY%GOBP%GO:1903241	U2-TYPE PRESPLICEOSOME ASSEMBLY%GOBP%GO:1903241		24	0.52109724	1.3968909	0.08503401	0.18109734	1.0	1725	tags=25%, list=14%, signal=29%	
REGULATION OF KINASE ACTIVITY%GOBP%GO:0043549	REGULATION OF KINASE ACTIVITY%GOBP%GO:0043549		174	0.3749323	1.3965825	0.020038785	0.18132728	1.0	1184	tags=17%, list=10%, signal=18%	
METABOLIC COMPOUND SALVAGE%GOBP%GO:0043094	METABOLIC COMPOUND SALVAGE%GOBP%GO:0043094		21	0.54263675	1.3964087	0.094798654	0.18140614	1.0	2581	tags=48%, list=21%, signal=61%	
PID_PRL_SIGNALING_EVENTS_PATHWAY%MSIGDB_C2%PID_PRL_SIGNALING_EVENTS_PATHWAY	PID_PRL_SIGNALING_EVENTS_PATHWAY%MSIGDB_C2%PID_PRL_SIGNALING_EVENTS_PATHWAY		19	0.5509313	1.3958511	0.08828671	0.18195751	1.0	824	tags=26%, list=7%, signal=28%	
REGULATION OF BLOOD PRESSURE%GOBP%GO:0008217	REGULATION OF BLOOD PRESSURE%GOBP%GO:0008217		49	0.44840518	1.3949311	0.06766326	0.18292522	1.0	1775	tags=24%, list=15%, signal=29%	
NEGATIVE REGULATION OF POST-TRANSLATIONAL PROTEIN MODIFICATION%GOBP%GO:1901874	NEGATIVE REGULATION OF POST-TRANSLATIONAL PROTEIN MODIFICATION%GOBP%GO:1901874		61	0.43888357	1.3947122	0.04976672	0.18305211	1.0	1959	tags=30%, list=16%, signal=35%	
OSTEOARTHRITIC CHONDROCYTE HYPERTROPHY%WIKIPATHWAYS_20250810%WP5373%HOMO SAPIENS	OSTEOARTHRITIC CHONDROCYTE HYPERTROPHY%WIKIPATHWAYS_20250810%WP5373%HOMO SAPIENS		31	0.49140275	1.3935833	0.08723748	0.18426512	1.0	998	tags=26%, list=8%, signal=28%	
LYMPHOCYTE ACTIVATION INVOLVED IN IMMUNE RESPONSE%GOBP%GO:0002285	LYMPHOCYTE ACTIVATION INVOLVED IN IMMUNE RESPONSE%GOBP%GO:0002285		49	0.45252964	1.3933053	0.06323185	0.18445888	1.0	399	tags=10%, list=3%, signal=11%	
SYNDECAN-1-MEDIATED SIGNALING EVENTS%PATHWAY INTERACTION DATABASE NCI-NATURE CURATED DATA%SYNDECAN-1-MEDIATED SIGNALING EVENTS	SYNDECAN-1-MEDIATED SIGNALING EVENTS%PATHWAY INTERACTION DATABASE NCI-NATURE CURATED DATA%SYNDECAN-1-MEDIATED SIGNALING EVENTS		28	0.5117177	1.3930918	0.07751278	0.18457213	1.0	1866	tags=25%, list=15%, signal=30%	
CELLULAR RESPONSE TO CHEMICAL STRESS%GOBP%GO:0062197	CELLULAR RESPONSE TO CHEMICAL STRESS%GOBP%GO:0062197		162	0.37868348	1.3929682	0.021361817	0.18458894	1.0	1997	tags=26%, list=17%, signal=31%	
ORC1 REMOVAL FROM CHROMATIN%REACTOME%R-HSA-68949.5	ORC1 REMOVAL FROM CHROMATIN%REACTOME%R-HSA-68949.5		57	0.44195703	1.3929644	0.050847456	0.18445922	1.0	2272	tags=37%, list=19%, signal=45%	
RESPONSE TO AMYLOID-BETA%GOBP%GO:1904645	RESPONSE TO AMYLOID-BETA%GOBP%GO:1904645		30	0.49992344	1.3928981	0.07673469	0.18440704	1.0	319	tags=13%, list=3%, signal=14%	
REGULATION OF NF-KAPPA B SIGNALING%REACTOME DATABASE ID RELEASE 93%9758274	REGULATION OF NF-KAPPA B SIGNALING%REACTOME DATABASE ID RELEASE 93%9758274		18	0.56183684	1.392734	0.084543124	0.18446456	1.0	2868	tags=44%, list=24%, signal=58%	
ATF-2 TRANSCRIPTION FACTOR NETWORK%PATHWAY INTERACTION DATABASE NCI-NATURE CURATED DATA%ATF-2 TRANSCRIPTION FACTOR NETWORK	ATF-2 TRANSCRIPTION FACTOR NETWORK%PATHWAY INTERACTION DATABASE NCI-NATURE CURATED DATA%ATF-2 TRANSCRIPTION FACTOR NETWORK		47	0.4521567	1.3926798	0.06269593	0.1844053	1.0	656	tags=19%, list=5%, signal=20%	
CARBOHYDRATE METABOLIC PROCESS%GOBP%GO:0005975	CARBOHYDRATE METABOLIC PROCESS%GOBP%GO:0005975		183	0.37243915	1.392507	0.019367334	0.18447573	1.0	2211	tags=32%, list=18%, signal=38%	
GONAD DEVELOPMENT%GOBP%GO:0008406	GONAD DEVELOPMENT%GOBP%GO:0008406		43	0.46057308	1.3923318	0.07369255	0.18452246	1.0	1902	tags=33%, list=16%, signal=39%	
PYRIMIDINE-CONTAINING COMPOUND METABOLIC PROCESS%GOBP%GO:0072527	PYRIMIDINE-CONTAINING COMPOUND METABOLIC PROCESS%GOBP%GO:0072527		45	0.44999427	1.3920051	0.06635441	0.18480931	1.0	1056	tags=18%, list=9%, signal=19%	
SIGNALING BY ALK IN CANCER%REACTOME DATABASE ID RELEASE 93%9700206	SIGNALING BY ALK IN CANCER%REACTOME DATABASE ID RELEASE 93%9700206		78	0.42016393	1.3916051	0.04568902	0.1851626	1.0	1402	tags=23%, list=12%, signal=26%	
INTRACELLULAR SIGNALLING THROUGH ADENOSINE RECEPTOR A2A AND ADENOSINE%SMPDB%SMP0000320	INTRACELLULAR SIGNALLING THROUGH ADENOSINE RECEPTOR A2A AND ADENOSINE%SMPDB%SMP0000320		33	0.48893327	1.3915089	0.07388749	0.18515667	1.0	2436	tags=36%, list=20%, signal=45%	
INTERLEUKIN-12 SIGNALING%REACTOME%R-HSA-9020591.3	INTERLEUKIN-12 SIGNALING%REACTOME%R-HSA-9020591.3		37	0.47786698	1.3909576	0.07983871	0.18568167	1.0	2097	tags=35%, list=17%, signal=42%	
REGULATION OF RECEPTOR SIGNALING PATHWAY VIA JAK-STAT%GOBP%GO:0046425	REGULATION OF RECEPTOR SIGNALING PATHWAY VIA JAK-STAT%GOBP%GO:0046425		38	0.47061718	1.390466	0.07289107	0.18612792	1.0	315	tags=13%, list=3%, signal=13%	
GLAND DEVELOPMENT%GOBP%GO:0048732	GLAND DEVELOPMENT%GOBP%GO:0048732		77	0.41552803	1.3900347	0.0408461	0.1865254	1.0	1118	tags=19%, list=9%, signal=21%	
INTRACELLULAR SIGNALLING THROUGH ADENOSINE RECEPTOR A2B AND ADENOSINE%SMPDB%SMP0000321	INTRACELLULAR SIGNALLING THROUGH ADENOSINE RECEPTOR A2B AND ADENOSINE%SMPDB%SMP0000321		34	0.48510477	1.3899174	0.07666942	0.18652907	1.0	2436	tags=35%, list=20%, signal=44%	
ACTIVATED NOTCH1 TRANSMITS SIGNAL TO THE NUCLEUS%REACTOME DATABASE ID RELEASE 93%2122948	ACTIVATED NOTCH1 TRANSMITS SIGNAL TO THE NUCLEUS%REACTOME DATABASE ID RELEASE 93%2122948		27	0.5117011	1.389628	0.098122865	0.18673532	1.0	1533	tags=33%, list=13%, signal=38%	
GPCRS CLASS A RHODOPSIN LIKE%WIKIPATHWAYS_20250810%WP455%HOMO SAPIENS	GPCRS CLASS A RHODOPSIN LIKE%WIKIPATHWAYS_20250810%WP455%HOMO SAPIENS		30	0.49658224	1.3895693	0.078125	0.18667933	1.0	1134	tags=20%, list=9%, signal=22%	
PARADOXICAL ACTIVATION OF RAF SIGNALING BY KINASE INACTIVE BRAF%REACTOME DATABASE ID RELEASE 93%6802955	PARADOXICAL ACTIVATION OF RAF SIGNALING BY KINASE INACTIVE BRAF%REACTOME DATABASE ID RELEASE 93%6802955		33	0.48616827	1.3894114	0.068515494	0.18673877	1.0	1326	tags=27%, list=11%, signal=31%	
DICARBOXYLIC ACID METABOLIC PROCESS%GOBP%GO:0043648	DICARBOXYLIC ACID METABOLIC PROCESS%GOBP%GO:0043648		59	0.4363719	1.3893789	0.053394355	0.18664515	1.0	2404	tags=39%, list=20%, signal=48%	
NEGATIVE REGULATION OF PROTEIN UBIQUITINATION%GOBP%GO:0031397	NEGATIVE REGULATION OF PROTEIN UBIQUITINATION%GOBP%GO:0031397		55	0.437711	1.3893337	0.06528662	0.18656598	1.0	1959	tags=31%, list=16%, signal=37%	
MET PROMOTES CELL MOTILITY%REACTOME DATABASE ID RELEASE 93%8875878	MET PROMOTES CELL MOTILITY%REACTOME DATABASE ID RELEASE 93%8875878		26	0.50885	1.3891902	0.089000836	0.18659987	1.0	2072	tags=35%, list=17%, signal=42%	
STEROID METABOLIC PROCESS%GOBP%GO:0008202	STEROID METABOLIC PROCESS%GOBP%GO:0008202		110	0.3947198	1.3890746	0.026152788	0.18660387	1.0	2371	tags=34%, list=20%, signal=42%	
VIRAL LIFE CYCLE%GOBP%GO:0019058	VIRAL LIFE CYCLE%GOBP%GO:0019058		86	0.40966493	1.3884003	0.042523034	0.18730272	1.0	2286	tags=34%, list=19%, signal=41%	
EXTRAFOLLICULAR AND FOLLICULAR B CELL ACTIVATION BY SARS COV 2%WIKIPATHWAYS_20250810%WP5218%HOMO SAPIENS	EXTRAFOLLICULAR AND FOLLICULAR B CELL ACTIVATION BY SARS COV 2%WIKIPATHWAYS_20250810%WP5218%HOMO SAPIENS		23	0.5337412	1.3883461	0.08801341	0.18723412	1.0	395	tags=26%, list=3%, signal=27%	
LYMPHOCYTE COSTIMULATION%GOBP%GO:0031294	LYMPHOCYTE COSTIMULATION%GOBP%GO:0031294		24	0.5226205	1.3881723	0.09059534	0.18731321	1.0	1219	tags=38%, list=10%, signal=42%	
L1CAM INTERACTIONS%REACTOME%R-HSA-373760.4	L1CAM INTERACTIONS%REACTOME%R-HSA-373760.4		74	0.42017215	1.3875136	0.04225352	0.18796684	1.0	1914	tags=31%, list=16%, signal=37%	
CHRONIC HYPERGLYCEMIA IMPAIRMENT OF NEURON FUNCTION%WIKIPATHWAYS_20250810%WP5283%HOMO SAPIENS	CHRONIC HYPERGLYCEMIA IMPAIRMENT OF NEURON FUNCTION%WIKIPATHWAYS_20250810%WP5283%HOMO SAPIENS		25	0.5106219	1.387195	0.087866105	0.1882122	1.0	2253	tags=24%, list=19%, signal=29%	
PID_ERBB1_DOWNSTREAM_PATHWAY%MSIGDB_C2%PID_ERBB1_DOWNSTREAM_PATHWAY	PID_ERBB1_DOWNSTREAM_PATHWAY%MSIGDB_C2%PID_ERBB1_DOWNSTREAM_PATHWAY		82	0.40627632	1.3870181	0.04761905	0.18829998	1.0	1577	tags=26%, list=13%, signal=29%	
NEGATIVE REGULATION OF CELL KILLING%GOBP%GO:0031342	NEGATIVE REGULATION OF CELL KILLING%GOBP%GO:0031342		17	0.559592	1.38652	0.10659899	0.1887641	1.0	2861	tags=59%, list=24%, signal=77%	
REGULATION OF POSTSYNAPSE ORGANIZATION%GOBP%GO:0099175	REGULATION OF POSTSYNAPSE ORGANIZATION%GOBP%GO:0099175		34	0.48319763	1.3852959	0.07293355	0.1901322	1.0	1761	tags=35%, list=15%, signal=41%	
SIGNALING BY ERBB2%REACTOME%R-HSA-1227986.10	SIGNALING BY ERBB2%REACTOME%R-HSA-1227986.10		40	0.4631148	1.3846445	0.065149136	0.19080304	1.0	2719	tags=45%, list=23%, signal=58%	
PLASMA MEMBRANE ESTROGEN RECEPTOR SIGNALING%PATHWAY INTERACTION DATABASE NCI-NATURE CURATED DATA%PLASMA MEMBRANE ESTROGEN RECEPTOR SIGNALING	PLASMA MEMBRANE ESTROGEN RECEPTOR SIGNALING%PATHWAY INTERACTION DATABASE NCI-NATURE CURATED DATA%PLASMA MEMBRANE ESTROGEN RECEPTOR SIGNALING		32	0.48751545	1.384443	0.07438017	0.190915	1.0	2436	tags=41%, list=20%, signal=51%	
NEGATIVE REGULATION OF PROTEIN MODIFICATION PROCESS%GOBP%GO:0031400	NEGATIVE REGULATION OF PROTEIN MODIFICATION PROCESS%GOBP%GO:0031400		142	0.38372877	1.3841662	0.031842817	0.19111302	1.0	1959	tags=23%, list=16%, signal=27%	
ARF6 DOWNSTREAM PATHWAY%PATHWAY INTERACTION DATABASE NCI-NATURE CURATED DATA%ARF6 DOWNSTREAM PATHWAY	ARF6 DOWNSTREAM PATHWAY%PATHWAY INTERACTION DATABASE NCI-NATURE CURATED DATA%ARF6 DOWNSTREAM PATHWAY		15	0.58390844	1.3835853	0.10403588	0.19172645	1.0	824	tags=27%, list=7%, signal=29%	
NUCLEOSIDE TRIPHOSPHATE BIOSYNTHETIC PROCESS%GOBP%GO:0009142	NUCLEOSIDE TRIPHOSPHATE BIOSYNTHETIC PROCESS%GOBP%GO:0009142		60	0.43586913	1.3835186	0.054115854	0.19167638	1.0	2082	tags=25%, list=17%, signal=30%	
SARCOMERE ORGANIZATION%GOBP%GO:0045214	SARCOMERE ORGANIZATION%GOBP%GO:0045214		18	0.557914	1.3835052	0.096006796	0.19155973	1.0	791	tags=22%, list=7%, signal=24%	
OXIDATIVE STRESS RESPONSE%PANTHER PATHWAY%P00046	OXIDATIVE STRESS RESPONSE%PANTHER PATHWAY%P00046		21	0.53403765	1.3831593	0.09730669	0.19185299	1.0	1930	tags=33%, list=16%, signal=40%	
UNFOLDED PROTEIN RESPONSE (UPR)%REACTOME DATABASE ID RELEASE 93%381119	UNFOLDED PROTEIN RESPONSE (UPR)%REACTOME DATABASE ID RELEASE 93%381119		82	0.41139868	1.3828142	0.042428676	0.19211122	1.0	2649	tags=34%, list=22%, signal=43%	
CXCR3-MEDIATED SIGNALING EVENTS%PATHWAY INTERACTION DATABASE NCI-NATURE CURATED DATA%CXCR3-MEDIATED SIGNALING EVENTS	CXCR3-MEDIATED SIGNALING EVENTS%PATHWAY INTERACTION DATABASE NCI-NATURE CURATED DATA%CXCR3-MEDIATED SIGNALING EVENTS		28	0.497927	1.3825396	0.09152542	0.19230424	1.0	2436	tags=57%, list=20%, signal=71%	
ANTIGEN PROCESSING AND PRESENTATION OF PEPTIDE ANTIGEN%GOBP%GO:0048002	ANTIGEN PROCESSING AND PRESENTATION OF PEPTIDE ANTIGEN%GOBP%GO:0048002		39	0.46546772	1.3815331	0.081103005	0.19339398	1.0	2850	tags=36%, list=24%, signal=47%	
DEVELOPMENT OF PRIMARY SEXUAL CHARACTERISTICS%GOBP%GO:0045137	DEVELOPMENT OF PRIMARY SEXUAL CHARACTERISTICS%GOBP%GO:0045137		45	0.45573685	1.3813658	0.06546645	0.19345422	1.0	1902	tags=31%, list=16%, signal=37%	
OLIGOSACCHARIDE METABOLIC PROCESS%GOBP%GO:0009311	OLIGOSACCHARIDE METABOLIC PROCESS%GOBP%GO:0009311		30	0.4945307	1.3810688	0.09061225	0.19367719	1.0	1009	tags=20%, list=8%, signal=22%	
INTERLEUKIN-2 FAMILY SIGNALING%REACTOME%R-HSA-451927.7	INTERLEUKIN-2 FAMILY SIGNALING%REACTOME%R-HSA-451927.7		28	0.50604796	1.3810678	0.07601351	0.19354358	1.0	937	tags=29%, list=8%, signal=31%	
RIBONUCLEOTIDE BIOSYNTHETIC PROCESS%GOBP%GO:0009260	RIBONUCLEOTIDE BIOSYNTHETIC PROCESS%GOBP%GO:0009260		82	0.40805322	1.3808376	0.046829972	0.19368267	1.0	2775	tags=33%, list=23%, signal=42%	
REGULATION OF PEPTIDE TRANSPORT%GOBP%GO:0090087	REGULATION OF PEPTIDE TRANSPORT%GOBP%GO:0090087		67	0.42516917	1.3808188	0.058599696	0.19356969	1.0	2341	tags=33%, list=19%, signal=41%	
NANOPARTICLE MEDIATED ACTIVATION OF RECEPTOR SIGNALING%WIKIPATHWAYS_20250810%WP2643%HOMO SAPIENS	NANOPARTICLE MEDIATED ACTIVATION OF RECEPTOR SIGNALING%WIKIPATHWAYS_20250810%WP2643%HOMO SAPIENS		26	0.50721866	1.3807693	0.09547325	0.19349661	1.0	2333	tags=42%, list=19%, signal=52%	
NONALCOHOLIC FATTY LIVER DISEASE%WIKIPATHWAYS_20250810%WP4396%HOMO SAPIENS	NONALCOHOLIC FATTY LIVER DISEASE%WIKIPATHWAYS_20250810%WP4396%HOMO SAPIENS		117	0.39273593	1.3806063	0.03405797	0.1935635	1.0	2412	tags=28%, list=20%, signal=35%	
IL6-MEDIATED SIGNALING EVENTS%PATHWAY INTERACTION DATABASE NCI-NATURE CURATED DATA%IL6-MEDIATED SIGNALING EVENTS	IL6-MEDIATED SIGNALING EVENTS%PATHWAY INTERACTION DATABASE NCI-NATURE CURATED DATA%IL6-MEDIATED SIGNALING EVENTS		40	0.46640986	1.3804021	0.06747968	0.19367325	1.0	2398	tags=48%, list=20%, signal=59%	
REGULATION OF EARLY ENDOSOME TO LATE ENDOSOME TRANSPORT%GOBP%GO:2000641	REGULATION OF EARLY ENDOSOME TO LATE ENDOSOME TRANSPORT%GOBP%GO:2000641		18	0.5439445	1.3791058	0.100254886	0.19511198	1.0	2054	tags=44%, list=17%, signal=54%	
REGULATION OF EPITHELIAL CELL PROLIFERATION%GOBP%GO:0050678	REGULATION OF EPITHELIAL CELL PROLIFERATION%GOBP%GO:0050678		160	0.3723507	1.3789629	0.02734108	0.19514412	1.0	1165	tags=18%, list=10%, signal=19%	
REGULATION OF SUBSTRATE ADHESION-DEPENDENT CELL SPREADING%GOBP%GO:1900024	REGULATION OF SUBSTRATE ADHESION-DEPENDENT CELL SPREADING%GOBP%GO:1900024		39	0.4682076	1.3789499	0.079934746	0.19502665	1.0	1479	tags=28%, list=12%, signal=32%	
GENE AND PROTEIN EXPRESSION BY JAK-STAT SIGNALING AFTER INTERLEUKIN-12 STIMULATION%REACTOME DATABASE ID RELEASE 93%8950505	GENE AND PROTEIN EXPRESSION BY JAK-STAT SIGNALING AFTER INTERLEUKIN-12 STIMULATION%REACTOME DATABASE ID RELEASE 93%8950505		31	0.4927858	1.37873	0.08617886	0.19514012	1.0	2097	tags=35%, list=17%, signal=43%	
ODONTOGENESIS OF DENTIN-CONTAINING TOOTH%GOBP%GO:0042475	ODONTOGENESIS OF DENTIN-CONTAINING TOOTH%GOBP%GO:0042475		16	0.56348836	1.3783466	0.116894975	0.19546287	1.0	1459	tags=31%, list=12%, signal=36%	
INTRACELLULAR CALCIUM ION HOMEOSTASIS%GOBP%GO:0006874	INTRACELLULAR CALCIUM ION HOMEOSTASIS%GOBP%GO:0006874		75	0.41775072	1.3779573	0.05037594	0.19583626	1.0	1406	tags=17%, list=12%, signal=20%	
ASYMMETRIC LOCALIZATION OF PCP PROTEINS%REACTOME%R-HSA-4608870.3	ASYMMETRIC LOCALIZATION OF PCP PROTEINS%REACTOME%R-HSA-4608870.3		49	0.44582662	1.3777351	0.06893881	0.19599031	1.0	2272	tags=45%, list=19%, signal=55%	
REGULATION OF KIDNEY DEVELOPMENT%GOBP%GO:0090183	REGULATION OF KIDNEY DEVELOPMENT%GOBP%GO:0090183		16	0.560797	1.3775109	0.11061151	0.19612214	1.0	1091	tags=25%, list=9%, signal=27%	
SEMA4D INDUCED CELL MIGRATION AND GROWTH-CONE COLLAPSE%REACTOME%R-HSA-416572.5	SEMA4D INDUCED CELL MIGRATION AND GROWTH-CONE COLLAPSE%REACTOME%R-HSA-416572.5		19	0.5477417	1.376509	0.09383145	0.1972282	1.0	1654	tags=32%, list=14%, signal=37%	
ACTIN FILAMENT BUNDLE ASSEMBLY%GOBP%GO:0051017	ACTIN FILAMENT BUNDLE ASSEMBLY%GOBP%GO:0051017		41	0.45858473	1.3761332	0.07906977	0.19755684	1.0	2064	tags=34%, list=17%, signal=41%	
POSITIVE REGULATION OF NEUROGENESIS%GOBP%GO:0050769	POSITIVE REGULATION OF NEUROGENESIS%GOBP%GO:0050769		80	0.4133347	1.3749256	0.054135337	0.19890562	1.0	1866	tags=26%, list=15%, signal=31%	
ERK MAPK TARGETS%REACTOME DATABASE ID RELEASE 93%198753	ERK MAPK TARGETS%REACTOME DATABASE ID RELEASE 93%198753		22	0.526822	1.3742086	0.10535117	0.199654	1.0	2518	tags=41%, list=21%, signal=52%	
ABC-FAMILY PROTEINS MEDIATED TRANSPORT%REACTOME DATABASE ID RELEASE 93%382556	ABC-FAMILY PROTEINS MEDIATED TRANSPORT%REACTOME DATABASE ID RELEASE 93%382556		72	0.41717282	1.3739576	0.050784167	0.19986914	1.0	2272	tags=33%, list=19%, signal=41%	
COLLAGEN CHAIN TRIMERIZATION%REACTOME DATABASE ID RELEASE 93%8948216	COLLAGEN CHAIN TRIMERIZATION%REACTOME DATABASE ID RELEASE 93%8948216		21	0.5357592	1.3728256	0.107944734	0.20117645	1.0	1549	tags=29%, list=13%, signal=33%	
BIOCARTA_INTEGRIN_PATHWAY%MSIGDB_C2%BIOCARTA_INTEGRIN_PATHWAY	BIOCARTA_INTEGRIN_PATHWAY%MSIGDB_C2%BIOCARTA_INTEGRIN_PATHWAY		26	0.50547755	1.372367	0.09639564	0.20162603	1.0	2398	tags=46%, list=20%, signal=58%	
SIGNALING DOWNSTREAM OF RAS MUTANTS%REACTOME DATABASE ID RELEASE 93%9649948	SIGNALING DOWNSTREAM OF RAS MUTANTS%REACTOME DATABASE ID RELEASE 93%9649948		33	0.48616827	1.3719356	0.093620546	0.20203163	1.0	1326	tags=27%, list=11%, signal=31%	
MERCAPTOPURINE ACTION PATHWAY%PATHWHIZ%PW000267	MERCAPTOPURINE ACTION PATHWAY%PATHWHIZ%PW000267		37	0.46125504	1.3719211	0.086499594	0.20191024	1.0	2775	tags=43%, list=23%, signal=56%	
GLUCOSE 6-PHOSPHATE METABOLIC PROCESS%GOBP%GO:0051156	GLUCOSE 6-PHOSPHATE METABOLIC PROCESS%GOBP%GO:0051156		16	0.55344355	1.3717046	0.11199295	0.20204532	1.0	2462	tags=50%, list=20%, signal=63%	
RNA POLYMERASE III TRANSCRIPTION INITIATION FROM TYPE 1 PROMOTER%REACTOME%R-HSA-76061.4	RNA POLYMERASE III TRANSCRIPTION INITIATION FROM TYPE 1 PROMOTER%REACTOME%R-HSA-76061.4		28	0.4934017	1.3712301	0.09159664	0.2024951	1.0	3373	tags=36%, list=28%, signal=49%	
BIOCARTA_CASPASE_PATHWAY%MSIGDB_C2%BIOCARTA_CASPASE_PATHWAY	BIOCARTA_CASPASE_PATHWAY%MSIGDB_C2%BIOCARTA_CASPASE_PATHWAY		16	0.5538255	1.3699312	0.11637931	0.20403215	1.0	1951	tags=19%, list=16%, signal=22%	
SIGNALING BY RAS MUTANTS%REACTOME DATABASE ID RELEASE 93%6802949	SIGNALING BY RAS MUTANTS%REACTOME DATABASE ID RELEASE 93%6802949		33	0.48616827	1.3698499	0.082125604	0.20399393	1.0	1326	tags=27%, list=11%, signal=31%	
PROTEIN K48-LINKED DEUBIQUITINATION%GOBP%GO:0071108	PROTEIN K48-LINKED DEUBIQUITINATION%GOBP%GO:0071108		20	0.53743654	1.3697679	0.10502693	0.20394959	1.0	135	tags=10%, list=1%, signal=10%	
POSITIVE REGULATION OF PROTEIN CATABOLIC PROCESS%GOBP%GO:0045732	POSITIVE REGULATION OF PROTEIN CATABOLIC PROCESS%GOBP%GO:0045732		143	0.37683216	1.3695142	0.033152908	0.20412305	1.0	2507	tags=32%, list=21%, signal=40%	
DIRECT P53 EFFECTORS%PATHWAY INTERACTION DATABASE NCI-NATURE CURATED DATA%DIRECT P53 EFFECTORS	DIRECT P53 EFFECTORS%PATHWAY INTERACTION DATABASE NCI-NATURE CURATED DATA%DIRECT P53 EFFECTORS		124	0.38567075	1.369478	0.02644398	0.204031	1.0	1480	tags=20%, list=12%, signal=23%	
NEGATIVE REGULATION OF ADAPTIVE IMMUNE RESPONSE%GOBP%GO:0002820	NEGATIVE REGULATION OF ADAPTIVE IMMUNE RESPONSE%GOBP%GO:0002820		21	0.53315765	1.3689166	0.08726625	0.2046122	1.0	1724	tags=38%, list=14%, signal=44%	
POSITIVE REGULATION OF PROTEOLYSIS%GOBP%GO:0045862	POSITIVE REGULATION OF PROTEOLYSIS%GOBP%GO:0045862		137	0.37969753	1.3682793	0.03552279	0.2052757	1.0	2440	tags=33%, list=20%, signal=41%	
AMINE BIOSYNTHETIC PROCESS%GOBP%GO:0009309	AMINE BIOSYNTHETIC PROCESS%GOBP%GO:0009309		15	0.57286686	1.3681037	0.119755246	0.20536734	1.0	2589	tags=53%, list=22%, signal=68%	
NOTCH2 ACTIVATION AND TRANSMISSION OF SIGNAL TO THE NUCLEUS%REACTOME DATABASE ID RELEASE 93%2979096	NOTCH2 ACTIVATION AND TRANSMISSION OF SIGNAL TO THE NUCLEUS%REACTOME DATABASE ID RELEASE 93%2979096		20	0.53612274	1.3675238	0.10051546	0.20596202	1.0	1385	tags=30%, list=12%, signal=34%	
POSITIVE REGULATION OF TRANSLATION%GOBP%GO:0045727	POSITIVE REGULATION OF TRANSLATION%GOBP%GO:0045727		94	0.3959532	1.3674684	0.045746963	0.20589891	1.0	1489	tags=18%, list=12%, signal=20%	
NEGATIVE REGULATION OF LIPID BIOSYNTHETIC PROCESS%GOBP%GO:0051055	NEGATIVE REGULATION OF LIPID BIOSYNTHETIC PROCESS%GOBP%GO:0051055		37	0.46957704	1.3667389	0.08888889	0.20673352	1.0	1178	tags=22%, list=10%, signal=24%	
PID_NFAT_TFPATHWAY%MSIGDB_C2%PID_NFAT_TFPATHWAY	PID_NFAT_TFPATHWAY%MSIGDB_C2%PID_NFAT_TFPATHWAY		24	0.519246	1.3665705	0.10165074	0.2067915	1.0	199	tags=17%, list=2%, signal=17%	
ACTIN FILAMENT BUNDLE ORGANIZATION%GOBP%GO:0061572	ACTIN FILAMENT BUNDLE ORGANIZATION%GOBP%GO:0061572		41	0.45858473	1.3661025	0.079617836	0.20726709	1.0	2064	tags=34%, list=17%, signal=41%	
REGULATION OF STRIATED MUSCLE CONTRACTION%GOBP%GO:0006942	REGULATION OF STRIATED MUSCLE CONTRACTION%GOBP%GO:0006942		43	0.45330894	1.3652714	0.07191201	0.20817912	1.0	706	tags=16%, list=6%, signal=17%	
POSITIVE REGULATION OF JNK CASCADE%GOBP%GO:0046330	POSITIVE REGULATION OF JNK CASCADE%GOBP%GO:0046330		66	0.41889638	1.3651506	0.061767004	0.20819882	1.0	1005	tags=14%, list=8%, signal=15%	
VALIDATED TARGETS OF C-MYC TRANSCRIPTIONAL ACTIVATION%PATHWAY INTERACTION DATABASE NCI-NATURE CURATED DATA%VALIDATED TARGETS OF C-MYC TRANSCRIPTIONAL ACTIVATION	VALIDATED TARGETS OF C-MYC TRANSCRIPTIONAL ACTIVATION%PATHWAY INTERACTION DATABASE NCI-NATURE CURATED DATA%VALIDATED TARGETS OF C-MYC TRANSCRIPTIONAL ACTIVATION		70	0.41922486	1.3648708	0.06504065	0.20840862	1.0	2194	tags=29%, list=18%, signal=35%	
PID_ALK1_PATHWAY%MSIGDB_C2%PID_ALK1_PATHWAY	PID_ALK1_PATHWAY%MSIGDB_C2%PID_ALK1_PATHWAY		17	0.5518188	1.3644134	0.10692375	0.20887008	1.0	1866	tags=35%, list=15%, signal=42%	
PID_ERBB4_PATHWAY%MSIGDB_C2%PID_ERBB4_PATHWAY	PID_ERBB4_PATHWAY%MSIGDB_C2%PID_ERBB4_PATHWAY		27	0.49489173	1.3639833	0.08717949	0.20928147	1.0	987	tags=26%, list=8%, signal=28%	
REGULATION OF G PROTEIN-COUPLED RECEPTOR SIGNALING PATHWAY%GOBP%GO:0008277	REGULATION OF G PROTEIN-COUPLED RECEPTOR SIGNALING PATHWAY%GOBP%GO:0008277		75	0.41147786	1.3636391	0.063643016	0.20957944	1.0	1531	tags=16%, list=13%, signal=18%	
PEPTIDE TRANSPORT%GOBP%GO:0015833	PEPTIDE TRANSPORT%GOBP%GO:0015833		27	0.50310224	1.3631413	0.097222224	0.2100944	1.0	682	tags=19%, list=6%, signal=20%	
NUCLEOTIDE BIOSYNTHETIC PROCESS%GOBP%GO:0009165	NUCLEOTIDE BIOSYNTHETIC PROCESS%GOBP%GO:0009165		112	0.38780165	1.3621413	0.045801528	0.21128072	1.0	2775	tags=33%, list=23%, signal=43%	
RNA POLYMERASE III TRANSCRIPTION INITIATION FROM TYPE 2 PROMOTER%REACTOME%R-HSA-76066.4	RNA POLYMERASE III TRANSCRIPTION INITIATION FROM TYPE 2 PROMOTER%REACTOME%R-HSA-76066.4		27	0.4984283	1.3620765	0.09390863	0.21122363	1.0	3373	tags=37%, list=28%, signal=51%	
PURINE METABOLISM AND RELATED DISORDERS%WIKIPATHWAYS_20250810%WP4224%HOMO SAPIENS	PURINE METABOLISM AND RELATED DISORDERS%WIKIPATHWAYS_20250810%WP4224%HOMO SAPIENS		15	0.56909835	1.3618457	0.11681416	0.21138646	1.0	2315	tags=47%, list=19%, signal=58%	
NONGENOTROPIC ANDROGEN SIGNALING%PATHWAY INTERACTION DATABASE NCI-NATURE CURATED DATA%NONGENOTROPIC ANDROGEN SIGNALING	NONGENOTROPIC ANDROGEN SIGNALING%PATHWAY INTERACTION DATABASE NCI-NATURE CURATED DATA%NONGENOTROPIC ANDROGEN SIGNALING		24	0.5113586	1.3614333	0.104477614	0.21178026	1.0	2436	tags=54%, list=20%, signal=68%	
SIGNALING BY NON-RECEPTOR TYROSINE KINASES%REACTOME DATABASE ID RELEASE 93%9006927	SIGNALING BY NON-RECEPTOR TYROSINE KINASES%REACTOME DATABASE ID RELEASE 93%9006927		43	0.44831964	1.3612317	0.087060705	0.21192026	1.0	1733	tags=23%, list=14%, signal=27%	
REGULATION OF PROTEIN SECRETION%GOBP%GO:0050708	REGULATION OF PROTEIN SECRETION%GOBP%GO:0050708		115	0.38470593	1.3606113	0.044568244	0.21258493	1.0	2403	tags=27%, list=20%, signal=33%	
PID_FGF_PATHWAY%MSIGDB_C2%PID_FGF_PATHWAY	PID_FGF_PATHWAY%MSIGDB_C2%PID_FGF_PATHWAY		34	0.47163594	1.3604138	0.10076207	0.21269439	1.0	837	tags=21%, list=7%, signal=22%	
DEVELOPMENTAL MATURATION%GOBP%GO:0021700	DEVELOPMENTAL MATURATION%GOBP%GO:0021700		79	0.40784773	1.3601972	0.059398495	0.21283603	1.0	2844	tags=38%, list=24%, signal=49%	
REGULATION OF OXIDATIVE STRESS-INDUCED INTRINSIC APOPTOTIC SIGNALING PATHWAY%GOBP%GO:1902175	REGULATION OF OXIDATIVE STRESS-INDUCED INTRINSIC APOPTOTIC SIGNALING PATHWAY%GOBP%GO:1902175		29	0.49152565	1.3596894	0.094798654	0.21333219	1.0	1887	tags=38%, list=16%, signal=45%	
BIOCARTA_RAS_PATHWAY%MSIGDB_C2%BIOCARTA_RAS_PATHWAY	BIOCARTA_RAS_PATHWAY%MSIGDB_C2%BIOCARTA_RAS_PATHWAY		16	0.5580665	1.3593272	0.111211576	0.21364053	1.0	2333	tags=50%, list=19%, signal=62%	
CARBOHYDRATE CATABOLIC PROCESS%GOBP%GO:0016052	CARBOHYDRATE CATABOLIC PROCESS%GOBP%GO:0016052		71	0.4132397	1.3593192	0.06754772	0.21350878	1.0	1765	tags=31%, list=15%, signal=36%	
FAS LIGAND PATHWAY AND STRESS INDUCTION OF HEAT SHOCK PROTEINS%WIKIPATHWAYS_20250810%WP314%HOMO SAPIENS	FAS LIGAND PATHWAY AND STRESS INDUCTION OF HEAT SHOCK PROTEINS%WIKIPATHWAYS_20250810%WP314%HOMO SAPIENS		33	0.47363472	1.358838	0.082700424	0.21398363	1.0	1951	tags=21%, list=16%, signal=25%	
PID_CD8_TCR_PATHWAY%MSIGDB_C2%PID_CD8_TCR_PATHWAY	PID_CD8_TCR_PATHWAY%MSIGDB_C2%PID_CD8_TCR_PATHWAY		31	0.4815543	1.3585807	0.08402662	0.21416289	1.0	2381	tags=39%, list=20%, signal=48%	
ALCOHOL METABOLIC PROCESS%GOBP%GO:0006066	ALCOHOL METABOLIC PROCESS%GOBP%GO:0006066		145	0.37476173	1.358375	0.035763413	0.21428332	1.0	2371	tags=32%, list=20%, signal=39%	
NEGATIVE REGULATION OF NF-KAPPAB TRANSCRIPTION FACTOR ACTIVITY%GOBP%GO:0032088	NEGATIVE REGULATION OF NF-KAPPAB TRANSCRIPTION FACTOR ACTIVITY%GOBP%GO:0032088		29	0.49152416	1.3583626	0.10535117	0.21415757	1.0	766	tags=17%, list=6%, signal=18%	
EXTRACELLULAR STRUCTURE ORGANIZATION%GOBP%GO:0043062	EXTRACELLULAR STRUCTURE ORGANIZATION%GOBP%GO:0043062		102	0.38864133	1.3582999	0.051079135	0.21409981	1.0	1409	tags=23%, list=12%, signal=25%	
THIOGUANINE ACTION PATHWAY%PATHWHIZ%PW000429	THIOGUANINE ACTION PATHWAY%PATHWHIZ%PW000429		37	0.46125504	1.358242	0.09573612	0.21403503	1.0	2775	tags=43%, list=23%, signal=56%	
PID_ARF_3PATHWAY%MSIGDB_C2%PID_ARF_3PATHWAY	PID_ARF_3PATHWAY%MSIGDB_C2%PID_ARF_3PATHWAY		15	0.56772155	1.3579992	0.12261581	0.21422067	1.0	2353	tags=47%, list=20%, signal=58%	
PID_ER_NONGENOMIC_PATHWAY%MSIGDB_C2%PID_ER_NONGENOMIC_PATHWAY	PID_ER_NONGENOMIC_PATHWAY%MSIGDB_C2%PID_ER_NONGENOMIC_PATHWAY		25	0.5059353	1.3577693	0.10051993	0.21440592	1.0	758	tags=20%, list=6%, signal=21%	
CALCINEURIN-REGULATED NFAT-DEPENDENT TRANSCRIPTION IN LYMPHOCYTES%PATHWAY INTERACTION DATABASE NCI-NATURE CURATED DATA%CALCINEURIN-REGULATED NFAT-DEPENDENT TRANSCRIPTION IN LYMPHOCYTES	CALCINEURIN-REGULATED NFAT-DEPENDENT TRANSCRIPTION IN LYMPHOCYTES%PATHWAY INTERACTION DATABASE NCI-NATURE CURATED DATA%CALCINEURIN-REGULATED NFAT-DEPENDENT TRANSCRIPTION IN LYMPHOCYTES		29	0.48849627	1.3577224	0.100162864	0.21432622	1.0	199	tags=14%, list=2%, signal=14%	
MYOFIBRIL ASSEMBLY%GOBP%GO:0030239	MYOFIBRIL ASSEMBLY%GOBP%GO:0030239		26	0.50038695	1.3574395	0.09873418	0.21454224	1.0	791	tags=19%, list=7%, signal=21%	
LATE ENDOSOMAL MICROAUTOPHAGY%REACTOME DATABASE ID RELEASE 93%9615710	LATE ENDOSOMAL MICROAUTOPHAGY%REACTOME DATABASE ID RELEASE 93%9615710		29	0.49021098	1.3573859	0.09608843	0.2144715	1.0	2880	tags=48%, list=24%, signal=63%	
NEGATIVE REGULATION OF HIPPO SIGNALING%GOBP%GO:0035331	NEGATIVE REGULATION OF HIPPO SIGNALING%GOBP%GO:0035331		23	0.5164096	1.356755	0.120033816	0.21515326	1.0	989	tags=26%, list=8%, signal=28%	
REGULATION OF PROTEIN TYROSINE KINASE ACTIVITY%GOBP%GO:0061097	REGULATION OF PROTEIN TYROSINE KINASE ACTIVITY%GOBP%GO:0061097		15	0.5577511	1.3565183	0.116071425	0.21530949	1.0	2112	tags=33%, list=18%, signal=40%	
POSITIVE REGULATION OF INTERLEUKIN-12 PRODUCTION%GOBP%GO:0032735	POSITIVE REGULATION OF INTERLEUKIN-12 PRODUCTION%GOBP%GO:0032735		21	0.5193489	1.3562558	0.12554112	0.21552017	1.0	641	tags=19%, list=5%, signal=20%	
PID_IL4_2PATHWAY%MSIGDB_C2%PID_IL4_2PATHWAY	PID_IL4_2PATHWAY%MSIGDB_C2%PID_IL4_2PATHWAY		31	0.48292038	1.3561193	0.08614865	0.2155657	1.0	1612	tags=26%, list=13%, signal=30%	
TRANSPORT OF BILE SALTS AND ORGANIC ACIDS, METAL IONS AND AMINE COMPOUNDS%REACTOME%R-HSA-425366.5	TRANSPORT OF BILE SALTS AND ORGANIC ACIDS, METAL IONS AND AMINE COMPOUNDS%REACTOME%R-HSA-425366.5		42	0.4544764	1.3560512	0.07489712	0.21550947	1.0	1468	tags=24%, list=12%, signal=27%	
PID_CASPASE_PATHWAY%MSIGDB_C2%PID_CASPASE_PATHWAY	PID_CASPASE_PATHWAY%MSIGDB_C2%PID_CASPASE_PATHWAY		36	0.46959177	1.3558428	0.09090909	0.21563935	1.0	1556	tags=17%, list=13%, signal=19%	
PID_IL2_PI3K_PATHWAY%MSIGDB_C2%PID_IL2_PI3K_PATHWAY	PID_IL2_PI3K_PATHWAY%MSIGDB_C2%PID_IL2_PI3K_PATHWAY		23	0.51489943	1.3557034	0.118820466	0.2156868	1.0	1778	tags=39%, list=15%, signal=46%	
REGULATION OF FIBROBLAST PROLIFERATION%GOBP%GO:0048145	REGULATION OF FIBROBLAST PROLIFERATION%GOBP%GO:0048145		34	0.46988842	1.3553663	0.10650407	0.21600126	1.0	1037	tags=21%, list=9%, signal=22%	
EPHB-MEDIATED FORWARD SIGNALING%REACTOME%R-HSA-3928662.4	EPHB-MEDIATED FORWARD SIGNALING%REACTOME%R-HSA-3928662.4		31	0.47762108	1.3544984	0.09454855	0.21701035	1.0	2714	tags=42%, list=23%, signal=54%	
POSITIVE REGULATION OF FAT CELL DIFFERENTIATION%GOBP%GO:0045600	POSITIVE REGULATION OF FAT CELL DIFFERENTIATION%GOBP%GO:0045600		37	0.45590144	1.3542513	0.09068628	0.21719794	1.0	2283	tags=32%, list=19%, signal=40%	
REGULATION OF PEPTIDE SECRETION%GOBP%GO:0002791	REGULATION OF PEPTIDE SECRETION%GOBP%GO:0002791		65	0.41791397	1.3542424	0.06268882	0.21706463	1.0	2341	tags=32%, list=19%, signal=40%	
NETRIN UNC5B SIGNALING%WIKIPATHWAYS_20250810%WP4747%HOMO SAPIENS	NETRIN UNC5B SIGNALING%WIKIPATHWAYS_20250810%WP4747%HOMO SAPIENS		30	0.47896072	1.3537923	0.097110756	0.21752663	1.0	899	tags=27%, list=7%, signal=29%	
ATRIOVENTRICULAR VALVE MORPHOGENESIS%GOBP%GO:0003181	ATRIOVENTRICULAR VALVE MORPHOGENESIS%GOBP%GO:0003181		15	0.55936706	1.3536003	0.14172535	0.21762627	1.0	786	tags=20%, list=7%, signal=21%	
ERBB1 DOWNSTREAM SIGNALING%PATHWAY INTERACTION DATABASE NCI-NATURE CURATED DATA%ERBB1 DOWNSTREAM SIGNALING	ERBB1 DOWNSTREAM SIGNALING%PATHWAY INTERACTION DATABASE NCI-NATURE CURATED DATA%ERBB1 DOWNSTREAM SIGNALING		99	0.39106777	1.3534908	0.05304102	0.21762194	1.0	2481	tags=32%, list=21%, signal=40%	
NEGATIVE REGULATION OF MYELOID LEUKOCYTE DIFFERENTIATION%GOBP%GO:0002762	NEGATIVE REGULATION OF MYELOID LEUKOCYTE DIFFERENTIATION%GOBP%GO:0002762		19	0.53920585	1.3531795	0.12	0.21787402	1.0	451	tags=16%, list=4%, signal=16%	
TRANSLATION OF STRUCTURAL PROTEINS%REACTOME DATABASE ID RELEASE 93%9683701	TRANSLATION OF STRUCTURAL PROTEINS%REACTOME DATABASE ID RELEASE 93%9683701		28	0.49024	1.3522326	0.10024651	0.218977	1.0	2605	tags=39%, list=22%, signal=50%	
COLLAGEN BIOSYNTHESIS AND MODIFYING ENZYMES%REACTOME%R-HSA-1650814.6	COLLAGEN BIOSYNTHESIS AND MODIFYING ENZYMES%REACTOME%R-HSA-1650814.6		35	0.46702638	1.3514506	0.0993538	0.21989451	1.0	2675	tags=43%, list=22%, signal=55%	
REPRODUCTIVE SYSTEM DEVELOPMENT%GOBP%GO:0061458	REPRODUCTIVE SYSTEM DEVELOPMENT%GOBP%GO:0061458		56	0.4283502	1.3509902	0.09423676	0.22036593	1.0	1902	tags=32%, list=16%, signal=38%	
SOMITOGENESIS%REACTOME%R-HSA-9824272.2	SOMITOGENESIS%REACTOME%R-HSA-9824272.2		39	0.45405978	1.3504908	0.09039548	0.22085768	1.0	2272	tags=44%, list=19%, signal=54%	
MATURATION OF 5.8S RRNA%GOBP%GO:0000460	MATURATION OF 5.8S RRNA%GOBP%GO:0000460		30	0.4795241	1.3503356	0.091279544	0.22091909	1.0	2805	tags=40%, list=23%, signal=52%	
REGULATION OF VASCULAR ASSOCIATED SMOOTH MUSCLE CELL PROLIFERATION%GOBP%GO:1904705	REGULATION OF VASCULAR ASSOCIATED SMOOTH MUSCLE CELL PROLIFERATION%GOBP%GO:1904705		29	0.4880086	1.3500379	0.09787928	0.22116315	1.0	177	tags=14%, list=1%, signal=14%	
HOMOTYPIC CELL-CELL ADHESION%GOBP%GO:0034109	HOMOTYPIC CELL-CELL ADHESION%GOBP%GO:0034109		33	0.4705089	1.3494656	0.11157025	0.22176649	1.0	1440	tags=33%, list=12%, signal=38%	
PROTEIN LOCALIZATION TO MITOCHONDRION%GOBP%GO:0070585	PROTEIN LOCALIZATION TO MITOCHONDRION%GOBP%GO:0070585		55	0.4272643	1.3493286	0.076612905	0.22180484	1.0	3866	tags=49%, list=32%, signal=72%	
SIGNALING BY PTK6%REACTOME DATABASE ID RELEASE 93%8848021	SIGNALING BY PTK6%REACTOME DATABASE ID RELEASE 93%8848021		43	0.44831964	1.349163	0.07909162	0.22187778	1.0	1733	tags=23%, list=14%, signal=27%	
MATURATION OF LSU-RRNA FROM TRICISTRONIC RRNA TRANSCRIPT (SSU-RRNA, 5.8S RRNA, LSU-RRNA)%GOBP%GO:0000463	MATURATION OF LSU-RRNA FROM TRICISTRONIC RRNA TRANSCRIPT (SSU-RRNA, 5.8S RRNA, LSU-RRNA)%GOBP%GO:0000463		15	0.5642218	1.3485999	0.1302485	0.22250164	1.0	1800	tags=40%, list=15%, signal=47%	
PID_INTEGRIN_A4B1_PATHWAY%MSIGDB_C2%PID_INTEGRIN_A4B1_PATHWAY	PID_INTEGRIN_A4B1_PATHWAY%MSIGDB_C2%PID_INTEGRIN_A4B1_PATHWAY		20	0.52451444	1.3481544	0.12689902	0.22294426	1.0	1292	tags=35%, list=11%, signal=39%	
POSITIVE REGULATION OF MITOPHAGY%GOBP%GO:1901526	POSITIVE REGULATION OF MITOPHAGY%GOBP%GO:1901526		15	0.5489266	1.3479319	0.123034224	0.22310089	1.0	2194	tags=33%, list=18%, signal=41%	
T CELL ACTIVATION%GOBP%GO:0042110	T CELL ACTIVATION%GOBP%GO:0042110		106	0.3872707	1.3477842	0.05035461	0.22315733	1.0	1044	tags=16%, list=9%, signal=17%	
VESICLE BUDDING FROM MEMBRANE%GOBP%GO:0006900	VESICLE BUDDING FROM MEMBRANE%GOBP%GO:0006900		72	0.41111743	1.3476204	0.068837896	0.22323848	1.0	2371	tags=28%, list=20%, signal=34%	
TRANSCRIPTIONAL AND POST-TRANSLATIONAL REGULATION OF MITF-M EXPRESSION AND ACTIVITY%REACTOME%R-HSA-9856649.3	TRANSCRIPTIONAL AND POST-TRANSLATIONAL REGULATION OF MITF-M EXPRESSION AND ACTIVITY%REACTOME%R-HSA-9856649.3		34	0.47202688	1.3466109	0.088709675	0.22447538	1.0	1361	tags=26%, list=11%, signal=30%	
NEGATIVE REGULATION OF NEUROGENESIS%GOBP%GO:0050768	NEGATIVE REGULATION OF NEUROGENESIS%GOBP%GO:0050768		43	0.4391259	1.3461415	0.08647799	0.22496271	1.0	197	tags=12%, list=2%, signal=12%	
RESPIRATORY SYNCYTIAL VIRUS INFECTION PATHWAY%REACTOME%R-HSA-9820952.2	RESPIRATORY SYNCYTIAL VIRUS INFECTION PATHWAY%REACTOME%R-HSA-9820952.2		94	0.39396688	1.3460777	0.05514158	0.2249026	1.0	1612	tags=20%, list=13%, signal=23%	
NEGATIVE REGULATION OF PHOSPHORYLATION%GOBP%GO:0042326	NEGATIVE REGULATION OF PHOSPHORYLATION%GOBP%GO:0042326		89	0.394155	1.3457507	0.048291232	0.22518542	1.0	2112	tags=22%, list=18%, signal=27%	
REGULATION OF HIPPO SIGNALING%GOBP%GO:0035330	REGULATION OF HIPPO SIGNALING%GOBP%GO:0035330		36	0.46207216	1.345733	0.10779436	0.22506367	1.0	989	tags=22%, list=8%, signal=24%	
BIOCARTA_RACCYCD_PATHWAY%MSIGDB_C2%BIOCARTA_RACCYCD_PATHWAY	BIOCARTA_RACCYCD_PATHWAY%MSIGDB_C2%BIOCARTA_RACCYCD_PATHWAY		23	0.501886	1.3456999	0.12711865	0.22496474	1.0	2381	tags=39%, list=20%, signal=49%	
RRNA MODIFICATION IN THE NUCLEUS AND CYTOSOL%REACTOME DATABASE ID RELEASE 93%6790901	RRNA MODIFICATION IN THE NUCLEUS AND CYTOSOL%REACTOME DATABASE ID RELEASE 93%6790901		55	0.4233536	1.3455911	0.08739366	0.22496864	1.0	1822	tags=27%, list=15%, signal=32%	
LEUKOCYTE PROLIFERATION%GOBP%GO:0070661	LEUKOCYTE PROLIFERATION%GOBP%GO:0070661		23	0.5019163	1.3453934	0.10801688	0.22508898	1.0	1187	tags=26%, list=10%, signal=29%	
REGULATION OF P38MAPK CASCADE%GOBP%GO:1900744	REGULATION OF P38MAPK CASCADE%GOBP%GO:1900744		30	0.47292486	1.3453898	0.115953945	0.22494808	1.0	766	tags=20%, list=6%, signal=21%	
RESPONSE TO GLUCOCORTICOID%GOBP%GO:0051384	RESPONSE TO GLUCOCORTICOID%GOBP%GO:0051384		20	0.5175579	1.345378	0.12467077	0.22482212	1.0	370	tags=20%, list=3%, signal=21%	
REGULATION OF POST-TRANSLATIONAL PROTEIN MODIFICATION%GOBP%GO:1901873	REGULATION OF POST-TRANSLATIONAL PROTEIN MODIFICATION%GOBP%GO:1901873		165	0.36340255	1.3443352	0.046988748	0.226098	1.0	2279	tags=25%, list=19%, signal=30%	
CELLULAR RESPONSE TO LIGHT STIMULUS%GOBP%GO:0071482	CELLULAR RESPONSE TO LIGHT STIMULUS%GOBP%GO:0071482		70	0.4066456	1.3440909	0.07494489	0.2262988	1.0	2339	tags=31%, list=19%, signal=39%	
REGULATION OF KERATINOCYTE DIFFERENTIATION%GOBP%GO:0045616	REGULATION OF KERATINOCYTE DIFFERENTIATION%GOBP%GO:0045616		22	0.5173602	1.3433596	0.1117598	0.22714764	1.0	560	tags=23%, list=5%, signal=24%	
COPI-MEDIATED ANTEROGRADE TRANSPORT%REACTOME%R-HSA-6807878.2	COPI-MEDIATED ANTEROGRADE TRANSPORT%REACTOME%R-HSA-6807878.2		77	0.4026926	1.3433201	0.059131738	0.22704855	1.0	2846	tags=38%, list=24%, signal=49%	
APOPTOSIS RELATED NETWORK DUE TO ALTERED NOTCH3 IN OVARIAN CANCER%WIKIPATHWAYS_20250810%WP2864%HOMO SAPIENS	APOPTOSIS RELATED NETWORK DUE TO ALTERED NOTCH3 IN OVARIAN CANCER%WIKIPATHWAYS_20250810%WP2864%HOMO SAPIENS		36	0.46568948	1.3422832	0.11363637	0.22831169	1.0	909	tags=22%, list=8%, signal=24%	
SIGNALING BY NTRK1 (TRKA)%REACTOME%R-HSA-187037.4	SIGNALING BY NTRK1 (TRKA)%REACTOME%R-HSA-187037.4		93	0.38943875	1.3421302	0.051263	0.22837915	1.0	1946	tags=27%, list=16%, signal=32%	
POSITIVE REGULATION OF HYDROLASE ACTIVITY%GOBP%GO:0051345	POSITIVE REGULATION OF HYDROLASE ACTIVITY%GOBP%GO:0051345		79	0.40324658	1.3419863	0.06465834	0.22843862	1.0	1180	tags=18%, list=10%, signal=20%	
INTRINSIC APOPTOTIC SIGNALING PATHWAY IN RESPONSE TO ENDOPLASMIC RETICULUM STRESS%GOBP%GO:0070059	INTRINSIC APOPTOTIC SIGNALING PATHWAY IN RESPONSE TO ENDOPLASMIC RETICULUM STRESS%GOBP%GO:0070059		24	0.50912064	1.3409008	0.1313673	0.22977476	1.0	1178	tags=33%, list=10%, signal=37%	
REGULATION OF ATP METABOLIC PROCESS%GOBP%GO:1903578	REGULATION OF ATP METABOLIC PROCESS%GOBP%GO:1903578		39	0.45103264	1.340797	0.1031941	0.22976668	1.0	2482	tags=41%, list=21%, signal=52%	
TRANSCRIPTIONAL ACTIVITY OF SMAD2 SMAD3:SMAD4 HETEROTRIMER%REACTOME DATABASE ID RELEASE 93%2173793	TRANSCRIPTIONAL ACTIVITY OF SMAD2 SMAD3:SMAD4 HETEROTRIMER%REACTOME DATABASE ID RELEASE 93%2173793		49	0.43788227	1.3407949	0.076677315	0.22962196	1.0	2177	tags=31%, list=18%, signal=37%	
INTRINSIC APOPTOTIC SIGNALING PATHWAY IN RESPONSE TO DNA DAMAGE%GOBP%GO:0008630	INTRINSIC APOPTOTIC SIGNALING PATHWAY IN RESPONSE TO DNA DAMAGE%GOBP%GO:0008630		50	0.4348378	1.3407414	0.076219514	0.22954598	1.0	1287	tags=20%, list=11%, signal=22%	
REGULATION OF P38-ALPHA AND P38-BETA%PATHWAY INTERACTION DATABASE NCI-NATURE CURATED DATA%REGULATION OF P38-ALPHA AND P38-BETA	REGULATION OF P38-ALPHA AND P38-BETA%PATHWAY INTERACTION DATABASE NCI-NATURE CURATED DATA%REGULATION OF P38-ALPHA AND P38-BETA		26	0.49073642	1.3405578	0.12747632	0.2296454	1.0	1234	tags=31%, list=10%, signal=34%	
ALPHA 6 BETA 4 SIGNALING%WIKIPATHWAYS_20250810%WP244%HOMO SAPIENS	ALPHA 6 BETA 4 SIGNALING%WIKIPATHWAYS_20250810%WP244%HOMO SAPIENS		26	0.48914698	1.340513	0.10056772	0.22956114	1.0	1219	tags=35%, list=10%, signal=38%	
EXTRACELLULAR MATRIX ORGANIZATION%GOBP%GO:0030198	EXTRACELLULAR MATRIX ORGANIZATION%GOBP%GO:0030198		102	0.38864133	1.340481	0.051920343	0.22945406	1.0	1409	tags=23%, list=12%, signal=25%	
INTEGRIN-MEDIATED SIGNALING PATHWAY%GOBP%GO:0007229	INTEGRIN-MEDIATED SIGNALING PATHWAY%GOBP%GO:0007229		56	0.42459577	1.3404665	0.07698171	0.22932665	1.0	714	tags=14%, list=6%, signal=15%	
PRESYNAPTIC ENDOCYTOSIS%GOBP%GO:0140238	PRESYNAPTIC ENDOCYTOSIS%GOBP%GO:0140238		29	0.4760429	1.3404114	0.1038206	0.22925988	1.0	1500	tags=24%, list=12%, signal=28%	
RHO GTPASES ACTIVATE WASPS AND WAVES%REACTOME DATABASE ID RELEASE 93%5663213	RHO GTPASES ACTIVATE WASPS AND WAVES%REACTOME DATABASE ID RELEASE 93%5663213		30	0.47127897	1.3399873	0.106230035	0.22968075	1.0	3115	tags=43%, list=26%, signal=58%	
NEGATIVE CHEMOTAXIS%GOBP%GO:0050919	NEGATIVE CHEMOTAXIS%GOBP%GO:0050919		21	0.5150543	1.3397847	0.13117547	0.22980249	1.0	2812	tags=48%, list=23%, signal=62%	
P75 NTR RECEPTOR-MEDIATED SIGNALLING%REACTOME DATABASE ID RELEASE 93%193704	P75 NTR RECEPTOR-MEDIATED SIGNALLING%REACTOME DATABASE ID RELEASE 93%193704		82	0.39502326	1.3394039	0.06627822	0.23019473	1.0	2828	tags=38%, list=23%, signal=49%	
BIOMINERAL TISSUE DEVELOPMENT%GOBP%GO:0031214	BIOMINERAL TISSUE DEVELOPMENT%GOBP%GO:0031214		17	0.5445052	1.3393857	0.12179487	0.23007785	1.0	883	tags=29%, list=7%, signal=32%	
REGULATION OF RIG-I SIGNALING PATHWAY%GOBP%GO:0039535	REGULATION OF RIG-I SIGNALING PATHWAY%GOBP%GO:0039535		15	0.5521854	1.3392082	0.14745308	0.23016863	1.0	1228	tags=20%, list=10%, signal=22%	
TRANSCRIPTIONAL REGULATION BY RUNX1%REACTOME DATABASE ID RELEASE 93%8878171	TRANSCRIPTIONAL REGULATION BY RUNX1%REACTOME DATABASE ID RELEASE 93%8878171		127	0.3767202	1.3387423	0.047156725	0.23066548	1.0	2272	tags=28%, list=19%, signal=34%	
NEGATIVE REGULATION OF ENDOCYTOSIS%GOBP%GO:0045806	NEGATIVE REGULATION OF ENDOCYTOSIS%GOBP%GO:0045806		41	0.44283986	1.3385112	0.100853376	0.23082812	1.0	987	tags=15%, list=8%, signal=16%	
HALLMARK_XENOBIOTIC_METABOLISM%MSIGDBHALLMARK%HALLMARK_XENOBIOTIC_METABOLISM	HALLMARK_XENOBIOTIC_METABOLISM%MSIGDBHALLMARK%HALLMARK_XENOBIOTIC_METABOLISM		103	0.3859228	1.3384788	0.058022924	0.23072527	1.0	1911	tags=28%, list=16%, signal=33%	
CAMERA-TYPE EYE MORPHOGENESIS%GOBP%GO:0048593	CAMERA-TYPE EYE MORPHOGENESIS%GOBP%GO:0048593		35	0.4545585	1.338278	0.1056052	0.23087905	1.0	1019	tags=17%, list=8%, signal=19%	
REGULATION OF PROTEIN MODIFICATION BY SMALL PROTEIN CONJUGATION OR REMOVAL%GOBP%GO:1903320	REGULATION OF PROTEIN MODIFICATION BY SMALL PROTEIN CONJUGATION OR REMOVAL%GOBP%GO:1903320		162	0.3621817	1.3382308	0.03471295	0.23079333	1.0	2279	tags=25%, list=19%, signal=30%	
REGULATION OF TRIGLYCERIDE METABOLIC PROCESS%GOBP%GO:0090207	REGULATION OF TRIGLYCERIDE METABOLIC PROCESS%GOBP%GO:0090207		23	0.50126106	1.337937	0.11968777	0.23104776	1.0	241	tags=13%, list=2%, signal=13%	
EFFECT OF OMEGA 3 PUFA ON HUNTINGTON 39 S DISEASE PATHWAYS%WIKIPATHWAYS_20250810%WP5470%HOMO SAPIENS	EFFECT OF OMEGA 3 PUFA ON HUNTINGTON 39 S DISEASE PATHWAYS%WIKIPATHWAYS_20250810%WP5470%HOMO SAPIENS		80	0.40198964	1.3377267	0.06939372	0.2311881	1.0	1357	tags=20%, list=11%, signal=22%	
POSITIVE REGULATION OF MUSCLE CELL DIFFERENTIATION%GOBP%GO:0051149	POSITIVE REGULATION OF MUSCLE CELL DIFFERENTIATION%GOBP%GO:0051149		31	0.47617698	1.3372877	0.11092577	0.23166613	1.0	1930	tags=32%, list=16%, signal=38%	
PID_LIS1_PATHWAY%MSIGDB_C2%PID_LIS1_PATHWAY	PID_LIS1_PATHWAY%MSIGDB_C2%PID_LIS1_PATHWAY		19	0.5268367	1.3372244	0.12564991	0.23160362	1.0	2531	tags=42%, list=21%, signal=53%	
PID_NETRIN_PATHWAY%MSIGDB_C2%PID_NETRIN_PATHWAY	PID_NETRIN_PATHWAY%MSIGDB_C2%PID_NETRIN_PATHWAY		20	0.5145449	1.3366184	0.13503972	0.23228458	1.0	1269	tags=40%, list=11%, signal=45%	
POSITIVE REGULATION OF AUTOPHAGY OF MITOCHONDRION%GOBP%GO:1903599	POSITIVE REGULATION OF AUTOPHAGY OF MITOCHONDRION%GOBP%GO:1903599		17	0.5414021	1.3351064	0.13793103	0.23422451	1.0	4696	tags=88%, list=39%, signal=144%	
REPRODUCTIVE STRUCTURE DEVELOPMENT%GOBP%GO:0048608	REPRODUCTIVE STRUCTURE DEVELOPMENT%GOBP%GO:0048608		56	0.4283502	1.3350819	0.0939184	0.23411016	1.0	1902	tags=32%, list=16%, signal=38%	
REGULATION OF PLATELET-DERIVED GROWTH FACTOR RECEPTOR SIGNALING PATHWAY%GOBP%GO:0010640	REGULATION OF PLATELET-DERIVED GROWTH FACTOR RECEPTOR SIGNALING PATHWAY%GOBP%GO:0010640		18	0.53650504	1.3328583	0.11343805	0.23704435	1.0	749	tags=17%, list=6%, signal=18%	
INFLAMMATION MEDIATED BY CHEMOKINE AND CYTOKINE SIGNALING PATHWAY%PANTHER PATHWAY%P00031	INFLAMMATION MEDIATED BY CHEMOKINE AND CYTOKINE SIGNALING PATHWAY%PANTHER PATHWAY%P00031		100	0.38427126	1.3325931	0.059334297	0.2372778	1.0	1515	tags=23%, list=13%, signal=26%	
ABC TRANSPORTER DISORDERS%REACTOME DATABASE ID RELEASE 93%5619084	ABC TRANSPORTER DISORDERS%REACTOME DATABASE ID RELEASE 93%5619084		54	0.42651623	1.3308634	0.08358896	0.23954545	1.0	2272	tags=37%, list=19%, signal=45%	
PID_NECTIN_PATHWAY%MSIGDB_C2%PID_NECTIN_PATHWAY	PID_NECTIN_PATHWAY%MSIGDB_C2%PID_NECTIN_PATHWAY		20	0.5208705	1.3303745	0.14095744	0.24007896	1.0	1292	tags=30%, list=11%, signal=34%	
ATRIOVENTRICULAR VALVE DEVELOPMENT%GOBP%GO:0003171	ATRIOVENTRICULAR VALVE DEVELOPMENT%GOBP%GO:0003171		16	0.5414568	1.3302846	0.13737734	0.24005412	1.0	1283	tags=25%, list=11%, signal=28%	
AZATHIOPRINE ACTION PATHWAY%SMPDB%SMP0000427	AZATHIOPRINE ACTION PATHWAY%SMPDB%SMP0000427		37	0.46125504	1.3296723	0.1013289	0.24077757	1.0	2775	tags=43%, list=23%, signal=56%	
ACTIVATION OF BAD AND TRANSLOCATION TO MITOCHONDRIA%REACTOME DATABASE ID RELEASE 93%111447	ACTIVATION OF BAD AND TRANSLOCATION TO MITOCHONDRIA%REACTOME DATABASE ID RELEASE 93%111447		15	0.55377626	1.3292291	0.15412511	0.24126557	1.0	1784	tags=33%, list=15%, signal=39%	
PID_HDAC_CLASSII_PATHWAY%MSIGDB_C2%PID_HDAC_CLASSII_PATHWAY	PID_HDAC_CLASSII_PATHWAY%MSIGDB_C2%PID_HDAC_CLASSII_PATHWAY		21	0.5165198	1.3273216	0.13935144	0.24380873	1.0	901	tags=29%, list=7%, signal=31%	
MORPHOGENESIS OF AN EPITHELIUM%GOBP%GO:0002009	MORPHOGENESIS OF AN EPITHELIUM%GOBP%GO:0002009		155	0.36473408	1.3263264	0.05157401	0.24507032	1.0	841	tags=16%, list=7%, signal=17%	
SYNAPTIC VESICLE ENDOCYTOSIS%GOBP%GO:0048488	SYNAPTIC VESICLE ENDOCYTOSIS%GOBP%GO:0048488		29	0.4760429	1.3262776	0.10891938	0.24498636	1.0	1500	tags=24%, list=12%, signal=28%	
INTERLEUKIN-3, INTERLEUKIN-5 AND GM-CSF SIGNALING%REACTOME DATABASE ID RELEASE 93%512988	INTERLEUKIN-3, INTERLEUKIN-5 AND GM-CSF SIGNALING%REACTOME DATABASE ID RELEASE 93%512988		32	0.46034345	1.3250183	0.13397902	0.24663234	1.0	908	tags=25%, list=8%, signal=27%	
HAIR FOLLICLE DEVELOPMENT ORGANOGENESIS STAGE 2 OF 3%WIKIPATHWAYS_20250810%WP2839%HOMO SAPIENS	HAIR FOLLICLE DEVELOPMENT ORGANOGENESIS STAGE 2 OF 3%WIKIPATHWAYS_20250810%WP2839%HOMO SAPIENS		20	0.5169306	1.3248894	0.14665523	0.2466726	1.0	317	tags=15%, list=3%, signal=15%	
PLATELET DEGRANULATION%REACTOME%R-HSA-114608.5	PLATELET DEGRANULATION%REACTOME%R-HSA-114608.5		84	0.3919726	1.3247766	0.08143075	0.24666183	1.0	1337	tags=27%, list=11%, signal=31%	
ASPARTATE FAMILY AMINO ACID METABOLIC PROCESS%GOBP%GO:0009066	ASPARTATE FAMILY AMINO ACID METABOLIC PROCESS%GOBP%GO:0009066		26	0.48694754	1.3245647	0.13050707	0.24682288	1.0	2675	tags=46%, list=22%, signal=59%	
MONONUCLEAR CELL DIFFERENTIATION%GOBP%GO:1903131	MONONUCLEAR CELL DIFFERENTIATION%GOBP%GO:1903131		131	0.36928624	1.3245053	0.048398092	0.24675755	1.0	1239	tags=18%, list=10%, signal=20%	
REGULATION OF INTRACELLULAR TRANSPORT%GOBP%GO:0032386	REGULATION OF INTRACELLULAR TRANSPORT%GOBP%GO:0032386		181	0.35720664	1.3239734	0.030401034	0.24737857	1.0	1914	tags=22%, list=16%, signal=26%	
REGULATION OF PHOSPHATIDYLINOSITOL 3-KINASE/PROTEIN KINASE B SIGNAL TRANSDUCTION%GOBP%GO:0051896	REGULATION OF PHOSPHATIDYLINOSITOL 3-KINASE/PROTEIN KINASE B SIGNAL TRANSDUCTION%GOBP%GO:0051896		143	0.36526453	1.3228637	0.050881952	0.24885018	1.0	1219	tags=15%, list=10%, signal=17%	
TRANSPORT TO THE GOLGI AND SUBSEQUENT MODIFICATION%REACTOME%R-HSA-948021.4	TRANSPORT TO THE GOLGI AND SUBSEQUENT MODIFICATION%REACTOME%R-HSA-948021.4		148	0.36257595	1.322826	0.046122994	0.24874482	1.0	2603	tags=31%, list=22%, signal=39%	
PEPTIDYL-AMINO ACID MODIFICATION%GOBP%GO:0018193	PEPTIDYL-AMINO ACID MODIFICATION%GOBP%GO:0018193		188	0.35538706	1.3227324	0.04248366	0.24873872	1.0	1453	tags=15%, list=12%, signal=17%	
GROWTH HORMONE SIGNALING PATHWAY%PATHWHIZ%PW064811	GROWTH HORMONE SIGNALING PATHWAY%PATHWHIZ%PW064811		18	0.52327216	1.3226516	0.13304721	0.24869579	1.0	2333	tags=50%, list=19%, signal=62%	
CELLULAR RESPONSE TO LOW-DENSITY LIPOPROTEIN PARTICLE STIMULUS%GOBP%GO:0071404	CELLULAR RESPONSE TO LOW-DENSITY LIPOPROTEIN PARTICLE STIMULUS%GOBP%GO:0071404		23	0.4953463	1.3226023	0.119250424	0.2486133	1.0	2763	tags=43%, list=23%, signal=56%	
DOWNSTREAM SIGNAL TRANSDUCTION%REACTOME DATABASE ID RELEASE 93%186763	DOWNSTREAM SIGNAL TRANSDUCTION%REACTOME DATABASE ID RELEASE 93%186763		24	0.4902637	1.3221389	0.14360313	0.24912523	1.0	1336	tags=25%, list=11%, signal=28%	
NEGATIVE REGULATION OF FATTY ACID METABOLIC PROCESS%GOBP%GO:0045922	NEGATIVE REGULATION OF FATTY ACID METABOLIC PROCESS%GOBP%GO:0045922		21	0.5065831	1.3219079	0.14135206	0.24929677	1.0	1733	tags=29%, list=14%, signal=33%	
REGULATION OF NATURAL KILLER CELL MEDIATED CYTOTOXICITY%GOBP%GO:0042269	REGULATION OF NATURAL KILLER CELL MEDIATED CYTOTOXICITY%GOBP%GO:0042269		23	0.50494015	1.3214808	0.115384616	0.24976337	1.0	2861	tags=43%, list=24%, signal=57%	
BIOCARTA_GLEEVEC_PATHWAY%MSIGDB_C2%BIOCARTA_GLEEVEC_PATHWAY	BIOCARTA_GLEEVEC_PATHWAY%MSIGDB_C2%BIOCARTA_GLEEVEC_PATHWAY		19	0.51918346	1.3204045	0.14236706	0.25118387	1.0	2398	tags=47%, list=20%, signal=59%	
FOCAL ADHESION%WIKIPATHWAYS_20250810%WP306%HOMO SAPIENS	FOCAL ADHESION%WIKIPATHWAYS_20250810%WP306%HOMO SAPIENS		123	0.37001067	1.3198069	0.06348074	0.2518774	1.0	1326	tags=20%, list=11%, signal=23%	
EPH-EPHRIN MEDIATED REPULSION OF CELLS%REACTOME%R-HSA-3928665.5	EPH-EPHRIN MEDIATED REPULSION OF CELLS%REACTOME%R-HSA-3928665.5		40	0.4471303	1.3189206	0.10884886	0.2530101	1.0	1500	tags=33%, list=12%, signal=37%	
10Q22Q23 COPY NUMBER VARIATION%WIKIPATHWAYS_20250810%WP5402%HOMO SAPIENS	10Q22Q23 COPY NUMBER VARIATION%WIKIPATHWAYS_20250810%WP5402%HOMO SAPIENS		28	0.4765663	1.3183011	0.12297182	0.25376987	1.0	118	tags=11%, list=1%, signal=11%	
CELLULAR RESPONSE TO UV%GOBP%GO:0034644	CELLULAR RESPONSE TO UV%GOBP%GO:0034644		68	0.40122253	1.3181306	0.08785332	0.25385973	1.0	2339	tags=31%, list=19%, signal=38%	
ER TO GOLGI ANTEROGRADE TRANSPORT%REACTOME DATABASE ID RELEASE 93%199977	ER TO GOLGI ANTEROGRADE TRANSPORT%REACTOME DATABASE ID RELEASE 93%199977		125	0.37167	1.3179816	0.0665742	0.25390753	1.0	2603	tags=30%, list=22%, signal=38%	
FCGAMMA RECEPTOR (FCGR) DEPENDENT PHAGOCYTOSIS%REACTOME%R-HSA-2029480.3	FCGAMMA RECEPTOR (FCGR) DEPENDENT PHAGOCYTOSIS%REACTOME%R-HSA-2029480.3		67	0.40315303	1.3173817	0.08931298	0.25459576	1.0	1440	tags=28%, list=12%, signal=32%	
RESPONSE TO GLUCOSE%GOBP%GO:0009749	RESPONSE TO GLUCOSE%GOBP%GO:0009749		34	0.45956972	1.3167782	0.12214984	0.2553115	1.0	2403	tags=47%, list=20%, signal=59%	
POSITIVE REGULATION OF PURINE NUCLEOTIDE METABOLIC PROCESS%GOBP%GO:1900544	POSITIVE REGULATION OF PURINE NUCLEOTIDE METABOLIC PROCESS%GOBP%GO:1900544		19	0.5137466	1.3167317	0.12139219	0.25522524	1.0	1679	tags=42%, list=14%, signal=49%	
MAPK TARGETS  NUCLEAR EVENTS MEDIATED BY MAP KINASES%REACTOME DATABASE ID RELEASE 93%450282	MAPK TARGETS  NUCLEAR EVENTS MEDIATED BY MAP KINASES%REACTOME DATABASE ID RELEASE 93%450282		30	0.4684323	1.3162984	0.12243221	0.25567776	1.0	2518	tags=40%, list=21%, signal=50%	
P53 TRANSCRIPTIONAL GENE NETWORK%WIKIPATHWAYS_20250810%WP4963%HOMO SAPIENS	P53 TRANSCRIPTIONAL GENE NETWORK%WIKIPATHWAYS_20250810%WP4963%HOMO SAPIENS		71	0.40156725	1.3162494	0.09029851	0.25558516	1.0	1357	tags=21%, list=11%, signal=24%	
PID_SHP2_PATHWAY%MSIGDB_C2%PID_SHP2_PATHWAY	PID_SHP2_PATHWAY%MSIGDB_C2%PID_SHP2_PATHWAY		34	0.4566541	1.315774	0.12449145	0.25612825	1.0	908	tags=24%, list=8%, signal=25%	
OMEGA 6 FATTY ACIDS IN SENESCENCE%WIKIPATHWAYS_20250810%WP5424%HOMO SAPIENS	OMEGA 6 FATTY ACIDS IN SENESCENCE%WIKIPATHWAYS_20250810%WP5424%HOMO SAPIENS		20	0.513983	1.315774	0.14225233	0.25596976	1.0	507	tags=20%, list=4%, signal=21%	
REGULATION OF NATURAL KILLER CELL MEDIATED IMMUNITY%GOBP%GO:0002715	REGULATION OF NATURAL KILLER CELL MEDIATED IMMUNITY%GOBP%GO:0002715		24	0.4933278	1.3152305	0.12396006	0.25659204	1.0	3082	tags=46%, list=26%, signal=61%	
POSITIVE REGULATION OF B CELL ACTIVATION%GOBP%GO:0050871	POSITIVE REGULATION OF B CELL ACTIVATION%GOBP%GO:0050871		29	0.4725937	1.3145669	0.12425532	0.25740883	1.0	1118	tags=24%, list=9%, signal=27%	
ESTABLISHMENT OF PROTEIN LOCALIZATION TO MITOCHONDRION%GOBP%GO:0072655	ESTABLISHMENT OF PROTEIN LOCALIZATION TO MITOCHONDRION%GOBP%GO:0072655		66	0.40326852	1.3144888	0.0933126	0.2573672	1.0	3866	tags=52%, list=32%, signal=75%	
RAC PROTEIN SIGNAL TRANSDUCTION%GOBP%GO:0016601	RAC PROTEIN SIGNAL TRANSDUCTION%GOBP%GO:0016601		15	0.54483443	1.3140765	0.15043478	0.25778607	1.0	1235	tags=40%, list=10%, signal=45%	
HEART VALVE MORPHOGENESIS%GOBP%GO:0003179	HEART VALVE MORPHOGENESIS%GOBP%GO:0003179		36	0.4606816	1.3134937	0.11370968	0.25848055	1.0	1531	tags=25%, list=13%, signal=29%	
TYPE 2 PAPILLARY RENAL CELL CARCINOMA%WIKIPATHWAYS_20250810%WP4241%HOMO SAPIENS	TYPE 2 PAPILLARY RENAL CELL CARCINOMA%WIKIPATHWAYS_20250810%WP4241%HOMO SAPIENS		20	0.5115324	1.3122364	0.14671163	0.2602039	1.0	1866	tags=25%, list=15%, signal=30%	
CD4-POSITIVE, ALPHA-BETA T CELL DIFFERENTIATION INVOLVED IN IMMUNE RESPONSE%GOBP%GO:0002294	CD4-POSITIVE, ALPHA-BETA T CELL DIFFERENTIATION INVOLVED IN IMMUNE RESPONSE%GOBP%GO:0002294		20	0.5083654	1.3120537	0.15706806	0.2603273	1.0	84	tags=10%, list=1%, signal=10%	
CARGO RECOGNITION FOR CLATHRIN-MEDIATED ENDOCYTOSIS%REACTOME%R-HSA-8856825.5	CARGO RECOGNITION FOR CLATHRIN-MEDIATED ENDOCYTOSIS%REACTOME%R-HSA-8856825.5		80	0.39418116	1.3119539	0.083333336	0.26031995	1.0	1582	tags=19%, list=13%, signal=21%	
POSITIVE REGULATION OF AMYLOID PRECURSOR PROTEIN CATABOLIC PROCESS%GOBP%GO:1902993	POSITIVE REGULATION OF AMYLOID PRECURSOR PROTEIN CATABOLIC PROCESS%GOBP%GO:1902993		18	0.5261961	1.3118372	0.14272891	0.2603332	1.0	1778	tags=44%, list=15%, signal=52%	
AMYOTROPHIC LATERAL SCLEROSIS ALS %WIKIPATHWAYS_20250810%WP2447%HOMO SAPIENS	AMYOTROPHIC LATERAL SCLEROSIS ALS %WIKIPATHWAYS_20250810%WP2447%HOMO SAPIENS		22	0.49515238	1.3116683	0.14043993	0.26041842	1.0	1258	tags=23%, list=10%, signal=25%	
REGULATION OF PEPTIDE HORMONE SECRETION%GOBP%GO:0090276	REGULATION OF PEPTIDE HORMONE SECRETION%GOBP%GO:0090276		64	0.40373155	1.3114043	0.08947369	0.26064545	1.0	2341	tags=31%, list=19%, signal=39%	
LEPTIN SIGNALING%WIKIPATHWAYS_20250810%WP2034%HOMO SAPIENS	LEPTIN SIGNALING%WIKIPATHWAYS_20250810%WP2034%HOMO SAPIENS		63	0.40570524	1.3113399	0.09191176	0.2605877	1.0	1778	tags=29%, list=15%, signal=33%	
SPLICEOSOMAL SNRNP ASSEMBLY%GOBP%GO:0000387	SPLICEOSOMAL SNRNP ASSEMBLY%GOBP%GO:0000387		36	0.4458055	1.3111455	0.12755519	0.2607294	1.0	3202	tags=42%, list=27%, signal=57%	
DOWNREGULATION OF SMAD2 3:SMAD4 TRANSCRIPTIONAL ACTIVITY%REACTOME DATABASE ID RELEASE 93%2173795	DOWNREGULATION OF SMAD2 3:SMAD4 TRANSCRIPTIONAL ACTIVITY%REACTOME DATABASE ID RELEASE 93%2173795		28	0.47495556	1.3110566	0.12905912	0.26071486	1.0	2177	tags=39%, list=18%, signal=48%	
AMINOGLYCAN BIOSYNTHETIC PROCESS%GOBP%GO:0006023	AMINOGLYCAN BIOSYNTHETIC PROCESS%GOBP%GO:0006023		24	0.48934045	1.3102784	0.15	0.2617013	1.0	180	tags=8%, list=1%, signal=8%	
MAPK6 MAPK4 SIGNALING%REACTOME%R-HSA-5687128.5	MAPK6 MAPK4 SIGNALING%REACTOME%R-HSA-5687128.5		70	0.40237272	1.3099279	0.08887229	0.26206124	1.0	1474	tags=30%, list=12%, signal=34%	
SIGNALING BY NTRKS%REACTOME%R-HSA-166520.6	SIGNALING BY NTRKS%REACTOME%R-HSA-166520.6		108	0.37090448	1.3094302	0.06850283	0.26266262	1.0	1946	tags=26%, list=16%, signal=31%	
POSITIVE REGULATION OF NUCLEOTIDE METABOLIC PROCESS%GOBP%GO:0045981	POSITIVE REGULATION OF NUCLEOTIDE METABOLIC PROCESS%GOBP%GO:0045981		19	0.5137466	1.3091464	0.13839285	0.26292223	1.0	1679	tags=42%, list=14%, signal=49%	
ALPHA-BETA T CELL DIFFERENTIATION INVOLVED IN IMMUNE RESPONSE%GOBP%GO:0002293	ALPHA-BETA T CELL DIFFERENTIATION INVOLVED IN IMMUNE RESPONSE%GOBP%GO:0002293		20	0.5083654	1.3089588	0.14534378	0.26305708	1.0	84	tags=10%, list=1%, signal=10%	
T CELL DIFFERENTIATION INVOLVED IN IMMUNE RESPONSE%GOBP%GO:0002292	T CELL DIFFERENTIATION INVOLVED IN IMMUNE RESPONSE%GOBP%GO:0002292		20	0.5083654	1.3084822	0.14535902	0.2636061	1.0	84	tags=10%, list=1%, signal=10%	
VEGFR3 SIGNALING IN LYMPHATIC ENDOTHELIUM%PATHWAY INTERACTION DATABASE NCI-NATURE CURATED DATA%VEGFR3 SIGNALING IN LYMPHATIC ENDOTHELIUM	VEGFR3 SIGNALING IN LYMPHATIC ENDOTHELIUM%PATHWAY INTERACTION DATABASE NCI-NATURE CURATED DATA%VEGFR3 SIGNALING IN LYMPHATIC ENDOTHELIUM		23	0.48805308	1.308423	0.13566554	0.26352257	1.0	837	tags=26%, list=7%, signal=28%	
MIRNA REGULATION OF PROSTATE CANCER SIGNALING%WIKIPATHWAYS_20250810%WP3981%HOMO SAPIENS	MIRNA REGULATION OF PROSTATE CANCER SIGNALING%WIKIPATHWAYS_20250810%WP3981%HOMO SAPIENS		25	0.48269543	1.308371	0.1433506	0.26344365	1.0	1423	tags=28%, list=12%, signal=32%	
MRNA PROCESSING%WIKIPATHWAYS_20250810%WP411%HOMO SAPIENS	MRNA PROCESSING%WIKIPATHWAYS_20250810%WP411%HOMO SAPIENS		91	0.3821925	1.3078549	0.082466565	0.26403862	1.0	2002	tags=23%, list=17%, signal=27%	
RESPONSE TO LIPOPROTEIN PARTICLE%GOBP%GO:0055094	RESPONSE TO LIPOPROTEIN PARTICLE%GOBP%GO:0055094		23	0.4953463	1.3062757	0.14469178	0.2662698	1.0	2763	tags=43%, list=23%, signal=56%	
RESPONSE TO ELEVATED PLATELET CYTOSOLIC CA2+%REACTOME%R-HSA-76005.4	RESPONSE TO ELEVATED PLATELET CYTOSOLIC CA2+%REACTOME%R-HSA-76005.4		87	0.38546	1.3038603	0.06633381	0.26976117	1.0	1337	tags=26%, list=11%, signal=30%	
SEX DIFFERENTIATION%GOBP%GO:0007548	SEX DIFFERENTIATION%GOBP%GO:0007548		58	0.40918863	1.3036977	0.107469514	0.26982206	1.0	1902	tags=29%, list=16%, signal=35%	
TRANSCRIPTIONAL REGULATION OF MEMORY B CELL DIFFERENTIATION%WIKIPATHWAYS_20250810%WP5491%HOMO SAPIENS	TRANSCRIPTIONAL REGULATION OF MEMORY B CELL DIFFERENTIATION%WIKIPATHWAYS_20250810%WP5491%HOMO SAPIENS		26	0.47777042	1.3030562	0.13953489	0.2706253	1.0	317	tags=19%, list=3%, signal=20%	
TAR SYNDROME%WIKIPATHWAYS_20250810%WP5362%HOMO SAPIENS	TAR SYNDROME%WIKIPATHWAYS_20250810%WP5362%HOMO SAPIENS		39	0.43918675	1.3020518	0.11750789	0.2719493	1.0	1198	tags=15%, list=10%, signal=17%	
NEGATIVE REGULATION OF MUSCLE CELL APOPTOTIC PROCESS%GOBP%GO:0010656	NEGATIVE REGULATION OF MUSCLE CELL APOPTOTIC PROCESS%GOBP%GO:0010656		15	0.5411298	1.3020356	0.15236427	0.27180776	1.0	1092	tags=27%, list=9%, signal=29%	
LIVER DEVELOPMENT%GOBP%GO:0001889	LIVER DEVELOPMENT%GOBP%GO:0001889		26	0.47845677	1.3013314	0.13590604	0.27274162	1.0	1118	tags=23%, list=9%, signal=25%	
CARDIOMYOCYTE SIGNALING CONVERGING ON TITIN%WIKIPATHWAYS_20250810%WP5344%HOMO SAPIENS	CARDIOMYOCYTE SIGNALING CONVERGING ON TITIN%WIKIPATHWAYS_20250810%WP5344%HOMO SAPIENS		17	0.5241402	1.3012116	0.16120906	0.27276045	1.0	1326	tags=29%, list=11%, signal=33%	
REGULATION OF CHOLESTEROL TRANSPORT%GOBP%GO:0032374	REGULATION OF CHOLESTEROL TRANSPORT%GOBP%GO:0032374		37	0.44044086	1.3011956	0.116987176	0.27262568	1.0	1260	tags=22%, list=10%, signal=24%	
SIGNALING BY CYTOSOLIC FGFR1 FUSION MUTANTS%REACTOME%R-HSA-1839117.4	SIGNALING BY CYTOSOLIC FGFR1 FUSION MUTANTS%REACTOME%R-HSA-1839117.4		15	0.5441086	1.3009905	0.16218638	0.27276617	1.0	937	tags=27%, list=8%, signal=29%	
POSITIVE REGULATION OF LIPID METABOLIC PROCESS%GOBP%GO:0045834	POSITIVE REGULATION OF LIPID METABOLIC PROCESS%GOBP%GO:0045834		70	0.3925262	1.3004084	0.100149475	0.27350688	1.0	1357	tags=19%, list=11%, signal=21%	
CELL FATE COMMITMENT%GOBP%GO:0045165	CELL FATE COMMITMENT%GOBP%GO:0045165		71	0.39521852	1.299594	0.102564104	0.27457818	1.0	969	tags=15%, list=8%, signal=17%	
SIGNALING BY ERBB2 IN CANCER%REACTOME%R-HSA-1227990.6	SIGNALING BY ERBB2 IN CANCER%REACTOME%R-HSA-1227990.6		17	0.52442545	1.299578	0.16455697	0.27443573	1.0	758	tags=24%, list=6%, signal=25%	
NUCLEOSIDE MONOPHOSPHATE BIOSYNTHETIC PROCESS%GOBP%GO:0009124	NUCLEOSIDE MONOPHOSPHATE BIOSYNTHETIC PROCESS%GOBP%GO:0009124		22	0.49125367	1.299189	0.15371762	0.2748353	1.0	2775	tags=41%, list=23%, signal=53%	
BIOCARTA_ATM_PATHWAY%MSIGDB_C2%BIOCARTA_ATM_PATHWAY	BIOCARTA_ATM_PATHWAY%MSIGDB_C2%BIOCARTA_ATM_PATHWAY		16	0.53855896	1.298702	0.15122378	0.27544314	1.0	107	tags=13%, list=1%, signal=13%	
CARGO CONCENTRATION IN THE ER%REACTOME%R-HSA-5694530.3	CARGO CONCENTRATION IN THE ER%REACTOME%R-HSA-5694530.3		27	0.4729443	1.298555	0.13580246	0.2755085	1.0	2353	tags=33%, list=20%, signal=41%	
AORTIC VALVE DEVELOPMENT%GOBP%GO:0003176	AORTIC VALVE DEVELOPMENT%GOBP%GO:0003176		26	0.47726518	1.2984687	0.15397775	0.27547178	1.0	1866	tags=27%, list=15%, signal=32%	
CDC20:PHOSPHO-APC C MEDIATED DEGRADATION OF CYCLIN A%REACTOME DATABASE ID RELEASE 93%174184	CDC20:PHOSPHO-APC C MEDIATED DEGRADATION OF CYCLIN A%REACTOME DATABASE ID RELEASE 93%174184		59	0.40855947	1.2984248	0.105783865	0.2753688	1.0	2272	tags=36%, list=19%, signal=44%	
IL3%NETPATH%IL3	IL3%NETPATH%IL3		30	0.46678662	1.2973413	0.1383068	0.27688608	1.0	1295	tags=30%, list=11%, signal=34%	
PURINE METABOLISM%PATHWHIZ%PW000052	PURINE METABOLISM%PATHWHIZ%PW000052		28	0.46103957	1.2971861	0.14646465	0.27695432	1.0	2775	tags=46%, list=23%, signal=60%	
REGULATION OF STEROL TRANSPORT%GOBP%GO:0032371	REGULATION OF STEROL TRANSPORT%GOBP%GO:0032371		37	0.44044086	1.2971648	0.13078798	0.2768122	1.0	1260	tags=22%, list=10%, signal=24%	
NEGATIVE REGULATION OF NON-CANONICAL NF-KAPPAB SIGNAL TRANSDUCTION%GOBP%GO:1901223	NEGATIVE REGULATION OF NON-CANONICAL NF-KAPPAB SIGNAL TRANSDUCTION%GOBP%GO:1901223		16	0.5234384	1.2968665	0.1619965	0.2771176	1.0	1194	tags=31%, list=10%, signal=35%	
VIRAL GENE EXPRESSION%GOBP%GO:0019080	VIRAL GENE EXPRESSION%GOBP%GO:0019080		49	0.42506978	1.2962476	0.10782748	0.2779228	1.0	2605	tags=35%, list=22%, signal=44%	
HIV INFECTION%REACTOME%R-HSA-162906.4	HIV INFECTION%REACTOME%R-HSA-162906.4		193	0.34535658	1.296236	0.051248357	0.27776903	1.0	3209	tags=35%, list=27%, signal=47%	
REGULATION OF INSULIN SECRETION%GOBP%GO:0050796	REGULATION OF INSULIN SECRETION%GOBP%GO:0050796		58	0.41009423	1.2961694	0.10955711	0.277705	1.0	2341	tags=31%, list=19%, signal=38%	
INTEGRIN FAMILY CELL SURFACE INTERACTIONS%PATHWAY INTERACTION DATABASE NCI-NATURE CURATED DATA%INTEGRIN FAMILY CELL SURFACE INTERACTIONS	INTEGRIN FAMILY CELL SURFACE INTERACTIONS%PATHWAY INTERACTION DATABASE NCI-NATURE CURATED DATA%INTEGRIN FAMILY CELL SURFACE INTERACTIONS		16	0.53506374	1.2960831	0.16681378	0.27767563	1.0	98	tags=13%, list=1%, signal=13%	
ERBB2 ERBB3 SIGNALING EVENTS%PATHWAY INTERACTION DATABASE NCI-NATURE CURATED DATA%ERBB2 ERBB3 SIGNALING EVENTS	ERBB2 ERBB3 SIGNALING EVENTS%PATHWAY INTERACTION DATABASE NCI-NATURE CURATED DATA%ERBB2 ERBB3 SIGNALING EVENTS		38	0.4453318	1.2955052	0.13226622	0.27841386	1.0	2487	tags=47%, list=21%, signal=60%	
ACTOMYOSIN STRUCTURE ORGANIZATION%GOBP%GO:0031032	ACTOMYOSIN STRUCTURE ORGANIZATION%GOBP%GO:0031032		67	0.3966659	1.2954116	0.10183767	0.27839997	1.0	2749	tags=36%, list=23%, signal=46%	
REGULATION OF PROTEIN SERINE/THREONINE KINASE ACTIVITY%GOBP%GO:0071900	REGULATION OF PROTEIN SERINE/THREONINE KINASE ACTIVITY%GOBP%GO:0071900		87	0.38186684	1.2952935	0.085231446	0.27841732	1.0	1184	tags=18%, list=10%, signal=20%	
REGULATION OF PURINE NUCLEOTIDE METABOLIC PROCESS%GOBP%GO:1900542	REGULATION OF PURINE NUCLEOTIDE METABOLIC PROCESS%GOBP%GO:1900542		43	0.42840916	1.2951517	0.1276102	0.2784684	1.0	2482	tags=37%, list=21%, signal=47%	
REGULATION OF CARDIAC MUSCLE CONTRACTION%GOBP%GO:0055117	REGULATION OF CARDIAC MUSCLE CONTRACTION%GOBP%GO:0055117		40	0.43492734	1.2945856	0.1267151	0.2791338	1.0	706	tags=15%, list=6%, signal=16%	
NRF2 PATHWAY%WIKIPATHWAYS_20250810%WP2884%HOMO SAPIENS	NRF2 PATHWAY%WIKIPATHWAYS_20250810%WP2884%HOMO SAPIENS		71	0.39655924	1.2945848	0.10906411	0.27896813	1.0	1970	tags=27%, list=16%, signal=32%	
BRAIN DERIVED NEUROTROPHIC FACTOR BDNF SIGNALING%WIKIPATHWAYS_20250810%WP2380%HOMO SAPIENS	BRAIN DERIVED NEUROTROPHIC FACTOR BDNF SIGNALING%WIKIPATHWAYS_20250810%WP2380%HOMO SAPIENS		98	0.37409446	1.2944978	0.08179232	0.2789391	1.0	2425	tags=32%, list=20%, signal=39%	
REGULATION OF HORMONE METABOLIC PROCESS%GOBP%GO:0032350	REGULATION OF HORMONE METABOLIC PROCESS%GOBP%GO:0032350		19	0.51473224	1.2944002	0.16454622	0.27893445	1.0	1110	tags=26%, list=9%, signal=29%	
IL2 SIGNALING EVENTS MEDIATED BY PI3K%PATHWAY INTERACTION DATABASE NCI-NATURE CURATED DATA%IL2 SIGNALING EVENTS MEDIATED BY PI3K	IL2 SIGNALING EVENTS MEDIATED BY PI3K%PATHWAY INTERACTION DATABASE NCI-NATURE CURATED DATA%IL2 SIGNALING EVENTS MEDIATED BY PI3K		28	0.47015303	1.2942666	0.13584287	0.2789637	1.0	2481	tags=46%, list=21%, signal=58%	
PROTEIN FOLDING%GOBP%GO:0006457	PROTEIN FOLDING%GOBP%GO:0006457		141	0.3564375	1.2942075	0.07868191	0.27888992	1.0	2762	tags=32%, list=23%, signal=41%	
FOREBRAIN NEURON DIFFERENTIATION%GOBP%GO:0021879	FOREBRAIN NEURON DIFFERENTIATION%GOBP%GO:0021879		18	0.5127021	1.294182	0.16175157	0.2787645	1.0	118	tags=11%, list=1%, signal=11%	
SIGNALING BY ERBB2 KD MUTANTS%REACTOME%R-HSA-9664565.3	SIGNALING BY ERBB2 KD MUTANTS%REACTOME%R-HSA-9664565.3		16	0.5335982	1.2940406	0.16947648	0.27883005	1.0	758	tags=25%, list=6%, signal=27%	
PID_MAPK_TRK_PATHWAY%MSIGDB_C2%PID_MAPK_TRK_PATHWAY	PID_MAPK_TRK_PATHWAY%MSIGDB_C2%PID_MAPK_TRK_PATHWAY		25	0.47545114	1.2933074	0.14273648	0.27983463	1.0	2425	tags=40%, list=20%, signal=50%	
PHYSIOLOGICAL AND PATHOLOGICAL HYPERTROPHY OF THE HEART%WIKIPATHWAYS_20250810%WP1528%HOMO SAPIENS	PHYSIOLOGICAL AND PATHOLOGICAL HYPERTROPHY OF THE HEART%WIKIPATHWAYS_20250810%WP1528%HOMO SAPIENS		18	0.52221406	1.2931849	0.1520417	0.2798497	1.0	2398	tags=44%, list=20%, signal=55%	
TRANSCRIPTIONAL REGULATION BY VENTX%REACTOME%R-HSA-8853884.3	TRANSCRIPTIONAL REGULATION BY VENTX%REACTOME%R-HSA-8853884.3		36	0.44511172	1.2929214	0.14435484	0.28009036	1.0	589	tags=8%, list=5%, signal=9%	
FGF SIGNALING PATHWAY%PATHWAY INTERACTION DATABASE NCI-NATURE CURATED DATA%FGF SIGNALING PATHWAY	FGF SIGNALING PATHWAY%PATHWAY INTERACTION DATABASE NCI-NATURE CURATED DATA%FGF SIGNALING PATHWAY		39	0.43508768	1.2922378	0.122964166	0.28097296	1.0	837	tags=21%, list=7%, signal=22%	
NEGATIVE REGULATION OF LYMPHOCYTE MEDIATED IMMUNITY%GOBP%GO:0002707	NEGATIVE REGULATION OF LYMPHOCYTE MEDIATED IMMUNITY%GOBP%GO:0002707		24	0.48632398	1.2921177	0.14481577	0.2809888	1.0	2274	tags=50%, list=19%, signal=62%	
HCMV INFECTION%REACTOME DATABASE ID RELEASE 93%9609646	HCMV INFECTION%REACTOME DATABASE ID RELEASE 93%9609646		73	0.39489985	1.291951	0.090043925	0.2810681	1.0	2323	tags=33%, list=19%, signal=40%	
CD4-POSITIVE, ALPHA-BETA T CELL ACTIVATION%GOBP%GO:0035710	CD4-POSITIVE, ALPHA-BETA T CELL ACTIVATION%GOBP%GO:0035710		24	0.4829498	1.2919177	0.15816326	0.28095925	1.0	84	tags=8%, list=1%, signal=8%	
ALPHA-BETA T CELL ACTIVATION INVOLVED IN IMMUNE RESPONSE%GOBP%GO:0002287	ALPHA-BETA T CELL ACTIVATION INVOLVED IN IMMUNE RESPONSE%GOBP%GO:0002287		20	0.5083654	1.2913265	0.16270888	0.28172514	1.0	84	tags=10%, list=1%, signal=10%	
REGULATION OF NUCLEOTIDE METABOLIC PROCESS%GOBP%GO:0006140	REGULATION OF NUCLEOTIDE METABOLIC PROCESS%GOBP%GO:0006140		43	0.42840916	1.2906502	0.121115535	0.28260666	1.0	2482	tags=37%, list=21%, signal=47%	
PID_KIT_PATHWAY%MSIGDB_C2%PID_KIT_PATHWAY	PID_KIT_PATHWAY%MSIGDB_C2%PID_KIT_PATHWAY		37	0.440113	1.2902573	0.12709832	0.28305152	1.0	1326	tags=27%, list=11%, signal=30%	
REGULATION OF SMOOTH MUSCLE CELL MIGRATION%GOBP%GO:0014910	REGULATION OF SMOOTH MUSCLE CELL MIGRATION%GOBP%GO:0014910		23	0.48819703	1.2900187	0.14675768	0.28325146	1.0	1805	tags=35%, list=15%, signal=41%	
PTERIDINE-CONTAINING COMPOUND METABOLIC PROCESS%GOBP%GO:0042558	PTERIDINE-CONTAINING COMPOUND METABOLIC PROCESS%GOBP%GO:0042558		24	0.4791984	1.28956	0.16148023	0.28378943	1.0	2361	tags=38%, list=20%, signal=47%	
GLYCOSPHINGOLIPID BIOSYNTHESIS%REACTOME DATABASE ID RELEASE 93%9840309	GLYCOSPHINGOLIPID BIOSYNTHESIS%REACTOME DATABASE ID RELEASE 93%9840309		15	0.53384465	1.2894613	0.1684492	0.28377888	1.0	3518	tags=53%, list=29%, signal=75%	
P38 SIGNALING MEDIATED BY MAPKAP KINASES%PATHWAY INTERACTION DATABASE NCI-NATURE CURATED DATA%P38 SIGNALING MEDIATED BY MAPKAP KINASES	P38 SIGNALING MEDIATED BY MAPKAP KINASES%PATHWAY INTERACTION DATABASE NCI-NATURE CURATED DATA%P38 SIGNALING MEDIATED BY MAPKAP KINASES		20	0.5043953	1.2883744	0.15417376	0.2853163	1.0	1930	tags=35%, list=16%, signal=42%	
REGULATION OF AUTOPHAGOSOME MATURATION%GOBP%GO:1901096	REGULATION OF AUTOPHAGOSOME MATURATION%GOBP%GO:1901096		15	0.5257242	1.2866462	0.17039587	0.28787705	1.0	2823	tags=40%, list=23%, signal=52%	
T-HELPER CELL DIFFERENTIATION%GOBP%GO:0042093	T-HELPER CELL DIFFERENTIATION%GOBP%GO:0042093		20	0.5083654	1.2862301	0.16783217	0.28834572	1.0	84	tags=10%, list=1%, signal=10%	
GENETIC CAUSES OF PORTO SINUSOIDAL VASCULAR DISEASE%WIKIPATHWAYS_20250810%WP5269%HOMO SAPIENS	GENETIC CAUSES OF PORTO SINUSOIDAL VASCULAR DISEASE%WIKIPATHWAYS_20250810%WP5269%HOMO SAPIENS		20	0.4983338	1.28622	0.15384616	0.2881924	1.0	1640	tags=30%, list=14%, signal=35%	
KITRECEPTOR%IOB%KITRECEPTOR	KITRECEPTOR%IOB%KITRECEPTOR		51	0.41112435	1.2862065	0.121858336	0.28804317	1.0	1326	tags=22%, list=11%, signal=24%	
FOCAL ADHESION PI3K AKT MTOR SIGNALING%WIKIPATHWAYS_20250810%WP3932%HOMO SAPIENS	FOCAL ADHESION PI3K AKT MTOR SIGNALING%WIKIPATHWAYS_20250810%WP3932%HOMO SAPIENS		168	0.34786108	1.2860559	0.065159574	0.28811213	1.0	2007	tags=27%, list=17%, signal=32%	
REGULATION OF BIOLOGICAL PROCESS INVOLVED IN SYMBIOTIC INTERACTION%GOBP%GO:0043903	REGULATION OF BIOLOGICAL PROCESS INVOLVED IN SYMBIOTIC INTERACTION%GOBP%GO:0043903		23	0.483134	1.2853906	0.17104149	0.28903422	1.0	2508	tags=48%, list=21%, signal=60%	
CHAPERONE MEDIATED AUTOPHAGY%REACTOME%R-HSA-9613829.5	CHAPERONE MEDIATED AUTOPHAGY%REACTOME%R-HSA-9613829.5		17	0.5217292	1.2841214	0.16725664	0.2908817	1.0	2279	tags=47%, list=19%, signal=58%	
HALLMARK_GLYCOLYSIS%MSIGDBHALLMARK%HALLMARK_GLYCOLYSIS	HALLMARK_GLYCOLYSIS%MSIGDBHALLMARK%HALLMARK_GLYCOLYSIS		134	0.35406885	1.2832779	0.07098976	0.292061	1.0	2211	tags=28%, list=18%, signal=34%	
CELLULAR RESPONSE TO ABIOTIC STIMULUS%GOBP%GO:0071214	CELLULAR RESPONSE TO ABIOTIC STIMULUS%GOBP%GO:0071214		197	0.34082508	1.2824976	0.057397958	0.29312423	1.0	2339	tags=26%, list=19%, signal=32%	
SIGNALING BY NOTCH1 IN CANCER%REACTOME%R-HSA-2644603.5	SIGNALING BY NOTCH1 IN CANCER%REACTOME%R-HSA-2644603.5		52	0.40837517	1.2815828	0.121530384	0.29438722	1.0	2099	tags=29%, list=17%, signal=35%	
GASTRIN_CCK2R_240212%PANTHER PATHWAY%P06959	GASTRIN_CCK2R_240212%PANTHER PATHWAY%P06959		114	0.3662492	1.2815042	0.08142857	0.294343	1.0	937	tags=15%, list=8%, signal=16%	
CONSTITUTIVE SIGNALING BY NOTCH1 PEST DOMAIN MUTANTS%REACTOME DATABASE ID RELEASE 93%2644606	CONSTITUTIVE SIGNALING BY NOTCH1 PEST DOMAIN MUTANTS%REACTOME DATABASE ID RELEASE 93%2644606		52	0.40837517	1.2814229	0.12375859	0.2943055	1.0	2099	tags=29%, list=17%, signal=35%	
ADENOSINE DEAMINASE DEFICIENCY%PATHWHIZ%PW000075	ADENOSINE DEAMINASE DEFICIENCY%PATHWHIZ%PW000075		28	0.46103957	1.2813512	0.15258409	0.29424593	1.0	2775	tags=46%, list=23%, signal=60%	
POSITIVE REGULATION OF ATP METABOLIC PROCESS%GOBP%GO:1903580	POSITIVE REGULATION OF ATP METABOLIC PROCESS%GOBP%GO:1903580		19	0.5137466	1.2812083	0.16769096	0.29430744	1.0	1679	tags=42%, list=14%, signal=49%	
MITOCHONDRIAL DNA DEPLETION SYNDROME-3%SMPDB%SMP0000536	MITOCHONDRIAL DNA DEPLETION SYNDROME-3%SMPDB%SMP0000536		28	0.46103957	1.2810941	0.13299663	0.29430908	1.0	2775	tags=46%, list=23%, signal=60%	
PID_TXA2PATHWAY%MSIGDB_C2%PID_TXA2PATHWAY	PID_TXA2PATHWAY%MSIGDB_C2%PID_TXA2PATHWAY		23	0.48625034	1.2807183	0.16109683	0.2947337	1.0	854	tags=22%, list=7%, signal=23%	
REGULATION OF SYNAPSE ORGANIZATION%GOBP%GO:0050807	REGULATION OF SYNAPSE ORGANIZATION%GOBP%GO:0050807		90	0.3746001	1.2805663	0.08812819	0.29480165	1.0	2575	tags=34%, list=21%, signal=43%	
CELLULAR RESPONSE TO ENVIRONMENTAL STIMULUS%GOBP%GO:0104004	CELLULAR RESPONSE TO ENVIRONMENTAL STIMULUS%GOBP%GO:0104004		197	0.34082508	1.2801309	0.053968254	0.2953324	1.0	2339	tags=26%, list=19%, signal=32%	
DRUG ADME%REACTOME%R-HSA-9748784.5	DRUG ADME%REACTOME%R-HSA-9748784.5		49	0.41568893	1.2797657	0.12714508	0.2957387	1.0	2391	tags=31%, list=20%, signal=38%	
ADENINE PHOSPHORIBOSYLTRANSFERASE DEFICIENCY (APRT)%PATHWHIZ%PW000511	ADENINE PHOSPHORIBOSYLTRANSFERASE DEFICIENCY (APRT)%PATHWHIZ%PW000511		28	0.46103957	1.2797343	0.14982876	0.29561505	1.0	2775	tags=46%, list=23%, signal=60%	
POSITIVE REGULATION OF FATTY ACID METABOLIC PROCESS%GOBP%GO:0045923	POSITIVE REGULATION OF FATTY ACID METABOLIC PROCESS%GOBP%GO:0045923		24	0.48370224	1.2796012	0.16273393	0.29565364	1.0	392	tags=17%, list=3%, signal=17%	
BIOCARTA_PPARA_PATHWAY%MSIGDB_C2%BIOCARTA_PPARA_PATHWAY	BIOCARTA_PPARA_PATHWAY%MSIGDB_C2%BIOCARTA_PPARA_PATHWAY		34	0.4450867	1.2791325	0.1496063	0.29624292	1.0	676	tags=18%, list=6%, signal=19%	
LIPID DROPLET ORGANIZATION%GOBP%GO:0034389	LIPID DROPLET ORGANIZATION%GOBP%GO:0034389		27	0.46923843	1.2789536	0.1593361	0.296358	1.0	1626	tags=30%, list=14%, signal=34%	
REGULATION OF D-GLUCOSE TRANSMEMBRANE TRANSPORT%GOBP%GO:0010827	REGULATION OF D-GLUCOSE TRANSMEMBRANE TRANSPORT%GOBP%GO:0010827		36	0.43892354	1.2786862	0.1562753	0.29660487	1.0	1835	tags=25%, list=15%, signal=29%	
GLYPICAN 1 NETWORK%PATHWAY INTERACTION DATABASE NCI-NATURE CURATED DATA%GLYPICAN 1 NETWORK	GLYPICAN 1 NETWORK%PATHWAY INTERACTION DATABASE NCI-NATURE CURATED DATA%GLYPICAN 1 NETWORK		17	0.5146007	1.2784207	0.16534041	0.29682693	1.0	854	tags=29%, list=7%, signal=32%	
XANTHINURIA TYPE I%SMPDB%SMP0000512	XANTHINURIA TYPE I%SMPDB%SMP0000512		28	0.46103957	1.278192	0.15138772	0.29702732	1.0	2775	tags=46%, list=23%, signal=60%	
AICA-RIBOSIDURIA%PATHWHIZ%PW000082	AICA-RIBOSIDURIA%PATHWHIZ%PW000082		28	0.46103957	1.2777208	0.15436241	0.29758963	1.0	2775	tags=46%, list=23%, signal=60%	
XANTHINURIA TYPE II%PATHWHIZ%PW000489	XANTHINURIA TYPE II%PATHWHIZ%PW000489		28	0.46103957	1.2773948	0.17026578	0.29793936	1.0	2775	tags=46%, list=23%, signal=60%	
CD4-POSITIVE, ALPHA-BETA T CELL DIFFERENTIATION%GOBP%GO:0043367	CD4-POSITIVE, ALPHA-BETA T CELL DIFFERENTIATION%GOBP%GO:0043367		21	0.5022989	1.2773558	0.1586748	0.29783797	1.0	84	tags=10%, list=1%, signal=10%	
NETRIN-MEDIATED SIGNALING EVENTS%PATHWAY INTERACTION DATABASE NCI-NATURE CURATED DATA%NETRIN-MEDIATED SIGNALING EVENTS	NETRIN-MEDIATED SIGNALING EVENTS%PATHWAY INTERACTION DATABASE NCI-NATURE CURATED DATA%NETRIN-MEDIATED SIGNALING EVENTS		26	0.46779132	1.2769763	0.1558551	0.29825923	1.0	1269	tags=35%, list=11%, signal=39%	
CASPASE CASCADE IN APOPTOSIS%PATHWAY INTERACTION DATABASE NCI-NATURE CURATED DATA%CASPASE CASCADE IN APOPTOSIS	CASPASE CASCADE IN APOPTOSIS%PATHWAY INTERACTION DATABASE NCI-NATURE CURATED DATA%CASPASE CASCADE IN APOPTOSIS		47	0.41533455	1.2767059	0.12868217	0.2985041	1.0	2072	tags=21%, list=17%, signal=26%	
BIOCARTA_AGR_PATHWAY%MSIGDB_C2%BIOCARTA_AGR_PATHWAY	BIOCARTA_AGR_PATHWAY%MSIGDB_C2%BIOCARTA_AGR_PATHWAY		19	0.49999264	1.2764049	0.18061674	0.29881117	1.0	887	tags=21%, list=7%, signal=23%	
TRK RECEPTOR SIGNALING MEDIATED BY THE MAPK PATHWAY%PATHWAY INTERACTION DATABASE NCI-NATURE CURATED DATA%TRK RECEPTOR SIGNALING MEDIATED BY THE MAPK PATHWAY	TRK RECEPTOR SIGNALING MEDIATED BY THE MAPK PATHWAY%PATHWAY INTERACTION DATABASE NCI-NATURE CURATED DATA%TRK RECEPTOR SIGNALING MEDIATED BY THE MAPK PATHWAY		31	0.45358607	1.2763691	0.14935064	0.29869226	1.0	2719	tags=42%, list=23%, signal=54%	
LONG-CHAIN FATTY ACID BIOSYNTHETIC PROCESS%GOBP%GO:0042759	LONG-CHAIN FATTY ACID BIOSYNTHETIC PROCESS%GOBP%GO:0042759		15	0.5325401	1.2763364	0.18598382	0.29857036	1.0	1875	tags=33%, list=16%, signal=39%	
PURINE NUCLEOSIDE PHOSPHORYLASE DEFICIENCY%SMPDB%SMP0000210	PURINE NUCLEOSIDE PHOSPHORYLASE DEFICIENCY%SMPDB%SMP0000210		28	0.46103957	1.2761078	0.16419142	0.2987658	1.0	2775	tags=46%, list=23%, signal=60%	
OXYSTEROLS DERIVED FROM CHOLESTEROL%WIKIPATHWAYS_20250810%WP4545%HOMO SAPIENS	OXYSTEROLS DERIVED FROM CHOLESTEROL%WIKIPATHWAYS_20250810%WP4545%HOMO SAPIENS		18	0.5101545	1.2760261	0.17372516	0.29872432	1.0	1798	tags=33%, list=15%, signal=39%	
POTASSIUM ION IMPORT ACROSS PLASMA MEMBRANE%GOBP%GO:1990573	POTASSIUM ION IMPORT ACROSS PLASMA MEMBRANE%GOBP%GO:1990573		15	0.5273522	1.275702	0.17978533	0.2990886	1.0	1195	tags=33%, list=10%, signal=37%	
XANTHINE DEHYDROGENASE DEFICIENCY (XANTHINURIA)%SMPDB%SMP0000220	XANTHINE DEHYDROGENASE DEFICIENCY (XANTHINURIA)%SMPDB%SMP0000220		28	0.46103957	1.2756671	0.15461347	0.29896757	1.0	2775	tags=46%, list=23%, signal=60%	
SYNDECAN-2-MEDIATED SIGNALING EVENTS%PATHWAY INTERACTION DATABASE NCI-NATURE CURATED DATA%SYNDECAN-2-MEDIATED SIGNALING EVENTS	SYNDECAN-2-MEDIATED SIGNALING EVENTS%PATHWAY INTERACTION DATABASE NCI-NATURE CURATED DATA%SYNDECAN-2-MEDIATED SIGNALING EVENTS		29	0.4512286	1.2753953	0.15746084	0.29924384	1.0	887	tags=17%, list=7%, signal=19%	
CELL-SUBSTRATE JUNCTION ASSEMBLY%GOBP%GO:0007044	CELL-SUBSTRATE JUNCTION ASSEMBLY%GOBP%GO:0007044		26	0.47158375	1.2752932	0.17238347	0.299238	1.0	1713	tags=27%, list=14%, signal=31%	
CALCIUM REGULATION IN CARDIAC CELLS%WIKIPATHWAYS_20250810%WP536%HOMO SAPIENS	CALCIUM REGULATION IN CARDIAC CELLS%WIKIPATHWAYS_20250810%WP536%HOMO SAPIENS		68	0.39348325	1.2752911	0.10828977	0.29906824	1.0	2436	tags=29%, list=20%, signal=37%	
LESCH-NYHAN SYNDROME (LNS)%SMPDB%SMP0000364	LESCH-NYHAN SYNDROME (LNS)%SMPDB%SMP0000364		28	0.46103957	1.2748212	0.14946325	0.2996607	1.0	2775	tags=46%, list=23%, signal=60%	
ENDOPLASMIC RETICULUM STRESS RESPONSE IN CORONAVIRUS INFECTION%WIKIPATHWAYS_20250810%WP4861%HOMO SAPIENS	ENDOPLASMIC RETICULUM STRESS RESPONSE IN CORONAVIRUS INFECTION%WIKIPATHWAYS_20250810%WP4861%HOMO SAPIENS		33	0.44714984	1.2744764	0.1413738	0.30001497	1.0	1340	tags=30%, list=11%, signal=34%	
POSITIVE REGULATION OF EPITHELIAL CELL MIGRATION%GOBP%GO:0010634	POSITIVE REGULATION OF EPITHELIAL CELL MIGRATION%GOBP%GO:0010634		31	0.45098448	1.2743685	0.16164818	0.30002293	1.0	2283	tags=39%, list=19%, signal=48%	
TGF-BETA RECEPTOR SIGNALING%PATHWAY INTERACTION DATABASE NCI-NATURE CURATED DATA%TGF-BETA RECEPTOR SIGNALING	TGF-BETA RECEPTOR SIGNALING%PATHWAY INTERACTION DATABASE NCI-NATURE CURATED DATA%TGF-BETA RECEPTOR SIGNALING		49	0.4137601	1.2741964	0.1323642	0.300108	1.0	2376	tags=31%, list=20%, signal=38%	
MOLYBDENUM COFACTOR DEFICIENCY%SMPDB%SMP0000203	MOLYBDENUM COFACTOR DEFICIENCY%SMPDB%SMP0000203		28	0.46103957	1.27412	0.15110357	0.30005562	1.0	2775	tags=46%, list=23%, signal=60%	
ADENYLOSUCCINATE LYASE DEFICIENCY%SMPDB%SMP0000167	ADENYLOSUCCINATE LYASE DEFICIENCY%SMPDB%SMP0000167		28	0.46103957	1.2740943	0.16083333	0.2999225	1.0	2775	tags=46%, list=23%, signal=60%	
PID_ANGIOPOIETIN_RECEPTOR_PATHWAY%MSIGDB_C2%PID_ANGIOPOIETIN_RECEPTOR_PATHWAY	PID_ANGIOPOIETIN_RECEPTOR_PATHWAY%MSIGDB_C2%PID_ANGIOPOIETIN_RECEPTOR_PATHWAY		30	0.45704994	1.2737813	0.15139443	0.3002663	1.0	1270	tags=27%, list=11%, signal=30%	
MYOADENYLATE DEAMINASE DEFICIENCY%PATHWHIZ%PW000513	MYOADENYLATE DEAMINASE DEFICIENCY%PATHWHIZ%PW000513		28	0.46103957	1.2736295	0.15045719	0.30033633	1.0	2775	tags=46%, list=23%, signal=60%	
RESPONSE TO GROWTH HORMONE%GOBP%GO:0060416	RESPONSE TO GROWTH HORMONE%GOBP%GO:0060416		17	0.5158233	1.2734935	0.1738367	0.3003797	1.0	2358	tags=53%, list=20%, signal=66%	
HALLMARK_KRAS_SIGNALING_DN%MSIGDBHALLMARK%HALLMARK_KRAS_SIGNALING_DN	HALLMARK_KRAS_SIGNALING_DN%MSIGDBHALLMARK%HALLMARK_KRAS_SIGNALING_DN		71	0.39225432	1.2734684	0.109445274	0.30025107	1.0	1507	tags=21%, list=13%, signal=24%	
GLYCOSYL COMPOUND METABOLIC PROCESS%GOBP%GO:1901657	GLYCOSYL COMPOUND METABOLIC PROCESS%GOBP%GO:1901657		43	0.42267492	1.2726476	0.13913043	0.3013783	1.0	1086	tags=16%, list=9%, signal=18%	
REGULATION OF MUSCLE CELL DIFFERENTIATION%GOBP%GO:0051147	REGULATION OF MUSCLE CELL DIFFERENTIATION%GOBP%GO:0051147		64	0.39700398	1.2723873	0.118568234	0.3016348	1.0	2093	tags=34%, list=17%, signal=41%	
SIGNALING BY NOTCH1 PEST DOMAIN MUTANTS IN CANCER%REACTOME%R-HSA-2644602.3	SIGNALING BY NOTCH1 PEST DOMAIN MUTANTS IN CANCER%REACTOME%R-HSA-2644602.3		52	0.40837517	1.2713144	0.13731575	0.30321857	1.0	2099	tags=29%, list=17%, signal=35%	
CAMERA-TYPE EYE DEVELOPMENT%GOBP%GO:0043010	CAMERA-TYPE EYE DEVELOPMENT%GOBP%GO:0043010		71	0.38443112	1.2708029	0.12298232	0.3038697	1.0	1019	tags=14%, list=8%, signal=15%	
CONSTITUTIVE SIGNALING BY NOTCH1 HD+PEST DOMAIN MUTANTS%REACTOME DATABASE ID RELEASE 93%2894862	CONSTITUTIVE SIGNALING BY NOTCH1 HD+PEST DOMAIN MUTANTS%REACTOME DATABASE ID RELEASE 93%2894862		52	0.40837517	1.2705115	0.1336982	0.30415252	1.0	2099	tags=29%, list=17%, signal=35%	
REGULATION OF TOLL-LIKE RECEPTOR 4 SIGNALING PATHWAY%GOBP%GO:0034143	REGULATION OF TOLL-LIKE RECEPTOR 4 SIGNALING PATHWAY%GOBP%GO:0034143		20	0.4928367	1.2703369	0.1826012	0.30424386	1.0	909	tags=20%, list=8%, signal=22%	
NUCLEAR-TRANSCRIBED MRNA CATABOLIC PROCESS, NONSENSE-MEDIATED DECAY%GOBP%GO:0000184	NUCLEAR-TRANSCRIBED MRNA CATABOLIC PROCESS, NONSENSE-MEDIATED DECAY%GOBP%GO:0000184		24	0.48573098	1.2693535	0.16810344	0.30566174	1.0	2611	tags=38%, list=22%, signal=48%	
BLOOD VESSEL MORPHOGENESIS%GOBP%GO:0048514	BLOOD VESSEL MORPHOGENESIS%GOBP%GO:0048514		154	0.3470206	1.2690902	0.07681849	0.30593768	1.0	1597	tags=23%, list=13%, signal=26%	
POSITIVE REGULATION OF PROTEIN POLYMERIZATION%GOBP%GO:0032273	POSITIVE REGULATION OF PROTEIN POLYMERIZATION%GOBP%GO:0032273		53	0.40634274	1.2688782	0.1313926	0.30610114	1.0	2898	tags=36%, list=24%, signal=47%	
GOUT OR KELLEY-SEEGMILLER SYNDROME%SMPDB%SMP0000365	GOUT OR KELLEY-SEEGMILLER SYNDROME%SMPDB%SMP0000365		28	0.46103957	1.2687902	0.17174281	0.3060738	1.0	2775	tags=46%, list=23%, signal=60%	
UNSATURATED FATTY ACID BIOSYNTHETIC PROCESS%GOBP%GO:0006636	UNSATURATED FATTY ACID BIOSYNTHETIC PROCESS%GOBP%GO:0006636		20	0.49231917	1.2685025	0.19051799	0.30637392	1.0	1039	tags=30%, list=9%, signal=33%	
REGULATION OF INTRACELLULAR PROTEIN TRANSPORT%GOBP%GO:0033157	REGULATION OF INTRACELLULAR PROTEIN TRANSPORT%GOBP%GO:0033157		95	0.37116048	1.2682203	0.09207709	0.30666706	1.0	1911	tags=23%, list=16%, signal=27%	
GLYCOSPHINGOLIPID BIOSYNTHETIC PROCESS%GOBP%GO:0006688	GLYCOSPHINGOLIPID BIOSYNTHETIC PROCESS%GOBP%GO:0006688		26	0.46255147	1.2677388	0.16497461	0.30726758	1.0	3592	tags=54%, list=30%, signal=77%	
FOREBRAIN GENERATION OF NEURONS%GOBP%GO:0021872	FOREBRAIN GENERATION OF NEURONS%GOBP%GO:0021872		21	0.48711407	1.2676548	0.1736227	0.30723318	1.0	118	tags=10%, list=1%, signal=10%	
PURINE NUCLEOTIDE BIOSYNTHETIC PROCESS%GOBP%GO:0006164	PURINE NUCLEOTIDE BIOSYNTHETIC PROCESS%GOBP%GO:0006164		90	0.376081	1.2667255	0.09949165	0.30860043	1.0	2775	tags=33%, list=23%, signal=43%	
REGULATION OF MUSCLE SYSTEM PROCESS%GOBP%GO:0090257	REGULATION OF MUSCLE SYSTEM PROCESS%GOBP%GO:0090257		90	0.37053666	1.2664562	0.11345454	0.30887684	1.0	1951	tags=26%, list=16%, signal=30%	
POSITIVE REGULATION OF NERVOUS SYSTEM DEVELOPMENT%GOBP%GO:0051962	POSITIVE REGULATION OF NERVOUS SYSTEM DEVELOPMENT%GOBP%GO:0051962		96	0.3664834	1.2663151	0.10980967	0.3089538	1.0	1866	tags=24%, list=15%, signal=28%	
POSITIVE REGULATION OF CELL KILLING%GOBP%GO:0031343	POSITIVE REGULATION OF CELL KILLING%GOBP%GO:0031343		27	0.46408787	1.2662194	0.17082998	0.30893767	1.0	3359	tags=41%, list=28%, signal=56%	
REGULATION OF ACTIN FILAMENT POLYMERIZATION%GOBP%GO:0030833	REGULATION OF ACTIN FILAMENT POLYMERIZATION%GOBP%GO:0030833		62	0.39759457	1.2661493	0.12928349	0.3088663	1.0	1479	tags=23%, list=12%, signal=26%	
HALLMARK_ESTROGEN_RESPONSE_LATE%MSIGDBHALLMARK%HALLMARK_ESTROGEN_RESPONSE_LATE	HALLMARK_ESTROGEN_RESPONSE_LATE%MSIGDBHALLMARK%HALLMARK_ESTROGEN_RESPONSE_LATE		138	0.3518345	1.2660615	0.08024275	0.3088363	1.0	1118	tags=17%, list=9%, signal=19%	
NUCLEOSIDE PHOSPHATE BIOSYNTHETIC PROCESS%GOBP%GO:1901293	NUCLEOSIDE PHOSPHATE BIOSYNTHETIC PROCESS%GOBP%GO:1901293		176	0.34248272	1.2659397	0.07767624	0.3088625	1.0	2775	tags=35%, list=23%, signal=44%	
REGULATION OF IMMUNOGLOBULIN PRODUCTION%GOBP%GO:0002637	REGULATION OF IMMUNOGLOBULIN PRODUCTION%GOBP%GO:0002637		23	0.4722413	1.2649931	0.1608889	0.31020162	1.0	2109	tags=39%, list=18%, signal=47%	
SIGNALING BY NOTCH1 HD+PEST DOMAIN MUTANTS IN CANCER%REACTOME%R-HSA-2894858.3	SIGNALING BY NOTCH1 HD+PEST DOMAIN MUTANTS IN CANCER%REACTOME%R-HSA-2894858.3		52	0.40837517	1.2649455	0.13145539	0.31011075	1.0	2099	tags=29%, list=17%, signal=35%	
MITOCHONDRIAL UNFOLDED PROTEIN RESPONSE (UPRMT)%REACTOME%R-HSA-9841251.1	MITOCHONDRIAL UNFOLDED PROTEIN RESPONSE (UPRMT)%REACTOME%R-HSA-9841251.1		17	0.5091675	1.2645767	0.17017543	0.31052408	1.0	1959	tags=35%, list=16%, signal=42%	
PID_P53_DOWNSTREAM_PATHWAY%MSIGDB_C2%PID_P53_DOWNSTREAM_PATHWAY	PID_P53_DOWNSTREAM_PATHWAY%MSIGDB_C2%PID_P53_DOWNSTREAM_PATHWAY		108	0.360711	1.2639481	0.10296192	0.3113993	1.0	1480	tags=19%, list=12%, signal=21%	
REGULATION OF EXTRACELLULAR MATRIX ORGANIZATION%GOBP%GO:1903053	REGULATION OF EXTRACELLULAR MATRIX ORGANIZATION%GOBP%GO:1903053		37	0.4337413	1.2637568	0.17091207	0.31152052	1.0	1063	tags=19%, list=9%, signal=21%	
AMINO ACID IMPORT ACROSS PLASMA MEMBRANE%GOBP%GO:0089718	AMINO ACID IMPORT ACROSS PLASMA MEMBRANE%GOBP%GO:0089718		19	0.49573112	1.2632562	0.18636756	0.3121511	1.0	1698	tags=26%, list=14%, signal=31%	
DISEASES ASSOCIATED WITH GLYCOSYLATION PRECURSOR BIOSYNTHESIS%REACTOME DATABASE ID RELEASE 93%5609975	DISEASES ASSOCIATED WITH GLYCOSYLATION PRECURSOR BIOSYNTHESIS%REACTOME DATABASE ID RELEASE 93%5609975		16	0.5151587	1.2631663	0.18815331	0.31213236	1.0	3323	tags=50%, list=28%, signal=69%	
POSITIVE REGULATION OF T-HELPER CELL DIFFERENTIATION%GOBP%GO:0045624	POSITIVE REGULATION OF T-HELPER CELL DIFFERENTIATION%GOBP%GO:0045624		15	0.52239966	1.2631029	0.19728507	0.31205994	1.0	641	tags=20%, list=5%, signal=21%	
TISSUE HOMEOSTASIS%GOBP%GO:0001894	TISSUE HOMEOSTASIS%GOBP%GO:0001894		82	0.37514064	1.2630227	0.11922504	0.3120171	1.0	1871	tags=24%, list=16%, signal=29%	
ALPHA-BETA T CELL ACTIVATION%GOBP%GO:0046631	ALPHA-BETA T CELL ACTIVATION%GOBP%GO:0046631		32	0.4485966	1.2629592	0.15970516	0.31194106	1.0	1044	tags=16%, list=9%, signal=17%	
SEMAPHORIN INTERACTIONS%REACTOME%R-HSA-373755.3	SEMAPHORIN INTERACTIONS%REACTOME%R-HSA-373755.3		55	0.40242526	1.2628448	0.13747054	0.3119653	1.0	1654	tags=29%, list=14%, signal=34%	
RAC3 GTPASE CYCLE%REACTOME DATABASE ID RELEASE 93%9013423	RAC3 GTPASE CYCLE%REACTOME DATABASE ID RELEASE 93%9013423		79	0.383123	1.2626554	0.11070111	0.3120963	1.0	1031	tags=19%, list=9%, signal=21%	
ALPHA6BETA4INTEGRIN%NETPATH%ALPHA6BETA4INTEGRIN	ALPHA6BETA4INTEGRIN%NETPATH%ALPHA6BETA4INTEGRIN		51	0.40739256	1.2625719	0.1303007	0.31205434	1.0	1219	tags=27%, list=10%, signal=30%	
PROTEIN K48-LINKED UBIQUITINATION%GOBP%GO:0070936	PROTEIN K48-LINKED UBIQUITINATION%GOBP%GO:0070936		89	0.37514746	1.2614545	0.11440678	0.31370863	1.0	1696	tags=18%, list=14%, signal=21%	
TELOMERE MAINTENANCE VIA TELOMERE LENGTHENING%GOBP%GO:0010833	TELOMERE MAINTENANCE VIA TELOMERE LENGTHENING%GOBP%GO:0010833		24	0.47332197	1.261404	0.1755102	0.3136122	1.0	2493	tags=46%, list=21%, signal=58%	
BIOCARTA_HER2_PATHWAY%MSIGDB_C2%BIOCARTA_HER2_PATHWAY	BIOCARTA_HER2_PATHWAY%MSIGDB_C2%BIOCARTA_HER2_PATHWAY		20	0.49436414	1.2610624	0.18586387	0.31397673	1.0	1326	tags=30%, list=11%, signal=34%	
PID_INTEGRIN1_PATHWAY%MSIGDB_C2%PID_INTEGRIN1_PATHWAY	PID_INTEGRIN1_PATHWAY%MSIGDB_C2%PID_INTEGRIN1_PATHWAY		39	0.43003446	1.2608148	0.14882943	0.31420347	1.0	1549	tags=28%, list=13%, signal=32%	
SARS-COV-2 MODULATES HOST TRANSLATION MACHINERY%REACTOME%R-HSA-9754678.3	SARS-COV-2 MODULATES HOST TRANSLATION MACHINERY%REACTOME%R-HSA-9754678.3		46	0.40998563	1.2605402	0.13793103	0.31447265	1.0	3044	tags=35%, list=25%, signal=46%	
CELLULAR EXTRAVASATION%GOBP%GO:0045123	CELLULAR EXTRAVASATION%GOBP%GO:0045123		16	0.5246881	1.2596319	0.19590382	0.3157969	1.0	595	tags=19%, list=5%, signal=20%	
POSITIVE REGULATION OF LEUKOCYTE MEDIATED CYTOTOXICITY%GOBP%GO:0001912	POSITIVE REGULATION OF LEUKOCYTE MEDIATED CYTOTOXICITY%GOBP%GO:0001912		26	0.46584958	1.2593161	0.17301324	0.3161511	1.0	3359	tags=42%, list=28%, signal=59%	
CD209 (DC-SIGN) SIGNALING%REACTOME%R-HSA-5621575.2	CD209 (DC-SIGN) SIGNALING%REACTOME%R-HSA-5621575.2		17	0.50233614	1.2585624	0.20537262	0.31722403	1.0	1778	tags=35%, list=15%, signal=41%	
NOTCH SIGNALING PATHWAY%GOBP%GO:0007219	NOTCH SIGNALING PATHWAY%GOBP%GO:0007219		29	0.45560896	1.2573773	0.17023027	0.31903008	1.0	1533	tags=21%, list=13%, signal=24%	
MULTIVESICULAR BODY ASSEMBLY%GOBP%GO:0036258	MULTIVESICULAR BODY ASSEMBLY%GOBP%GO:0036258		30	0.4477563	1.2571256	0.16069941	0.3192556	1.0	2880	tags=43%, list=24%, signal=57%	
APC:CDC20 MEDIATED DEGRADATION OF CELL CYCLE PROTEINS PRIOR TO SATISFATION OF THE CELL CYCLE CHECKPOINT%REACTOME DATABASE ID RELEASE 93%179419	APC:CDC20 MEDIATED DEGRADATION OF CELL CYCLE PROTEINS PRIOR TO SATISFATION OF THE CELL CYCLE CHECKPOINT%REACTOME DATABASE ID RELEASE 93%179419		60	0.3917224	1.2565898	0.12396694	0.31994146	1.0	2272	tags=35%, list=19%, signal=43%	
POSITIVE REGULATION OF UBIQUITIN-DEPENDENT PROTEIN CATABOLIC PROCESS%GOBP%GO:2000060	POSITIVE REGULATION OF UBIQUITIN-DEPENDENT PROTEIN CATABOLIC PROCESS%GOBP%GO:2000060		74	0.3778163	1.2565145	0.12481645	0.31988144	1.0	2506	tags=41%, list=21%, signal=51%	
PID_SYNDECAN_2_PATHWAY%MSIGDB_C2%PID_SYNDECAN_2_PATHWAY	PID_SYNDECAN_2_PATHWAY%MSIGDB_C2%PID_SYNDECAN_2_PATHWAY		22	0.483534	1.2563607	0.18010291	0.31997475	1.0	1914	tags=27%, list=16%, signal=32%	
REGULATORY NCRNA-MEDIATED POST-TRANSCRIPTIONAL GENE SILENCING%GOBP%GO:0035194	REGULATORY NCRNA-MEDIATED POST-TRANSCRIPTIONAL GENE SILENCING%GOBP%GO:0035194		33	0.43992403	1.256349	0.17107438	0.31982073	1.0	1528	tags=21%, list=13%, signal=24%	
REGULATION OF TELOMERASE%PATHWAY INTERACTION DATABASE NCI-NATURE CURATED DATA%REGULATION OF TELOMERASE	REGULATION OF TELOMERASE%PATHWAY INTERACTION DATABASE NCI-NATURE CURATED DATA%REGULATION OF TELOMERASE		62	0.38922685	1.2563457	0.13036926	0.3196463	1.0	2088	tags=31%, list=17%, signal=37%	
PID_FAK_PATHWAY%MSIGDB_C2%PID_FAK_PATHWAY	PID_FAK_PATHWAY%MSIGDB_C2%PID_FAK_PATHWAY		47	0.40883	1.2561811	0.14943457	0.31974706	1.0	2508	tags=34%, list=21%, signal=43%	
RNA POLYMERASE III CHAIN ELONGATION%REACTOME DATABASE ID RELEASE 93%73780	RNA POLYMERASE III CHAIN ELONGATION%REACTOME DATABASE ID RELEASE 93%73780		18	0.5016655	1.2558383	0.19051878	0.32015637	1.0	3373	tags=39%, list=28%, signal=54%	
STRIATED MUSCLE CELL DEVELOPMENT%GOBP%GO:0055002	STRIATED MUSCLE CELL DEVELOPMENT%GOBP%GO:0055002		47	0.4107249	1.2556214	0.15935335	0.32034183	1.0	791	tags=15%, list=7%, signal=16%	
BETA-CATENIN INDEPENDENT WNT SIGNALING%REACTOME%R-HSA-3858494.5	BETA-CATENIN INDEPENDENT WNT SIGNALING%REACTOME%R-HSA-3858494.5		104	0.36103103	1.2551368	0.11530249	0.32096782	1.0	2138	tags=30%, list=18%, signal=36%	
FORMATION OF THE TERNARY COMPLEX, AND SUBSEQUENTLY, THE 43S COMPLEX%REACTOME%R-HSA-72695.4	FORMATION OF THE TERNARY COMPLEX, AND SUBSEQUENTLY, THE 43S COMPLEX%REACTOME%R-HSA-72695.4		48	0.41022286	1.2550086	0.14431372	0.3209855	1.0	1669	tags=23%, list=14%, signal=26%	
REGULATION OF SYSTEM PROCESS%GOBP%GO:0044057	REGULATION OF SYSTEM PROCESS%GOBP%GO:0044057		180	0.33766112	1.2543919	0.08371188	0.3218049	1.0	1759	tags=19%, list=15%, signal=22%	
CELL-SUBSTRATE JUNCTION ORGANIZATION%GOBP%GO:0150115	CELL-SUBSTRATE JUNCTION ORGANIZATION%GOBP%GO:0150115		27	0.46407694	1.2542393	0.1795302	0.3218851	1.0	1713	tags=26%, list=14%, signal=30%	
ANATOMICAL STRUCTURE HOMEOSTASIS%GOBP%GO:0060249	ANATOMICAL STRUCTURE HOMEOSTASIS%GOBP%GO:0060249		82	0.37514064	1.2541386	0.12200599	0.32186565	1.0	1871	tags=24%, list=16%, signal=29%	
BIOCARTA_ARENRF2_PATHWAY%MSIGDB_C2%BIOCARTA_ARENRF2_PATHWAY	BIOCARTA_ARENRF2_PATHWAY%MSIGDB_C2%BIOCARTA_ARENRF2_PATHWAY		15	0.52371955	1.2535604	0.1965735	0.3226672	1.0	2398	tags=40%, list=20%, signal=50%	
SEROTONIN HTR1 GROUP AND FOS PATHWAY%WIKIPATHWAYS_20250810%WP722%HOMO SAPIENS	SEROTONIN HTR1 GROUP AND FOS PATHWAY%WIKIPATHWAYS_20250810%WP722%HOMO SAPIENS		19	0.4942217	1.2530364	0.19326241	0.32334998	1.0	1946	tags=37%, list=16%, signal=44%	
SUBSTRATE ADHESION-DEPENDENT CELL SPREADING%GOBP%GO:0034446	SUBSTRATE ADHESION-DEPENDENT CELL SPREADING%GOBP%GO:0034446		29	0.45007858	1.2524866	0.17376775	0.32408577	1.0	1438	tags=24%, list=12%, signal=27%	
11P11 2 COPY NUMBER VARIATION SYNDROME %WIKIPATHWAYS_20250810%WP5348%HOMO SAPIENS	11P11 2 COPY NUMBER VARIATION SYNDROME %WIKIPATHWAYS_20250810%WP5348%HOMO SAPIENS		31	0.4457862	1.252076	0.17759337	0.3245649	1.0	767	tags=13%, list=6%, signal=14%	
PLATELET ACTIVATION, SIGNALING AND AGGREGATION%REACTOME%R-HSA-76002.5	PLATELET ACTIVATION, SIGNALING AND AGGREGATION%REACTOME%R-HSA-76002.5		168	0.3373891	1.2520087	0.08420365	0.32450423	1.0	1351	tags=23%, list=11%, signal=26%	
POSITIVE REGULATION OF CATION TRANSMEMBRANE TRANSPORT%GOBP%GO:1904064	POSITIVE REGULATION OF CATION TRANSMEMBRANE TRANSPORT%GOBP%GO:1904064		44	0.41274258	1.2519083	0.16313726	0.32450244	1.0	1409	tags=18%, list=12%, signal=21%	
ESTROGEN-DEPENDENT NUCLEAR EVENTS DOWNSTREAM OF ESR-MEMBRANE SIGNALING%REACTOME DATABASE ID RELEASE 93%9634638	ESTROGEN-DEPENDENT NUCLEAR EVENTS DOWNSTREAM OF ESR-MEMBRANE SIGNALING%REACTOME DATABASE ID RELEASE 93%9634638		21	0.48657912	1.2518014	0.19510135	0.32450986	1.0	624	tags=19%, list=5%, signal=20%	
RECEPTOR CATABOLIC PROCESS%GOBP%GO:0032801	RECEPTOR CATABOLIC PROCESS%GOBP%GO:0032801		16	0.51650965	1.2517955	0.20402561	0.32433882	1.0	2625	tags=38%, list=22%, signal=48%	
PID_EPHA2_FWD_PATHWAY%MSIGDB_C2%PID_EPHA2_FWD_PATHWAY	PID_EPHA2_FWD_PATHWAY%MSIGDB_C2%PID_EPHA2_FWD_PATHWAY		15	0.51718456	1.251467	0.21254355	0.32470217	1.0	824	tags=33%, list=7%, signal=36%	
ALPHA6BETA4INTEGRIN%IOB%ALPHA6BETA4INTEGRIN	ALPHA6BETA4INTEGRIN%IOB%ALPHA6BETA4INTEGRIN		46	0.40907654	1.2512964	0.152	0.32480514	1.0	1219	tags=28%, list=10%, signal=31%	
SIGNALING BY NOTCH1%REACTOME DATABASE ID RELEASE 93%1980143	SIGNALING BY NOTCH1%REACTOME DATABASE ID RELEASE 93%1980143		65	0.38517722	1.250944	0.13073395	0.3252337	1.0	1533	tags=23%, list=13%, signal=26%	
PTEN REGULATION%REACTOME DATABASE ID RELEASE 93%6807070	PTEN REGULATION%REACTOME DATABASE ID RELEASE 93%6807070		120	0.3517332	1.250872	0.09432673	0.32516462	1.0	1733	tags=24%, list=14%, signal=28%	
SIGNALING BY NOTCH2%REACTOME%R-HSA-1980145.4	SIGNALING BY NOTCH2%REACTOME%R-HSA-1980145.4		27	0.46010032	1.2505488	0.17942177	0.32552823	1.0	1385	tags=22%, list=12%, signal=25%	
ASSEMBLY OF THE PRE-REPLICATIVE COMPLEX%REACTOME%R-HSA-68867.10	ASSEMBLY OF THE PRE-REPLICATIVE COMPLEX%REACTOME%R-HSA-68867.10		72	0.37962767	1.2502834	0.12857144	0.32581526	1.0	2569	tags=32%, list=21%, signal=40%	
REGULATION OF ENDOTHELIAL CELL PROLIFERATION%GOBP%GO:0001936	REGULATION OF ENDOTHELIAL CELL PROLIFERATION%GOBP%GO:0001936		73	0.38010862	1.250164	0.13211845	0.3258339	1.0	860	tags=15%, list=7%, signal=16%	
EYE MORPHOGENESIS%GOBP%GO:0048592	EYE MORPHOGENESIS%GOBP%GO:0048592		51	0.40264902	1.2500131	0.1407465	0.32590416	1.0	1019	tags=16%, list=8%, signal=17%	
REGENERATION%GOBP%GO:0031099	REGENERATION%GOBP%GO:0031099		22	0.47634086	1.2499298	0.19541207	0.32585806	1.0	589	tags=14%, list=5%, signal=14%	
ESTABLISHMENT OF EPITHELIAL CELL POLARITY%GOBP%GO:0090162	ESTABLISHMENT OF EPITHELIAL CELL POLARITY%GOBP%GO:0090162		16	0.5088518	1.2486118	0.1987061	0.3279131	1.0	2714	tags=38%, list=23%, signal=48%	
IMMUNE RESPONSE-REGULATING CELL SURFACE RECEPTOR SIGNALING PATHWAY INVOLVED IN PHAGOCYTOSIS%GOBP%GO:0002433	IMMUNE RESPONSE-REGULATING CELL SURFACE RECEPTOR SIGNALING PATHWAY INVOLVED IN PHAGOCYTOSIS%GOBP%GO:0002433		16	0.50289935	1.2483752	0.20855615	0.32813287	1.0	854	tags=38%, list=7%, signal=40%	
REGULATION OF TUMOR NECROSIS FACTOR-MEDIATED SIGNALING PATHWAY%GOBP%GO:0010803	REGULATION OF TUMOR NECROSIS FACTOR-MEDIATED SIGNALING PATHWAY%GOBP%GO:0010803		42	0.4210275	1.2479649	0.16505636	0.3286297	1.0	2678	tags=26%, list=22%, signal=34%	
POSITIVE REGULATION OF CELL-SUBSTRATE ADHESION%GOBP%GO:0010811	POSITIVE REGULATION OF CELL-SUBSTRATE ADHESION%GOBP%GO:0010811		64	0.38791543	1.2473761	0.140625	0.3294166	1.0	1515	tags=25%, list=13%, signal=28%	
LYMPHOCYTE ACTIVATION%GOBP%GO:0046649	LYMPHOCYTE ACTIVATION%GOBP%GO:0046649		178	0.33659554	1.2471236	0.08512021	0.32966724	1.0	1239	tags=16%, list=10%, signal=18%	
MELATONIN METABOLISM AND EFFECTS%WIKIPATHWAYS_20250810%WP3298%HOMO SAPIENS	MELATONIN METABOLISM AND EFFECTS%WIKIPATHWAYS_20250810%WP3298%HOMO SAPIENS		24	0.47023937	1.2467194	0.1838488	0.3301555	1.0	334	tags=17%, list=3%, signal=17%	
INSULIN IGF PATHWAY-MITOGEN ACTIVATED PROTEIN KINASE KINASE MAP KINASE CASCADE%PANTHER PATHWAY%P00032	INSULIN IGF PATHWAY-MITOGEN ACTIVATED PROTEIN KINASE KINASE MAP KINASE CASCADE%PANTHER PATHWAY%P00032		25	0.468521	1.2460921	0.1710864	0.33104953	1.0	1975	tags=36%, list=16%, signal=43%	
HEART DEVELOPMENT%WIKIPATHWAYS_20250810%WP1591%HOMO SAPIENS	HEART DEVELOPMENT%WIKIPATHWAYS_20250810%WP1591%HOMO SAPIENS		23	0.46835428	1.2460641	0.18181819	0.33091408	1.0	470	tags=13%, list=4%, signal=14%	
PID_LKB1_PATHWAY%MSIGDB_C2%PID_LKB1_PATHWAY	PID_LKB1_PATHWAY%MSIGDB_C2%PID_LKB1_PATHWAY		34	0.4333735	1.2454122	0.1790429	0.33185098	1.0	3278	tags=53%, list=27%, signal=73%	
PID_MYC_ACTIV_PATHWAY%MSIGDB_C2%PID_MYC_ACTIV_PATHWAY	PID_MYC_ACTIV_PATHWAY%MSIGDB_C2%PID_MYC_ACTIV_PATHWAY		57	0.39020765	1.244586	0.15643713	0.33307862	1.0	2194	tags=26%, list=18%, signal=32%	
PHOSPHOLIPID TRANSPORT%GOBP%GO:0015914	PHOSPHOLIPID TRANSPORT%GOBP%GO:0015914		54	0.39677468	1.2440504	0.15432099	0.3338325	1.0	1260	tags=17%, list=10%, signal=19%	
INTEGRINS IN ANGIOGENESIS%PATHWAY INTERACTION DATABASE NCI-NATURE CURATED DATA%INTEGRINS IN ANGIOGENESIS	INTEGRINS IN ANGIOGENESIS%PATHWAY INTERACTION DATABASE NCI-NATURE CURATED DATA%INTEGRINS IN ANGIOGENESIS		51	0.40650925	1.2436299	0.15708812	0.33434546	1.0	2714	tags=41%, list=23%, signal=53%	
AMIDE TRANSPORT%GOBP%GO:0042886	AMIDE TRANSPORT%GOBP%GO:0042886		50	0.4026361	1.2426735	0.15557276	0.33581135	1.0	2279	tags=28%, list=19%, signal=34%	
REGULATION OF SYNAPSE STRUCTURE OR ACTIVITY%GOBP%GO:0050803	REGULATION OF SYNAPSE STRUCTURE OR ACTIVITY%GOBP%GO:0050803		91	0.3658793	1.2412946	0.13425253	0.33801803	1.0	2575	tags=34%, list=21%, signal=43%	
FOCAL ADHESION ASSEMBLY%GOBP%GO:0048041	FOCAL ADHESION ASSEMBLY%GOBP%GO:0048041		20	0.4846185	1.2411474	0.18314703	0.33810392	1.0	1713	tags=30%, list=14%, signal=35%	
PID_CXCR3_PATHWAY%MSIGDB_C2%PID_CXCR3_PATHWAY	PID_CXCR3_PATHWAY%MSIGDB_C2%PID_CXCR3_PATHWAY		26	0.45666263	1.2407157	0.1736227	0.33866376	1.0	2436	tags=54%, list=20%, signal=67%	
VALIDATED NUCLEAR ESTROGEN RECEPTOR ALPHA NETWORK%PATHWAY INTERACTION DATABASE NCI-NATURE CURATED DATA%VALIDATED NUCLEAR ESTROGEN RECEPTOR ALPHA NETWORK	VALIDATED NUCLEAR ESTROGEN RECEPTOR ALPHA NETWORK%PATHWAY INTERACTION DATABASE NCI-NATURE CURATED DATA%VALIDATED NUCLEAR ESTROGEN RECEPTOR ALPHA NETWORK		51	0.4033648	1.2406263	0.15449654	0.33864358	1.0	1705	tags=24%, list=14%, signal=27%	
RESPONSE TO HEXOSE%GOBP%GO:0009746	RESPONSE TO HEXOSE%GOBP%GO:0009746		36	0.42712483	1.2406116	0.16557378	0.338479	1.0	2403	tags=44%, list=20%, signal=55%	
GLIAL CELL DEVELOPMENT%GOBP%GO:0021782	GLIAL CELL DEVELOPMENT%GOBP%GO:0021782		44	0.41539082	1.2404541	0.16666667	0.33856565	1.0	2564	tags=39%, list=21%, signal=49%	
RESPONSE TO ISCHEMIA%GOBP%GO:0002931	RESPONSE TO ISCHEMIA%GOBP%GO:0002931		16	0.5146923	1.2399912	0.20986547	0.3391962	1.0	913	tags=25%, list=8%, signal=27%	
RESPONSE TO MONOSACCHARIDE%GOBP%GO:0034284	RESPONSE TO MONOSACCHARIDE%GOBP%GO:0034284		36	0.42712483	1.2399718	0.18288854	0.33904532	1.0	2403	tags=44%, list=20%, signal=55%	
POSITIVE REGULATION OF INTRACELLULAR TRANSPORT%GOBP%GO:0032388	POSITIVE REGULATION OF INTRACELLULAR TRANSPORT%GOBP%GO:0032388		96	0.3612009	1.239698	0.11937098	0.33932224	1.0	2054	tags=26%, list=17%, signal=31%	
DRAVET SYNDROME%WIKIPATHWAYS_20250810%WP5200%HOMO SAPIENS	DRAVET SYNDROME%WIKIPATHWAYS_20250810%WP5200%HOMO SAPIENS		19	0.4846628	1.2395785	0.20732798	0.3393503	1.0	1930	tags=37%, list=16%, signal=44%	
INTRACELLULAR CHOLESTEROL TRANSPORT%GOBP%GO:0032367	INTRACELLULAR CHOLESTEROL TRANSPORT%GOBP%GO:0032367		16	0.5106972	1.239043	0.21727516	0.34009615	1.0	1017	tags=25%, list=8%, signal=27%	
HEPATICOBILIARY SYSTEM DEVELOPMENT%GOBP%GO:0061008	HEPATICOBILIARY SYSTEM DEVELOPMENT%GOBP%GO:0061008		27	0.455113	1.2386239	0.18808511	0.3406321	1.0	1118	tags=22%, list=9%, signal=24%	
PROTEIN SUMOYLATION%GOBP%GO:0016925	PROTEIN SUMOYLATION%GOBP%GO:0016925		39	0.41980106	1.2379543	0.17906787	0.34162048	1.0	2277	tags=31%, list=19%, signal=38%	
FORMATION OF THE NON-CANONICAL BAF (NCBAF) COMPLEX%REACTOME%R-HSA-9933947.1	FORMATION OF THE NON-CANONICAL BAF (NCBAF) COMPLEX%REACTOME%R-HSA-9933947.1		15	0.5089112	1.2369835	0.20473157	0.3431106	1.0	1249	tags=27%, list=10%, signal=30%	
BIOCARTA_RAC1_PATHWAY%MSIGDB_C2%BIOCARTA_RAC1_PATHWAY	BIOCARTA_RAC1_PATHWAY%MSIGDB_C2%BIOCARTA_RAC1_PATHWAY		16	0.5049026	1.2367862	0.2015571	0.34326503	1.0	1028	tags=38%, list=9%, signal=41%	
CHOLESTEROL METABOLISM WITH BLOCH AND KANDUTSCH RUSSELL PATHWAYS%WIKIPATHWAYS_20250810%WP4718%HOMO SAPIENS	CHOLESTEROL METABOLISM WITH BLOCH AND KANDUTSCH RUSSELL PATHWAYS%WIKIPATHWAYS_20250810%WP4718%HOMO SAPIENS		34	0.43260056	1.2364033	0.18114144	0.3437237	1.0	1017	tags=26%, list=8%, signal=29%	
NICOTINATE METABOLISM%REACTOME%R-HSA-196807.7	NICOTINATE METABOLISM%REACTOME%R-HSA-196807.7		18	0.49361256	1.235879	0.22212619	0.34448257	1.0	1112	tags=28%, list=9%, signal=31%	
NEGATIVE REGULATION OF ERK1 AND ERK2 CASCADE%GOBP%GO:0070373	NEGATIVE REGULATION OF ERK1 AND ERK2 CASCADE%GOBP%GO:0070373		41	0.41843498	1.2353588	0.16853034	0.34519354	1.0	787	tags=17%, list=7%, signal=18%	
C-MYC PATHWAY%PATHWAY INTERACTION DATABASE NCI-NATURE CURATED DATA%C-MYC PATHWAY	C-MYC PATHWAY%PATHWAY INTERACTION DATABASE NCI-NATURE CURATED DATA%C-MYC PATHWAY		25	0.46067116	1.2347227	0.20854272	0.34610394	1.0	2376	tags=32%, list=20%, signal=40%	
CLATHRIN-MEDIATED ENDOCYTOSIS%REACTOME DATABASE ID RELEASE 93%8856828	CLATHRIN-MEDIATED ENDOCYTOSIS%REACTOME DATABASE ID RELEASE 93%8856828		116	0.3503952	1.2344533	0.12352533	0.34638256	1.0	1656	tags=18%, list=14%, signal=21%	
PROTEIN MONOUBIQUITINATION%GOBP%GO:0006513	PROTEIN MONOUBIQUITINATION%GOBP%GO:0006513		37	0.41999382	1.2342112	0.18955824	0.34664017	1.0	2985	tags=35%, list=25%, signal=47%	
EGF EGFR SIGNALING%WIKIPATHWAYS_20250810%WP437%HOMO SAPIENS	EGF EGFR SIGNALING%WIKIPATHWAYS_20250810%WP437%HOMO SAPIENS		113	0.3509169	1.2342104	0.114822544	0.3464547	1.0	2425	tags=32%, list=20%, signal=40%	
REGULATION OF MUSCLE CELL APOPTOTIC PROCESS%GOBP%GO:0010660	REGULATION OF MUSCLE CELL APOPTOTIC PROCESS%GOBP%GO:0010660		25	0.46270174	1.2339054	0.21039397	0.34680372	1.0	76	tags=12%, list=1%, signal=12%	
NEGATIVE REGULATION OF SMOOTH MUSCLE CELL PROLIFERATION%GOBP%GO:0048662	NEGATIVE REGULATION OF SMOOTH MUSCLE CELL PROLIFERATION%GOBP%GO:0048662		25	0.4530704	1.2338635	0.19147158	0.346703	1.0	326	tags=16%, list=3%, signal=16%	
MORPHINE ACTION PATHWAY%PATHWHIZ%PW000412	MORPHINE ACTION PATHWAY%PATHWHIZ%PW000412		15	0.52030754	1.2336557	0.21549422	0.34687468	1.0	2590	tags=40%, list=22%, signal=51%	
INTRA-GOLGI VESICLE-MEDIATED TRANSPORT%GOBP%GO:0006891	INTRA-GOLGI VESICLE-MEDIATED TRANSPORT%GOBP%GO:0006891		30	0.43775392	1.2334689	0.19619706	0.3469923	1.0	2580	tags=27%, list=21%, signal=34%	
GNRH SIGNALING PATHWAY%PATHWHIZ%PW064816	GNRH SIGNALING PATHWAY%PATHWHIZ%PW064816		32	0.43457422	1.2327225	0.18688525	0.3481184	1.0	690	tags=16%, list=6%, signal=17%	
RIBOSE PHOSPHATE BIOSYNTHETIC PROCESS%GOBP%GO:0046390	RIBOSE PHOSPHATE BIOSYNTHETIC PROCESS%GOBP%GO:0046390		87	0.36777082	1.2325234	0.13450292	0.34826612	1.0	2775	tags=31%, list=23%, signal=40%	
KITRECEPTOR%NETPATH%KITRECEPTOR	KITRECEPTOR%NETPATH%KITRECEPTOR		48	0.40000632	1.2324021	0.17595541	0.34828463	1.0	2464	tags=33%, list=20%, signal=42%	
REGULATION OF SMOOTH MUSCLE CELL DIFFERENTIATION%GOBP%GO:0051150	REGULATION OF SMOOTH MUSCLE CELL DIFFERENTIATION%GOBP%GO:0051150		17	0.4971863	1.2323526	0.21558441	0.3481756	1.0	533	tags=18%, list=4%, signal=18%	
REGULATION OF ATP-DEPENDENT ACTIVITY%GOBP%GO:0043462	REGULATION OF ATP-DEPENDENT ACTIVITY%GOBP%GO:0043462		22	0.47053707	1.2323337	0.20084746	0.34802273	1.0	505	tags=14%, list=4%, signal=14%	
FC-GAMMA RECEPTOR SIGNALING PATHWAY INVOLVED IN PHAGOCYTOSIS%GOBP%GO:0038096	FC-GAMMA RECEPTOR SIGNALING PATHWAY INVOLVED IN PHAGOCYTOSIS%GOBP%GO:0038096		16	0.50289935	1.2322961	0.22084805	0.3479008	1.0	854	tags=38%, list=7%, signal=40%	
REGULATION OF KETONE METABOLIC PROCESS%GOBP%GO:0010565	REGULATION OF KETONE METABOLIC PROCESS%GOBP%GO:0010565		79	0.36669838	1.232073	0.1358209	0.3481118	1.0	1178	tags=16%, list=10%, signal=18%	
SIGNALING BY BMP%REACTOME%R-HSA-201451.6	SIGNALING BY BMP%REACTOME%R-HSA-201451.6		19	0.49099833	1.2313927	0.20438597	0.34911865	1.0	2177	tags=37%, list=18%, signal=45%	
POSITIVE REGULATION OF MONOATOMIC ION TRANSMEMBRANE TRANSPORT%GOBP%GO:0034767	POSITIVE REGULATION OF MONOATOMIC ION TRANSMEMBRANE TRANSPORT%GOBP%GO:0034767		47	0.4020964	1.231333	0.17310664	0.3490402	1.0	1409	tags=17%, list=12%, signal=19%	
TISSUE MORPHOGENESIS%GOBP%GO:0048729	TISSUE MORPHOGENESIS%GOBP%GO:0048729		194	0.32728127	1.2310623	0.08940397	0.3493257	1.0	841	tags=13%, list=7%, signal=14%	
VIRAL BUDDING VIA HOST ESCRT COMPLEX%GOBP%GO:0039702	VIRAL BUDDING VIA HOST ESCRT COMPLEX%GOBP%GO:0039702		20	0.48370907	1.2306715	0.20190641	0.34983516	1.0	2280	tags=40%, list=19%, signal=49%	
MUSCLE CELL DEVELOPMENT%GOBP%GO:0055001	MUSCLE CELL DEVELOPMENT%GOBP%GO:0055001		59	0.38764128	1.2304717	0.1503937	0.3499848	1.0	791	tags=14%, list=7%, signal=14%	
TELOMERE MAINTENANCE VIA TELOMERASE%GOBP%GO:0007004	TELOMERE MAINTENANCE VIA TELOMERASE%GOBP%GO:0007004		20	0.47921437	1.230069	0.21750434	0.35048416	1.0	2493	tags=50%, list=21%, signal=63%	
VASCULATURE DEVELOPMENT%GOBP%GO:0001944	VASCULATURE DEVELOPMENT%GOBP%GO:0001944		183	0.33027536	1.2298917	0.09266409	0.35060194	1.0	1597	tags=21%, list=13%, signal=24%	
PROTEIN EXPORT FROM NUCLEUS%GOBP%GO:0006611	PROTEIN EXPORT FROM NUCLEUS%GOBP%GO:0006611		21	0.47182003	1.2288176	0.20307167	0.3523203	1.0	2091	tags=48%, list=17%, signal=58%	
SIGNALING BY MET%REACTOME%R-HSA-6806834.4	SIGNALING BY MET%REACTOME%R-HSA-6806834.4		57	0.3893006	1.2287139	0.1610487	0.3523175	1.0	2078	tags=30%, list=17%, signal=36%	
REGULATION OF HYDROLASE ACTIVITY%GOBP%GO:0051336	REGULATION OF HYDROLASE ACTIVITY%GOBP%GO:0051336		123	0.3483148	1.2286861	0.10881934	0.3521707	1.0	1180	tags=17%, list=10%, signal=19%	
NEGATIVE REGULATION OF RECEPTOR SIGNALING PATHWAY VIA STAT%GOBP%GO:1904893	NEGATIVE REGULATION OF RECEPTOR SIGNALING PATHWAY VIA STAT%GOBP%GO:1904893		15	0.52135485	1.2283295	0.2228164	0.35260224	1.0	315	tags=20%, list=3%, signal=21%	
PID_AR_NONGENOMIC_PATHWAY%MSIGDB_C2%PID_AR_NONGENOMIC_PATHWAY	PID_AR_NONGENOMIC_PATHWAY%MSIGDB_C2%PID_AR_NONGENOMIC_PATHWAY		21	0.4735318	1.228274	0.21784776	0.35250723	1.0	2436	tags=48%, list=20%, signal=60%	
NON-PROTEINOGENIC AMINO ACID METABOLIC PROCESS%GOBP%GO:0170041	NON-PROTEINOGENIC AMINO ACID METABOLIC PROCESS%GOBP%GO:0170041		28	0.44587702	1.2280369	0.19201995	0.35272893	1.0	2059	tags=25%, list=17%, signal=30%	
MITOCHONDRIAL RESPIRATORY CHAIN COMPLEX I ASSEMBLY%GOBP%GO:0032981	MITOCHONDRIAL RESPIRATORY CHAIN COMPLEX I ASSEMBLY%GOBP%GO:0032981		30	0.42927247	1.2274762	0.19273035	0.35357347	1.0	3663	tags=47%, list=30%, signal=67%	
POSITIVE REGULATION OF TELOMERE MAINTENANCE%GOBP%GO:0032206	POSITIVE REGULATION OF TELOMERE MAINTENANCE%GOBP%GO:0032206		69	0.37435657	1.2267098	0.1545098	0.35471734	1.0	2636	tags=39%, list=22%, signal=50%	
ADENYLATE CYCLASE-INHIBITING G PROTEIN-COUPLED RECEPTOR SIGNALING PATHWAY%GOBP%GO:0007193	ADENYLATE CYCLASE-INHIBITING G PROTEIN-COUPLED RECEPTOR SIGNALING PATHWAY%GOBP%GO:0007193		22	0.46636647	1.2262914	0.20822397	0.35526282	1.0	670	tags=18%, list=6%, signal=19%	
SIGNALING EVENTS MEDIATED BY STEM CELL FACTOR RECEPTOR (C-KIT)%PATHWAY INTERACTION DATABASE NCI-NATURE CURATED DATA%SIGNALING EVENTS MEDIATED BY STEM CELL FACTOR RECEPTOR (C-KIT)	SIGNALING EVENTS MEDIATED BY STEM CELL FACTOR RECEPTOR (C-KIT)%PATHWAY INTERACTION DATABASE NCI-NATURE CURATED DATA%SIGNALING EVENTS MEDIATED BY STEM CELL FACTOR RECEPTOR (C-KIT)		44	0.41190034	1.226081	0.1754386	0.35543218	1.0	1326	tags=25%, list=11%, signal=28%	
VIRAL PROTEIN PROCESSING%GOBP%GO:0019082	VIRAL PROTEIN PROCESSING%GOBP%GO:0019082		29	0.44665247	1.2256367	0.1983871	0.35600132	1.0	1792	tags=28%, list=15%, signal=32%	
REGULATION OF NUCLEAR SMAD2 3 SIGNALING%PATHWAY INTERACTION DATABASE NCI-NATURE CURATED DATA%REGULATION OF NUCLEAR SMAD2 3 SIGNALING	REGULATION OF NUCLEAR SMAD2 3 SIGNALING%PATHWAY INTERACTION DATABASE NCI-NATURE CURATED DATA%REGULATION OF NUCLEAR SMAD2 3 SIGNALING		69	0.37099895	1.2246041	0.15355521	0.35766774	1.0	2398	tags=33%, list=20%, signal=41%	
PROTEIN LOCALIZATION TO PLASMA MEMBRANE%GOBP%GO:0072659	PROTEIN LOCALIZATION TO PLASMA MEMBRANE%GOBP%GO:0072659		127	0.34219265	1.2245958	0.13281798	0.35749376	1.0	3075	tags=34%, list=26%, signal=45%	
PID_ERBB2_ERBB3_PATHWAY%MSIGDB_C2%PID_ERBB2_ERBB3_PATHWAY	PID_ERBB2_ERBB3_PATHWAY%MSIGDB_C2%PID_ERBB2_ERBB3_PATHWAY		35	0.42395276	1.2244824	0.19852337	0.35751474	1.0	2487	tags=51%, list=21%, signal=65%	
MALE GONAD DEVELOPMENT%GOBP%GO:0008584	MALE GONAD DEVELOPMENT%GOBP%GO:0008584		24	0.45656225	1.2241652	0.20338982	0.3578754	1.0	1277	tags=21%, list=11%, signal=23%	
TRANSCRIPTIONAL REGULATION BY THE AP-2 (TFAP2) FAMILY OF TRANSCRIPTION FACTORS%REACTOME DATABASE ID RELEASE 93%8864260	TRANSCRIPTIONAL REGULATION BY THE AP-2 (TFAP2) FAMILY OF TRANSCRIPTION FACTORS%REACTOME DATABASE ID RELEASE 93%8864260		28	0.44260052	1.2241638	0.20117351	0.35768828	1.0	321	tags=14%, list=3%, signal=15%	
RNA-TEMPLATED DNA BIOSYNTHETIC PROCESS%GOBP%GO:0006278	RNA-TEMPLATED DNA BIOSYNTHETIC PROCESS%GOBP%GO:0006278		20	0.47921437	1.2233006	0.2015845	0.3589842	1.0	2493	tags=50%, list=21%, signal=63%	
NATURAL KILLER CELL MEDIATED CYTOTOXICITY%GOBP%GO:0042267	NATURAL KILLER CELL MEDIATED CYTOTOXICITY%GOBP%GO:0042267		22	0.46468884	1.2232409	0.20822397	0.35889688	1.0	1123	tags=32%, list=9%, signal=35%	
PDGF SIGNALING PATHWAY%PANTHER PATHWAY%P00047	PDGF SIGNALING PATHWAY%PANTHER PATHWAY%P00047		107	0.34964368	1.2230916	0.13636364	0.3589609	1.0	1673	tags=26%, list=14%, signal=30%	
FC RECEPTOR MEDIATED STIMULATORY SIGNALING PATHWAY%GOBP%GO:0002431	FC RECEPTOR MEDIATED STIMULATORY SIGNALING PATHWAY%GOBP%GO:0002431		16	0.50289935	1.2228725	0.22251773	0.3591694	1.0	854	tags=38%, list=7%, signal=40%	
NEGATIVE REGULATION OF LEUKOCYTE PROLIFERATION%GOBP%GO:0070664	NEGATIVE REGULATION OF LEUKOCYTE PROLIFERATION%GOBP%GO:0070664		30	0.43124035	1.2228459	0.20857863	0.35903025	1.0	769	tags=23%, list=6%, signal=25%	
MEMBRANE FISSION%GOBP%GO:0090148	MEMBRANE FISSION%GOBP%GO:0090148		42	0.4039652	1.2228373	0.17704123	0.35885698	1.0	2880	tags=40%, list=24%, signal=53%	
B CELL ACTIVATION%PANTHER PATHWAY%P00010	B CELL ACTIVATION%PANTHER PATHWAY%P00010		46	0.40210328	1.2227165	0.17016129	0.35889283	1.0	2398	tags=43%, list=20%, signal=54%	
PURINE RIBONUCLEOSIDE TRIPHOSPHATE BIOSYNTHETIC PROCESS%GOBP%GO:0009206	PURINE RIBONUCLEOSIDE TRIPHOSPHATE BIOSYNTHETIC PROCESS%GOBP%GO:0009206		52	0.3908144	1.2224412	0.17151849	0.3591679	1.0	2082	tags=25%, list=17%, signal=30%	
HALLMARK_TGF_BETA_SIGNALING%MSIGDBHALLMARK%HALLMARK_TGF_BETA_SIGNALING	HALLMARK_TGF_BETA_SIGNALING%MSIGDBHALLMARK%HALLMARK_TGF_BETA_SIGNALING		39	0.41667783	1.222394	0.17971246	0.35905835	1.0	2177	tags=33%, list=18%, signal=41%	
ALPHA4 BETA1 INTEGRIN SIGNALING EVENTS%PATHWAY INTERACTION DATABASE NCI-NATURE CURATED DATA%ALPHA4 BETA1 INTEGRIN SIGNALING EVENTS	ALPHA4 BETA1 INTEGRIN SIGNALING EVENTS%PATHWAY INTERACTION DATABASE NCI-NATURE CURATED DATA%ALPHA4 BETA1 INTEGRIN SIGNALING EVENTS		28	0.44212294	1.2219601	0.20100503	0.35962278	1.0	1292	tags=29%, list=11%, signal=32%	
SWITCHING OF ORIGINS TO A POST-REPLICATIVE STATE%REACTOME DATABASE ID RELEASE 93%69052	SWITCHING OF ORIGINS TO A POST-REPLICATIVE STATE%REACTOME DATABASE ID RELEASE 93%69052		78	0.36810297	1.2216623	0.14692983	0.3599712	1.0	2272	tags=29%, list=19%, signal=36%	
ESTROGEN SIGNALING%WIKIPATHWAYS_20250810%WP712%HOMO SAPIENS	ESTROGEN SIGNALING%WIKIPATHWAYS_20250810%WP712%HOMO SAPIENS		17	0.49184638	1.2215446	0.22975352	0.35997847	1.0	2835	tags=47%, list=24%, signal=61%	
ASSOCIATION OF TRIC CCT WITH TARGET PROTEINS DURING BIOSYNTHESIS%REACTOME DATABASE ID RELEASE 93%390471	ASSOCIATION OF TRIC CCT WITH TARGET PROTEINS DURING BIOSYNTHESIS%REACTOME DATABASE ID RELEASE 93%390471		33	0.4252752	1.2215006	0.19381107	0.3598679	1.0	3024	tags=45%, list=25%, signal=61%	
ROOF OF MOUTH DEVELOPMENT%GOBP%GO:0060021	ROOF OF MOUTH DEVELOPMENT%GOBP%GO:0060021		24	0.4561451	1.2207593	0.20598006	0.36097512	1.0	786	tags=13%, list=7%, signal=13%	
DEVELOPMENT OF PRIMARY MALE SEXUAL CHARACTERISTICS%GOBP%GO:0046546	DEVELOPMENT OF PRIMARY MALE SEXUAL CHARACTERISTICS%GOBP%GO:0046546		25	0.45331138	1.2205485	0.21698907	0.36116302	1.0	1277	tags=20%, list=11%, signal=22%	
POSITIVE REGULATION OF MYOBLAST DIFFERENTIATION%GOBP%GO:0045663	POSITIVE REGULATION OF MYOBLAST DIFFERENTIATION%GOBP%GO:0045663		29	0.43416923	1.2196919	0.19296812	0.36247844	1.0	3616	tags=38%, list=30%, signal=54%	
RHOBTB2 GTPASE CYCLE%REACTOME%R-HSA-9013418.4	RHOBTB2 GTPASE CYCLE%REACTOME%R-HSA-9013418.4		23	0.46629703	1.2193335	0.21434599	0.36291713	1.0	2088	tags=43%, list=17%, signal=53%	
RESPONSE TO CARBOHYDRATE%GOBP%GO:0009743	RESPONSE TO CARBOHYDRATE%GOBP%GO:0009743		42	0.39828423	1.2188084	0.19669552	0.36366042	1.0	2403	tags=43%, list=20%, signal=53%	
ENERGY DERIVATION BY OXIDATION OF ORGANIC COMPOUNDS%GOBP%GO:0015980	ENERGY DERIVATION BY OXIDATION OF ORGANIC COMPOUNDS%GOBP%GO:0015980		163	0.3342082	1.2178062	0.114116095	0.36521187	1.0	2131	tags=28%, list=18%, signal=33%	
RESPONSE TO UV%GOBP%GO:0009411	RESPONSE TO UV%GOBP%GO:0009411		108	0.34839496	1.2177618	0.13601127	0.36509567	1.0	2339	tags=28%, list=19%, signal=34%	
TROP2 REGULATORY SIGNALING%WIKIPATHWAYS_20250810%WP5300%HOMO SAPIENS	TROP2 REGULATORY SIGNALING%WIKIPATHWAYS_20250810%WP5300%HOMO SAPIENS		33	0.4240018	1.217149	0.18885191	0.3659998	1.0	1292	tags=18%, list=11%, signal=20%	
TRANSLATION INITIATION COMPLEX FORMATION%REACTOME%R-HSA-72649.4	TRANSLATION INITIATION COMPLEX FORMATION%REACTOME%R-HSA-72649.4		54	0.38901746	1.216351	0.19377431	0.3672412	1.0	1818	tags=24%, list=15%, signal=28%	
BIOCARTA_TNFR1_PATHWAY%MSIGDB_C2%BIOCARTA_TNFR1_PATHWAY	BIOCARTA_TNFR1_PATHWAY%MSIGDB_C2%BIOCARTA_TNFR1_PATHWAY		27	0.4435668	1.2161394	0.21662469	0.3674413	1.0	2398	tags=22%, list=20%, signal=28%	
MIRNA-MEDIATED POST-TRANSCRIPTIONAL GENE SILENCING%GOBP%GO:0035195	MIRNA-MEDIATED POST-TRANSCRIPTIONAL GENE SILENCING%GOBP%GO:0035195		27	0.4504593	1.21613	0.20295809	0.36726698	1.0	1528	tags=22%, list=13%, signal=25%	
NEGATIVE REGULATION OF LEUKOCYTE CELL-CELL ADHESION%GOBP%GO:1903038	NEGATIVE REGULATION OF LEUKOCYTE CELL-CELL ADHESION%GOBP%GO:1903038		58	0.38105735	1.2153753	0.1704893	0.36839247	1.0	854	tags=19%, list=7%, signal=20%	
IRON ION TRANSPORT%GOBP%GO:0006826	IRON ION TRANSPORT%GOBP%GO:0006826		26	0.44571465	1.2151171	0.20920502	0.36865515	1.0	224	tags=15%, list=2%, signal=16%	
POSITIVE REGULATION OF SMAD PROTEIN SIGNAL TRANSDUCTION%GOBP%GO:0060391	POSITIVE REGULATION OF SMAD PROTEIN SIGNAL TRANSDUCTION%GOBP%GO:0060391		26	0.45066255	1.2140019	0.19936709	0.3705171	1.0	786	tags=19%, list=7%, signal=21%	
GLYCOSAMINOGLYCAN METABOLIC PROCESS%GOBP%GO:0030203	GLYCOSAMINOGLYCAN METABOLIC PROCESS%GOBP%GO:0030203		32	0.42602387	1.2139572	0.19763513	0.37040457	1.0	1866	tags=22%, list=15%, signal=26%	
EPHA2 FORWARD SIGNALING%PATHWAY INTERACTION DATABASE NCI-NATURE CURATED DATA%EPHA2 FORWARD SIGNALING	EPHA2 FORWARD SIGNALING%PATHWAY INTERACTION DATABASE NCI-NATURE CURATED DATA%EPHA2 FORWARD SIGNALING		19	0.47792482	1.2131466	0.22912966	0.37166443	1.0	824	tags=26%, list=7%, signal=28%	
UBIQUITIN-DEPENDENT PROTEIN CATABOLIC PROCESS VIA THE MULTIVESICULAR BODY SORTING PATHWAY%GOBP%GO:0043162	UBIQUITIN-DEPENDENT PROTEIN CATABOLIC PROCESS VIA THE MULTIVESICULAR BODY SORTING PATHWAY%GOBP%GO:0043162		33	0.42545566	1.2129833	0.20504475	0.37177387	1.0	3089	tags=45%, list=26%, signal=61%	
HEPATOCYTE GROWTH FACTOR RECEPTOR SIGNALING%WIKIPATHWAYS_20250810%WP313%HOMO SAPIENS	HEPATOCYTE GROWTH FACTOR RECEPTOR SIGNALING%WIKIPATHWAYS_20250810%WP313%HOMO SAPIENS		27	0.44241098	1.212416	0.22212838	0.3726012	1.0	2398	tags=41%, list=20%, signal=51%	
ACTIVATION OF THE MRNA UPON BINDING OF THE CAP-BINDING COMPLEX AND EIFS, AND SUBSEQUENT BINDING TO 43S%REACTOME%R-HSA-72662.5	ACTIVATION OF THE MRNA UPON BINDING OF THE CAP-BINDING COMPLEX AND EIFS, AND SUBSEQUENT BINDING TO 43S%REACTOME%R-HSA-72662.5		55	0.38523093	1.2121686	0.18625954	0.3728505	1.0	1818	tags=24%, list=15%, signal=28%	
ANTIGEN ACTIVATES B CELL RECEPTOR (BCR) LEADING TO GENERATION OF SECOND MESSENGERS%REACTOME%R-HSA-983695.6	ANTIGEN ACTIVATES B CELL RECEPTOR (BCR) LEADING TO GENERATION OF SECOND MESSENGERS%REACTOME%R-HSA-983695.6		22	0.4634022	1.2121019	0.21645021	0.372776	1.0	854	tags=32%, list=7%, signal=34%	
SIGNALING BY NOTCH3%REACTOME DATABASE ID RELEASE 93%9012852	SIGNALING BY NOTCH3%REACTOME DATABASE ID RELEASE 93%9012852		39	0.40582332	1.211471	0.1985703	0.37371728	1.0	1385	tags=23%, list=12%, signal=26%	
SIGNALING BY ROBO RECEPTORS%REACTOME DATABASE ID RELEASE 93%376176	SIGNALING BY ROBO RECEPTORS%REACTOME DATABASE ID RELEASE 93%376176		179	0.32365692	1.211232	0.117797695	0.373954	1.0	2143	tags=27%, list=18%, signal=32%	
REGULATION OF PROTEASOMAL UBIQUITIN-DEPENDENT PROTEIN CATABOLIC PROCESS%GOBP%GO:0032434	REGULATION OF PROTEASOMAL UBIQUITIN-DEPENDENT PROTEIN CATABOLIC PROCESS%GOBP%GO:0032434		101	0.3480493	1.2111367	0.15600288	0.37391648	1.0	2560	tags=35%, list=21%, signal=44%	
FRAGILE X SYNDROME%WIKIPATHWAYS_20250810%WP4549%HOMO SAPIENS	FRAGILE X SYNDROME%WIKIPATHWAYS_20250810%WP4549%HOMO SAPIENS		74	0.36749592	1.2108927	0.1734104	0.37416714	1.0	1522	tags=27%, list=13%, signal=31%	
REGULATION OF LIPID METABOLIC PROCESS%GOBP%GO:0019216	REGULATION OF LIPID METABOLIC PROCESS%GOBP%GO:0019216		177	0.32627067	1.2108046	0.11183355	0.3741357	1.0	1239	tags=14%, list=10%, signal=16%	
VASCULAR ENDOTHELIAL GROWTH FACTOR RECEPTOR SIGNALING PATHWAY%GOBP%GO:0048010	VASCULAR ENDOTHELIAL GROWTH FACTOR RECEPTOR SIGNALING PATHWAY%GOBP%GO:0048010		24	0.45374578	1.2104622	0.21558441	0.3745821	1.0	1379	tags=29%, list=11%, signal=33%	
METABOLISM OF WATER-SOLUBLE VITAMINS AND COFACTORS%REACTOME DATABASE ID RELEASE 93%196849	METABOLISM OF WATER-SOLUBLE VITAMINS AND COFACTORS%REACTOME DATABASE ID RELEASE 93%196849		93	0.35446915	1.2104263	0.17469446	0.37445056	1.0	1949	tags=26%, list=16%, signal=31%	
ANTIGEN PROCESSING AND PRESENTATION%GOBP%GO:0019882	ANTIGEN PROCESSING AND PRESENTATION%GOBP%GO:0019882		55	0.38562948	1.2102255	0.19783616	0.3746165	1.0	2625	tags=33%, list=22%, signal=42%	
NATURAL KILLER CELL MEDIATED IMMUNITY%GOBP%GO:0002228	NATURAL KILLER CELL MEDIATED IMMUNITY%GOBP%GO:0002228		22	0.46468884	1.210094	0.22468086	0.3746584	1.0	1123	tags=32%, list=9%, signal=35%	
POSITIVE REGULATION OF SMALL MOLECULE METABOLIC PROCESS%GOBP%GO:0062013	POSITIVE REGULATION OF SMALL MOLECULE METABOLIC PROCESS%GOBP%GO:0062013		85	0.3554002	1.2100791	0.16115108	0.37448972	1.0	1835	tags=25%, list=15%, signal=29%	
REGULATION OF SMAD PROTEIN SIGNAL TRANSDUCTION%GOBP%GO:0060390	REGULATION OF SMAD PROTEIN SIGNAL TRANSDUCTION%GOBP%GO:0060390		38	0.40949073	1.2097156	0.20063694	0.37493622	1.0	2177	tags=32%, list=18%, signal=38%	
7 OXO C AND 7 BETA HC PATHWAYS%WIKIPATHWAYS_20250810%WP5064%HOMO SAPIENS	7 OXO C AND 7 BETA HC PATHWAYS%WIKIPATHWAYS_20250810%WP5064%HOMO SAPIENS		15	0.49876386	1.2089406	0.23354374	0.3761634	1.0	1798	tags=33%, list=15%, signal=39%	
KERATAN SULFATE KERATIN METABOLISM%REACTOME%R-HSA-1638074.4	KERATAN SULFATE KERATIN METABOLISM%REACTOME%R-HSA-1638074.4		28	0.43643305	1.2088288	0.20140105	0.37616566	1.0	3592	tags=57%, list=30%, signal=81%	
MITOCHONDRIAL CALCIUM ION TRANSPORT%REACTOME%R-HSA-8949215.3	MITOCHONDRIAL CALCIUM ION TRANSPORT%REACTOME%R-HSA-8949215.3		15	0.50172985	1.20881	0.2601411	0.37600505	1.0	2448	tags=47%, list=20%, signal=59%	
REGULATION OF ACTIN POLYMERIZATION OR DEPOLYMERIZATION%GOBP%GO:0008064	REGULATION OF ACTIN POLYMERIZATION OR DEPOLYMERIZATION%GOBP%GO:0008064		73	0.3674951	1.2087685	0.16679418	0.37587819	1.0	1479	tags=22%, list=12%, signal=25%	
MULTIVESICULAR BODY ORGANIZATION%GOBP%GO:0036257	MULTIVESICULAR BODY ORGANIZATION%GOBP%GO:0036257		31	0.42825213	1.2085137	0.20621932	0.37615395	1.0	2880	tags=42%, list=24%, signal=55%	
MODIFIED AMINO ACID TRANSPORT%GOBP%GO:0072337	MODIFIED AMINO ACID TRANSPORT%GOBP%GO:0072337		20	0.46991324	1.208153	0.22918455	0.37661055	1.0	1755	tags=25%, list=15%, signal=29%	
EXERCISE INDUCED CIRCADIAN REGULATION%WIKIPATHWAYS_20250810%WP410%HOMO SAPIENS	EXERCISE INDUCED CIRCADIAN REGULATION%WIKIPATHWAYS_20250810%WP410%HOMO SAPIENS		27	0.44158742	1.2080323	0.22406639	0.3766496	1.0	589	tags=15%, list=5%, signal=16%	
SIGNALING BY VEGF%REACTOME DATABASE ID RELEASE 93%194138	SIGNALING BY VEGF%REACTOME DATABASE ID RELEASE 93%194138		88	0.35818976	1.206827	0.16846652	0.3786579	1.0	2088	tags=31%, list=17%, signal=37%	
METABOLISM OF VITAMINS AND COFACTORS%REACTOME%R-HSA-196854.8	METABOLISM OF VITAMINS AND COFACTORS%REACTOME%R-HSA-196854.8		142	0.32997492	1.2066581	0.13623978	0.3787653	1.0	2187	tags=26%, list=18%, signal=31%	
REGULATION OF CAMP/PKA SIGNAL TRANSDUCTION%GOBP%GO:0141161	REGULATION OF CAMP/PKA SIGNAL TRANSDUCTION%GOBP%GO:0141161		19	0.46846372	1.2066282	0.22288136	0.378622	1.0	1491	tags=32%, list=12%, signal=36%	
REGULATION OF NEUROGENESIS%GOBP%GO:0050767	REGULATION OF NEUROGENESIS%GOBP%GO:0050767		131	0.3352433	1.2066103	0.13082811	0.37846315	1.0	1866	tags=22%, list=15%, signal=26%	
REGULATION OF TELOMERE MAINTENANCE%GOBP%GO:0032204	REGULATION OF TELOMERE MAINTENANCE%GOBP%GO:0032204		97	0.352987	1.206116	0.15266107	0.37918335	1.0	2636	tags=36%, list=22%, signal=46%	
REGULATION OF AUTOPHAGY OF MITOCHONDRION%GOBP%GO:1903146	REGULATION OF AUTOPHAGY OF MITOCHONDRION%GOBP%GO:1903146		36	0.41439825	1.2056329	0.21125612	0.37984744	1.0	2697	tags=42%, list=22%, signal=54%	
DEOXYRIBONUCLEOTIDE METABOLIC PROCESS%GOBP%GO:0009262	DEOXYRIBONUCLEOTIDE METABOLIC PROCESS%GOBP%GO:0009262		29	0.4291926	1.205087	0.2154233	0.38064748	1.0	439	tags=10%, list=4%, signal=11%	
EPHA FORWARD SIGNALING%PATHWAY INTERACTION DATABASE NCI-NATURE CURATED DATA%EPHA FORWARD SIGNALING	EPHA FORWARD SIGNALING%PATHWAY INTERACTION DATABASE NCI-NATURE CURATED DATA%EPHA FORWARD SIGNALING		19	0.46963358	1.205068	0.22988506	0.3804897	1.0	854	tags=26%, list=7%, signal=28%	
EPITHELIAL STRUCTURE MAINTENANCE%GOBP%GO:0010669	EPITHELIAL STRUCTURE MAINTENANCE%GOBP%GO:0010669		16	0.49353483	1.2050421	0.24420677	0.38033974	1.0	1871	tags=25%, list=16%, signal=30%	
CELLULAR DEFENSE RESPONSE%GOBP%GO:0006968	CELLULAR DEFENSE RESPONSE%GOBP%GO:0006968		15	0.49978954	1.204945	0.23425022	0.3803167	1.0	709	tags=20%, list=6%, signal=21%	
U12 DEPENDENT SPLICING%REACTOME%R-HSA-72165.3	U12 DEPENDENT SPLICING%REACTOME%R-HSA-72165.3		49	0.39161643	1.2044199	0.188958	0.3811027	1.0	3069	tags=39%, list=25%, signal=52%	
CONSTITUTIVE SIGNALING BY ABERRANT PI3K IN CANCER%REACTOME%R-HSA-2219530.3	CONSTITUTIVE SIGNALING BY ABERRANT PI3K IN CANCER%REACTOME%R-HSA-2219530.3		37	0.41576755	1.2042311	0.21654502	0.38124645	1.0	1351	tags=32%, list=11%, signal=36%	
PID_EPHA_FWDPATHWAY%MSIGDB_C2%PID_EPHA_FWDPATHWAY	PID_EPHA_FWDPATHWAY%MSIGDB_C2%PID_EPHA_FWDPATHWAY		18	0.4816709	1.2030905	0.24116609	0.3831588	1.0	854	tags=28%, list=7%, signal=30%	
PURINE NUCLEOSIDE TRIPHOSPHATE BIOSYNTHETIC PROCESS%GOBP%GO:0009145	PURINE NUCLEOSIDE TRIPHOSPHATE BIOSYNTHETIC PROCESS%GOBP%GO:0009145		52	0.3908144	1.2020032	0.19781078	0.3849824	1.0	2082	tags=25%, list=17%, signal=30%	
SYNAPTIC VESICLE TRANSPORT%GOBP%GO:0048489	SYNAPTIC VESICLE TRANSPORT%GOBP%GO:0048489		31	0.42297485	1.201425	0.20874588	0.38583004	1.0	1633	tags=19%, list=14%, signal=22%	
DISEASES OF PROGRAMMED CELL DEATH%REACTOME%R-HSA-9645723.8	DISEASES OF PROGRAMMED CELL DEATH%REACTOME%R-HSA-9645723.8		42	0.39748943	1.2005118	0.21514907	0.38731053	1.0	1028	tags=14%, list=9%, signal=16%	
PID_P38_ALPHA_BETA_PATHWAY%MSIGDB_C2%PID_P38_ALPHA_BETA_PATHWAY	PID_P38_ALPHA_BETA_PATHWAY%MSIGDB_C2%PID_P38_ALPHA_BETA_PATHWAY		19	0.47341067	1.2002435	0.22261174	0.38762224	1.0	1234	tags=37%, list=10%, signal=41%	
RESPONSE TO CORTICOSTEROID%GOBP%GO:0031960	RESPONSE TO CORTICOSTEROID%GOBP%GO:0031960		25	0.4493688	1.1992419	0.22619048	0.38926792	1.0	370	tags=16%, list=3%, signal=16%	
PEPTIDYL-LYSINE MODIFICATION%GOBP%GO:0018205	PEPTIDYL-LYSINE MODIFICATION%GOBP%GO:0018205		75	0.36350015	1.1986558	0.17123796	0.39018387	1.0	2377	tags=27%, list=20%, signal=33%	
LEUKOCYTE MEDIATED CYTOTOXICITY%GOBP%GO:0001909	LEUKOCYTE MEDIATED CYTOTOXICITY%GOBP%GO:0001909		28	0.43146607	1.1984159	0.22447257	0.39044216	1.0	1123	tags=29%, list=9%, signal=31%	
NADH DEHYDROGENASE COMPLEX ASSEMBLY%GOBP%GO:0010257	NADH DEHYDROGENASE COMPLEX ASSEMBLY%GOBP%GO:0010257		30	0.42927247	1.1983066	0.22321428	0.39044955	1.0	3663	tags=47%, list=30%, signal=67%	
PID_MYC_PATHWAY%MSIGDB_C2%PID_MYC_PATHWAY	PID_MYC_PATHWAY%MSIGDB_C2%PID_MYC_PATHWAY		21	0.45964646	1.1979163	0.2337884	0.3909762	1.0	2376	tags=33%, list=20%, signal=41%	
REGULATION OF HEART CONTRACTION%GOBP%GO:0008016	REGULATION OF HEART CONTRACTION%GOBP%GO:0008016		80	0.359628	1.1976427	0.17607726	0.39129406	1.0	706	tags=11%, list=6%, signal=12%	
RIBOSOMAL SCANNING AND START CODON RECOGNITION%REACTOME%R-HSA-72702.5	RIBOSOMAL SCANNING AND START CODON RECOGNITION%REACTOME%R-HSA-72702.5		54	0.38161808	1.1973258	0.18939984	0.39170104	1.0	1818	tags=24%, list=15%, signal=28%	
COPII-MEDIATED VESICLE TRANSPORT%REACTOME DATABASE ID RELEASE 93%204005	COPII-MEDIATED VESICLE TRANSPORT%REACTOME DATABASE ID RELEASE 93%204005		64	0.37262365	1.1972003	0.1954717	0.39173225	1.0	2353	tags=25%, list=20%, signal=31%	
POST-TRANSCRIPTIONAL GENE SILENCING%GOBP%GO:0016441	POST-TRANSCRIPTIONAL GENE SILENCING%GOBP%GO:0016441		39	0.4063518	1.196985	0.215169	0.3919217	1.0	1528	tags=21%, list=13%, signal=23%	
SYNTHESIS OF SUBSTRATES IN N-GLYCAN BIOSYTHESIS%REACTOME DATABASE ID RELEASE 93%446219	SYNTHESIS OF SUBSTRATES IN N-GLYCAN BIOSYTHESIS%REACTOME DATABASE ID RELEASE 93%446219		51	0.389511	1.1967635	0.19218501	0.3921207	1.0	2629	tags=43%, list=22%, signal=55%	
REGULATION OF CELL-SUBSTRATE ADHESION%GOBP%GO:0010810	REGULATION OF CELL-SUBSTRATE ADHESION%GOBP%GO:0010810		128	0.33380675	1.1963782	0.13374913	0.39263308	1.0	1515	tags=22%, list=13%, signal=25%	
2'-DEOXYRIBONUCLEOTIDE METABOLIC PROCESS%GOBP%GO:0009394	2'-DEOXYRIBONUCLEOTIDE METABOLIC PROCESS%GOBP%GO:0009394		28	0.43685338	1.1958429	0.22014622	0.39344653	1.0	439	tags=11%, list=4%, signal=11%	
REGULATION OF T CELL APOPTOTIC PROCESS%GOBP%GO:0070232	REGULATION OF T CELL APOPTOTIC PROCESS%GOBP%GO:0070232		17	0.48525462	1.195595	0.23893066	0.39370587	1.0	429	tags=24%, list=4%, signal=24%	
LEPTIN%NETPATH%LEPTIN	LEPTIN%NETPATH%LEPTIN		39	0.4064007	1.1955482	0.20274636	0.39358655	1.0	1612	tags=18%, list=13%, signal=21%	
REGULATION OF JNK CASCADE%GOBP%GO:0046328	REGULATION OF JNK CASCADE%GOBP%GO:0046328		100	0.34413627	1.194876	0.15959741	0.39460334	1.0	1239	tags=15%, list=10%, signal=17%	
ODONTOGENESIS%GOBP%GO:0042476	ODONTOGENESIS%GOBP%GO:0042476		29	0.42621237	1.1947823	0.2262295	0.39458293	1.0	1122	tags=24%, list=9%, signal=27%	
CELLULAR RESPONSE TO HEAT%GOBP%GO:0034605	CELLULAR RESPONSE TO HEAT%GOBP%GO:0034605		33	0.4202636	1.1946219	0.2172471	0.39468354	1.0	2088	tags=30%, list=17%, signal=37%	
PYRIMIDINE NUCLEOTIDE BIOSYNTHETIC PROCESS%GOBP%GO:0006221	PYRIMIDINE NUCLEOTIDE BIOSYNTHETIC PROCESS%GOBP%GO:0006221		17	0.4827864	1.1944807	0.24914676	0.39475492	1.0	1056	tags=24%, list=9%, signal=26%	
FC-GAMMA RECEPTOR SIGNALING PATHWAY%GOBP%GO:0038094	FC-GAMMA RECEPTOR SIGNALING PATHWAY%GOBP%GO:0038094		16	0.50289935	1.1943829	0.253406	0.39473942	1.0	854	tags=38%, list=7%, signal=40%	
RIBOSOMAL SMALL SUBUNIT ASSEMBLY%GOBP%GO:0000028	RIBOSOMAL SMALL SUBUNIT ASSEMBLY%GOBP%GO:0000028		18	0.476161	1.1940709	0.24865831	0.39511323	1.0	3415	tags=44%, list=28%, signal=62%	
PURINE-CONTAINING COMPOUND BIOSYNTHETIC PROCESS%GOBP%GO:0072522	PURINE-CONTAINING COMPOUND BIOSYNTHETIC PROCESS%GOBP%GO:0072522		131	0.3332596	1.194017	0.14651002	0.395014	1.0	2775	tags=34%, list=23%, signal=43%	
REGULATION OF SODIUM ION TRANSMEMBRANE TRANSPORT%GOBP%GO:1902305	REGULATION OF SODIUM ION TRANSMEMBRANE TRANSPORT%GOBP%GO:1902305		24	0.4435971	1.1928134	0.23648648	0.39707437	1.0	1329	tags=25%, list=11%, signal=28%	
IBUPROFEN ACTION PATHWAY%SMPDB%SMP0000086	IBUPROFEN ACTION PATHWAY%SMPDB%SMP0000086		25	0.4409463	1.1926898	0.25041735	0.3971007	1.0	2207	tags=36%, list=18%, signal=44%	
NEGATIVE REGULATION OF SMALL GTPASE MEDIATED SIGNAL TRANSDUCTION%GOBP%GO:0051058	NEGATIVE REGULATION OF SMALL GTPASE MEDIATED SIGNAL TRANSDUCTION%GOBP%GO:0051058		41	0.39967483	1.1920774	0.2165109	0.3980573	1.0	1746	tags=32%, list=15%, signal=37%	
ID%NETPATH%ID	ID%NETPATH%ID		18	0.4719423	1.1912107	0.26302084	0.3995122	1.0	2129	tags=44%, list=18%, signal=54%	
CELL SURFACE INTERACTIONS AT THE VASCULAR WALL%REACTOME DATABASE ID RELEASE 93%202733	CELL SURFACE INTERACTIONS AT THE VASCULAR WALL%REACTOME DATABASE ID RELEASE 93%202733		75	0.35849825	1.1910394	0.18134715	0.39963356	1.0	1270	tags=23%, list=11%, signal=25%	
PROTEIN LOCALIZATION TO CELL-CELL JUNCTION%GOBP%GO:0150105	PROTEIN LOCALIZATION TO CELL-CELL JUNCTION%GOBP%GO:0150105		15	0.5065482	1.1909205	0.2601411	0.39964348	1.0	1871	tags=40%, list=16%, signal=47%	
PROSTAGLANDIN AND LEUKOTRIENE METABOLISM IN SENESCENCE %WIKIPATHWAYS_20250810%WP5122%HOMO SAPIENS	PROSTAGLANDIN AND LEUKOTRIENE METABOLISM IN SENESCENCE %WIKIPATHWAYS_20250810%WP5122%HOMO SAPIENS		17	0.47558573	1.190695	0.24832214	0.3998537	1.0	507	tags=18%, list=4%, signal=18%	
BLOOD VESSEL DEVELOPMENT%GOBP%GO:0001568	BLOOD VESSEL DEVELOPMENT%GOBP%GO:0001568		171	0.32314372	1.1904262	0.13903394	0.4001703	1.0	1597	tags=20%, list=13%, signal=23%	
BIOGENIC AMINE METABOLIC PROCESS%GOBP%GO:0006576	BIOGENIC AMINE METABOLIC PROCESS%GOBP%GO:0006576		27	0.4326777	1.1903011	0.23524521	0.40021542	1.0	1301	tags=26%, list=11%, signal=29%	
FAS (CD95) SIGNALING PATHWAY%PATHWAY INTERACTION DATABASE NCI-NATURE CURATED DATA%FAS (CD95) SIGNALING PATHWAY	FAS (CD95) SIGNALING PATHWAY%PATHWAY INTERACTION DATABASE NCI-NATURE CURATED DATA%FAS (CD95) SIGNALING PATHWAY		31	0.42331517	1.1902491	0.23629032	0.40011126	1.0	2381	tags=29%, list=20%, signal=36%	
ACETAMINOPHEN METABOLISM PATHWAY%PATHWHIZ%PW000616	ACETAMINOPHEN METABOLISM PATHWAY%PATHWHIZ%PW000616		19	0.47126302	1.1901743	0.25546807	0.40005305	1.0	2207	tags=32%, list=18%, signal=39%	
POSITIVE REGULATION OF INTRACELLULAR PROTEIN TRANSPORT%GOBP%GO:0090316	POSITIVE REGULATION OF INTRACELLULAR PROTEIN TRANSPORT%GOBP%GO:0090316		58	0.37639937	1.1899517	0.19437939	0.4002895	1.0	1911	tags=26%, list=16%, signal=31%	
TYROBP CAUSAL NETWORK IN MICROGLIA%WIKIPATHWAYS_20250810%WP3945%HOMO SAPIENS	TYROBP CAUSAL NETWORK IN MICROGLIA%WIKIPATHWAYS_20250810%WP3945%HOMO SAPIENS		28	0.43025663	1.1898217	0.23544092	0.40034166	1.0	1241	tags=25%, list=10%, signal=28%	
NRIF SIGNALS CELL DEATH FROM THE NUCLEUS%REACTOME DATABASE ID RELEASE 93%205043	NRIF SIGNALS CELL DEATH FROM THE NUCLEUS%REACTOME DATABASE ID RELEASE 93%205043		15	0.4958381	1.1893238	0.26348922	0.4010725	1.0	1385	tags=33%, list=12%, signal=38%	
SECRETION%GOBP%GO:0046903	SECRETION%GOBP%GO:0046903		196	0.31509662	1.1886017	0.12742561	0.4022057	1.0	864	tags=10%, list=7%, signal=10%	
PROTEIN K63-LINKED UBIQUITINATION%GOBP%GO:0070534	PROTEIN K63-LINKED UBIQUITINATION%GOBP%GO:0070534		53	0.38157234	1.1884544	0.21806854	0.4022782	1.0	2373	tags=30%, list=20%, signal=37%	
REGULATION OF ACTIN FILAMENT LENGTH%GOBP%GO:0030832	REGULATION OF ACTIN FILAMENT LENGTH%GOBP%GO:0030832		75	0.35497764	1.1875836	0.1747937	0.4037133	1.0	1479	tags=21%, list=12%, signal=24%	
VIRION ASSEMBLY%GOBP%GO:0019068	VIRION ASSEMBLY%GOBP%GO:0019068		32	0.41285583	1.1858041	0.23330586	0.40690336	1.0	2280	tags=34%, list=19%, signal=42%	
NEGATIVE REGULATION OF CATALYTIC ACTIVITY%GOBP%GO:0043086	NEGATIVE REGULATION OF CATALYTIC ACTIVITY%GOBP%GO:0043086		104	0.34152028	1.1853195	0.17704688	0.40760493	1.0	2112	tags=23%, list=18%, signal=28%	
NEGATIVE REGULATION OF PROTEIN LOCALIZATION%GOBP%GO:1903828	NEGATIVE REGULATION OF PROTEIN LOCALIZATION%GOBP%GO:1903828		111	0.33716214	1.1849958	0.16618705	0.4079962	1.0	2342	tags=29%, list=19%, signal=35%	
COPII-COATED VESICLE CARGO LOADING%GOBP%GO:0090110	COPII-COATED VESICLE CARGO LOADING%GOBP%GO:0090110		17	0.475154	1.1848065	0.25581396	0.40814772	1.0	1598	tags=29%, list=13%, signal=34%	
IMATINIB INHIBITION OF BCR-ABL%SMPDB%SMP0031694	IMATINIB INHIBITION OF BCR-ABL%SMPDB%SMP0031694		18	0.46789253	1.1846511	0.25088027	0.40822926	1.0	1253	tags=28%, list=10%, signal=31%	
REGULATION OF SMOOTH MUSCLE CONTRACTION%GOBP%GO:0006940	REGULATION OF SMOOTH MUSCLE CONTRACTION%GOBP%GO:0006940		16	0.48918414	1.1841627	0.24420677	0.40893772	1.0	1759	tags=38%, list=15%, signal=44%	
POSITIVE REGULATION OF SUBSTRATE ADHESION-DEPENDENT CELL SPREADING%GOBP%GO:1900026	POSITIVE REGULATION OF SUBSTRATE ADHESION-DEPENDENT CELL SPREADING%GOBP%GO:1900026		25	0.4378973	1.1840893	0.2464135	0.40886453	1.0	1888	tags=32%, list=16%, signal=38%	
LIPOPROTEIN METABOLISM%REACTOME DATABASE ID RELEASE 93%174824	LIPOPROTEIN METABOLISM%REACTOME DATABASE ID RELEASE 93%174824		45	0.3912583	1.1840329	0.21617419	0.40877005	1.0	1871	tags=27%, list=16%, signal=31%	
NEURAL CREST CELL MIGRATION DURING DEVELOPMENT%WIKIPATHWAYS_20250810%WP4564%HOMO SAPIENS	NEURAL CREST CELL MIGRATION DURING DEVELOPMENT%WIKIPATHWAYS_20250810%WP4564%HOMO SAPIENS		25	0.4440396	1.1836851	0.23628692	0.4092229	1.0	1946	tags=36%, list=16%, signal=43%	
NPAS4 REGULATES EXPRESSION OF TARGET GENES%REACTOME%R-HSA-9768919.3	NPAS4 REGULATES EXPRESSION OF TARGET GENES%REACTOME%R-HSA-9768919.3		15	0.49636754	1.1831763	0.25502184	0.40999871	1.0	1028	tags=27%, list=9%, signal=29%	
CELLULAR RESPONSE TO LIPOPROTEIN PARTICLE STIMULUS%GOBP%GO:0071402	CELLULAR RESPONSE TO LIPOPROTEIN PARTICLE STIMULUS%GOBP%GO:0071402		26	0.43137828	1.1831007	0.25675675	0.40994152	1.0	2763	tags=38%, list=23%, signal=50%	
TRNA AMINOACYLATION%REACTOME%R-HSA-379724.3	TRNA AMINOACYLATION%REACTOME%R-HSA-379724.3		23	0.4444072	1.18283	0.24789916	0.410257	1.0	4231	tags=52%, list=35%, signal=80%	
ATP BIOSYNTHETIC PROCESS%GOBP%GO:0006754	ATP BIOSYNTHETIC PROCESS%GOBP%GO:0006754		48	0.38342836	1.1826987	0.2015625	0.4102926	1.0	2082	tags=25%, list=17%, signal=30%	
PURINE RIBONUCLEOTIDE BIOSYNTHETIC PROCESS%GOBP%GO:0009152	PURINE RIBONUCLEOTIDE BIOSYNTHETIC PROCESS%GOBP%GO:0009152		72	0.3575363	1.1824887	0.19521317	0.41048327	1.0	3966	tags=46%, list=33%, signal=68%	
MIRNA-MEDIATED GENE SILENCING BY INHIBITION OF TRANSLATION%GOBP%GO:0035278	MIRNA-MEDIATED GENE SILENCING BY INHIBITION OF TRANSLATION%GOBP%GO:0035278		17	0.47844648	1.1822863	0.2594547	0.41067347	1.0	1528	tags=24%, list=13%, signal=27%	
BAFETINIB INHIBITION OF BCR-ABL%PATHWHIZ%PW032597	BAFETINIB INHIBITION OF BCR-ABL%PATHWHIZ%PW032597		18	0.4678926	1.182251	0.25413403	0.41053823	1.0	1253	tags=28%, list=10%, signal=31%	
POSITIVE REGULATION OF ESTABLISHMENT OF PROTEIN LOCALIZATION%GOBP%GO:1904951	POSITIVE REGULATION OF ESTABLISHMENT OF PROTEIN LOCALIZATION%GOBP%GO:1904951		180	0.31823018	1.1820157	0.14258312	0.41076857	1.0	2798	tags=33%, list=23%, signal=43%	
PONATINIB INHIBITION OF BCR-ABL%PATHWHIZ%PW032598	PONATINIB INHIBITION OF BCR-ABL%PATHWHIZ%PW032598		18	0.4678926	1.1816107	0.2572402	0.4113463	1.0	1253	tags=28%, list=10%, signal=31%	
INTEGRATED BREAST CANCER PATHWAY%WIKIPATHWAYS_20250810%WP1984%HOMO SAPIENS	INTEGRATED BREAST CANCER PATHWAY%WIKIPATHWAYS_20250810%WP1984%HOMO SAPIENS		121	0.33293477	1.1813759	0.15638149	0.41158524	1.0	1612	tags=17%, list=13%, signal=19%	
REGULATION OF APC C ACTIVATORS BETWEEN G1 S AND EARLY ANAPHASE%REACTOME DATABASE ID RELEASE 93%176408	REGULATION OF APC C ACTIVATORS BETWEEN G1 S AND EARLY ANAPHASE%REACTOME DATABASE ID RELEASE 93%176408		67	0.3646238	1.1808565	0.20061256	0.41236073	1.0	2272	tags=33%, list=19%, signal=40%	
REGULATION OF NEURON DIFFERENTIATION%GOBP%GO:0045664	REGULATION OF NEURON DIFFERENTIATION%GOBP%GO:0045664		48	0.38658568	1.1806675	0.21673307	0.4125161	1.0	1208	tags=19%, list=10%, signal=21%	
POSITIVE REGULATION OF CALCIUM ION TRANSPORT%GOBP%GO:0051928	POSITIVE REGULATION OF CALCIUM ION TRANSPORT%GOBP%GO:0051928		33	0.4064455	1.1799124	0.21836229	0.41377276	1.0	935	tags=15%, list=8%, signal=16%	
MAINTENANCE OF PROTEIN LOCALIZATION IN ORGANELLE%GOBP%GO:0072595	MAINTENANCE OF PROTEIN LOCALIZATION IN ORGANELLE%GOBP%GO:0072595		32	0.4195426	1.1790293	0.23967612	0.41525754	1.0	2319	tags=31%, list=19%, signal=39%	
RNA 5'-END PROCESSING%GOBP%GO:0000966	RNA 5'-END PROCESSING%GOBP%GO:0000966		30	0.42016205	1.1789869	0.23505324	0.41513032	1.0	3335	tags=43%, list=28%, signal=60%	
REGULATION OF CELLULAR RESPIRATION%GOBP%GO:0043457	REGULATION OF CELLULAR RESPIRATION%GOBP%GO:0043457		25	0.43261963	1.1789668	0.2408821	0.41496074	1.0	986	tags=20%, list=8%, signal=22%	
REGULATION OF CYTOPLASMIC PATTERN RECOGNITION RECEPTOR SIGNALING PATHWAY%GOBP%GO:0039531	REGULATION OF CYTOPLASMIC PATTERN RECOGNITION RECEPTOR SIGNALING PATHWAY%GOBP%GO:0039531		90	0.34479868	1.1788728	0.1941392	0.4149333	1.0	1340	tags=16%, list=11%, signal=17%	
RESPONSE TO PEPTIDE HORMONE%GOBP%GO:0043434	RESPONSE TO PEPTIDE HORMONE%GOBP%GO:0043434		145	0.32408994	1.1788464	0.17388363	0.4147796	1.0	2358	tags=35%, list=20%, signal=43%	
TYROSINE KINASE INHIBITORS IN GLIOBLASTOMA%WIKIPATHWAYS_20250810%WP5494%HOMO SAPIENS	TYROSINE KINASE INHIBITORS IN GLIOBLASTOMA%WIKIPATHWAYS_20250810%WP5494%HOMO SAPIENS		20	0.46223742	1.1787744	0.25734025	0.41471374	1.0	2697	tags=50%, list=22%, signal=64%	
ORGANIC CATION TRANSPORT%GOBP%GO:0015695	ORGANIC CATION TRANSPORT%GOBP%GO:0015695		50	0.38028678	1.1785761	0.20239043	0.41489667	1.0	3055	tags=40%, list=25%, signal=53%	
SULFUR AMINO ACID METABOLISM%REACTOME DATABASE ID RELEASE 93%1614635	SULFUR AMINO ACID METABOLISM%REACTOME DATABASE ID RELEASE 93%1614635		21	0.4531943	1.1782986	0.25771475	0.41522226	1.0	2916	tags=43%, list=24%, signal=56%	
REGULATION OF ENDOCYTOSIS%GOBP%GO:0030100	REGULATION OF ENDOCYTOSIS%GOBP%GO:0030100		149	0.32132742	1.1778721	0.15641712	0.41581562	1.0	1916	tags=20%, list=16%, signal=24%	
HALLMARK_HEDGEHOG_SIGNALING%MSIGDBHALLMARK%HALLMARK_HEDGEHOG_SIGNALING	HALLMARK_HEDGEHOG_SIGNALING%MSIGDBHALLMARK%HALLMARK_HEDGEHOG_SIGNALING		21	0.45579457	1.1774503	0.2571182	0.41642502	1.0	1692	tags=29%, list=14%, signal=33%	
CARDIAC MUSCLE CELL DIFFERENTIATION%GOBP%GO:0055007	CARDIAC MUSCLE CELL DIFFERENTIATION%GOBP%GO:0055007		26	0.43056267	1.1773819	0.24517213	0.4163477	1.0	381	tags=12%, list=3%, signal=12%	
REGULATION OF TRANSMEMBRANE TRANSPORT%GOBP%GO:0034762	REGULATION OF TRANSMEMBRANE TRANSPORT%GOBP%GO:0034762		173	0.31639057	1.1773015	0.15472203	0.4162909	1.0	1839	tags=19%, list=15%, signal=22%	
REGULATION OF POLYSACCHARIDE METABOLIC PROCESS%GOBP%GO:0032881	REGULATION OF POLYSACCHARIDE METABOLIC PROCESS%GOBP%GO:0032881		26	0.43533146	1.1770215	0.2358804	0.41660595	1.0	2256	tags=38%, list=19%, signal=47%	
INTEGRIN-LINKED KINASE SIGNALING%PATHWAY INTERACTION DATABASE NCI-NATURE CURATED DATA%INTEGRIN-LINKED KINASE SIGNALING	INTEGRIN-LINKED KINASE SIGNALING%PATHWAY INTERACTION DATABASE NCI-NATURE CURATED DATA%INTEGRIN-LINKED KINASE SIGNALING		42	0.39119974	1.1753252	0.22838499	0.41962823	1.0	2398	tags=36%, list=20%, signal=44%	
HALLMARK_ESTROGEN_RESPONSE_EARLY%MSIGDBHALLMARK%HALLMARK_ESTROGEN_RESPONSE_EARLY	HALLMARK_ESTROGEN_RESPONSE_EARLY%MSIGDBHALLMARK%HALLMARK_ESTROGEN_RESPONSE_EARLY		147	0.32227132	1.1749924	0.15970841	0.4200665	1.0	1118	tags=20%, list=9%, signal=21%	
RNA POLYMERASE II TRANSCRIPTION INITIATION SURVEILLANCE%GOBP%GO:0160240	RNA POLYMERASE II TRANSCRIPTION INITIATION SURVEILLANCE%GOBP%GO:0160240		15	0.4881211	1.1748902	0.2563406	0.42005637	1.0	3622	tags=47%, list=30%, signal=67%	
PID_ATF2_PATHWAY%MSIGDB_C2%PID_ATF2_PATHWAY	PID_ATF2_PATHWAY%MSIGDB_C2%PID_ATF2_PATHWAY		42	0.39476997	1.1748655	0.23863636	0.41989222	1.0	656	tags=17%, list=5%, signal=18%	
EGFR TYROSINE KINASE INHIBITOR RESISTANCE%WIKIPATHWAYS_20250810%WP4806%HOMO SAPIENS	EGFR TYROSINE KINASE INHIBITOR RESISTANCE%WIKIPATHWAYS_20250810%WP4806%HOMO SAPIENS		64	0.36405888	1.1748222	0.21851853	0.4197677	1.0	1612	tags=25%, list=13%, signal=29%	
HEART VALVE DEVELOPMENT%GOBP%GO:0003170	HEART VALVE DEVELOPMENT%GOBP%GO:0003170		44	0.3894355	1.1746738	0.23268922	0.41984373	1.0	1531	tags=20%, list=13%, signal=23%	
SIGNALING BY PHOSPHORYLATED JUXTAMEMBRANE, EXTRACELLULAR AND KINASE DOMAIN KIT MUTANTS%REACTOME%R-HSA-9670439.2	SIGNALING BY PHOSPHORYLATED JUXTAMEMBRANE, EXTRACELLULAR AND KINASE DOMAIN KIT MUTANTS%REACTOME%R-HSA-9670439.2		15	0.4864763	1.1744244	0.271529	0.4201172	1.0	937	tags=33%, list=8%, signal=36%	
POSITIVE REGULATION OF MONOATOMIC ION TRANSPORT%GOBP%GO:0043270	POSITIVE REGULATION OF MONOATOMIC ION TRANSPORT%GOBP%GO:0043270		67	0.3648225	1.1742878	0.2197029	0.4201782	1.0	253	tags=9%, list=2%, signal=9%	
ENDOTHELIAL CELL DIFFERENTIATION%GOBP%GO:0045446	ENDOTHELIAL CELL DIFFERENTIATION%GOBP%GO:0045446		41	0.3984461	1.1732378	0.22788845	0.42202964	1.0	1503	tags=22%, list=12%, signal=25%	
POSITIVE REGULATION OF ATP-DEPENDENT ACTIVITY%GOBP%GO:0032781	POSITIVE REGULATION OF ATP-DEPENDENT ACTIVITY%GOBP%GO:0032781		16	0.4741756	1.172598	0.27967626	0.423031	1.0	505	tags=13%, list=4%, signal=13%	
PHOTORECEPTOR CELL DIFFERENTIATION%GOBP%GO:0046530	PHOTORECEPTOR CELL DIFFERENTIATION%GOBP%GO:0046530		20	0.45682466	1.1722934	0.2699914	0.42339617	1.0	1019	tags=20%, list=8%, signal=22%	
PROGRAMMED NECROTIC CELL DEATH%GOBP%GO:0097300	PROGRAMMED NECROTIC CELL DEATH%GOBP%GO:0097300		16	0.48257154	1.1720343	0.27763712	0.42370027	1.0	766	tags=31%, list=6%, signal=33%	
APOPTOSIS%REACTOME DATABASE ID RELEASE 93%109581	APOPTOSIS%REACTOME DATABASE ID RELEASE 93%109581		140	0.32458705	1.1719332	0.18057455	0.4236983	1.0	2149	tags=27%, list=18%, signal=33%	
BOSUTINIB INHIBITION OF BCR-ABL%PATHWHIZ%PW032596	BOSUTINIB INHIBITION OF BCR-ABL%PATHWHIZ%PW032596		18	0.4678926	1.1717315	0.27410713	0.42385396	1.0	1253	tags=28%, list=10%, signal=31%	
CALCIUM-MEDIATED SIGNALING%GOBP%GO:0019722	CALCIUM-MEDIATED SIGNALING%GOBP%GO:0019722		54	0.375427	1.1716087	0.221519	0.42390338	1.0	373	tags=7%, list=3%, signal=8%	
BCR-ABL ACTION IN CML PATHOGENESIS%SMPDB%SMP0031692	BCR-ABL ACTION IN CML PATHOGENESIS%SMPDB%SMP0031692		18	0.4678926	1.1715351	0.2738908	0.42384404	1.0	1253	tags=28%, list=10%, signal=31%	
REGULATION OF PROTEIN UBIQUITINATION%GOBP%GO:0031396	REGULATION OF PROTEIN UBIQUITINATION%GOBP%GO:0031396		128	0.3279276	1.1712471	0.17253521	0.4242012	1.0	2279	tags=26%, list=19%, signal=31%	
BCR SIGNALING PATHWAY%PATHWHIZ%PW070885	BCR SIGNALING PATHWAY%PATHWHIZ%PW070885		29	0.423661	1.1710247	0.25682592	0.42440984	1.0	2481	tags=48%, list=21%, signal=61%	
MITOCHONDRIAL FUSION%GOBP%GO:0008053	MITOCHONDRIAL FUSION%GOBP%GO:0008053		15	0.49319884	1.171004	0.2907489	0.42423984	1.0	54	tags=7%, list=0%, signal=7%	
BIOCARTA_IL2RB_PATHWAY%MSIGDB_C2%BIOCARTA_IL2RB_PATHWAY	BIOCARTA_IL2RB_PATHWAY%MSIGDB_C2%BIOCARTA_IL2RB_PATHWAY		25	0.43155923	1.1709638	0.25374377	0.4241014	1.0	2333	tags=36%, list=19%, signal=45%	
MATURATION OF SSU-RRNA%GOBP%GO:0030490	MATURATION OF SSU-RRNA%GOBP%GO:0030490		44	0.38680446	1.1706319	0.24472244	0.42452383	1.0	3248	tags=36%, list=27%, signal=50%	
RESPONSE TO HEAT%GOBP%GO:0009408	RESPONSE TO HEAT%GOBP%GO:0009408		52	0.3764122	1.1702862	0.2180937	0.42496616	1.0	1876	tags=31%, list=16%, signal=36%	
SECRETION BY CELL%GOBP%GO:0032940	SECRETION BY CELL%GOBP%GO:0032940		178	0.31436223	1.1697816	0.1684709	0.42573932	1.0	973	tags=10%, list=8%, signal=11%	
RECYCLING PATHWAY OF L1%REACTOME%R-HSA-437239.3	RECYCLING PATHWAY OF L1%REACTOME%R-HSA-437239.3		24	0.44034588	1.1696366	0.26666668	0.42579544	1.0	1914	tags=33%, list=16%, signal=40%	
POSITIVE REGULATION OF PROTEIN TRANSPORT%GOBP%GO:0051222	POSITIVE REGULATION OF PROTEIN TRANSPORT%GOBP%GO:0051222		133	0.32705566	1.1696352	0.18385346	0.4255907	1.0	2839	tags=33%, list=24%, signal=43%	
DNA DAMAGE RESPONSE ONLY ATM DEPENDENT %WIKIPATHWAYS_20250810%WP710%HOMO SAPIENS	DNA DAMAGE RESPONSE ONLY ATM DEPENDENT %WIKIPATHWAYS_20250810%WP710%HOMO SAPIENS		77	0.35015133	1.1694759	0.21040893	0.4257043	1.0	824	tags=16%, list=7%, signal=17%	
SARS-COV-1 TARGETS HOST INTRACELLULAR SIGNALLING AND REGULATORY PATHWAYS%REACTOME DATABASE ID RELEASE 93%9735871	SARS-COV-1 TARGETS HOST INTRACELLULAR SIGNALLING AND REGULATORY PATHWAYS%REACTOME DATABASE ID RELEASE 93%9735871		15	0.49089983	1.1690087	0.2666076	0.4263924	1.0	1784	tags=27%, list=15%, signal=31%	
ACTIVATION OF PROTEIN KINASE ACTIVITY%GOBP%GO:0032147	ACTIVATION OF PROTEIN KINASE ACTIVITY%GOBP%GO:0032147		29	0.41395387	1.1689546	0.27062705	0.42629385	1.0	587	tags=17%, list=5%, signal=18%	
ENDOTHELIUM DEVELOPMENT%GOBP%GO:0003158	ENDOTHELIUM DEVELOPMENT%GOBP%GO:0003158		50	0.37692505	1.1684061	0.22307105	0.42712304	1.0	1503	tags=22%, list=12%, signal=25%	
PID_ILK_PATHWAY%MSIGDB_C2%PID_ILK_PATHWAY	PID_ILK_PATHWAY%MSIGDB_C2%PID_ILK_PATHWAY		32	0.41359836	1.1683704	0.24840255	0.42697704	1.0	2025	tags=28%, list=17%, signal=34%	
REGULATION OF SMALL MOLECULE METABOLIC PROCESS%GOBP%GO:0062012	REGULATION OF SMALL MOLECULE METABOLIC PROCESS%GOBP%GO:0062012		175	0.3146125	1.1678762	0.15968587	0.4276923	1.0	2505	tags=29%, list=21%, signal=36%	
HEDGEHOG 'OFF' STATE%REACTOME%R-HSA-5610787.3	HEDGEHOG 'OFF' STATE%REACTOME%R-HSA-5610787.3		78	0.35032454	1.1676593	0.21913806	0.42790103	1.0	2349	tags=32%, list=20%, signal=40%	
NILOTINIB INHIBITION OF BCR-ABL%PATHWHIZ%PW032595	NILOTINIB INHIBITION OF BCR-ABL%PATHWHIZ%PW032595		18	0.4678926	1.1676013	0.25843695	0.42779738	1.0	1253	tags=28%, list=10%, signal=31%	
ACTIVATION OF APC C AND APC C:CDC20 MEDIATED DEGRADATION OF MITOTIC PROTEINS%REACTOME DATABASE ID RELEASE 93%176814	ACTIVATION OF APC C AND APC C:CDC20 MEDIATED DEGRADATION OF MITOTIC PROTEINS%REACTOME DATABASE ID RELEASE 93%176814		63	0.36097687	1.1670549	0.22723852	0.4286321	1.0	2272	tags=33%, list=19%, signal=41%	
NEGATIVE REGULATION OF RECEPTOR-MEDIATED ENDOCYTOSIS%GOBP%GO:0048261	NEGATIVE REGULATION OF RECEPTOR-MEDIATED ENDOCYTOSIS%GOBP%GO:0048261		21	0.4455059	1.1669146	0.26863086	0.42868507	1.0	1768	tags=24%, list=15%, signal=28%	
MITOTIC G2-G2 M PHASES%REACTOME DATABASE ID RELEASE 93%453274	MITOTIC G2-G2 M PHASES%REACTOME DATABASE ID RELEASE 93%453274		168	0.3137491	1.1668173	0.16532259	0.42867133	1.0	2272	tags=28%, list=19%, signal=34%	
G2 M TRANSITION%REACTOME DATABASE ID RELEASE 93%69275	G2 M TRANSITION%REACTOME DATABASE ID RELEASE 93%69275		166	0.3162033	1.1667421	0.16979866	0.4286087	1.0	2272	tags=28%, list=19%, signal=34%	
REGULATION OF NERVOUS SYSTEM DEVELOPMENT%GOBP%GO:0051960	REGULATION OF NERVOUS SYSTEM DEVELOPMENT%GOBP%GO:0051960		157	0.31718257	1.1658273	0.17190635	0.43019187	1.0	1866	tags=22%, list=15%, signal=25%	
CHOLESTEROL HOMEOSTASIS%GOBP%GO:0042632	CHOLESTEROL HOMEOSTASIS%GOBP%GO:0042632		47	0.37868854	1.1653078	0.2425897	0.43100235	1.0	1118	tags=19%, list=9%, signal=21%	
REGULATION OF ACTIVATED T CELL PROLIFERATION%GOBP%GO:0046006	REGULATION OF ACTIVATED T CELL PROLIFERATION%GOBP%GO:0046006		21	0.45300868	1.1650734	0.2735849	0.43125063	1.0	1975	tags=33%, list=16%, signal=40%	
INSULIN SIGNALING%WIKIPATHWAYS_20250810%WP481%HOMO SAPIENS	INSULIN SIGNALING%WIKIPATHWAYS_20250810%WP481%HOMO SAPIENS		115	0.3324617	1.1648407	0.1983414	0.43150413	1.0	2425	tags=32%, list=20%, signal=40%	
REGULATION OF MEMBRANE LIPID DISTRIBUTION%GOBP%GO:0097035	REGULATION OF MEMBRANE LIPID DISTRIBUTION%GOBP%GO:0097035		35	0.40239847	1.1648066	0.24440895	0.43136847	1.0	256	tags=11%, list=2%, signal=12%	
TORC1 SIGNALING%GOBP%GO:0038202	TORC1 SIGNALING%GOBP%GO:0038202		18	0.46077874	1.1647617	0.27504393	0.43124327	1.0	1357	tags=28%, list=11%, signal=31%	
REGULATION OF DENDRITIC SPINE MORPHOGENESIS%GOBP%GO:0061001	REGULATION OF DENDRITIC SPINE MORPHOGENESIS%GOBP%GO:0061001		18	0.46721005	1.164736	0.27304652	0.431085	1.0	1761	tags=44%, list=15%, signal=52%	
SIGNALING BY KIT IN DISEASE%REACTOME DATABASE ID RELEASE 93%9669938	SIGNALING BY KIT IN DISEASE%REACTOME DATABASE ID RELEASE 93%9669938		15	0.4864763	1.164694	0.27561837	0.4309613	1.0	937	tags=33%, list=8%, signal=36%	
REGULATION OF MITOCHONDRIAL OUTER MEMBRANE PERMEABILIZATION INVOLVED IN APOPTOTIC SIGNALING PATHWAY%GOBP%GO:1901028	REGULATION OF MITOCHONDRIAL OUTER MEMBRANE PERMEABILIZATION INVOLVED IN APOPTOTIC SIGNALING PATHWAY%GOBP%GO:1901028		15	0.4833885	1.164559	0.2806708	0.43102068	1.0	2682	tags=33%, list=22%, signal=43%	
REGULATION OF ACTIN FILAMENT-BASED MOVEMENT%GOBP%GO:1903115	REGULATION OF ACTIN FILAMENT-BASED MOVEMENT%GOBP%GO:1903115		22	0.43986315	1.1641115	0.2624894	0.43167886	1.0	644	tags=18%, list=5%, signal=19%	
THYROID STIMULATING HORMONE TSH SIGNALING%WIKIPATHWAYS_20250810%WP2032%HOMO SAPIENS	THYROID STIMULATING HORMONE TSH SIGNALING%WIKIPATHWAYS_20250810%WP2032%HOMO SAPIENS		41	0.39080343	1.1640446	0.23089047	0.43159938	1.0	1612	tags=27%, list=13%, signal=31%	
DEREGULATED CDK5 TRIGGERS MULTIPLE NEURODEGENERATIVE PATHWAYS IN ALZHEIMER'S DISEASE MODELS%REACTOME DATABASE ID RELEASE 93%8862803	DEREGULATED CDK5 TRIGGERS MULTIPLE NEURODEGENERATIVE PATHWAYS IN ALZHEIMER'S DISEASE MODELS%REACTOME DATABASE ID RELEASE 93%8862803		20	0.45149976	1.1635033	0.28089887	0.43241343	1.0	2532	tags=40%, list=21%, signal=51%	
SYNAPTIC VESICLE LOCALIZATION%GOBP%GO:0097479	SYNAPTIC VESICLE LOCALIZATION%GOBP%GO:0097479		32	0.4113056	1.1633147	0.25040784	0.4325619	1.0	1633	tags=19%, list=14%, signal=22%	
TCR SIGNALING IN NAIVE CD8+ T CELLS%PATHWAY INTERACTION DATABASE NCI-NATURE CURATED DATA%TCR SIGNALING IN NAIVE CD8+ T CELLS	TCR SIGNALING IN NAIVE CD8+ T CELLS%PATHWAY INTERACTION DATABASE NCI-NATURE CURATED DATA%TCR SIGNALING IN NAIVE CD8+ T CELLS		35	0.40144408	1.1628664	0.24324325	0.4332389	1.0	2381	tags=40%, list=20%, signal=50%	
CIRCADIAN CLOCK%REACTOME%R-HSA-9909396.2	CIRCADIAN CLOCK%REACTOME%R-HSA-9909396.2		98	0.3351026	1.1628227	0.19817927	0.43312407	1.0	1474	tags=23%, list=12%, signal=27%	
APC C:CDC20 MEDIATED DEGRADATION OF MITOTIC PROTEINS%REACTOME%R-HSA-176409.5	APC C:CDC20 MEDIATED DEGRADATION OF MITOTIC PROTEINS%REACTOME%R-HSA-176409.5		62	0.36138338	1.1624461	0.21775417	0.43366122	1.0	2272	tags=34%, list=19%, signal=42%	
NEGATIVE REGULATION OF MACROAUTOPHAGY%GOBP%GO:0016242	NEGATIVE REGULATION OF MACROAUTOPHAGY%GOBP%GO:0016242		26	0.43224314	1.162339	0.27114427	0.4336616	1.0	3038	tags=46%, list=25%, signal=62%	
REGULATION OF FERROPTOSIS%GOBP%GO:0110075	REGULATION OF FERROPTOSIS%GOBP%GO:0110075		23	0.43747598	1.162052	0.25877193	0.43402737	1.0	2200	tags=43%, list=18%, signal=53%	
BIOCARTA_FCER1_PATHWAY%MSIGDB_C2%BIOCARTA_FCER1_PATHWAY	BIOCARTA_FCER1_PATHWAY%MSIGDB_C2%BIOCARTA_FCER1_PATHWAY		25	0.43306327	1.1620399	0.25844595	0.4338435	1.0	2398	tags=44%, list=20%, signal=55%	
NEGATIVE REGULATION OF CELL GROWTH%GOBP%GO:0030308	NEGATIVE REGULATION OF CELL GROWTH%GOBP%GO:0030308		82	0.3449783	1.1617997	0.20935412	0.4341035	1.0	1322	tags=16%, list=11%, signal=18%	
CD28 CO-STIMULATION%REACTOME DATABASE ID RELEASE 93%389356	CD28 CO-STIMULATION%REACTOME DATABASE ID RELEASE 93%389356		38	0.3955725	1.1613795	0.25238854	0.43471423	1.0	1733	tags=34%, list=14%, signal=40%	
RESPONSE TO TEMPERATURE STIMULUS%GOBP%GO:0009266	RESPONSE TO TEMPERATURE STIMULUS%GOBP%GO:0009266		66	0.3572482	1.1612214	0.23283581	0.43481985	1.0	1876	tags=26%, list=16%, signal=30%	
REGULATION OF POLYSACCHARIDE BIOSYNTHETIC PROCESS%GOBP%GO:0032885	REGULATION OF POLYSACCHARIDE BIOSYNTHETIC PROCESS%GOBP%GO:0032885		23	0.43041044	1.1611227	0.2571182	0.4347938	1.0	2256	tags=39%, list=19%, signal=48%	
SIGNALING BY ERYTHROPOIETIN%REACTOME DATABASE ID RELEASE 93%9006335	SIGNALING BY ERYTHROPOIETIN%REACTOME DATABASE ID RELEASE 93%9006335		20	0.4507239	1.1608249	0.26730105	0.4351607	1.0	813	tags=25%, list=7%, signal=27%	
NEGATIVE REGULATION OF NUCLEOCYTOPLASMIC TRANSPORT%GOBP%GO:0046823	NEGATIVE REGULATION OF NUCLEOCYTOPLASMIC TRANSPORT%GOBP%GO:0046823		18	0.46310234	1.1607553	0.26890033	0.43508735	1.0	518	tags=17%, list=4%, signal=17%	
DASATINIB INHIBITION OF BCR-ABL%PATHWHIZ%PW032594	DASATINIB INHIBITION OF BCR-ABL%PATHWHIZ%PW032594		18	0.4678926	1.160658	0.273559	0.4350785	1.0	1253	tags=28%, list=10%, signal=31%	
NEGATIVE REGULATION OF INTRACELLULAR PROTEIN TRANSPORT%GOBP%GO:0090317	NEGATIVE REGULATION OF INTRACELLULAR PROTEIN TRANSPORT%GOBP%GO:0090317		24	0.43262088	1.1603909	0.26243567	0.4353764	1.0	518	tags=13%, list=4%, signal=13%	
POSITIVE REGULATION OF CYTOSOLIC CALCIUM ION CONCENTRATION%GOBP%GO:0007204	POSITIVE REGULATION OF CYTOSOLIC CALCIUM ION CONCENTRATION%GOBP%GO:0007204		37	0.40136412	1.1601483	0.2405892	0.43563417	1.0	987	tags=16%, list=8%, signal=18%	
POSITIVE REGULATION OF IMMUNOGLOBULIN PRODUCTION%GOBP%GO:0002639	POSITIVE REGULATION OF IMMUNOGLOBULIN PRODUCTION%GOBP%GO:0002639		20	0.44965267	1.1601385	0.27758622	0.43544468	1.0	2109	tags=35%, list=18%, signal=42%	
ERK1 AND ERK2 CASCADE%GOBP%GO:0070371	ERK1 AND ERK2 CASCADE%GOBP%GO:0070371		19	0.46122888	1.1601117	0.2838828	0.4352893	1.0	1735	tags=42%, list=14%, signal=49%	
POLYCYSTIC KIDNEY DISEASE PATHWAY%WIKIPATHWAYS_20250810%WP2571%HOMO SAPIENS	POLYCYSTIC KIDNEY DISEASE PATHWAY%WIKIPATHWAYS_20250810%WP2571%HOMO SAPIENS		57	0.36274707	1.1593755	0.240625	0.4364977	1.0	1219	tags=18%, list=10%, signal=19%	
RHYTHMIC PROCESS%GOBP%GO:0048511	RHYTHMIC PROCESS%GOBP%GO:0048511		89	0.34246457	1.1592933	0.21726409	0.43645835	1.0	665	tags=12%, list=6%, signal=13%	
CHOLESTEROL BIOSYNTHESIS PATHWAY IN HEPATOCYTES%WIKIPATHWAYS_20250810%WP5329%HOMO SAPIENS	CHOLESTEROL BIOSYNTHESIS PATHWAY IN HEPATOCYTES%WIKIPATHWAYS_20250810%WP5329%HOMO SAPIENS		28	0.4171363	1.1592704	0.2621035	0.43628982	1.0	1017	tags=25%, list=8%, signal=27%	
AMINOGLYCAN METABOLIC PROCESS%GOBP%GO:0006022	AMINOGLYCAN METABOLIC PROCESS%GOBP%GO:0006022		40	0.39039546	1.1588806	0.2543036	0.43681479	1.0	3478	tags=45%, list=29%, signal=63%	
TRANSLATIONAL ELONGATION%GOBP%GO:0006414	TRANSLATIONAL ELONGATION%GOBP%GO:0006414		45	0.38145098	1.1588268	0.24575587	0.43671545	1.0	2727	tags=36%, list=23%, signal=46%	
IRINOTECAN METABOLISM PATHWAY%SMPDB%SMP0000600	IRINOTECAN METABOLISM PATHWAY%SMPDB%SMP0000600		16	0.47272184	1.158715	0.28141135	0.43673593	1.0	2207	tags=31%, list=18%, signal=38%	
NEGATIVE REGULATION OF PROTEIN PHOSPHORYLATION%GOBP%GO:0001933	NEGATIVE REGULATION OF PROTEIN PHOSPHORYLATION%GOBP%GO:0001933		81	0.3416079	1.1584941	0.22647059	0.4369475	1.0	1959	tags=20%, list=16%, signal=23%	
REGULATION OF LEUKOCYTE DEGRANULATION%GOBP%GO:0043300	REGULATION OF LEUKOCYTE DEGRANULATION%GOBP%GO:0043300		16	0.4790614	1.1583694	0.29626334	0.436981	1.0	908	tags=19%, list=8%, signal=20%	
PEPTIDE HORMONE PROCESSING%GOBP%GO:0016486	PEPTIDE HORMONE PROCESSING%GOBP%GO:0016486		18	0.4577488	1.1579529	0.281114	0.4375541	1.0	2877	tags=44%, list=24%, signal=58%	
PROTEIN IMPORT INTO MITOCHONDRIAL MATRIX%GOBP%GO:0030150	PROTEIN IMPORT INTO MITOCHONDRIAL MATRIX%GOBP%GO:0030150		20	0.4510149	1.157538	0.2711421	0.43816277	1.0	2282	tags=35%, list=19%, signal=43%	
MITOTIC ANAPHASE%REACTOME%R-HSA-68882.5	MITOTIC ANAPHASE%REACTOME%R-HSA-68882.5		196	0.30777457	1.1569169	0.1706684	0.4391793	1.0	1694	tags=21%, list=14%, signal=24%	
DEFENSE RESPONSE TO GRAM-NEGATIVE BACTERIUM%GOBP%GO:0050829	DEFENSE RESPONSE TO GRAM-NEGATIVE BACTERIUM%GOBP%GO:0050829		20	0.4508885	1.1566646	0.28067228	0.43946883	1.0	984	tags=15%, list=8%, signal=16%	
POSITIVE REGULATION OF SUPRAMOLECULAR FIBER ORGANIZATION%GOBP%GO:1902905	POSITIVE REGULATION OF SUPRAMOLECULAR FIBER ORGANIZATION%GOBP%GO:1902905		109	0.33111933	1.156546	0.21246459	0.43947917	1.0	1390	tags=20%, list=12%, signal=23%	
OXIDATIVE STRESS RESPONSE%WIKIPATHWAYS_20250810%WP408%HOMO SAPIENS	OXIDATIVE STRESS RESPONSE%WIKIPATHWAYS_20250810%WP408%HOMO SAPIENS		19	0.45790443	1.1556146	0.29662523	0.44107717	1.0	334	tags=16%, list=3%, signal=16%	
INORGANIC ION HOMEOSTASIS%GOBP%GO:0098771	INORGANIC ION HOMEOSTASIS%GOBP%GO:0098771		183	0.30846867	1.1552907	0.18235295	0.44148585	1.0	1406	tags=15%, list=12%, signal=16%	
STRESS-ACTIVATED PROTEIN KINASE SIGNALING CASCADE%GOBP%GO:0031098	STRESS-ACTIVATED PROTEIN KINASE SIGNALING CASCADE%GOBP%GO:0031098		16	0.4728159	1.1548043	0.2883117	0.44221112	1.0	3327	tags=44%, list=28%, signal=60%	
FOLIC ACID-CONTAINING COMPOUND METABOLIC PROCESS%GOBP%GO:0006760	FOLIC ACID-CONTAINING COMPOUND METABOLIC PROCESS%GOBP%GO:0006760		19	0.45616266	1.1547837	0.2647585	0.4420388	1.0	1681	tags=32%, list=14%, signal=37%	
BIOCARTA_NGF_PATHWAY%MSIGDB_C2%BIOCARTA_NGF_PATHWAY	BIOCARTA_NGF_PATHWAY%MSIGDB_C2%BIOCARTA_NGF_PATHWAY		16	0.47696066	1.1543645	0.2879445	0.44264293	1.0	2398	tags=56%, list=20%, signal=70%	
M-CSF%IOB%M-CSF	M-CSF%IOB%M-CSF		16	0.47393814	1.1532818	0.28869566	0.44456723	1.0	937	tags=25%, list=8%, signal=27%	
NEURODEGENERATIVE DISEASES%REACTOME DATABASE ID RELEASE 93%8863678	NEURODEGENERATIVE DISEASES%REACTOME DATABASE ID RELEASE 93%8863678		20	0.45149976	1.1531569	0.2857143	0.4445994	1.0	2532	tags=40%, list=21%, signal=51%	
VIRAL BUDDING%GOBP%GO:0046755	VIRAL BUDDING%GOBP%GO:0046755		23	0.4368451	1.1530508	0.27763495	0.44458714	1.0	2280	tags=35%, list=19%, signal=43%	
POSITIVE REGULATION OF ENDOCYTOSIS%GOBP%GO:0045807	POSITIVE REGULATION OF ENDOCYTOSIS%GOBP%GO:0045807		73	0.3482942	1.1524979	0.22509225	0.44543546	1.0	1691	tags=22%, list=14%, signal=25%	
TELOMERE EXTENSION BY TELOMERASE%REACTOME DATABASE ID RELEASE 93%171319	TELOMERE EXTENSION BY TELOMERASE%REACTOME DATABASE ID RELEASE 93%171319		21	0.44831005	1.1524862	0.29296526	0.44524968	1.0	1745	tags=38%, list=14%, signal=44%	
HCMV EARLY EVENTS%REACTOME%R-HSA-9609690.2	HCMV EARLY EVENTS%REACTOME%R-HSA-9609690.2		50	0.37283075	1.1524215	0.25480768	0.44517058	1.0	2653	tags=32%, list=22%, signal=41%	
STRIATED MUSCLE CELL DIFFERENTIATION%GOBP%GO:0051146	STRIATED MUSCLE CELL DIFFERENTIATION%GOBP%GO:0051146		70	0.35148823	1.1520681	0.24587706	0.4456545	1.0	2749	tags=29%, list=23%, signal=37%	
PROTEIN DEUBIQUITINATION%GOBP%GO:0016579	PROTEIN DEUBIQUITINATION%GOBP%GO:0016579		64	0.35928267	1.1519483	0.23065251	0.44568476	1.0	1027	tags=11%, list=9%, signal=12%	
RIBOSOMAL SMALL SUBUNIT BIOGENESIS%GOBP%GO:0042274	RIBOSOMAL SMALL SUBUNIT BIOGENESIS%GOBP%GO:0042274		95	0.33490783	1.1509155	0.21745351	0.44752353	1.0	2953	tags=29%, list=25%, signal=39%	
RNA POLYMERASE III TRANSCRIPTION INITIATION%REACTOME%R-HSA-76046.4	RNA POLYMERASE III TRANSCRIPTION INITIATION%REACTOME%R-HSA-76046.4		36	0.3982494	1.1508316	0.2636816	0.44746706	1.0	3020	tags=28%, list=25%, signal=37%	
POSITIVE REGULATION OF PROTEIN IMPORT INTO NUCLEUS%GOBP%GO:0042307	POSITIVE REGULATION OF PROTEIN IMPORT INTO NUCLEUS%GOBP%GO:0042307		24	0.42400056	1.1507949	0.2726524	0.44733372	1.0	901	tags=21%, list=7%, signal=22%	
HINT1 PATHWAY%WIKIPATHWAYS_20250810%WP5523%HOMO SAPIENS	HINT1 PATHWAY%WIKIPATHWAYS_20250810%WP5523%HOMO SAPIENS		18	0.45539168	1.1507866	0.29835212	0.4471372	1.0	2398	tags=50%, list=20%, signal=62%	
FORMATION OF PARAXIAL MESODERM%REACTOME%R-HSA-9793380.5	FORMATION OF PARAXIAL MESODERM%REACTOME%R-HSA-9793380.5		50	0.37090987	1.150433	0.24430479	0.44762588	1.0	2272	tags=36%, list=19%, signal=44%	
NEGATIVE REGULATION OF INTRACELLULAR TRANSPORT%GOBP%GO:0032387	NEGATIVE REGULATION OF INTRACELLULAR TRANSPORT%GOBP%GO:0032387		36	0.39490902	1.1500888	0.25940752	0.44807836	1.0	518	tags=11%, list=4%, signal=12%	
POSITIVE REGULATION OF RECEPTOR SIGNALING PATHWAY VIA JAK-STAT%GOBP%GO:0046427	POSITIVE REGULATION OF RECEPTOR SIGNALING PATHWAY VIA JAK-STAT%GOBP%GO:0046427		21	0.44228366	1.1488564	0.28350514	0.45030662	1.0	170	tags=10%, list=1%, signal=10%	
PRIMARY FOCAL SEGMENTAL GLOMERULOSCLEROSIS FSGS %WIKIPATHWAYS_20250810%WP2572%HOMO SAPIENS	PRIMARY FOCAL SEGMENTAL GLOMERULOSCLEROSIS FSGS %WIKIPATHWAYS_20250810%WP2572%HOMO SAPIENS		45	0.3736566	1.1488477	0.2534302	0.45011088	1.0	1866	tags=27%, list=15%, signal=31%	
HOST-MEDIATED PERTURBATION OF VIRAL PROCESS%GOBP%GO:0044788	HOST-MEDIATED PERTURBATION OF VIRAL PROCESS%GOBP%GO:0044788		57	0.36361933	1.1483868	0.2458888	0.45079473	1.0	2424	tags=28%, list=20%, signal=35%	
SNRNA PROCESSING%GOBP%GO:0016180	SNRNA PROCESSING%GOBP%GO:0016180		30	0.41021353	1.1475426	0.2628524	0.4522396	1.0	3656	tags=43%, list=30%, signal=62%	
REGULATION OF INSULIN SECRETION INVOLVED IN CELLULAR RESPONSE TO GLUCOSE STIMULUS%GOBP%GO:0061178	REGULATION OF INSULIN SECRETION INVOLVED IN CELLULAR RESPONSE TO GLUCOSE STIMULUS%GOBP%GO:0061178		17	0.46240875	1.147354	0.29427314	0.4524036	1.0	2213	tags=35%, list=18%, signal=43%	
PINK1-PRKN MEDIATED MITOPHAGY%REACTOME%R-HSA-5205685.9	PINK1-PRKN MEDIATED MITOPHAGY%REACTOME%R-HSA-5205685.9		28	0.4092147	1.1469314	0.2828201	0.45302007	1.0	3045	tags=39%, list=25%, signal=52%	
RNA LOCALIZATION%GOBP%GO:0006403	RNA LOCALIZATION%GOBP%GO:0006403		114	0.32713512	1.1464491	0.21365188	0.45376495	1.0	2729	tags=30%, list=23%, signal=38%	
MITOTIC METAPHASE AND ANAPHASE%REACTOME DATABASE ID RELEASE 93%2555396	MITOTIC METAPHASE AND ANAPHASE%REACTOME DATABASE ID RELEASE 93%2555396		197	0.30467921	1.1463555	0.17898832	0.4537274	1.0	1694	tags=21%, list=14%, signal=24%	
INTRACELLULAR STEROL TRANSPORT%GOBP%GO:0032366	INTRACELLULAR STEROL TRANSPORT%GOBP%GO:0032366		20	0.44968975	1.1460345	0.28460878	0.45415714	1.0	1017	tags=25%, list=8%, signal=27%	
DNA DAMAGE RECOGNITION IN GG-NER%REACTOME DATABASE ID RELEASE 93%5696394	DNA DAMAGE RECOGNITION IN GG-NER%REACTOME DATABASE ID RELEASE 93%5696394		37	0.39425477	1.1457707	0.27688605	0.45447826	1.0	3517	tags=51%, list=29%, signal=72%	
NEGATIVE REGULATION OF GROWTH%GOBP%GO:0045926	NEGATIVE REGULATION OF GROWTH%GOBP%GO:0045926		100	0.3290403	1.145654	0.22916667	0.45448655	1.0	1322	tags=16%, list=11%, signal=18%	
PRE-MRNA SPLICING%REACTOME DATABASE ID RELEASE 93%72163	PRE-MRNA SPLICING%REACTOME DATABASE ID RELEASE 93%72163		193	0.30596232	1.1455793	0.18910046	0.45441768	1.0	3226	tags=34%, list=27%, signal=45%	
POSITIVE REGULATION OF RELEASE OF SEQUESTERED CALCIUM ION INTO CYTOSOL%GOBP%GO:0051281	POSITIVE REGULATION OF RELEASE OF SEQUESTERED CALCIUM ION INTO CYTOSOL%GOBP%GO:0051281		15	0.47662246	1.1453985	0.3054054	0.454579	1.0	935	tags=20%, list=8%, signal=22%	
EXTRA-NUCLEAR ESTROGEN SIGNALING%REACTOME DATABASE ID RELEASE 93%9009391	EXTRA-NUCLEAR ESTROGEN SIGNALING%REACTOME DATABASE ID RELEASE 93%9009391		56	0.36068898	1.1450496	0.24825986	0.45505995	1.0	690	tags=13%, list=6%, signal=13%	
MODULATION BY SYMBIONT OF ENTRY INTO HOST%GOBP%GO:0052372	MODULATION BY SYMBIONT OF ENTRY INTO HOST%GOBP%GO:0052372		19	0.45088544	1.1448809	0.3081033	0.45517713	1.0	2508	tags=47%, list=21%, signal=60%	
HSP90 CHAPERONE CYCLE FOR SHRS%REACTOME%R-HSA-3371497.7	HSP90 CHAPERONE CYCLE FOR SHRS%REACTOME%R-HSA-3371497.7		35	0.3988395	1.1441388	0.2716346	0.45644978	1.0	2426	tags=40%, list=20%, signal=50%	
HALLMARK_FATTY_ACID_METABOLISM%MSIGDBHALLMARK%HALLMARK_FATTY_ACID_METABOLISM	HALLMARK_FATTY_ACID_METABOLISM%MSIGDBHALLMARK%HALLMARK_FATTY_ACID_METABOLISM		93	0.33279923	1.1441187	0.23349893	0.45627972	1.0	2187	tags=26%, list=18%, signal=31%	
PYRIMIDINE METABOLISM%WIKIPATHWAYS_20250810%WP4022%HOMO SAPIENS	PYRIMIDINE METABOLISM%WIKIPATHWAYS_20250810%WP4022%HOMO SAPIENS		63	0.35415632	1.1439159	0.24518119	0.4564791	1.0	1160	tags=13%, list=10%, signal=14%	
SENSORY SYSTEM DEVELOPMENT%GOBP%GO:0048880	SENSORY SYSTEM DEVELOPMENT%GOBP%GO:0048880		110	0.3271281	1.1436195	0.21474132	0.45685852	1.0	1019	tags=13%, list=8%, signal=14%	
TRNA PROCESSING%REACTOME DATABASE ID RELEASE 93%72306	TRNA PROCESSING%REACTOME DATABASE ID RELEASE 93%72306		94	0.333978	1.143604	0.22933142	0.45667836	1.0	3335	tags=40%, list=28%, signal=55%	
RHO GTPASES ACTIVATE PKNS%REACTOME DATABASE ID RELEASE 93%5625740	RHO GTPASES ACTIVATE PKNS%REACTOME DATABASE ID RELEASE 93%5625740		30	0.4119285	1.1435708	0.28071603	0.4565327	1.0	1784	tags=30%, list=15%, signal=35%	
REGULATION OF STRESS-ACTIVATED MAPK CASCADE%GOBP%GO:0032872	REGULATION OF STRESS-ACTIVATED MAPK CASCADE%GOBP%GO:0032872		25	0.4208256	1.1432216	0.28098473	0.45699742	1.0	1340	tags=28%, list=11%, signal=31%	
REGULATION OF PROTEIN IMPORT INTO NUCLEUS%GOBP%GO:0042306	REGULATION OF PROTEIN IMPORT INTO NUCLEUS%GOBP%GO:0042306		35	0.3973192	1.1429484	0.27193674	0.45730996	1.0	901	tags=17%, list=7%, signal=18%	
REGULATION OF STRESS-ACTIVATED PROTEIN KINASE SIGNALING CASCADE%GOBP%GO:0070302	REGULATION OF STRESS-ACTIVATED PROTEIN KINASE SIGNALING CASCADE%GOBP%GO:0070302		25	0.4208256	1.1425565	0.27976686	0.45788547	1.0	1340	tags=28%, list=11%, signal=31%	
REGULATION OF STRIATED MUSCLE CELL DIFFERENTIATION%GOBP%GO:0051153	REGULATION OF STRIATED MUSCLE CELL DIFFERENTIATION%GOBP%GO:0051153		31	0.4036773	1.142352	0.28995985	0.45807105	1.0	1535	tags=26%, list=13%, signal=30%	
IRINOTECAN ACTION PATHWAY%PATHWHIZ%PW000238	IRINOTECAN ACTION PATHWAY%PATHWHIZ%PW000238		16	0.47272184	1.1416953	0.31161973	0.45914188	1.0	2207	tags=31%, list=18%, signal=38%	
TRNA MODIFICATION IN THE NUCLEUS AND CYTOSOL%REACTOME%R-HSA-6782315.8	TRNA MODIFICATION IN THE NUCLEUS AND CYTOSOL%REACTOME%R-HSA-6782315.8		37	0.38609195	1.1415032	0.25764894	0.45931032	1.0	3632	tags=51%, list=30%, signal=73%	
HALLMARK_P53_PATHWAY%MSIGDBHALLMARK%HALLMARK_P53_PATHWAY	HALLMARK_P53_PATHWAY%MSIGDBHALLMARK%HALLMARK_P53_PATHWAY		165	0.3104003	1.141432	0.18501326	0.45924407	1.0	374	tags=8%, list=3%, signal=8%	
SNRNA 3'-END PROCESSING%GOBP%GO:0034472	SNRNA 3'-END PROCESSING%GOBP%GO:0034472		19	0.44330385	1.1408573	0.300173	0.46016923	1.0	3656	tags=47%, list=30%, signal=68%	
RESPONSE TO STEROID HORMONE%GOBP%GO:0048545	RESPONSE TO STEROID HORMONE%GOBP%GO:0048545		81	0.33889872	1.1408191	0.24886878	0.46003327	1.0	2398	tags=31%, list=20%, signal=38%	
T CELL DIFFERENTIATION%GOBP%GO:0030217	T CELL DIFFERENTIATION%GOBP%GO:0030217		55	0.36294913	1.1400672	0.2568306	0.46126536	1.0	1917	tags=24%, list=16%, signal=28%	
HOST PATHOGEN INTERACTION OF HUMAN CORONAVIRUSES APOPTOSIS%WIKIPATHWAYS_20250810%WP4864%HOMO SAPIENS	HOST PATHOGEN INTERACTION OF HUMAN CORONAVIRUSES APOPTOSIS%WIKIPATHWAYS_20250810%WP4864%HOMO SAPIENS		17	0.4588013	1.1400421	0.29639176	0.46109933	1.0	1930	tags=29%, list=16%, signal=35%	
SIGNALLING TO ERKS%REACTOME DATABASE ID RELEASE 93%187687	SIGNALLING TO ERKS%REACTOME DATABASE ID RELEASE 93%187687		28	0.4128127	1.1385044	0.28039703	0.4639327	1.0	2333	tags=32%, list=19%, signal=40%	
PID_ECADHERIN_STABILIZATION_PATHWAY%MSIGDB_C2%PID_ECADHERIN_STABILIZATION_PATHWAY	PID_ECADHERIN_STABILIZATION_PATHWAY%MSIGDB_C2%PID_ECADHERIN_STABILIZATION_PATHWAY		26	0.417463	1.1382726	0.2912458	0.46416256	1.0	703	tags=15%, list=6%, signal=16%	
RAC1 SIGNALING PATHWAY%PATHWAY INTERACTION DATABASE NCI-NATURE CURATED DATA%RAC1 SIGNALING PATHWAY	RAC1 SIGNALING PATHWAY%PATHWAY INTERACTION DATABASE NCI-NATURE CURATED DATA%RAC1 SIGNALING PATHWAY		47	0.37199068	1.1375232	0.2633229	0.46544525	1.0	1337	tags=17%, list=11%, signal=19%	
NEGATIVE REGULATION OF FATTY ACID BIOSYNTHETIC PROCESS%GOBP%GO:0045717	NEGATIVE REGULATION OF FATTY ACID BIOSYNTHETIC PROCESS%GOBP%GO:0045717		15	0.4714358	1.1374559	0.3107747	0.46536157	1.0	1178	tags=27%, list=10%, signal=30%	
EXTRACELLULAR VESICLE MEDIATED SIGNALING IN RECIPIENT CELLS%WIKIPATHWAYS_20250810%WP2870%HOMO SAPIENS	EXTRACELLULAR VESICLE MEDIATED SIGNALING IN RECIPIENT CELLS%WIKIPATHWAYS_20250810%WP2870%HOMO SAPIENS		19	0.45033723	1.1372982	0.28832752	0.46546412	1.0	2376	tags=37%, list=20%, signal=46%	
O-GLYCOSYLATION OF TSR DOMAIN-CONTAINING PROTEINS%REACTOME%R-HSA-5173214.3	O-GLYCOSYLATION OF TSR DOMAIN-CONTAINING PROTEINS%REACTOME%R-HSA-5173214.3		17	0.4574039	1.1368641	0.31272402	0.46610945	1.0	955	tags=29%, list=8%, signal=32%	
DEFECTIVE INTRINSIC PATHWAY FOR APOPTOSIS%REACTOME%R-HSA-9734009.2	DEFECTIVE INTRINSIC PATHWAY FOR APOPTOSIS%REACTOME%R-HSA-9734009.2		23	0.4324507	1.1367707	0.2883959	0.4660704	1.0	2532	tags=35%, list=21%, signal=44%	
RENAL TUBULE DEVELOPMENT%GOBP%GO:0061326	RENAL TUBULE DEVELOPMENT%GOBP%GO:0061326		20	0.44719785	1.1365966	0.28879312	0.46619484	1.0	317	tags=20%, list=3%, signal=21%	
NEUROTROPHIC FACTOR-MEDIATED TRK RECEPTOR SIGNALING%PATHWAY INTERACTION DATABASE NCI-NATURE CURATED DATA%NEUROTROPHIC FACTOR-MEDIATED TRK RECEPTOR SIGNALING	NEUROTROPHIC FACTOR-MEDIATED TRK RECEPTOR SIGNALING%PATHWAY INTERACTION DATABASE NCI-NATURE CURATED DATA%NEUROTROPHIC FACTOR-MEDIATED TRK RECEPTOR SIGNALING		51	0.3651166	1.1364598	0.26709062	0.46626222	1.0	1470	tags=25%, list=12%, signal=29%	
REGULATION OF CELL-CELL ADHESION MEDIATED BY CADHERIN%GOBP%GO:2000047	REGULATION OF CELL-CELL ADHESION MEDIATED BY CADHERIN%GOBP%GO:2000047		16	0.46237886	1.1364571	0.31946903	0.46605524	1.0	1866	tags=38%, list=15%, signal=44%	
EUKARYOTIC TRANSLATION INITIATION%REACTOME%R-HSA-72613.5	EUKARYOTIC TRANSLATION INITIATION%REACTOME%R-HSA-72613.5		111	0.3225028	1.1360122	0.22582921	0.4667276	1.0	2173	tags=24%, list=18%, signal=29%	
REGULATION OF FATTY ACID METABOLIC PROCESS%GOBP%GO:0019217	REGULATION OF FATTY ACID METABOLIC PROCESS%GOBP%GO:0019217		61	0.34972635	1.135878	0.25606892	0.466772	1.0	1835	tags=23%, list=15%, signal=27%	
REGULATION OF CELL JUNCTION ASSEMBLY%GOBP%GO:1901888	REGULATION OF CELL JUNCTION ASSEMBLY%GOBP%GO:1901888		116	0.3214997	1.1352003	0.23509254	0.46791562	1.0	2612	tags=29%, list=22%, signal=37%	
CLASS I PI3K SIGNALING EVENTS MEDIATED BY AKT%PATHWAY INTERACTION DATABASE NCI-NATURE CURATED DATA%CLASS I PI3K SIGNALING EVENTS MEDIATED BY AKT	CLASS I PI3K SIGNALING EVENTS MEDIATED BY AKT%PATHWAY INTERACTION DATABASE NCI-NATURE CURATED DATA%CLASS I PI3K SIGNALING EVENTS MEDIATED BY AKT		34	0.39720032	1.1351291	0.28850856	0.46783555	1.0	2220	tags=38%, list=18%, signal=47%	
POSITIVE REGULATION OF PROTEIN MODIFICATION BY SMALL PROTEIN CONJUGATION OR REMOVAL%GOBP%GO:1903322	POSITIVE REGULATION OF PROTEIN MODIFICATION BY SMALL PROTEIN CONJUGATION OR REMOVAL%GOBP%GO:1903322		86	0.33384424	1.1349053	0.24105866	0.4680707	1.0	1589	tags=15%, list=13%, signal=17%	
ATM SIGNALING IN DEVELOPMENT AND DISEASE %WIKIPATHWAYS_20250810%WP3878%HOMO SAPIENS	ATM SIGNALING IN DEVELOPMENT AND DISEASE %WIKIPATHWAYS_20250810%WP3878%HOMO SAPIENS		38	0.39157224	1.1348901	0.27425823	0.46788505	1.0	1930	tags=24%, list=16%, signal=28%	
SIGNALING BY TGFBR3%REACTOME DATABASE ID RELEASE 93%9839373	SIGNALING BY TGFBR3%REACTOME DATABASE ID RELEASE 93%9839373		39	0.38059968	1.1346042	0.2656501	0.46823642	1.0	2165	tags=26%, list=18%, signal=31%	
AZATHIOPRINE ADME%REACTOME%R-HSA-9748787.3	AZATHIOPRINE ADME%REACTOME%R-HSA-9748787.3		20	0.44498774	1.1341578	0.3122807	0.46891835	1.0	1509	tags=30%, list=13%, signal=34%	
REGULATION OF RHOA ACTIVITY%PATHWAY INTERACTION DATABASE NCI-NATURE CURATED DATA%REGULATION OF RHOA ACTIVITY	REGULATION OF RHOA ACTIVITY%PATHWAY INTERACTION DATABASE NCI-NATURE CURATED DATA%REGULATION OF RHOA ACTIVITY		36	0.3915776	1.1341176	0.26831275	0.46878392	1.0	1832	tags=28%, list=15%, signal=33%	
PHOTORECEPTOR CELL DEVELOPMENT%GOBP%GO:0042461	PHOTORECEPTOR CELL DEVELOPMENT%GOBP%GO:0042461		15	0.46835095	1.1339203	0.31578946	0.46896863	1.0	1019	tags=20%, list=8%, signal=22%	
COSTIMULATION BY THE CD28 FAMILY%REACTOME%R-HSA-388841.8	COSTIMULATION BY THE CD28 FAMILY%REACTOME%R-HSA-388841.8		46	0.37501448	1.1336384	0.27294305	0.46931148	1.0	1917	tags=33%, list=16%, signal=39%	
PROTEIN EXIT FROM ENDOPLASMIC RETICULUM%GOBP%GO:0032527	PROTEIN EXIT FROM ENDOPLASMIC RETICULUM%GOBP%GO:0032527		20	0.44268212	1.1335114	0.30095404	0.46935678	1.0	1965	tags=30%, list=16%, signal=36%	
CAP-DEPENDENT TRANSLATION INITIATION%REACTOME%R-HSA-72737.4	CAP-DEPENDENT TRANSLATION INITIATION%REACTOME%R-HSA-72737.4		111	0.3225028	1.1332835	0.23432116	0.46959805	1.0	2173	tags=24%, list=18%, signal=29%	
BIOSYNTHESIS OF THE N-GLYCAN PRECURSOR (DOLICHOL LIPID-LINKED OLIGOSACCHARIDE, LLO) AND TRANSFER TO A NASCENT PROTEIN%REACTOME%R-HSA-446193.3	BIOSYNTHESIS OF THE N-GLYCAN PRECURSOR (DOLICHOL LIPID-LINKED OLIGOSACCHARIDE, LLO) AND TRANSFER TO A NASCENT PROTEIN%REACTOME%R-HSA-446193.3		66	0.35014582	1.1332781	0.26360154	0.46939418	1.0	3323	tags=48%, list=28%, signal=67%	
AORTIC VALVE MORPHOGENESIS%GOBP%GO:0003180	AORTIC VALVE MORPHOGENESIS%GOBP%GO:0003180		22	0.42810526	1.133207	0.30882353	0.46932188	1.0	1866	tags=27%, list=15%, signal=32%	
CELLULAR RESPONSE TO TOXIC SUBSTANCE%GOBP%GO:0097237	CELLULAR RESPONSE TO TOXIC SUBSTANCE%GOBP%GO:0097237		35	0.39418522	1.1331774	0.28062913	0.46916562	1.0	1658	tags=26%, list=14%, signal=30%	
REGULATION OF ORGANIC ACID TRANSPORT%GOBP%GO:0032890	REGULATION OF ORGANIC ACID TRANSPORT%GOBP%GO:0032890		25	0.41379675	1.1331468	0.30068144	0.4690076	1.0	2269	tags=32%, list=19%, signal=39%	
AMYLOID-BETA CLEARANCE%GOBP%GO:0097242	AMYLOID-BETA CLEARANCE%GOBP%GO:0097242		21	0.42899323	1.132799	0.30008674	0.46949533	1.0	670	tags=14%, list=6%, signal=15%	
ETOPOSIDE METABOLISM PATHWAY%PATHWHIZ%PW000577	ETOPOSIDE METABOLISM PATHWAY%PATHWHIZ%PW000577		15	0.4698258	1.1327395	0.31451613	0.46939433	1.0	1568	tags=33%, list=13%, signal=38%	
REGULATION OF MEMBRANE POTENTIAL%GOBP%GO:0042391	REGULATION OF MEMBRANE POTENTIAL%GOBP%GO:0042391		146	0.31086498	1.1319971	0.22053982	0.47063628	1.0	2516	tags=32%, list=21%, signal=39%	
PROTEINOGENIC AMINO ACID BIOSYNTHETIC PROCESS%GOBP%GO:0170038	PROTEINOGENIC AMINO ACID BIOSYNTHETIC PROCESS%GOBP%GO:0170038		33	0.39844507	1.1313488	0.29867986	0.47171098	1.0	2870	tags=45%, list=24%, signal=60%	
POSITIVE REGULATION OF POST-TRANSLATIONAL PROTEIN MODIFICATION%GOBP%GO:1901875	POSITIVE REGULATION OF POST-TRANSLATIONAL PROTEIN MODIFICATION%GOBP%GO:1901875		87	0.3326879	1.1311411	0.2494577	0.47190857	1.0	1589	tags=15%, list=13%, signal=17%	
POSITIVE REGULATION OF VIRAL LIFE CYCLE%GOBP%GO:1903902	POSITIVE REGULATION OF VIRAL LIFE CYCLE%GOBP%GO:1903902		18	0.45620084	1.131046	0.3080895	0.4718741	1.0	2280	tags=44%, list=19%, signal=55%	
NEGATIVE REGULATION OF MET ACTIVITY%REACTOME%R-HSA-6807004.4	NEGATIVE REGULATION OF MET ACTIVITY%REACTOME%R-HSA-6807004.4		17	0.46206856	1.1307802	0.30886075	0.47219148	1.0	1892	tags=24%, list=16%, signal=28%	
POSITIVE REGULATION OF CYTOSKELETON ORGANIZATION%GOBP%GO:0051495	POSITIVE REGULATION OF CYTOSKELETON ORGANIZATION%GOBP%GO:0051495		118	0.3185944	1.1281548	0.2390691	0.47721946	1.0	1390	tags=19%, list=12%, signal=22%	
RESPONSE TO LIGHT STIMULUS%GOBP%GO:0009416	RESPONSE TO LIGHT STIMULUS%GOBP%GO:0009416		146	0.31113777	1.1279665	0.22322671	0.47739524	1.0	2339	tags=24%, list=19%, signal=29%	
LUNG DEVELOPMENT%GOBP%GO:0030324	LUNG DEVELOPMENT%GOBP%GO:0030324		27	0.414016	1.1279442	0.29858217	0.47721714	1.0	1044	tags=26%, list=9%, signal=28%	
CYTOPLASMIC TRANSLATION%GOBP%GO:0002181	CYTOPLASMIC TRANSLATION%GOBP%GO:0002181		120	0.31638256	1.126919	0.22996515	0.47906965	1.0	2173	tags=25%, list=18%, signal=30%	
NEGATIVE REGULATION OF T CELL ACTIVATION%GOBP%GO:0050868	NEGATIVE REGULATION OF T CELL ACTIVATION%GOBP%GO:0050868		50	0.36435664	1.1265781	0.2761831	0.4795605	1.0	854	tags=18%, list=7%, signal=19%	
CYTOPLASMIC TRANSLATIONAL INITIATION%GOBP%GO:0002183	CYTOPLASMIC TRANSLATIONAL INITIATION%GOBP%GO:0002183		35	0.39258182	1.1265168	0.30388108	0.479464	1.0	2173	tags=34%, list=18%, signal=42%	
ALDEHYDE METABOLIC PROCESS%GOBP%GO:0006081	ALDEHYDE METABOLIC PROCESS%GOBP%GO:0006081		38	0.38430092	1.1263072	0.2952913	0.47966042	1.0	2279	tags=32%, list=19%, signal=39%	
VIRAL RELEASE FROM HOST CELL%GOBP%GO:0019076	VIRAL RELEASE FROM HOST CELL%GOBP%GO:0019076		26	0.4120868	1.1262262	0.26994908	0.47960645	1.0	2280	tags=35%, list=19%, signal=43%	
CELLULAR RESPONSE TO AMYLOID-BETA%GOBP%GO:1904646	CELLULAR RESPONSE TO AMYLOID-BETA%GOBP%GO:1904646		26	0.40560973	1.1258134	0.30066445	0.48022726	1.0	76	tags=8%, list=1%, signal=8%	
STEROL HOMEOSTASIS%GOBP%GO:0055092	STEROL HOMEOSTASIS%GOBP%GO:0055092		48	0.37232605	1.1247649	0.28095976	0.48211572	1.0	1118	tags=19%, list=9%, signal=21%	
TGF-BETA SIGNALING PATHWAY%PANTHER PATHWAY%P00052	TGF-BETA SIGNALING PATHWAY%PANTHER PATHWAY%P00052		53	0.3640731	1.1246581	0.2720984	0.4821145	1.0	2398	tags=32%, list=20%, signal=40%	
BINDING AND UPTAKE OF LIGANDS BY SCAVENGER RECEPTORS%REACTOME%R-HSA-2173782.3	BINDING AND UPTAKE OF LIGANDS BY SCAVENGER RECEPTORS%REACTOME%R-HSA-2173782.3		18	0.4441276	1.1237024	0.3205575	0.48384237	1.0	2088	tags=39%, list=17%, signal=47%	
REGULATION OF UBIQUITIN-DEPENDENT PROTEIN CATABOLIC PROCESS%GOBP%GO:2000058	REGULATION OF UBIQUITIN-DEPENDENT PROTEIN CATABOLIC PROCESS%GOBP%GO:2000058		128	0.31300429	1.1232256	0.2505263	0.48457468	1.0	2833	tags=38%, list=24%, signal=50%	
AMINO ACID TRANSPORT%GOBP%GO:0006865	AMINO ACID TRANSPORT%GOBP%GO:0006865		57	0.3560993	1.1230512	0.2949807	0.4847167	1.0	2833	tags=30%, list=24%, signal=39%	
PROTEIN LOCALIZATION TO CELL PERIPHERY%GOBP%GO:1990778	PROTEIN LOCALIZATION TO CELL PERIPHERY%GOBP%GO:1990778		136	0.31255037	1.1218531	0.24315068	0.48690948	1.0	3075	tags=32%, list=26%, signal=43%	
SYNAPTIC VESICLE CYCLE%GOBP%GO:0099504	SYNAPTIC VESICLE CYCLE%GOBP%GO:0099504		58	0.3534597	1.1218394	0.2611111	0.48671573	1.0	1581	tags=19%, list=13%, signal=22%	
VISUAL SYSTEM DEVELOPMENT%GOBP%GO:0150063	VISUAL SYSTEM DEVELOPMENT%GOBP%GO:0150063		107	0.3224363	1.1218337	0.2553802	0.48650816	1.0	1019	tags=12%, list=8%, signal=13%	
EXIT FROM HOST CELL%GOBP%GO:0035891	EXIT FROM HOST CELL%GOBP%GO:0035891		26	0.4120868	1.1214234	0.30602008	0.4871322	1.0	2280	tags=35%, list=19%, signal=43%	
16P12 2 COPY NUMBER VARIATION SYNDROME 520KB %WIKIPATHWAYS_20250810%WP5510%HOMO SAPIENS	16P12 2 COPY NUMBER VARIATION SYNDROME 520KB %WIKIPATHWAYS_20250810%WP5510%HOMO SAPIENS		40	0.37581667	1.1214014	0.2827529	0.48695806	1.0	2383	tags=38%, list=20%, signal=47%	
ALPHA-AMINO ACID BIOSYNTHETIC PROCESS%GOBP%GO:1901607	ALPHA-AMINO ACID BIOSYNTHETIC PROCESS%GOBP%GO:1901607		40	0.3774367	1.1197764	0.2792363	0.48997855	1.0	2870	tags=43%, list=24%, signal=56%	
CYTOPROTECTION BY HMOX1%REACTOME%R-HSA-9707564.5	CYTOPROTECTION BY HMOX1%REACTOME%R-HSA-9707564.5		45	0.37015572	1.1190729	0.2881754	0.49120015	1.0	1257	tags=18%, list=10%, signal=20%	
DISORDERS OF TRANSMEMBRANE TRANSPORTERS%REACTOME%R-HSA-5619115.5	DISORDERS OF TRANSMEMBRANE TRANSPORTERS%REACTOME%R-HSA-5619115.5		109	0.3201613	1.1189895	0.25990272	0.49114704	1.0	1708	tags=23%, list=14%, signal=26%	
POSITIVE REGULATION OF AMIDE METABOLIC PROCESS%GOBP%GO:0034250	POSITIVE REGULATION OF AMIDE METABOLIC PROCESS%GOBP%GO:0034250		20	0.4328207	1.1174165	0.32528043	0.4940966	1.0	1295	tags=25%, list=11%, signal=28%	
POSITIVE REGULATION OF ION TRANSMEMBRANE TRANSPORTER ACTIVITY%GOBP%GO:0032414	POSITIVE REGULATION OF ION TRANSMEMBRANE TRANSPORTER ACTIVITY%GOBP%GO:0032414		16	0.4629476	1.1169887	0.3256433	0.4947372	1.0	2000	tags=25%, list=17%, signal=30%	
PLACENTA DEVELOPMENT%GOBP%GO:0001890	PLACENTA DEVELOPMENT%GOBP%GO:0001890		33	0.38937747	1.1168884	0.31188118	0.49470636	1.0	2072	tags=30%, list=17%, signal=37%	
PID_RAC1_REG_PATHWAY%MSIGDB_C2%PID_RAC1_REG_PATHWAY	PID_RAC1_REG_PATHWAY%MSIGDB_C2%PID_RAC1_REG_PATHWAY		19	0.4389404	1.1168467	0.32194245	0.49456963	1.0	824	tags=26%, list=7%, signal=28%	
POSITIVE REGULATION OF DEVELOPMENTAL GROWTH%GOBP%GO:0048639	POSITIVE REGULATION OF DEVELOPMENTAL GROWTH%GOBP%GO:0048639		47	0.3672031	1.1167865	0.29029733	0.4944669	1.0	2091	tags=30%, list=17%, signal=36%	
RESPONSE TO OSMOTIC STRESS%GOBP%GO:0006970	RESPONSE TO OSMOTIC STRESS%GOBP%GO:0006970		41	0.37376785	1.1166072	0.2888889	0.49461788	1.0	1917	tags=37%, list=16%, signal=43%	
PID_IL3_PATHWAY%MSIGDB_C2%PID_IL3_PATHWAY	PID_IL3_PATHWAY%MSIGDB_C2%PID_IL3_PATHWAY		17	0.4525678	1.1164514	0.33617747	0.4947125	1.0	1361	tags=35%, list=11%, signal=40%	
NEGATIVE REGULATION OF ESTABLISHMENT OF PROTEIN LOCALIZATION%GOBP%GO:1904950	NEGATIVE REGULATION OF ESTABLISHMENT OF PROTEIN LOCALIZATION%GOBP%GO:1904950		64	0.3462338	1.116229	0.2753623	0.49494734	1.0	2641	tags=33%, list=22%, signal=42%	
ADHD AND AUTISM ASD PATHWAYS%WIKIPATHWAYS_20250810%WP5420%HOMO SAPIENS	ADHD AND AUTISM ASD PATHWAYS%WIKIPATHWAYS_20250810%WP5420%HOMO SAPIENS		157	0.30541673	1.1160223	0.23448727	0.495134	1.0	2315	tags=25%, list=19%, signal=31%	
NEGATIVE REGULATION OF MOLECULAR FUNCTION%GOBP%GO:0044092	NEGATIVE REGULATION OF MOLECULAR FUNCTION%GOBP%GO:0044092		183	0.29737774	1.1157607	0.24099542	0.49545264	1.0	2112	tags=20%, list=18%, signal=23%	
VEGF SIGNALING PATHWAY%PANTHER PATHWAY%P00056	VEGF SIGNALING PATHWAY%PANTHER PATHWAY%P00056		54	0.35508475	1.115501	0.2934363	0.49576938	1.0	1379	tags=22%, list=11%, signal=25%	
ETOPOSIDE ACTION PATHWAY%SMPDB%SMP0000442	ETOPOSIDE ACTION PATHWAY%SMPDB%SMP0000442		15	0.4698258	1.1153349	0.33152664	0.49587408	1.0	1568	tags=33%, list=13%, signal=38%	
PYRIMIDINE-CONTAINING COMPOUND CATABOLIC PROCESS%GOBP%GO:0072529	PYRIMIDINE-CONTAINING COMPOUND CATABOLIC PROCESS%GOBP%GO:0072529		18	0.44366884	1.1153004	0.32667246	0.49572167	1.0	376	tags=11%, list=3%, signal=11%	
POSITIVE REGULATION OF GTPASE ACTIVITY%GOBP%GO:0043547	POSITIVE REGULATION OF GTPASE ACTIVITY%GOBP%GO:0043547		65	0.34330508	1.1146531	0.28056425	0.49683857	1.0	1180	tags=14%, list=10%, signal=15%	
VESICLE-MEDIATED TRANSPORT IN SYNAPSE%GOBP%GO:0099003	VESICLE-MEDIATED TRANSPORT IN SYNAPSE%GOBP%GO:0099003		60	0.34971434	1.1146145	0.29443175	0.49669045	1.0	1581	tags=18%, list=13%, signal=21%	
TRANSLATION OF STRUCTURAL PROTEINS%REACTOME DATABASE ID RELEASE 93%9694635	TRANSLATION OF STRUCTURAL PROTEINS%REACTOME DATABASE ID RELEASE 93%9694635		59	0.3502393	1.112499	0.2881754	0.50077814	1.0	1792	tags=20%, list=15%, signal=24%	
REGULATION OF DEVELOPMENTAL GROWTH%GOBP%GO:0048638	REGULATION OF DEVELOPMENTAL GROWTH%GOBP%GO:0048638		97	0.32495913	1.112437	0.27655026	0.50067204	1.0	1902	tags=24%, list=16%, signal=28%	
BIOCARTA_INSULIN_PATHWAY%MSIGDB_C2%BIOCARTA_INSULIN_PATHWAY	BIOCARTA_INSULIN_PATHWAY%MSIGDB_C2%BIOCARTA_INSULIN_PATHWAY		16	0.46002153	1.1123525	0.3382226	0.50061154	1.0	2398	tags=56%, list=20%, signal=70%	
MATURATION OF TCA ENZYMES AND REGULATION OF TCA CYCLE%REACTOME DATABASE ID RELEASE 93%9854311	MATURATION OF TCA ENZYMES AND REGULATION OF TCA CYCLE%REACTOME DATABASE ID RELEASE 93%9854311		15	0.46288338	1.1122005	0.33088234	0.50070864	1.0	1997	tags=40%, list=17%, signal=48%	
CHAPERONE-MEDIATED PROTEIN COMPLEX ASSEMBLY%GOBP%GO:0051131	CHAPERONE-MEDIATED PROTEIN COMPLEX ASSEMBLY%GOBP%GO:0051131		18	0.4489048	1.1118273	0.33004484	0.50124776	1.0	2234	tags=50%, list=19%, signal=61%	
PROTEIN PROCESSING%GOBP%GO:0016485	PROTEIN PROCESSING%GOBP%GO:0016485		102	0.32087895	1.1114626	0.27363896	0.5017759	1.0	2046	tags=26%, list=17%, signal=32%	
PROTEIN TARGETING TO MITOCHONDRION%GOBP%GO:0006626	PROTEIN TARGETING TO MITOCHONDRION%GOBP%GO:0006626		29	0.39710253	1.1114578	0.3166801	0.5015601	1.0	3804	tags=55%, list=32%, signal=80%	
IN UTERO EMBRYONIC DEVELOPMENT%GOBP%GO:0001701	IN UTERO EMBRYONIC DEVELOPMENT%GOBP%GO:0001701		38	0.38142663	1.1112825	0.33251232	0.5016981	1.0	575	tags=13%, list=5%, signal=14%	
NEGATIVE REGULATION OF DNA-TEMPLATED TRANSCRIPTION, ELONGATION%GOBP%GO:0032785	NEGATIVE REGULATION OF DNA-TEMPLATED TRANSCRIPTION, ELONGATION%GOBP%GO:0032785		21	0.42353064	1.1105168	0.32709447	0.5030617	1.0	3287	tags=38%, list=27%, signal=52%	
SIGNAL TRANSDUCTION IN RESPONSE TO DNA DAMAGE%GOBP%GO:0042770	SIGNAL TRANSDUCTION IN RESPONSE TO DNA DAMAGE%GOBP%GO:0042770		112	0.31479537	1.110016	0.2706131	0.5038804	1.0	944	tags=12%, list=8%, signal=12%	
CELLULAR RESPONSE TO RADIATION%GOBP%GO:0071478	CELLULAR RESPONSE TO RADIATION%GOBP%GO:0071478		110	0.31892803	1.1097194	0.27543253	0.5042411	1.0	2339	tags=25%, list=19%, signal=30%	
3'-UTR-MEDIATED MRNA DESTABILIZATION%GOBP%GO:0061158	3'-UTR-MEDIATED MRNA DESTABILIZATION%GOBP%GO:0061158		16	0.44480112	1.1094851	0.32389677	0.5045001	1.0	22	tags=6%, list=0%, signal=6%	
REGULATION OF PROTEIN BINDING%GOBP%GO:0043393	REGULATION OF PROTEIN BINDING%GOBP%GO:0043393		29	0.40048793	1.1091985	0.32357723	0.50485367	1.0	654	tags=14%, list=5%, signal=15%	
PID_TGFBR_PATHWAY%MSIGDB_C2%PID_TGFBR_PATHWAY	PID_TGFBR_PATHWAY%MSIGDB_C2%PID_TGFBR_PATHWAY		35	0.38722107	1.1090863	0.31512272	0.5048555	1.0	2376	tags=29%, list=20%, signal=35%	
GASTRULATION%REACTOME%R-HSA-9758941.6	GASTRULATION%REACTOME%R-HSA-9758941.6		71	0.33840835	1.1090411	0.28687316	0.50472176	1.0	2272	tags=32%, list=19%, signal=40%	
RHO PROTEIN SIGNAL TRANSDUCTION%GOBP%GO:0007266	RHO PROTEIN SIGNAL TRANSDUCTION%GOBP%GO:0007266		43	0.36885667	1.1088784	0.29703763	0.5048246	1.0	1337	tags=23%, list=11%, signal=26%	
POSITIVE REGULATION OF PROTEIN LOCALIZATION TO PLASMA MEMBRANE%GOBP%GO:1903078	POSITIVE REGULATION OF PROTEIN LOCALIZATION TO PLASMA MEMBRANE%GOBP%GO:1903078		45	0.36399934	1.1084449	0.3022508	0.50546455	1.0	1119	tags=13%, list=9%, signal=15%	
RHO GTPASES ACTIVATE CIT%REACTOME DATABASE ID RELEASE 93%5625900	RHO GTPASES ACTIVATE CIT%REACTOME DATABASE ID RELEASE 93%5625900		18	0.44326383	1.108439	0.34210527	0.50525033	1.0	1654	tags=39%, list=14%, signal=45%	
LIPID LOCALIZATION%GOBP%GO:0010876	LIPID LOCALIZATION%GOBP%GO:0010876		142	0.30520028	1.1083175	0.25797874	0.5052814	1.0	2712	tags=31%, list=23%, signal=40%	
TRNA AMINOACYLATION FOR PROTEIN TRANSLATION%GOBP%GO:0006418	TRNA AMINOACYLATION FOR PROTEIN TRANSLATION%GOBP%GO:0006418		19	0.43732715	1.108113	0.33070177	0.5054767	1.0	4231	tags=53%, list=35%, signal=81%	
REGULATION OF NUCLEOTIDE CATABOLIC PROCESS%GOBP%GO:0030811	REGULATION OF NUCLEOTIDE CATABOLIC PROCESS%GOBP%GO:0030811		28	0.39958864	1.1079768	0.31353134	0.5055311	1.0	2482	tags=39%, list=21%, signal=49%	
REGULATION OF PROTEIN-CONTAINING COMPLEX DISASSEMBLY%GOBP%GO:0043244	REGULATION OF PROTEIN-CONTAINING COMPLEX DISASSEMBLY%GOBP%GO:0043244		77	0.3329555	1.1079615	0.2833828	0.5053349	1.0	1876	tags=26%, list=16%, signal=31%	
MITOPHAGY%REACTOME%R-HSA-5205647.6	MITOPHAGY%REACTOME%R-HSA-5205647.6		33	0.38867307	1.1074058	0.32237872	0.5062423	1.0	3045	tags=39%, list=25%, signal=53%	
SMITH MAGENIS AND POTOCKI LUPSKI SYNDROME COPY NUMBER VARIATION%WIKIPATHWAYS_20250810%WP5381%HOMO SAPIENS	SMITH MAGENIS AND POTOCKI LUPSKI SYNDROME COPY NUMBER VARIATION%WIKIPATHWAYS_20250810%WP5381%HOMO SAPIENS		108	0.31449315	1.1069099	0.27902097	0.5070214	1.0	1835	tags=19%, list=15%, signal=22%	
EPHRIN SIGNALING%REACTOME%R-HSA-3928664.4	EPHRIN SIGNALING%REACTOME%R-HSA-3928664.4		17	0.44427568	1.106281	0.3427065	0.5080771	1.0	2025	tags=35%, list=17%, signal=42%	
AMINE METABOLIC PROCESS%GOBP%GO:0009308	AMINE METABOLIC PROCESS%GOBP%GO:0009308		33	0.3868752	1.106252	0.33417296	0.5079191	1.0	1301	tags=21%, list=11%, signal=24%	
DEFECTIVE B3GALTL CAUSES PPS%REACTOME%R-HSA-5083635.4	DEFECTIVE B3GALTL CAUSES PPS%REACTOME%R-HSA-5083635.4		16	0.45788062	1.106229	0.3424408	0.5077393	1.0	955	tags=31%, list=8%, signal=34%	
POSITIVE REGULATION OF COLD-INDUCED THERMOGENESIS%GOBP%GO:0120162	POSITIVE REGULATION OF COLD-INDUCED THERMOGENESIS%GOBP%GO:0120162		63	0.34366435	1.1061959	0.30507192	0.50758344	1.0	1812	tags=24%, list=15%, signal=28%	
TRANSCRIPTION FACTOR REGULATION IN ADIPOGENESIS%WIKIPATHWAYS_20250810%WP3599%HOMO SAPIENS	TRANSCRIPTION FACTOR REGULATION IN ADIPOGENESIS%WIKIPATHWAYS_20250810%WP3599%HOMO SAPIENS		18	0.439775	1.105362	0.3372302	0.50905174	1.0	589	tags=17%, list=5%, signal=17%	
4 HYDROXYTAMOXIFEN DEXAMETHASONE AND RETINOIC ACIDS REGULATION OF P27 EXPRESSION%WIKIPATHWAYS_20250810%WP3879%HOMO SAPIENS	4 HYDROXYTAMOXIFEN DEXAMETHASONE AND RETINOIC ACIDS REGULATION OF P27 EXPRESSION%WIKIPATHWAYS_20250810%WP3879%HOMO SAPIENS		19	0.4275031	1.1046213	0.35289043	0.5103876	1.0	1326	tags=37%, list=11%, signal=41%	
PYRIMIDINE NUCLEOTIDE METABOLIC PROCESS%GOBP%GO:0006220	PYRIMIDINE NUCLEOTIDE METABOLIC PROCESS%GOBP%GO:0006220		34	0.3845419	1.104026	0.32401314	0.5113844	1.0	1056	tags=15%, list=9%, signal=16%	
RESPONSE TO HYPOXIA%GOBP%GO:0001666	RESPONSE TO HYPOXIA%GOBP%GO:0001666		108	0.31464806	1.103659	0.28245363	0.51190436	1.0	1735	tags=21%, list=14%, signal=25%	
SKELETAL MUSCLE TISSUE DEVELOPMENT%GOBP%GO:0007519	SKELETAL MUSCLE TISSUE DEVELOPMENT%GOBP%GO:0007519		23	0.41344965	1.1031075	0.3402418	0.5128312	1.0	2479	tags=39%, list=21%, signal=49%	
METABOLISM OF STEROID HORMONES%REACTOME%R-HSA-196071.5	METABOLISM OF STEROID HORMONES%REACTOME%R-HSA-196071.5		18	0.4469821	1.1026969	0.34805652	0.51344514	1.0	466	tags=17%, list=4%, signal=17%	
ALPHA-SYNUCLEIN SIGNALING%PATHWAY INTERACTION DATABASE NCI-NATURE CURATED DATA%ALPHA-SYNUCLEIN SIGNALING	ALPHA-SYNUCLEIN SIGNALING%PATHWAY INTERACTION DATABASE NCI-NATURE CURATED DATA%ALPHA-SYNUCLEIN SIGNALING		22	0.42077294	1.1024287	0.32740214	0.5137495	1.0	2287	tags=36%, list=19%, signal=45%	
AMYLOID FIBER FORMATION%REACTOME%R-HSA-977225.8	AMYLOID FIBER FORMATION%REACTOME%R-HSA-977225.8		34	0.3880354	1.1023376	0.31843576	0.51371485	1.0	1416	tags=21%, list=12%, signal=23%	
LEARNING%GOBP%GO:0007612	LEARNING%GOBP%GO:0007612		31	0.39127058	1.1017573	0.3261767	0.5146548	1.0	3121	tags=39%, list=26%, signal=52%	
REGULATION OF LIPOPOLYSACCHARIDE-MEDIATED SIGNALING PATHWAY%GOBP%GO:0031664	REGULATION OF LIPOPOLYSACCHARIDE-MEDIATED SIGNALING PATHWAY%GOBP%GO:0031664		16	0.44664583	1.1015105	0.33788708	0.5149317	1.0	1184	tags=19%, list=10%, signal=21%	
REGULATION OF MORPHOGENESIS OF A BRANCHING STRUCTURE%GOBP%GO:0060688	REGULATION OF MORPHOGENESIS OF A BRANCHING STRUCTURE%GOBP%GO:0060688		21	0.42822734	1.101243	0.34305924	0.5152813	1.0	117	tags=10%, list=1%, signal=10%	
ENDOCRINE SYSTEM DEVELOPMENT%GOBP%GO:0035270	ENDOCRINE SYSTEM DEVELOPMENT%GOBP%GO:0035270		24	0.41374046	1.1011443	0.34	0.51525694	1.0	1091	tags=21%, list=9%, signal=23%	
HYPOTHESIZED PATHWAYS IN PATHOGENESIS OF CARDIOVASCULAR DISEASE%WIKIPATHWAYS_20250810%WP3668%HOMO SAPIENS	HYPOTHESIZED PATHWAYS IN PATHOGENESIS OF CARDIOVASCULAR DISEASE%WIKIPATHWAYS_20250810%WP3668%HOMO SAPIENS		20	0.4306797	1.1005024	0.32073814	0.51634705	1.0	786	tags=20%, list=7%, signal=21%	
EPITHELIAL TO MESENCHYMAL TRANSITION IN COLORECTAL CANCER%WIKIPATHWAYS_20250810%WP4239%HOMO SAPIENS	EPITHELIAL TO MESENCHYMAL TRANSITION IN COLORECTAL CANCER%WIKIPATHWAYS_20250810%WP4239%HOMO SAPIENS		100	0.3194763	1.0993111	0.28969958	0.5185795	1.0	1930	tags=24%, list=16%, signal=28%	
NEGATIVE REGULATION OF HYDROLASE ACTIVITY%GOBP%GO:0051346	NEGATIVE REGULATION OF HYDROLASE ACTIVITY%GOBP%GO:0051346		20	0.42155656	1.0991704	0.35255355	0.518653	1.0	860	tags=15%, list=7%, signal=16%	
NEGATIVE REGULATION OF FGFR4 SIGNALING%REACTOME%R-HSA-5654733.3	NEGATIVE REGULATION OF FGFR4 SIGNALING%REACTOME%R-HSA-5654733.3		17	0.44190648	1.098993	0.33070177	0.5188018	1.0	1557	tags=35%, list=13%, signal=40%	
REGULATION OF PURINE NUCLEOTIDE CATABOLIC PROCESS%GOBP%GO:0033121	REGULATION OF PURINE NUCLEOTIDE CATABOLIC PROCESS%GOBP%GO:0033121		28	0.39958864	1.0986717	0.3267163	0.5192231	1.0	2482	tags=39%, list=21%, signal=49%	
NEGATIVE REGULATION OF FGFR1 SIGNALING%REACTOME DATABASE ID RELEASE 93%5654726	NEGATIVE REGULATION OF FGFR1 SIGNALING%REACTOME DATABASE ID RELEASE 93%5654726		17	0.44190648	1.0983963	0.3387534	0.51956534	1.0	1557	tags=35%, list=13%, signal=40%	
REGULATION OF AMYLOID PRECURSOR PROTEIN CATABOLIC PROCESS%GOBP%GO:1902991	REGULATION OF AMYLOID PRECURSOR PROTEIN CATABOLIC PROCESS%GOBP%GO:1902991		34	0.37878543	1.096722	0.31877023	0.5228333	1.0	1778	tags=26%, list=15%, signal=31%	
REGULATION OF GLYCOLYTIC PROCESS%GOBP%GO:0006110	REGULATION OF GLYCOLYTIC PROCESS%GOBP%GO:0006110		28	0.39958864	1.0960848	0.3453355	0.5239217	1.0	2482	tags=39%, list=21%, signal=49%	
NEURAL CREST CELL MIGRATION IN CANCER%WIKIPATHWAYS_20250810%WP4565%HOMO SAPIENS	NEURAL CREST CELL MIGRATION IN CANCER%WIKIPATHWAYS_20250810%WP4565%HOMO SAPIENS		27	0.39897174	1.0956414	0.33590403	0.52463096	1.0	1946	tags=33%, list=16%, signal=40%	
SIGNALING BY HEDGEHOG%REACTOME DATABASE ID RELEASE 93%5358351	SIGNALING BY HEDGEHOG%REACTOME DATABASE ID RELEASE 93%5358351		106	0.31415516	1.0950494	0.29093465	0.5256257	1.0	2113	tags=28%, list=18%, signal=34%	
NEGATIVE REGULATION OF FGFR2 SIGNALING%REACTOME%R-HSA-5654727.3	NEGATIVE REGULATION OF FGFR2 SIGNALING%REACTOME%R-HSA-5654727.3		17	0.44190648	1.0942081	0.35982144	0.5271746	1.0	1557	tags=35%, list=13%, signal=40%	
TRANSLATIONAL INITIATION%GOBP%GO:0006413	TRANSLATIONAL INITIATION%GOBP%GO:0006413		52	0.35313678	1.094175	0.32043344	0.5270111	1.0	1853	tags=25%, list=15%, signal=29%	
COMPLEMENT AND COAGULATION CASCADES%WIKIPATHWAYS_20250810%WP558%HOMO SAPIENS	COMPLEMENT AND COAGULATION CASCADES%WIKIPATHWAYS_20250810%WP558%HOMO SAPIENS		26	0.40092131	1.0941284	0.34678748	0.5268887	1.0	335	tags=19%, list=3%, signal=20%	
REGULATION OF PROTEOLYSIS INVOLVED IN PROTEIN CATABOLIC PROCESS%GOBP%GO:1903050	REGULATION OF PROTEOLYSIS INVOLVED IN PROTEIN CATABOLIC PROCESS%GOBP%GO:1903050		173	0.29506648	1.093985	0.27751833	0.5269577	1.0	2506	tags=31%, list=21%, signal=39%	
ROLE OF CALCINEURIN-DEPENDENT NFAT SIGNALING IN LYMPHOCYTES%PATHWAY INTERACTION DATABASE NCI-NATURE CURATED DATA%ROLE OF CALCINEURIN-DEPENDENT NFAT SIGNALING IN LYMPHOCYTES	ROLE OF CALCINEURIN-DEPENDENT NFAT SIGNALING IN LYMPHOCYTES%PATHWAY INTERACTION DATABASE NCI-NATURE CURATED DATA%ROLE OF CALCINEURIN-DEPENDENT NFAT SIGNALING IN LYMPHOCYTES		45	0.36425	1.0933217	0.32372323	0.52810013	1.0	2854	tags=33%, list=24%, signal=44%	
CHEMOKINE-MEDIATED SIGNALING PATHWAY%GOBP%GO:0070098	CHEMOKINE-MEDIATED SIGNALING PATHWAY%GOBP%GO:0070098		22	0.41248527	1.0931685	0.34476843	0.5281908	1.0	935	tags=18%, list=8%, signal=20%	
ELASTIC FIBRE FORMATION%REACTOME%R-HSA-1566948.4	ELASTIC FIBRE FORMATION%REACTOME%R-HSA-1566948.4		31	0.39282903	1.0927602	0.3311313	0.52879894	1.0	615	tags=16%, list=5%, signal=17%	
DENGUE 2 INTERACTIONS WITH COMPLEMENT AND COAGULATION CASCADES%WIKIPATHWAYS_20250810%WP3896%HOMO SAPIENS	DENGUE 2 INTERACTIONS WITH COMPLEMENT AND COAGULATION CASCADES%WIKIPATHWAYS_20250810%WP3896%HOMO SAPIENS		26	0.40092131	1.09272	0.34073442	0.52865523	1.0	335	tags=19%, list=3%, signal=20%	
LIPID TRANSPORT%GOBP%GO:0006869	LIPID TRANSPORT%GOBP%GO:0006869		141	0.30277696	1.092162	0.29169434	0.5296089	1.0	2712	tags=30%, list=23%, signal=39%	
B CELL ACTIVATION INVOLVED IN IMMUNE RESPONSE%GOBP%GO:0002312	B CELL ACTIVATION INVOLVED IN IMMUNE RESPONSE%GOBP%GO:0002312		21	0.41696933	1.0920576	0.34347826	0.5295976	1.0	26	tags=5%, list=0%, signal=5%	
RESPIRATORY TUBE DEVELOPMENT%GOBP%GO:0030323	RESPIRATORY TUBE DEVELOPMENT%GOBP%GO:0030323		29	0.39043167	1.0915325	0.34018078	0.53046334	1.0	1044	tags=24%, list=9%, signal=26%	
SELECTIVE AUTOPHAGY%REACTOME%R-HSA-9663891.5	SELECTIVE AUTOPHAGY%REACTOME%R-HSA-9663891.5		61	0.33984193	1.0914216	0.3220974	0.5304657	1.0	2560	tags=33%, list=21%, signal=41%	
THE ROLE OF NEF IN HIV-1 REPLICATION AND DISEASE PATHOGENESIS%REACTOME DATABASE ID RELEASE 93%164952	THE ROLE OF NEF IN HIV-1 REPLICATION AND DISEASE PATHOGENESIS%REACTOME DATABASE ID RELEASE 93%164952		20	0.42659596	1.0914098	0.3515901	0.53025836	1.0	4251	tags=60%, list=35%, signal=93%	
REELIN SIGNALING PATHWAY%PATHWAY INTERACTION DATABASE NCI-NATURE CURATED DATA%REELIN SIGNALING PATHWAY	REELIN SIGNALING PATHWAY%PATHWAY INTERACTION DATABASE NCI-NATURE CURATED DATA%REELIN SIGNALING PATHWAY		24	0.4062268	1.0912995	0.33417296	0.53024775	1.0	2025	tags=29%, list=17%, signal=35%	
ANDROGEN RECEPTOR NETWORK IN PROSTATE CANCER%WIKIPATHWAYS_20250810%WP2263%HOMO SAPIENS	ANDROGEN RECEPTOR NETWORK IN PROSTATE CANCER%WIKIPATHWAYS_20250810%WP2263%HOMO SAPIENS		86	0.3218846	1.0909603	0.30441287	0.53074	1.0	1612	tags=19%, list=13%, signal=21%	
POSITIVE REGULATION OF CHOLESTEROL EFFLUX%GOBP%GO:0010875	POSITIVE REGULATION OF CHOLESTEROL EFFLUX%GOBP%GO:0010875		19	0.42813718	1.0909162	0.3347826	0.5305936	1.0	1260	tags=21%, list=10%, signal=23%	
NEGATIVE REGULATION OF DNA-BINDING TRANSCRIPTION FACTOR ACTIVITY%GOBP%GO:0043433	NEGATIVE REGULATION OF DNA-BINDING TRANSCRIPTION FACTOR ACTIVITY%GOBP%GO:0043433		45	0.3607393	1.0907029	0.31980908	0.53079134	1.0	766	tags=11%, list=6%, signal=12%	
REGULATION OF ACTIN FILAMENT ORGANIZATION%GOBP%GO:0110053	REGULATION OF ACTIN FILAMENT ORGANIZATION%GOBP%GO:0110053		154	0.29628056	1.0906807	0.2912234	0.530612	1.0	1603	tags=20%, list=13%, signal=23%	
ERBB SIGNALING%WIKIPATHWAYS_20250810%WP673%HOMO SAPIENS	ERBB SIGNALING%WIKIPATHWAYS_20250810%WP673%HOMO SAPIENS		65	0.33850697	1.0906111	0.31089258	0.53051907	1.0	1326	tags=18%, list=11%, signal=21%	
LEISHMANIA PARASITE GROWTH AND SURVIVAL%REACTOME DATABASE ID RELEASE 93%9664433	LEISHMANIA PARASITE GROWTH AND SURVIVAL%REACTOME DATABASE ID RELEASE 93%9664433		43	0.36136454	1.0905457	0.32176656	0.53042316	1.0	2877	tags=33%, list=24%, signal=43%	
PID_CXCR4_PATHWAY%MSIGDB_C2%PID_CXCR4_PATHWAY	PID_CXCR4_PATHWAY%MSIGDB_C2%PID_CXCR4_PATHWAY		55	0.34697312	1.09047	0.3186901	0.53034616	1.0	1357	tags=22%, list=11%, signal=24%	
RESPONSE TO TOXIC SUBSTANCE%GOBP%GO:0009636	RESPONSE TO TOXIC SUBSTANCE%GOBP%GO:0009636		68	0.33492848	1.0902821	0.3135915	0.5304927	1.0	1755	tags=21%, list=15%, signal=24%	
REGULATION OF BLOOD CIRCULATION%GOBP%GO:1903522	REGULATION OF BLOOD CIRCULATION%GOBP%GO:1903522		93	0.32022008	1.0901773	0.29857144	0.5304658	1.0	1911	tags=19%, list=16%, signal=23%	
PID_TCR_PATHWAY%MSIGDB_C2%PID_TCR_PATHWAY	PID_TCR_PATHWAY%MSIGDB_C2%PID_TCR_PATHWAY		36	0.37363487	1.0900943	0.34796748	0.53041047	1.0	2381	tags=33%, list=20%, signal=41%	
BDNF TRKB SIGNALING%WIKIPATHWAYS_20250810%WP3676%HOMO SAPIENS	BDNF TRKB SIGNALING%WIKIPATHWAYS_20250810%WP3676%HOMO SAPIENS		24	0.41019425	1.0899466	0.35012808	0.5304902	1.0	1219	tags=25%, list=10%, signal=28%	
NEGATIVE REGULATION OF VASCULATURE DEVELOPMENT%GOBP%GO:1901343	NEGATIVE REGULATION OF VASCULATURE DEVELOPMENT%GOBP%GO:1901343		56	0.3414551	1.0898536	0.32498044	0.5304415	1.0	2220	tags=30%, list=18%, signal=37%	
DETOXIFICATION OF REACTIVE OXYGEN SPECIES%REACTOME%R-HSA-3299685.7	DETOXIFICATION OF REACTIVE OXYGEN SPECIES%REACTOME%R-HSA-3299685.7		23	0.41140065	1.0890075	0.3510453	0.53199595	1.0	196	tags=9%, list=2%, signal=9%	
PROTEIN AUTOUBIQUITINATION%GOBP%GO:0051865	PROTEIN AUTOUBIQUITINATION%GOBP%GO:0051865		55	0.34640265	1.0887659	0.32511556	0.53227717	1.0	1771	tags=22%, list=15%, signal=25%	
GROWTH HORMONE RECEPTOR SIGNALING PATHWAY%GOBP%GO:0060396	GROWTH HORMONE RECEPTOR SIGNALING PATHWAY%GOBP%GO:0060396		15	0.4538235	1.0886748	0.36091548	0.53222984	1.0	2358	tags=47%, list=20%, signal=58%	
REGULATION OF ANTIGEN RECEPTOR-MEDIATED SIGNALING PATHWAY%GOBP%GO:0050854	REGULATION OF ANTIGEN RECEPTOR-MEDIATED SIGNALING PATHWAY%GOBP%GO:0050854		39	0.369464	1.0872972	0.33360723	0.53486705	1.0	3143	tags=38%, list=26%, signal=52%	
NEGATIVE REGULATION OF BLOOD VESSEL MORPHOGENESIS%GOBP%GO:2000181	NEGATIVE REGULATION OF BLOOD VESSEL MORPHOGENESIS%GOBP%GO:2000181		56	0.3414551	1.0861783	0.3175729	0.5370108	1.0	2220	tags=30%, list=18%, signal=37%	
RETINA MORPHOGENESIS IN CAMERA-TYPE EYE%GOBP%GO:0060042	RETINA MORPHOGENESIS IN CAMERA-TYPE EYE%GOBP%GO:0060042		15	0.45222154	1.0860338	0.35915494	0.53708094	1.0	1019	tags=13%, list=8%, signal=15%	
POSITIVE REGULATION OF STEROL TRANSPORT%GOBP%GO:0032373	POSITIVE REGULATION OF STEROL TRANSPORT%GOBP%GO:0032373		25	0.40093163	1.0846119	0.34234995	0.5398057	1.0	1260	tags=24%, list=10%, signal=27%	
REGULATION OF STEROID BIOSYNTHETIC PROCESS%GOBP%GO:0050810	REGULATION OF STEROID BIOSYNTHETIC PROCESS%GOBP%GO:0050810		37	0.3708688	1.0845685	0.34130254	0.5396623	1.0	1048	tags=19%, list=9%, signal=21%	
IL3-MEDIATED SIGNALING EVENTS%PATHWAY INTERACTION DATABASE NCI-NATURE CURATED DATA%IL3-MEDIATED SIGNALING EVENTS	IL3-MEDIATED SIGNALING EVENTS%PATHWAY INTERACTION DATABASE NCI-NATURE CURATED DATA%IL3-MEDIATED SIGNALING EVENTS		22	0.41334105	1.0845454	0.3542024	0.5394722	1.0	1361	tags=32%, list=11%, signal=36%	
POSITIVE REGULATION OF RECEPTOR-MEDIATED ENDOCYTOSIS%GOBP%GO:0048260	POSITIVE REGULATION OF RECEPTOR-MEDIATED ENDOCYTOSIS%GOBP%GO:0048260		28	0.39738953	1.0841204	0.3549201	0.54011434	1.0	702	tags=14%, list=6%, signal=15%	
RNA POLYMERASE II TRANSCRIPTION TERMINATION%REACTOME DATABASE ID RELEASE 93%73856	RNA POLYMERASE II TRANSCRIPTION TERMINATION%REACTOME DATABASE ID RELEASE 93%73856		65	0.33637735	1.0836824	0.33209786	0.5407908	1.0	3960	tags=45%, list=33%, signal=66%	
EPHB FORWARD SIGNALING%PATHWAY INTERACTION DATABASE NCI-NATURE CURATED DATA%EPHB FORWARD SIGNALING	EPHB FORWARD SIGNALING%PATHWAY INTERACTION DATABASE NCI-NATURE CURATED DATA%EPHB FORWARD SIGNALING		37	0.37323785	1.0827233	0.3407225	0.5425751	1.0	2333	tags=38%, list=19%, signal=47%	
FORMATION OF THE EMBRYONIC STEM CELL BAF (ESBAF) COMPLEX%REACTOME DATABASE ID RELEASE 93%9933946	FORMATION OF THE EMBRYONIC STEM CELL BAF (ESBAF) COMPLEX%REACTOME DATABASE ID RELEASE 93%9933946		19	0.43110278	1.082537	0.36166522	0.54272336	1.0	3616	tags=47%, list=30%, signal=68%	
ANGIOGENESIS%PANTHER PATHWAY%P00005	ANGIOGENESIS%PANTHER PATHWAY%P00005		120	0.30492398	1.0824441	0.3103923	0.54268944	1.0	1411	tags=18%, list=12%, signal=21%	
BIOCARTA_NKCELLS_PATHWAY%MSIGDB_C2%BIOCARTA_NKCELLS_PATHWAY	BIOCARTA_NKCELLS_PATHWAY%MSIGDB_C2%BIOCARTA_NKCELLS_PATHWAY		15	0.4483513	1.082371	0.37720847	0.5426037	1.0	824	tags=27%, list=7%, signal=29%	
L13A-MEDIATED TRANSLATIONAL SILENCING OF CERULOPLASMIN EXPRESSION%REACTOME%R-HSA-156827.5	L13A-MEDIATED TRANSLATIONAL SILENCING OF CERULOPLASMIN EXPRESSION%REACTOME%R-HSA-156827.5		103	0.3096396	1.0820655	0.31612903	0.54300296	1.0	2173	tags=23%, list=18%, signal=28%	
ANTI-INFLAMMATORY RESPONSE FAVOURING LEISHMANIA PARASITE INFECTION%REACTOME%R-HSA-9662851.3	ANTI-INFLAMMATORY RESPONSE FAVOURING LEISHMANIA PARASITE INFECTION%REACTOME%R-HSA-9662851.3		43	0.36136454	1.0818458	0.35007975	0.5432212	1.0	2877	tags=33%, list=24%, signal=43%	
MRNA 3'-END PROCESSING%REACTOME%R-HSA-72187.7	MRNA 3'-END PROCESSING%REACTOME%R-HSA-72187.7		56	0.3434183	1.081761	0.33485195	0.5431744	1.0	3960	tags=45%, list=33%, signal=66%	
POSITIVE REGULATION OF TRANSPORTER ACTIVITY%GOBP%GO:0032411	POSITIVE REGULATION OF TRANSPORTER ACTIVITY%GOBP%GO:0032411		18	0.4322842	1.0810685	0.3797693	0.54440296	1.0	2000	tags=22%, list=17%, signal=27%	
L-AMINO ACID BIOSYNTHETIC PROCESS%GOBP%GO:0170034	L-AMINO ACID BIOSYNTHETIC PROCESS%GOBP%GO:0170034		31	0.38295665	1.0810151	0.3593619	0.5442787	1.0	2870	tags=45%, list=24%, signal=59%	
PROTEIN LOCALIZATION TO MEMBRANE%GOBP%GO:0072657	PROTEIN LOCALIZATION TO MEMBRANE%GOBP%GO:0072657		188	0.28716123	1.0809382	0.28956008	0.5441991	1.0	2612	tags=27%, list=22%, signal=33%	
MITOCHONDRIAL BIOGENESIS%REACTOME%R-HSA-1592230.4	MITOCHONDRIAL BIOGENESIS%REACTOME%R-HSA-1592230.4		65	0.33638325	1.0807319	0.33053434	0.54438096	1.0	2726	tags=32%, list=23%, signal=42%	
CARDIAC MUSCLE CELL DEVELOPMENT%GOBP%GO:0055013	CARDIAC MUSCLE CELL DEVELOPMENT%GOBP%GO:0055013		16	0.44047198	1.0803108	0.35663718	0.5450419	1.0	381	tags=13%, list=3%, signal=13%	
NEGATIVE REGULATION OF FGFR3 SIGNALING%REACTOME DATABASE ID RELEASE 93%5654732	NEGATIVE REGULATION OF FGFR3 SIGNALING%REACTOME DATABASE ID RELEASE 93%5654732		17	0.44190648	1.0800637	0.35232252	0.54533553	1.0	1557	tags=35%, list=13%, signal=40%	
MALE SEX DIFFERENTIATION%GOBP%GO:0046661	MALE SEX DIFFERENTIATION%GOBP%GO:0046661		27	0.3928816	1.0796547	0.3551959	0.5459727	1.0	1277	tags=19%, list=11%, signal=21%	
VEGFA-VEGFR2 PATHWAY%REACTOME DATABASE ID RELEASE 93%4420097	VEGFA-VEGFR2 PATHWAY%REACTOME DATABASE ID RELEASE 93%4420097		81	0.321804	1.07948	0.32784432	0.5461073	1.0	2088	tags=28%, list=17%, signal=34%	
CELLULAR SENESCENCE%REACTOME%R-HSA-2559583.7	CELLULAR SENESCENCE%REACTOME%R-HSA-2559583.7		121	0.30480924	1.0791688	0.32162923	0.5465514	1.0	2583	tags=26%, list=21%, signal=32%	
FGF SIGNALING PATHWAY%PANTHER PATHWAY%P00021	FGF SIGNALING PATHWAY%PANTHER PATHWAY%P00021		60	0.33831632	1.0791178	0.3263566	0.54642963	1.0	1930	tags=27%, list=16%, signal=32%	
SODIUM ION TRANSPORT%GOBP%GO:0006814	SODIUM ION TRANSPORT%GOBP%GO:0006814		56	0.34167182	1.0783957	0.3279939	0.54772514	1.0	1862	tags=23%, list=15%, signal=27%	
RESPONSE TO DECREASED OXYGEN LEVELS%GOBP%GO:0036293	RESPONSE TO DECREASED OXYGEN LEVELS%GOBP%GO:0036293		111	0.30870464	1.0779673	0.32344827	0.5483468	1.0	1421	tags=18%, list=12%, signal=20%	
POSITIVE REGULATION OF PROTEASOMAL PROTEIN CATABOLIC PROCESS%GOBP%GO:1901800	POSITIVE REGULATION OF PROTEASOMAL PROTEIN CATABOLIC PROCESS%GOBP%GO:1901800		84	0.31938457	1.0778514	0.3311594	0.54836196	1.0	2506	tags=33%, list=21%, signal=42%	
NEGATIVE REGULATION OF CELL MIGRATION%GOBP%GO:0030336	NEGATIVE REGULATION OF CELL MIGRATION%GOBP%GO:0030336		168	0.29357532	1.0776547	0.30377233	0.5485575	1.0	1911	tags=21%, list=16%, signal=25%	
MAPK CASCADE%GOBP%GO:0000165	MAPK CASCADE%GOBP%GO:0000165		93	0.31640887	1.0775357	0.3294031	0.54857093	1.0	3125	tags=39%, list=26%, signal=52%	
PKMTS METHYLATE HISTONE LYSINES%REACTOME DATABASE ID RELEASE 93%3214841	PKMTS METHYLATE HISTONE LYSINES%REACTOME DATABASE ID RELEASE 93%3214841		33	0.38156632	1.0772785	0.36068237	0.5488761	1.0	107	tags=6%, list=1%, signal=6%	
LOSS OF PROTEINS REQUIRED FOR INTERPHASE MICROTUBULE ORGANIZATION FROM THE CENTROSOME%REACTOME%R-HSA-380284.3	LOSS OF PROTEINS REQUIRED FOR INTERPHASE MICROTUBULE ORGANIZATION FROM THE CENTROSOME%REACTOME%R-HSA-380284.3		63	0.3315616	1.0763249	0.33878505	0.5506199	1.0	734	tags=14%, list=6%, signal=15%	
EUKARYOTIC TRANSCRIPTION INITIATION%WIKIPATHWAYS_20250810%WP405%HOMO SAPIENS	EUKARYOTIC TRANSCRIPTION INITIATION%WIKIPATHWAYS_20250810%WP405%HOMO SAPIENS		32	0.37943205	1.0759089	0.3578863	0.55123925	1.0	4204	tags=41%, list=35%, signal=62%	
NEGATIVE REGULATION OF CYTOPLASMIC PATTERN RECOGNITION RECEPTOR SIGNALING PATHWAY%GOBP%GO:0039532	NEGATIVE REGULATION OF CYTOPLASMIC PATTERN RECOGNITION RECEPTOR SIGNALING PATHWAY%GOBP%GO:0039532		41	0.3613484	1.0757823	0.33494365	0.5512615	1.0	1228	tags=17%, list=10%, signal=19%	
SMALL MOLECULE CATABOLIC PROCESS%GOBP%GO:0044282	SMALL MOLECULE CATABOLIC PROCESS%GOBP%GO:0044282		197	0.2874708	1.0755429	0.31620038	0.55152375	1.0	2547	tags=27%, list=21%, signal=34%	
REGULATION OF TUBE SIZE%GOBP%GO:0035150	REGULATION OF TUBE SIZE%GOBP%GO:0035150		42	0.35712466	1.0743412	0.35569423	0.5538208	1.0	76	tags=7%, list=1%, signal=7%	
RNA CATABOLIC PROCESS%GOBP%GO:0006401	RNA CATABOLIC PROCESS%GOBP%GO:0006401		150	0.2955744	1.0742552	0.31653225	0.5537608	1.0	3677	tags=37%, list=31%, signal=52%	
RETINOID METABOLIC PROCESS%GOBP%GO:0001523	RETINOID METABOLIC PROCESS%GOBP%GO:0001523		32	0.3798731	1.0727097	0.36013687	0.55679876	1.0	1987	tags=28%, list=17%, signal=34%	
MACROMOLECULE METHYLATION%GOBP%GO:0043414	MACROMOLECULE METHYLATION%GOBP%GO:0043414		90	0.3124313	1.0725535	0.32568148	0.5568792	1.0	2746	tags=28%, list=23%, signal=36%	
REGULATION OF SYNAPTIC TRANSMISSION, GLUTAMATERGIC%GOBP%GO:0051966	REGULATION OF SYNAPTIC TRANSMISSION, GLUTAMATERGIC%GOBP%GO:0051966		22	0.41398346	1.0724871	0.37574723	0.55679667	1.0	3121	tags=41%, list=26%, signal=55%	
BIOCARTA_AKT_PATHWAY%MSIGDB_C2%BIOCARTA_AKT_PATHWAY	BIOCARTA_AKT_PATHWAY%MSIGDB_C2%BIOCARTA_AKT_PATHWAY		15	0.4485104	1.0724251	0.37678573	0.5566965	1.0	107	tags=13%, list=1%, signal=13%	
NEGATIVE REGULATION OF TRANSMEMBRANE TRANSPORT%GOBP%GO:0034763	NEGATIVE REGULATION OF TRANSMEMBRANE TRANSPORT%GOBP%GO:0034763		52	0.34502462	1.0723569	0.34254992	0.5566019	1.0	1733	tags=19%, list=14%, signal=22%	
CELLULAR RESPONSE TO GROWTH HORMONE STIMULUS%GOBP%GO:0071378	CELLULAR RESPONSE TO GROWTH HORMONE STIMULUS%GOBP%GO:0071378		15	0.4538235	1.0722066	0.37989324	0.55669725	1.0	2358	tags=47%, list=20%, signal=58%	
REGULATION OF BIOMINERAL TISSUE DEVELOPMENT%GOBP%GO:0070167	REGULATION OF BIOMINERAL TISSUE DEVELOPMENT%GOBP%GO:0070167		48	0.34955195	1.0721402	0.34461537	0.5566021	1.0	1165	tags=19%, list=10%, signal=21%	
POSITIVE REGULATION OF CHOLESTEROL TRANSPORT%GOBP%GO:0032376	POSITIVE REGULATION OF CHOLESTEROL TRANSPORT%GOBP%GO:0032376		25	0.40093163	1.0718753	0.36962247	0.5569258	1.0	1260	tags=24%, list=10%, signal=27%	
INDOMETHACIN ACTION PATHWAY%PATHWHIZ%PW000260	INDOMETHACIN ACTION PATHWAY%PATHWHIZ%PW000260		15	0.43526775	1.0712299	0.38125	0.55805635	1.0	507	tags=20%, list=4%, signal=21%	
REGULATION OF MONOATOMIC ION TRANSMEMBRANE TRANSPORT%GOBP%GO:0034765	REGULATION OF MONOATOMIC ION TRANSMEMBRANE TRANSPORT%GOBP%GO:0034765		118	0.30423683	1.0710335	0.33473095	0.55821216	1.0	1521	tags=16%, list=13%, signal=18%	
CELLULAR RESPONSE TO GLUCOSE STIMULUS%GOBP%GO:0071333	CELLULAR RESPONSE TO GLUCOSE STIMULUS%GOBP%GO:0071333		23	0.40245602	1.0709575	0.37264958	0.55812484	1.0	2403	tags=43%, list=20%, signal=54%	
TRANSCRIPTIONAL ACTIVATION OF MITOCHONDRIAL BIOGENESIS%REACTOME%R-HSA-2151201.4	TRANSCRIPTIONAL ACTIVATION OF MITOCHONDRIAL BIOGENESIS%REACTOME%R-HSA-2151201.4		46	0.35127687	1.0704447	0.3549407	0.55894834	1.0	2669	tags=33%, list=22%, signal=42%	
RETROGRADE PROTEIN TRANSPORT, ER TO CYTOSOL%GOBP%GO:0030970	RETROGRADE PROTEIN TRANSPORT, ER TO CYTOSOL%GOBP%GO:0030970		16	0.43505293	1.0699707	0.38186574	0.55972946	1.0	1965	tags=31%, list=16%, signal=37%	
POSITIVE REGULATION OF FOCAL ADHESION ASSEMBLY%GOBP%GO:0051894	POSITIVE REGULATION OF FOCAL ADHESION ASSEMBLY%GOBP%GO:0051894		15	0.44321722	1.0693753	0.37211367	0.5607679	1.0	1364	tags=33%, list=11%, signal=38%	
NEGATIVE REGULATION OF ENDOTHELIAL CELL MIGRATION%GOBP%GO:0010596	NEGATIVE REGULATION OF ENDOTHELIAL CELL MIGRATION%GOBP%GO:0010596		32	0.37596354	1.0690485	0.36881188	0.56122106	1.0	1911	tags=28%, list=16%, signal=33%	
PID_MTOR_4PATHWAY%MSIGDB_C2%PID_MTOR_4PATHWAY	PID_MTOR_4PATHWAY%MSIGDB_C2%PID_MTOR_4PATHWAY		56	0.33626392	1.068916	0.3317684	0.561259	1.0	2697	tags=36%, list=22%, signal=46%	
LOSS OF NLP FROM MITOTIC CENTROSOMES%REACTOME DATABASE ID RELEASE 93%380259	LOSS OF NLP FROM MITOTIC CENTROSOMES%REACTOME DATABASE ID RELEASE 93%380259		63	0.3315616	1.0686768	0.35147744	0.5615267	1.0	734	tags=14%, list=6%, signal=15%	
REGULATION OF PROTEASOMAL PROTEIN CATABOLIC PROCESS%GOBP%GO:0061136	REGULATION OF PROTEASOMAL PROTEIN CATABOLIC PROCESS%GOBP%GO:0061136		149	0.29316127	1.0682833	0.3362416	0.5621437	1.0	2560	tags=31%, list=21%, signal=39%	
REGULATION OF RHO PROTEIN SIGNAL TRANSDUCTION%GOBP%GO:0035023	REGULATION OF RHO PROTEIN SIGNAL TRANSDUCTION%GOBP%GO:0035023		60	0.3341173	1.068012	0.35106382	0.5624869	1.0	1640	tags=28%, list=14%, signal=33%	
NEGATIVE REGULATION OF CELL MOTILITY%GOBP%GO:2000146	NEGATIVE REGULATION OF CELL MOTILITY%GOBP%GO:2000146		175	0.2861595	1.0677376	0.326572	0.56285083	1.0	2098	tags=23%, list=17%, signal=27%	
ANTIGEN RECEPTOR-MEDIATED SIGNALING PATHWAY%GOBP%GO:0050851	ANTIGEN RECEPTOR-MEDIATED SIGNALING PATHWAY%GOBP%GO:0050851		69	0.32626635	1.0675048	0.3391635	0.56309503	1.0	2448	tags=26%, list=20%, signal=33%	
REGULATION OF CARBOHYDRATE CATABOLIC PROCESS%GOBP%GO:0043470	REGULATION OF CARBOHYDRATE CATABOLIC PROCESS%GOBP%GO:0043470		33	0.37561178	1.067504	0.35470778	0.56285775	1.0	2482	tags=36%, list=21%, signal=46%	
SINGLE FERTILIZATION%GOBP%GO:0007338	SINGLE FERTILIZATION%GOBP%GO:0007338		34	0.37716663	1.0673896	0.3616505	0.5628559	1.0	1581	tags=24%, list=13%, signal=27%	
AXON GUIDANCE%GOBP%GO:0007411	AXON GUIDANCE%GOBP%GO:0007411		102	0.3103089	1.0670658	0.34197617	0.563299	1.0	2812	tags=33%, list=23%, signal=43%	
G ALPHA (S) SIGNALLING EVENTS%REACTOME%R-HSA-418555.12	G ALPHA (S) SIGNALLING EVENTS%REACTOME%R-HSA-418555.12		49	0.34389782	1.0669874	0.35855004	0.5632212	1.0	1491	tags=18%, list=12%, signal=21%	
TRNA AMINOACYLATION%GOBP%GO:0043039	TRNA AMINOACYLATION%GOBP%GO:0043039		21	0.4057782	1.0667809	0.37375414	0.5634178	1.0	4231	tags=48%, list=35%, signal=73%	
DIMETHYLGLYCINE DEHYDROGENASE DEFICIENCY%SMPDB%SMP0000242	DIMETHYLGLYCINE DEHYDROGENASE DEFICIENCY%SMPDB%SMP0000242		15	0.43619755	1.066706	0.38502672	0.5633349	1.0	1113	tags=27%, list=9%, signal=29%	
REGULATION OF MYOTUBE DIFFERENTIATION%GOBP%GO:0010830	REGULATION OF MYOTUBE DIFFERENTIATION%GOBP%GO:0010830		17	0.43320158	1.0664616	0.37823373	0.56360704	1.0	1535	tags=29%, list=13%, signal=34%	
REPRODUCTION%REACTOME%R-HSA-1474165.7	REPRODUCTION%REACTOME%R-HSA-1474165.7		56	0.33595625	1.0662556	0.35466036	0.5638129	1.0	401	tags=11%, list=3%, signal=11%	
BLOOD VESSEL DIAMETER MAINTENANCE%GOBP%GO:0097746	BLOOD VESSEL DIAMETER MAINTENANCE%GOBP%GO:0097746		42	0.35712466	1.0658461	0.36965296	0.56442916	1.0	76	tags=7%, list=1%, signal=7%	
NUCLEAR RECEPTOR-MEDIATED STEROID HORMONE SIGNALING PATHWAY%GOBP%GO:0030518	NUCLEAR RECEPTOR-MEDIATED STEROID HORMONE SIGNALING PATHWAY%GOBP%GO:0030518		36	0.35991275	1.0653553	0.36547813	0.5652367	1.0	1888	tags=25%, list=16%, signal=30%	
BIOCARTA_IGF1_PATHWAY%MSIGDB_C2%BIOCARTA_IGF1_PATHWAY	BIOCARTA_IGF1_PATHWAY%MSIGDB_C2%BIOCARTA_IGF1_PATHWAY		16	0.43310028	1.0649062	0.3856383	0.5659522	1.0	2398	tags=50%, list=20%, signal=62%	
NEGATIVE REGULATION OF PROTEIN TRANSPORT%GOBP%GO:0051224	NEGATIVE REGULATION OF PROTEIN TRANSPORT%GOBP%GO:0051224		56	0.33620533	1.064899	0.35638297	0.56572986	1.0	2475	tags=29%, list=21%, signal=36%	
NEUROINFLAMMATORY RESPONSE%GOBP%GO:0150076	NEUROINFLAMMATORY RESPONSE%GOBP%GO:0150076		15	0.44021323	1.0646094	0.39107612	0.56609726	1.0	240	tags=13%, list=2%, signal=14%	
TELOMERE ORGANIZATION%GOBP%GO:0032200	TELOMERE ORGANIZATION%GOBP%GO:0032200		83	0.31639206	1.0641239	0.33113554	0.56688124	1.0	2533	tags=28%, list=21%, signal=35%	
PI3K AKT SIGNALING IN CANCER%REACTOME%R-HSA-2219528.4	PI3K AKT SIGNALING IN CANCER%REACTOME%R-HSA-2219528.4		61	0.33147165	1.0640452	0.35901386	0.56681484	1.0	1357	tags=25%, list=11%, signal=28%	
REGULATION OF TUBE DIAMETER%GOBP%GO:0035296	REGULATION OF TUBE DIAMETER%GOBP%GO:0035296		42	0.35712466	1.0632656	0.37509912	0.5682455	1.0	76	tags=7%, list=1%, signal=7%	
HALLMARK_PI3K_AKT_MTOR_SIGNALING%MSIGDBHALLMARK%HALLMARK_PI3K_AKT_MTOR_SIGNALING	HALLMARK_PI3K_AKT_MTOR_SIGNALING%MSIGDBHALLMARK%HALLMARK_PI3K_AKT_MTOR_SIGNALING		69	0.32715932	1.063116	0.36228657	0.56832254	1.0	3651	tags=48%, list=30%, signal=68%	
EPITHELIAL TO MESENCHYMAL TRANSITION%GOBP%GO:0001837	EPITHELIAL TO MESENCHYMAL TRANSITION%GOBP%GO:0001837		49	0.34621993	1.0631077	0.3638535	0.5680994	1.0	2214	tags=22%, list=18%, signal=27%	
GTP HYDROLYSIS AND JOINING OF THE 60S RIBOSOMAL SUBUNIT%REACTOME%R-HSA-72706.4	GTP HYDROLYSIS AND JOINING OF THE 60S RIBOSOMAL SUBUNIT%REACTOME%R-HSA-72706.4		104	0.30592594	1.0622569	0.36	0.5696643	1.0	2173	tags=23%, list=18%, signal=28%	
CELLULAR COMPONENT ASSEMBLY INVOLVED IN MORPHOGENESIS%GOBP%GO:0010927	CELLULAR COMPONENT ASSEMBLY INVOLVED IN MORPHOGENESIS%GOBP%GO:0010927		43	0.3553381	1.062227	0.37330136	0.5694944	1.0	1524	tags=19%, list=13%, signal=21%	
ACETYL-COA METABOLIC PROCESS%GOBP%GO:0006084	ACETYL-COA METABOLIC PROCESS%GOBP%GO:0006084		21	0.4067495	1.0622042	0.39248252	0.56931084	1.0	2526	tags=38%, list=21%, signal=48%	
SIGNALING BY BRAF AND RAF1 FUSIONS%REACTOME DATABASE ID RELEASE 93%6802952	SIGNALING BY BRAF AND RAF1 FUSIONS%REACTOME DATABASE ID RELEASE 93%6802952		51	0.34068695	1.0621287	0.35562548	0.56923586	1.0	1909	tags=25%, list=16%, signal=30%	
HALLMARK_OXIDATIVE_PHOSPHORYLATION%MSIGDBHALLMARK%HALLMARK_OXIDATIVE_PHOSPHORYLATION	HALLMARK_OXIDATIVE_PHOSPHORYLATION%MSIGDBHALLMARK%HALLMARK_OXIDATIVE_PHOSPHORYLATION		147	0.29228756	1.0620025	0.336714	0.5692702	1.0	2089	tags=20%, list=17%, signal=24%	
NEGATIVE REGULATION OF CARBOHYDRATE METABOLIC PROCESS%GOBP%GO:0045912	NEGATIVE REGULATION OF CARBOHYDRATE METABOLIC PROCESS%GOBP%GO:0045912		25	0.39223686	1.0617594	0.3895349	0.56953233	1.0	2278	tags=32%, list=19%, signal=39%	
REGULATION OF KERATINOCYTE PROLIFERATION%GOBP%GO:0010837	REGULATION OF KERATINOCYTE PROLIFERATION%GOBP%GO:0010837		22	0.4031948	1.0617023	0.38701066	0.5694203	1.0	1735	tags=27%, list=14%, signal=32%	
TELOMERE MAINTENANCE%GOBP%GO:0000723	TELOMERE MAINTENANCE%GOBP%GO:0000723		82	0.317082	1.0615112	0.3499268	0.56958956	1.0	2533	tags=28%, list=21%, signal=35%	
NEURON PROJECTION GUIDANCE%GOBP%GO:0097485	NEURON PROJECTION GUIDANCE%GOBP%GO:0097485		103	0.30845743	1.0612614	0.33565944	0.56987345	1.0	2812	tags=33%, list=23%, signal=43%	
PID_REELIN_PATHWAY%MSIGDB_C2%PID_REELIN_PATHWAY	PID_REELIN_PATHWAY%MSIGDB_C2%PID_REELIN_PATHWAY		20	0.40992203	1.0606335	0.3789295	0.57096946	1.0	1368	tags=25%, list=11%, signal=28%	
RNA POLYMERASE III TRANSCRIPTION INITIATION FROM TYPE 3 PROMOTER%REACTOME%R-HSA-76071.4	RNA POLYMERASE III TRANSCRIPTION INITIATION FROM TYPE 3 PROMOTER%REACTOME%R-HSA-76071.4		28	0.38265738	1.0603175	0.36333054	0.571397	1.0	2830	tags=25%, list=24%, signal=33%	
LUMIRACOXIB ACTION PATHWAY%SMPDB%SMP0000699	LUMIRACOXIB ACTION PATHWAY%SMPDB%SMP0000699		15	0.43526775	1.0594072	0.38958707	0.5730827	1.0	507	tags=20%, list=4%, signal=21%	
NEURON APOPTOTIC PROCESS%GOBP%GO:0051402	NEURON APOPTOTIC PROCESS%GOBP%GO:0051402		22	0.40611365	1.0593221	0.38752198	0.5730294	1.0	578	tags=14%, list=5%, signal=14%	
LATE SARS-COV-2 INFECTION EVENTS%REACTOME DATABASE ID RELEASE 93%9772573	LATE SARS-COV-2 INFECTION EVENTS%REACTOME DATABASE ID RELEASE 93%9772573		69	0.32374308	1.0593139	0.35496184	0.5728068	1.0	1792	tags=19%, list=15%, signal=22%	
CARDIAC PROGENITOR DIFFERENTIATION%WIKIPATHWAYS_20250810%WP2406%HOMO SAPIENS	CARDIAC PROGENITOR DIFFERENTIATION%WIKIPATHWAYS_20250810%WP2406%HOMO SAPIENS		19	0.41942403	1.0593064	0.3859964	0.57258356	1.0	3	tags=5%, list=0%, signal=5%	
COENZYME A METABOLIC PROCESS%GOBP%GO:0015936	COENZYME A METABOLIC PROCESS%GOBP%GO:0015936		15	0.43125433	1.0590012	0.39187998	0.57301337	1.0	1798	tags=40%, list=15%, signal=47%	
SIGNALLING TO RAS%REACTOME%R-HSA-167044.6	SIGNALLING TO RAS%REACTOME%R-HSA-167044.6		15	0.4392491	1.0582982	0.3837934	0.5742375	1.0	3279	tags=53%, list=27%, signal=73%	
ICOSANOID BIOSYNTHETIC PROCESS%GOBP%GO:0046456	ICOSANOID BIOSYNTHETIC PROCESS%GOBP%GO:0046456		24	0.40078437	1.0577806	0.37689713	0.5751194	1.0	2154	tags=29%, list=18%, signal=35%	
REGULATION OF CALCIUM-MEDIATED SIGNALING%GOBP%GO:0050848	REGULATION OF CALCIUM-MEDIATED SIGNALING%GOBP%GO:0050848		38	0.3571505	1.0574198	0.38373047	0.5756621	1.0	3056	tags=34%, list=25%, signal=46%	
BLOOD VESSEL ENDOTHELIAL CELL MIGRATION%GOBP%GO:0043534	BLOOD VESSEL ENDOTHELIAL CELL MIGRATION%GOBP%GO:0043534		16	0.4360506	1.0573916	0.4028394	0.5754775	1.0	1733	tags=38%, list=14%, signal=44%	
CELLULAR ANATOMICAL ENTITY MORPHOGENESIS%GOBP%GO:0032989	CELLULAR ANATOMICAL ENTITY MORPHOGENESIS%GOBP%GO:0032989		43	0.3553381	1.056709	0.3692679	0.5766932	1.0	1524	tags=19%, list=13%, signal=21%	
CELL-CELL RECOGNITION%GOBP%GO:0009988	CELL-CELL RECOGNITION%GOBP%GO:0009988		16	0.43054634	1.0565642	0.38727272	0.57674706	1.0	895	tags=25%, list=7%, signal=27%	
GLUTAMINE FAMILY AMINO ACID METABOLIC PROCESS%GOBP%GO:0009064	GLUTAMINE FAMILY AMINO ACID METABOLIC PROCESS%GOBP%GO:0009064		33	0.36822838	1.0562874	0.39057508	0.57710135	1.0	2573	tags=42%, list=21%, signal=54%	
NEGATIVE REGULATION OF RHO PROTEIN SIGNAL TRANSDUCTION%GOBP%GO:0035024	NEGATIVE REGULATION OF RHO PROTEIN SIGNAL TRANSDUCTION%GOBP%GO:0035024		15	0.44058526	1.0561899	0.39469028	0.57707727	1.0	1479	tags=33%, list=12%, signal=38%	
SYMBIONT ENTRY INTO HOST CELL%GOBP%GO:0046718	SYMBIONT ENTRY INTO HOST CELL%GOBP%GO:0046718		28	0.38306007	1.0559777	0.3893066	0.5772903	1.0	1679	tags=25%, list=14%, signal=29%	
REGULATION OF ORGAN GROWTH%GOBP%GO:0046620	REGULATION OF ORGAN GROWTH%GOBP%GO:0046620		23	0.40095893	1.0559615	0.39137787	0.5770829	1.0	120	tags=9%, list=1%, signal=9%	
TRANSPORT OF MATURE MRNA DERIVED FROM AN INTRON-CONTAINING TRANSCRIPT%REACTOME%R-HSA-159236.5	TRANSPORT OF MATURE MRNA DERIVED FROM AN INTRON-CONTAINING TRANSCRIPT%REACTOME%R-HSA-159236.5		66	0.32474616	1.0559521	0.37425148	0.5768637	1.0	2729	tags=30%, list=23%, signal=39%	
AMINO SUGAR METABOLIC PROCESS%GOBP%GO:0006040	AMINO SUGAR METABOLIC PROCESS%GOBP%GO:0006040		26	0.39401785	1.0557537	0.38177127	0.577052	1.0	890	tags=23%, list=7%, signal=25%	
REGULATION OF PROTEIN POLYMERIZATION%GOBP%GO:0032271	REGULATION OF PROTEIN POLYMERIZATION%GOBP%GO:0032271		111	0.3001055	1.0555332	0.3723404	0.57726747	1.0	2978	tags=32%, list=25%, signal=42%	
POSTMITOTIC NUCLEAR PORE COMPLEX (NPC) REFORMATION%REACTOME DATABASE ID RELEASE 93%9615933	POSTMITOTIC NUCLEAR PORE COMPLEX (NPC) REFORMATION%REACTOME DATABASE ID RELEASE 93%9615933		23	0.40069664	1.0554653	0.3956044	0.5771722	1.0	2653	tags=35%, list=22%, signal=45%	
SYMBIONT ENTRY INTO HOST%GOBP%GO:0044409	SYMBIONT ENTRY INTO HOST%GOBP%GO:0044409		28	0.38306007	1.0553058	0.38448846	0.577281	1.0	1679	tags=25%, list=14%, signal=29%	
PHENYLBUTAZONE ACTION PATHWAY%PATHWHIZ%PW000678	PHENYLBUTAZONE ACTION PATHWAY%PATHWHIZ%PW000678		15	0.43526775	1.0550816	0.3879388	0.57753426	1.0	507	tags=20%, list=4%, signal=21%	
TRANSLATION FACTORS%WIKIPATHWAYS_20250810%WP107%HOMO SAPIENS	TRANSLATION FACTORS%WIKIPATHWAYS_20250810%WP107%HOMO SAPIENS		39	0.35739726	1.0549954	0.36429143	0.5774823	1.0	3111	tags=44%, list=26%, signal=59%	
E2F TRANSCRIPTION FACTOR NETWORK%PATHWAY INTERACTION DATABASE NCI-NATURE CURATED DATA%E2F TRANSCRIPTION FACTOR NETWORK	E2F TRANSCRIPTION FACTOR NETWORK%PATHWAY INTERACTION DATABASE NCI-NATURE CURATED DATA%E2F TRANSCRIPTION FACTOR NETWORK		70	0.31947303	1.0549709	0.35014838	0.5772964	1.0	792	tags=11%, list=7%, signal=12%	
BROMFENAC ACTION PATHWAY%SMPDB%SMP0000102	BROMFENAC ACTION PATHWAY%SMPDB%SMP0000102		15	0.43526775	1.0549221	0.39503986	0.57716084	1.0	507	tags=20%, list=4%, signal=21%	
SMOOTH MUSCLE CONTRACTION%REACTOME DATABASE ID RELEASE 93%445355	SMOOTH MUSCLE CONTRACTION%REACTOME DATABASE ID RELEASE 93%445355		28	0.3851592	1.0548257	0.37530664	0.5771217	1.0	1654	tags=32%, list=14%, signal=37%	
SARCOSINEMIA%SMPDB%SMP0000244	SARCOSINEMIA%SMPDB%SMP0000244		15	0.43619755	1.0546434	0.39825326	0.5772805	1.0	1113	tags=27%, list=9%, signal=29%	
ALK1 SIGNALING EVENTS%PATHWAY INTERACTION DATABASE NCI-NATURE CURATED DATA%ALK1 SIGNALING EVENTS	ALK1 SIGNALING EVENTS%PATHWAY INTERACTION DATABASE NCI-NATURE CURATED DATA%ALK1 SIGNALING EVENTS		22	0.39934605	1.054398	0.38388214	0.57755953	1.0	1866	tags=32%, list=15%, signal=38%	
HALLMARK_ANGIOGENESIS%MSIGDBHALLMARK%HALLMARK_ANGIOGENESIS	HALLMARK_ANGIOGENESIS%MSIGDBHALLMARK%HALLMARK_ANGIOGENESIS		22	0.4036097	1.054324	0.3951262	0.57747805	1.0	143	tags=14%, list=1%, signal=14%	
ENDOPLASMIC RETICULUM TO CYTOSOL TRANSPORT%GOBP%GO:1903513	ENDOPLASMIC RETICULUM TO CYTOSOL TRANSPORT%GOBP%GO:1903513		16	0.43505293	1.054022	0.39616057	0.5778772	1.0	1965	tags=31%, list=16%, signal=37%	
POSITIVE REGULATION OF BIOMINERAL TISSUE DEVELOPMENT%GOBP%GO:0070169	POSITIVE REGULATION OF BIOMINERAL TISSUE DEVELOPMENT%GOBP%GO:0070169		28	0.37940964	1.0539997	0.38519764	0.5776916	1.0	1165	tags=21%, list=10%, signal=24%	
MITF-M-REGULATED MELANOCYTE DEVELOPMENT%REACTOME%R-HSA-9730414.5	MITF-M-REGULATED MELANOCYTE DEVELOPMENT%REACTOME%R-HSA-9730414.5		112	0.2988769	1.0539793	0.35123676	0.5774961	1.0	1036	tags=13%, list=9%, signal=15%	
TIAPROFENIC ACID ACTION PATHWAY%PATHWHIZ%PW000682	TIAPROFENIC ACID ACTION PATHWAY%PATHWHIZ%PW000682		15	0.43526775	1.0538337	0.39566395	0.5775796	1.0	507	tags=20%, list=4%, signal=21%	
POSITIVE REGULATION OF CELL-MATRIX ADHESION%GOBP%GO:0001954	POSITIVE REGULATION OF CELL-MATRIX ADHESION%GOBP%GO:0001954		34	0.36348864	1.0537906	0.37551022	0.57743806	1.0	1515	tags=26%, list=13%, signal=30%	
PID_ERBB1_RECEPTOR_PROXIMAL_PATHWAY%MSIGDB_C2%PID_ERBB1_RECEPTOR_PROXIMAL_PATHWAY	PID_ERBB1_RECEPTOR_PROXIMAL_PATHWAY%MSIGDB_C2%PID_ERBB1_RECEPTOR_PROXIMAL_PATHWAY		29	0.37395918	1.0535727	0.37489676	0.5776628	1.0	1292	tags=24%, list=11%, signal=27%	
RRNA MODIFICATION%GOBP%GO:0000154	RRNA MODIFICATION%GOBP%GO:0000154		27	0.38171735	1.0533	0.38217652	0.5779986	1.0	1699	tags=22%, list=14%, signal=26%	
ACTIN POLYMERIZATION OR DEPOLYMERIZATION%GOBP%GO:0008154	ACTIN POLYMERIZATION OR DEPOLYMERIZATION%GOBP%GO:0008154		38	0.35506466	1.0532545	0.36889252	0.57785803	1.0	2893	tags=37%, list=24%, signal=48%	
POTENTIAL THERAPEUTICS FOR SARS%REACTOME%R-HSA-9679191.5	POTENTIAL THERAPEUTICS FOR SARS%REACTOME%R-HSA-9679191.5		78	0.31611487	1.052545	0.36568847	0.5791028	1.0	1612	tags=19%, list=13%, signal=22%	
ACETAMINOPHEN ACTION PATHWAY%SMPDB%SMP0000710	ACETAMINOPHEN ACTION PATHWAY%SMPDB%SMP0000710		15	0.43526775	1.0525393	0.41856393	0.5788768	1.0	507	tags=20%, list=4%, signal=21%	
TRAIL SIGNALING PATHWAY%PATHWAY INTERACTION DATABASE NCI-NATURE CURATED DATA%TRAIL SIGNALING PATHWAY	TRAIL SIGNALING PATHWAY%PATHWAY INTERACTION DATABASE NCI-NATURE CURATED DATA%TRAIL SIGNALING PATHWAY		25	0.3893976	1.0523595	0.39337298	0.5790307	1.0	1423	tags=24%, list=12%, signal=27%	
SALICYLATE-SODIUM ACTION PATHWAY%SMPDB%SMP0000708	SALICYLATE-SODIUM ACTION PATHWAY%SMPDB%SMP0000708		15	0.43526775	1.0521697	0.39532873	0.57918054	1.0	507	tags=20%, list=4%, signal=21%	
SALSALATE ACTION PATHWAY%SMPDB%SMP0000707	SALSALATE ACTION PATHWAY%SMPDB%SMP0000707		15	0.43526775	1.0518467	0.397482	0.5796174	1.0	507	tags=20%, list=4%, signal=21%	
REGULATION OF MONOATOMIC ION TRANSPORT%GOBP%GO:0043269	REGULATION OF MONOATOMIC ION TRANSPORT%GOBP%GO:0043269		161	0.28654504	1.0512936	0.36242506	0.5805519	1.0	1195	tags=12%, list=10%, signal=14%	
NABUMETONE ACTION PATHWAY%SMPDB%SMP0000114	NABUMETONE ACTION PATHWAY%SMPDB%SMP0000114		15	0.43526775	1.0507213	0.39033124	0.58152103	1.0	507	tags=20%, list=4%, signal=21%	
PID_PI3KCI_AKT_PATHWAY%MSIGDB_C2%PID_PI3KCI_AKT_PATHWAY	PID_PI3KCI_AKT_PATHWAY%MSIGDB_C2%PID_PI3KCI_AKT_PATHWAY		26	0.383223	1.0506904	0.3769677	0.58134854	1.0	1784	tags=35%, list=15%, signal=41%	
NEGATIVE REGULATION OF ERBB SIGNALING PATHWAY%GOBP%GO:1901185	NEGATIVE REGULATION OF ERBB SIGNALING PATHWAY%GOBP%GO:1901185		26	0.3850612	1.0505527	0.38917089	0.5813866	1.0	3056	tags=38%, list=25%, signal=51%	
FORMATION OF A POOL OF FREE 40S SUBUNITS%REACTOME%R-HSA-72689.3	FORMATION OF A POOL OF FREE 40S SUBUNITS%REACTOME%R-HSA-72689.3		94	0.30690145	1.0505224	0.3680758	0.5812128	1.0	3254	tags=33%, list=27%, signal=45%	
CARPROFEN ACTION PATHWAY%SMPDB%SMP0000694	CARPROFEN ACTION PATHWAY%SMPDB%SMP0000694		15	0.43526775	1.0502983	0.3950504	0.58144456	1.0	507	tags=20%, list=4%, signal=21%	
MUSCLE STRUCTURE DEVELOPMENT%GOBP%GO:0061061	MUSCLE STRUCTURE DEVELOPMENT%GOBP%GO:0061061		169	0.28274792	1.0501426	0.36811024	0.5815486	1.0	2278	tags=22%, list=19%, signal=27%	
AMINO ACID TRANSMEMBRANE TRANSPORT%GOBP%GO:0003333	AMINO ACID TRANSMEMBRANE TRANSPORT%GOBP%GO:0003333		43	0.3483849	1.0498748	0.37510106	0.58187616	1.0	2127	tags=21%, list=18%, signal=25%	
ETORICOXIB ACTION PATHWAY%SMPDB%SMP0000695	ETORICOXIB ACTION PATHWAY%SMPDB%SMP0000695		15	0.43526775	1.0493512	0.39636365	0.5827217	1.0	507	tags=20%, list=4%, signal=21%	
RESPONSE TO OXYGEN LEVELS%GOBP%GO:0070482	RESPONSE TO OXYGEN LEVELS%GOBP%GO:0070482		121	0.29493874	1.0493329	0.36382535	0.58251756	1.0	1421	tags=17%, list=12%, signal=19%	
OLEFINIC COMPOUND METABOLIC PROCESS%GOBP%GO:0120254	OLEFINIC COMPOUND METABOLIC PROCESS%GOBP%GO:0120254		58	0.32992336	1.0491378	0.36301887	0.5826827	1.0	1662	tags=21%, list=14%, signal=24%	
REGULATION OF CELLULAR COMPONENT SIZE%GOBP%GO:0032535	REGULATION OF CELLULAR COMPONENT SIZE%GOBP%GO:0032535		163	0.28698555	1.0491083	0.36279684	0.58250856	1.0	1862	tags=21%, list=15%, signal=25%	
NOTCH SIGNALING%WIKIPATHWAYS_20250810%WP268%HOMO SAPIENS	NOTCH SIGNALING%WIKIPATHWAYS_20250810%WP268%HOMO SAPIENS		31	0.37071052	1.0488806	0.40356565	0.58276063	1.0	2273	tags=23%, list=19%, signal=28%	
DIGESTIVE SYSTEM PROCESS%GOBP%GO:0022600	DIGESTIVE SYSTEM PROCESS%GOBP%GO:0022600		25	0.38826784	1.0488182	0.3974152	0.5826529	1.0	165	tags=8%, list=1%, signal=8%	
PID_PDGFRA_PATHWAY%MSIGDB_C2%PID_PDGFRA_PATHWAY	PID_PDGFRA_PATHWAY%MSIGDB_C2%PID_PDGFRA_PATHWAY		15	0.43413904	1.0487274	0.4112478	0.58261645	1.0	2508	tags=47%, list=21%, signal=59%	
ETODOLAC ACTION PATHWAY%PATHWHIZ%PW000129	ETODOLAC ACTION PATHWAY%PATHWHIZ%PW000129		15	0.43526775	1.0486935	0.396967	0.5824469	1.0	507	tags=20%, list=4%, signal=21%	
TRANSCRIPTIONAL REGULATION BY NPAS4%REACTOME%R-HSA-9634815.4	TRANSCRIPTIONAL REGULATION BY NPAS4%REACTOME%R-HSA-9634815.4		26	0.3830142	1.0486472	0.39554086	0.5823129	1.0	1028	tags=19%, list=9%, signal=21%	
ORGANELLE DISASSEMBLY%GOBP%GO:1903008	ORGANELLE DISASSEMBLY%GOBP%GO:1903008		58	0.32986596	1.0486394	0.3802164	0.5820913	1.0	1880	tags=22%, list=16%, signal=26%	
RECRUITMENT OF MITOTIC CENTROSOME PROTEINS AND COMPLEXES%REACTOME DATABASE ID RELEASE 93%380270	RECRUITMENT OF MITOTIC CENTROSOME PROTEINS AND COMPLEXES%REACTOME DATABASE ID RELEASE 93%380270		75	0.3141954	1.0484145	0.36918384	0.5823212	1.0	734	tags=13%, list=6%, signal=14%	
OXAPROZIN ACTION PATHWAY%PATHWHIZ%PW000262	OXAPROZIN ACTION PATHWAY%PATHWHIZ%PW000262		15	0.43526775	1.0483168	0.3898886	0.5822947	1.0	507	tags=20%, list=4%, signal=21%	
STABILIZATION AND EXPANSION OF THE E-CADHERIN ADHERENS JUNCTION%PATHWAY INTERACTION DATABASE NCI-NATURE CURATED DATA%STABILIZATION AND EXPANSION OF THE E-CADHERIN ADHERENS JUNCTION	STABILIZATION AND EXPANSION OF THE E-CADHERIN ADHERENS JUNCTION%PATHWAY INTERACTION DATABASE NCI-NATURE CURATED DATA%STABILIZATION AND EXPANSION OF THE E-CADHERIN ADHERENS JUNCTION		34	0.36645934	1.0481825	0.39553428	0.5823408	1.0	703	tags=12%, list=6%, signal=12%	
REGULATION OF TP53 EXPRESSION AND DEGRADATION%REACTOME DATABASE ID RELEASE 93%6806003	REGULATION OF TP53 EXPRESSION AND DEGRADATION%REACTOME DATABASE ID RELEASE 93%6806003		37	0.35534266	1.0479556	0.39538583	0.58258706	1.0	1733	tags=24%, list=14%, signal=28%	
SUPROFEN ACTION PATHWAY%SMPDB%SMP0000101	SUPROFEN ACTION PATHWAY%SMPDB%SMP0000101		15	0.43526775	1.0477688	0.41065294	0.58274966	1.0	507	tags=20%, list=4%, signal=21%	
TRANSCRIPTION BY RNA POLYMERASE III%GOBP%GO:0006383	TRANSCRIPTION BY RNA POLYMERASE III%GOBP%GO:0006383		31	0.367577	1.047665	0.39585063	0.5827344	1.0	3373	tags=29%, list=28%, signal=40%	
SPLICEOSOMAL COMPLEX ASSEMBLY%GOBP%GO:0000245	SPLICEOSOMAL COMPLEX ASSEMBLY%GOBP%GO:0000245		63	0.32882705	1.0468718	0.38682172	0.5842089	1.0	2108	tags=21%, list=18%, signal=25%	
EGF RECEPTOR (ERBB1) SIGNALING PATHWAY%PATHWAY INTERACTION DATABASE NCI-NATURE CURATED DATA%EGF RECEPTOR (ERBB1) SIGNALING PATHWAY	EGF RECEPTOR (ERBB1) SIGNALING PATHWAY%PATHWAY INTERACTION DATABASE NCI-NATURE CURATED DATA%EGF RECEPTOR (ERBB1) SIGNALING PATHWAY		31	0.37414283	1.0464554	0.4	0.5848646	1.0	2333	tags=32%, list=19%, signal=40%	
ENDOSOME TO LYSOSOME TRANSPORT%GOBP%GO:0008333	ENDOSOME TO LYSOSOME TRANSPORT%GOBP%GO:0008333		59	0.32700303	1.046444	0.37575758	0.5846573	1.0	1803	tags=22%, list=15%, signal=26%	
CELL DEATH SIGNALLING VIA NRAGE, NRIF AND NADE%REACTOME DATABASE ID RELEASE 93%204998	CELL DEATH SIGNALLING VIA NRAGE, NRIF AND NADE%REACTOME DATABASE ID RELEASE 93%204998		65	0.32228082	1.0463995	0.37151703	0.58451873	1.0	1603	tags=23%, list=13%, signal=26%	
REGULATION OF INFLAMMASOME-MEDIATED SIGNALING PATHWAY%GOBP%GO:0141085	REGULATION OF INFLAMMASOME-MEDIATED SIGNALING PATHWAY%GOBP%GO:0141085		32	0.3659659	1.0461938	0.38793805	0.5847228	1.0	1340	tags=19%, list=11%, signal=21%	
PIROXICAM ACTION PATHWAY%SMPDB%SMP0000077	PIROXICAM ACTION PATHWAY%SMPDB%SMP0000077		15	0.43526775	1.0459567	0.39243925	0.58498853	1.0	507	tags=20%, list=4%, signal=21%	
NEPAFENAC ACTION PATHWAY%PATHWHIZ%PW000679	NEPAFENAC ACTION PATHWAY%PATHWHIZ%PW000679		15	0.43526775	1.0456952	0.41761115	0.5852999	1.0	507	tags=20%, list=4%, signal=21%	
GLYCINE AND SERINE METABOLISM%SMPDB%SMP0000004	GLYCINE AND SERINE METABOLISM%SMPDB%SMP0000004		15	0.43619755	1.0455928	0.40925267	0.58526725	1.0	1113	tags=27%, list=9%, signal=29%	
POSITIVE REGULATION OF TRANSMEMBRANE TRANSPORT%GOBP%GO:0034764	POSITIVE REGULATION OF TRANSMEMBRANE TRANSPORT%GOBP%GO:0034764		78	0.31261617	1.0454426	0.37856072	0.585347	1.0	1733	tags=17%, list=14%, signal=19%	
DETECTION OF STIMULUS%GOBP%GO:0051606	DETECTION OF STIMULUS%GOBP%GO:0051606		61	0.3267683	1.0451962	0.37845924	0.58564657	1.0	2264	tags=25%, list=19%, signal=30%	
VALDECOXIB ACTION PATHWAY%SMPDB%SMP0000116	VALDECOXIB ACTION PATHWAY%SMPDB%SMP0000116		15	0.43526775	1.0451598	0.42614144	0.5854769	1.0	507	tags=20%, list=4%, signal=21%	
POSITIVE REGULATION OF TRANSMEMBRANE RECEPTOR PROTEIN SERINE/THREONINE KINASE SIGNALING PATHWAY%GOBP%GO:0090100	POSITIVE REGULATION OF TRANSMEMBRANE RECEPTOR PROTEIN SERINE/THREONINE KINASE SIGNALING PATHWAY%GOBP%GO:0090100		57	0.33335206	1.0450565	0.39272177	0.5854679	1.0	786	tags=14%, list=7%, signal=15%	
ROS AND RNS PRODUCTION IN PHAGOCYTES%REACTOME%R-HSA-1222556.11	ROS AND RNS PRODUCTION IN PHAGOCYTES%REACTOME%R-HSA-1222556.11		24	0.38883403	1.0446013	0.39574468	0.5862008	1.0	3709	tags=42%, list=31%, signal=60%	
SKELETAL MUSCLE ORGAN DEVELOPMENT%GOBP%GO:0060538	SKELETAL MUSCLE ORGAN DEVELOPMENT%GOBP%GO:0060538		28	0.377753	1.0445511	0.39495113	0.5860698	1.0	2479	tags=36%, list=21%, signal=45%	
DIHYDROPYRIMIDINE DEHYDROGENASE DEFICIENCY (DHPD)%SMPDB%SMP0000179	DIHYDROPYRIMIDINE DEHYDROGENASE DEFICIENCY (DHPD)%SMPDB%SMP0000179		15	0.43619755	1.0445086	0.41014236	0.58592886	1.0	1113	tags=27%, list=9%, signal=29%	
PROTEIN SYNTHESIS: PHENYLALANINE%PATHWHIZ%PW112934	PROTEIN SYNTHESIS: PHENYLALANINE%PATHWHIZ%PW112934		77	0.31482863	1.0444531	0.38164604	0.5858096	1.0	3593	tags=36%, list=30%, signal=52%	
TRISALICYLATE-CHOLINE ACTION PATHWAY%PATHWHIZ%PW000680	TRISALICYLATE-CHOLINE ACTION PATHWAY%PATHWHIZ%PW000680		15	0.43526775	1.0437784	0.41273996	0.58703786	1.0	507	tags=20%, list=4%, signal=21%	
ARACHIDONIC ACID METABOLISM%SMPDB%SMP0000075	ARACHIDONIC ACID METABOLISM%SMPDB%SMP0000075		15	0.43526775	1.0436437	0.40949035	0.5870863	1.0	507	tags=20%, list=4%, signal=21%	
FENOPROFEN ACTION PATHWAY%SMPDB%SMP0000696	FENOPROFEN ACTION PATHWAY%SMPDB%SMP0000696		15	0.43526775	1.0435413	0.40482575	0.58706903	1.0	507	tags=20%, list=4%, signal=21%	
FLURBIPROFEN ACTION PATHWAY%SMPDB%SMP0000697	FLURBIPROFEN ACTION PATHWAY%SMPDB%SMP0000697		15	0.43526775	1.0431318	0.42077464	0.587722	1.0	507	tags=20%, list=4%, signal=21%	
ROFECOXIB ACTION PATHWAY%SMPDB%SMP0000087	ROFECOXIB ACTION PATHWAY%SMPDB%SMP0000087		15	0.43526775	1.0431106	0.42730495	0.5875331	1.0	507	tags=20%, list=4%, signal=21%	
MELOXICAM ACTION PATHWAY%SMPDB%SMP0000106	MELOXICAM ACTION PATHWAY%SMPDB%SMP0000106		15	0.43526775	1.0429463	0.42240587	0.58763677	1.0	507	tags=20%, list=4%, signal=21%	
DIMETHYLGLYCINE DEHYDROGENASE DEFICIENCY%SMPDB%SMP0000484	DIMETHYLGLYCINE DEHYDROGENASE DEFICIENCY%SMPDB%SMP0000484		15	0.43619755	1.0423123	0.41537055	0.5887159	1.0	1113	tags=27%, list=9%, signal=29%	
22Q11 2 DISTAL CNV%WIKIPATHWAYS_20250810%WP5546%HOMO SAPIENS	22Q11 2 DISTAL CNV%WIKIPATHWAYS_20250810%WP5546%HOMO SAPIENS		90	0.30643776	1.0420568	0.37857142	0.58901006	1.0	2782	tags=30%, list=23%, signal=39%	
NON-KETOTIC HYPERGLYCINEMIA%PATHWHIZ%PW000209	NON-KETOTIC HYPERGLYCINEMIA%PATHWHIZ%PW000209		15	0.43619755	1.0420563	0.42036554	0.5887741	1.0	1113	tags=27%, list=9%, signal=29%	
LEUKOTRIENE C4 SYNTHESIS DEFICIENCY%PATHWHIZ%PW000118	LEUKOTRIENE C4 SYNTHESIS DEFICIENCY%PATHWHIZ%PW000118		15	0.43526775	1.0418986	0.41312057	0.5888644	1.0	507	tags=20%, list=4%, signal=21%	
DICLOFENAC ACTION PATHWAY%PATHWHIZ%PW000135	DICLOFENAC ACTION PATHWAY%PATHWHIZ%PW000135		15	0.43526775	1.0418147	0.4205357	0.588805	1.0	507	tags=20%, list=4%, signal=21%	
ACETYLSALICYLIC ACID ACTION PATHWAY%PATHWHIZ%PW000128	ACETYLSALICYLIC ACID ACTION PATHWAY%PATHWHIZ%PW000128		15	0.43526775	1.0413218	0.42366758	0.5895716	1.0	507	tags=20%, list=4%, signal=21%	
MEFENAMIC ACID ACTION PATHWAY%PATHWHIZ%PW000261	MEFENAMIC ACID ACTION PATHWAY%PATHWHIZ%PW000261		15	0.43526775	1.0412225	0.41681737	0.5895478	1.0	507	tags=20%, list=4%, signal=21%	
LORNOXICAM ACTION PATHWAY%PATHWHIZ%PW000677	LORNOXICAM ACTION PATHWAY%PATHWHIZ%PW000677		15	0.43526775	1.0411282	0.41938326	0.5895163	1.0	507	tags=20%, list=4%, signal=21%	
ANTIPYRINE ACTION PATHWAY%SMPDB%SMP0000692	ANTIPYRINE ACTION PATHWAY%SMPDB%SMP0000692		15	0.43526775	1.0411252	0.41085973	0.5892859	1.0	507	tags=20%, list=4%, signal=21%	
3-PHOSPHOGLYCERATE DEHYDROGENASE DEFICIENCY%SMPDB%SMP0000721	3-PHOSPHOGLYCERATE DEHYDROGENASE DEFICIENCY%SMPDB%SMP0000721		15	0.43619755	1.0410042	0.4246824	0.58930284	1.0	1113	tags=27%, list=9%, signal=29%	
REGULATION OF MONOATOMIC CATION TRANSMEMBRANE TRANSPORT%GOBP%GO:1904062	REGULATION OF MONOATOMIC CATION TRANSMEMBRANE TRANSPORT%GOBP%GO:1904062		110	0.2973655	1.0408865	0.3836478	0.5893115	1.0	935	tags=12%, list=8%, signal=13%	
NEGATIVE REGULATION OF LOCOMOTION%GOBP%GO:0040013	NEGATIVE REGULATION OF LOCOMOTION%GOBP%GO:0040013		178	0.2799921	1.04079	0.3757495	0.58926517	1.0	2098	tags=22%, list=17%, signal=27%	
B CELL ACTIVATION%GOBP%GO:0042113	B CELL ACTIVATION%GOBP%GO:0042113		72	0.31644654	1.0406766	0.39288417	0.58926255	1.0	1239	tags=15%, list=10%, signal=17%	
SULFUR COMPOUND METABOLIC PROCESS%GOBP%GO:0006790	SULFUR COMPOUND METABOLIC PROCESS%GOBP%GO:0006790		162	0.2821853	1.0401264	0.36953643	0.59016955	1.0	2262	tags=23%, list=19%, signal=28%	
FORMATION OF THE CANONICAL BAF (CBAF) COMPLEX%REACTOME DATABASE ID RELEASE 93%9933937	FORMATION OF THE CANONICAL BAF (CBAF) COMPLEX%REACTOME DATABASE ID RELEASE 93%9933937		16	0.4255876	1.0401163	0.4267968	0.5899556	1.0	3924	tags=56%, list=33%, signal=83%	
CONNECTIVE TISSUE DEVELOPMENT%GOBP%GO:0061448	CONNECTIVE TISSUE DEVELOPMENT%GOBP%GO:0061448		59	0.32411224	1.0401136	0.3802164	0.589727	1.0	354	tags=10%, list=3%, signal=10%	
REGULATION OF MITOTIC CELL CYCLE%REACTOME DATABASE ID RELEASE 93%453276	REGULATION OF MITOTIC CELL CYCLE%REACTOME DATABASE ID RELEASE 93%453276		74	0.31495008	1.0396988	0.3880707	0.5903625	1.0	2113	tags=28%, list=18%, signal=34%	
AMINO ACID TRANSPORT ACROSS THE PLASMA MEMBRANE%REACTOME%R-HSA-352230.5	AMINO ACID TRANSPORT ACROSS THE PLASMA MEMBRANE%REACTOME%R-HSA-352230.5		19	0.4083391	1.0395211	0.4123264	0.59049857	1.0	2084	tags=26%, list=17%, signal=32%	
KETOROLAC ACTION PATHWAY%SMPDB%SMP0000098	KETOROLAC ACTION PATHWAY%SMPDB%SMP0000098		15	0.43526775	1.0394851	0.41578013	0.5903425	1.0	507	tags=20%, list=4%, signal=21%	
SULFUR COMPOUND CATABOLIC PROCESS%GOBP%GO:0044273	SULFUR COMPOUND CATABOLIC PROCESS%GOBP%GO:0044273		23	0.39507055	1.0388371	0.39914894	0.5914551	1.0	3188	tags=39%, list=26%, signal=53%	
SALICYLIC ACID ACTION PATHWAY%SMPDB%SMP0000709	SALICYLIC ACID ACTION PATHWAY%SMPDB%SMP0000709		15	0.43526775	1.0380607	0.4201031	0.59285027	1.0	507	tags=20%, list=4%, signal=21%	
MAGNESIUM SALICYLATE ACTION PATHWAY%PATHWHIZ%PW000675	MAGNESIUM SALICYLATE ACTION PATHWAY%PATHWHIZ%PW000675		15	0.43526775	1.0379863	0.42792794	0.5927685	1.0	507	tags=20%, list=4%, signal=21%	
PID_BMP_PATHWAY%MSIGDB_C2%PID_BMP_PATHWAY	PID_BMP_PATHWAY%MSIGDB_C2%PID_BMP_PATHWAY		23	0.39354306	1.0377469	0.42338353	0.59302944	1.0	244	tags=13%, list=2%, signal=13%	
COLUMNAR/CUBOIDAL EPITHELIAL CELL DIFFERENTIATION%GOBP%GO:0002065	COLUMNAR/CUBOIDAL EPITHELIAL CELL DIFFERENTIATION%GOBP%GO:0002065		22	0.39413723	1.0375261	0.41131106	0.5932694	1.0	2033	tags=32%, list=17%, signal=38%	
ANTRAFENINE ACTION PATHWAY%SMPDB%SMP0000693	ANTRAFENINE ACTION PATHWAY%SMPDB%SMP0000693		15	0.43526775	1.037277	0.4230431	0.59356606	1.0	507	tags=20%, list=4%, signal=21%	
AMINO ACID ACTIVATION%GOBP%GO:0043038	AMINO ACID ACTIVATION%GOBP%GO:0043038		21	0.4057782	1.0372268	0.41935483	0.59344167	1.0	4231	tags=48%, list=35%, signal=73%	
DIFLUNISAL ACTION PATHWAY%SMPDB%SMP0000289	DIFLUNISAL ACTION PATHWAY%SMPDB%SMP0000289		15	0.43526775	1.0371437	0.42259786	0.59337753	1.0	507	tags=20%, list=4%, signal=21%	
POSITIVE REGULATION OF AUTOPHAGY%GOBP%GO:0010508	POSITIVE REGULATION OF AUTOPHAGY%GOBP%GO:0010508		129	0.2920887	1.0366765	0.38513973	0.5941271	1.0	1564	tags=18%, list=13%, signal=20%	
HYPERGLYCINEMIA, NON-KETOTIC%SMPDB%SMP0000485	HYPERGLYCINEMIA, NON-KETOTIC%SMPDB%SMP0000485		15	0.43619755	1.0366359	0.42819843	0.59397423	1.0	1113	tags=27%, list=9%, signal=29%	
MUSCLE CELL DIFFERENTIATION%GOBP%GO:0042692	MUSCLE CELL DIFFERENTIATION%GOBP%GO:0042692		93	0.30116686	1.0354645	0.38995045	0.5962137	1.0	2749	tags=25%, list=23%, signal=32%	
HALLMARK_PEROXISOME%MSIGDBHALLMARK%HALLMARK_PEROXISOME	HALLMARK_PEROXISOME%MSIGDBHALLMARK%HALLMARK_PEROXISOME		70	0.3135847	1.0353531	0.38989168	0.5962082	1.0	2542	tags=24%, list=21%, signal=31%	
TENOXICAM ACTION PATHWAY%SMPDB%SMP0000706	TENOXICAM ACTION PATHWAY%SMPDB%SMP0000706		15	0.43526775	1.0351107	0.4278306	0.5964781	1.0	507	tags=20%, list=4%, signal=21%	
NEUTRAL AMINO ACID TRANSPORT%GOBP%GO:0015804	NEUTRAL AMINO ACID TRANSPORT%GOBP%GO:0015804		29	0.37182188	1.0350789	0.40869564	0.5963078	1.0	2483	tags=31%, list=21%, signal=39%	
REGULATION OF VASCULAR PERMEABILITY%GOBP%GO:0043114	REGULATION OF VASCULAR PERMEABILITY%GOBP%GO:0043114		21	0.39602366	1.0350351	0.42680776	0.5961602	1.0	3303	tags=48%, list=27%, signal=66%	
TRANSFORMING GROWTH FACTOR BETA RECEPTOR SUPERFAMILY SIGNALING PATHWAY%GOBP%GO:0141091	TRANSFORMING GROWTH FACTOR BETA RECEPTOR SUPERFAMILY SIGNALING PATHWAY%GOBP%GO:0141091		80	0.30863318	1.0349779	0.3915344	0.5960432	1.0	2177	tags=28%, list=18%, signal=33%	
IL8- AND CXCR1-MEDIATED SIGNALING EVENTS%PATHWAY INTERACTION DATABASE NCI-NATURE CURATED DATA%IL8- AND CXCR1-MEDIATED SIGNALING EVENTS	IL8- AND CXCR1-MEDIATED SIGNALING EVENTS%PATHWAY INTERACTION DATABASE NCI-NATURE CURATED DATA%IL8- AND CXCR1-MEDIATED SIGNALING EVENTS		15	0.43176663	1.0349474	0.43215615	0.5958734	1.0	2436	tags=40%, list=20%, signal=50%	
EUKARYOTIC TRANSLATION ELONGATION%REACTOME%R-HSA-156842.4	EUKARYOTIC TRANSLATION ELONGATION%REACTOME%R-HSA-156842.4		87	0.30322367	1.0347185	0.38988096	0.59612495	1.0	3254	tags=34%, list=27%, signal=47%	
CENTROSOME MATURATION%REACTOME DATABASE ID RELEASE 93%380287	CENTROSOME MATURATION%REACTOME DATABASE ID RELEASE 93%380287		75	0.3141954	1.0341449	0.39520958	0.5970886	1.0	734	tags=13%, list=6%, signal=14%	
KETOPROFEN ACTION PATHWAY%SMPDB%SMP0000085	KETOPROFEN ACTION PATHWAY%SMPDB%SMP0000085		15	0.43526775	1.0341288	0.4283217	0.59688216	1.0	507	tags=20%, list=4%, signal=21%	
POSITIVE REGULATION OF PROTEOLYSIS INVOLVED IN PROTEIN CATABOLIC PROCESS%GOBP%GO:1903052	POSITIVE REGULATION OF PROTEOLYSIS INVOLVED IN PROTEIN CATABOLIC PROCESS%GOBP%GO:1903052		96	0.3017188	1.0341228	0.38734898	0.596658	1.0	2506	tags=34%, list=21%, signal=43%	
TRNA THREONYLCARBAMOYLADENOSINE METABOLIC PROCESS%GOBP%GO:0070525	TRNA THREONYLCARBAMOYLADENOSINE METABOLIC PROCESS%GOBP%GO:0070525		17	0.41118547	1.0339333	0.4191564	0.5968177	1.0	3578	tags=59%, list=30%, signal=84%	
GLYCOSPHINGOLIPID METABOLIC PROCESS%GOBP%GO:0006687	GLYCOSPHINGOLIPID METABOLIC PROCESS%GOBP%GO:0006687		40	0.34937748	1.0334771	0.39179406	0.5975536	1.0	3592	tags=45%, list=30%, signal=64%	
NAPROXEN ACTION PATHWAY%SMPDB%SMP0000120	NAPROXEN ACTION PATHWAY%SMPDB%SMP0000120		15	0.43526775	1.0333724	0.44042367	0.59753335	1.0	507	tags=20%, list=4%, signal=21%	
MITOCHONDRIAL RNA PROCESSING%GOBP%GO:0000963	MITOCHONDRIAL RNA PROCESSING%GOBP%GO:0000963		27	0.37486237	1.0328888	0.4323181	0.59832	1.0	3578	tags=37%, list=30%, signal=53%	
SULINDAC ACTION PATHWAY%PATHWHIZ%PW000136	SULINDAC ACTION PATHWAY%PATHWHIZ%PW000136		15	0.43526775	1.0327791	0.43444055	0.59831566	1.0	507	tags=20%, list=4%, signal=21%	
PID_TELOMERASE_PATHWAY%MSIGDB_C2%PID_TELOMERASE_PATHWAY	PID_TELOMERASE_PATHWAY%MSIGDB_C2%PID_TELOMERASE_PATHWAY		53	0.33656353	1.032313	0.41283676	0.59904957	1.0	2075	tags=26%, list=17%, signal=32%	
NUCLEOTIDE-SUGAR METABOLIC PROCESS%GOBP%GO:0009225	NUCLEOTIDE-SUGAR METABOLIC PROCESS%GOBP%GO:0009225		32	0.3638254	1.0322471	0.39670783	0.5989552	1.0	3123	tags=53%, list=26%, signal=72%	
P75(NTR)-MEDIATED SIGNALING%PATHWAY INTERACTION DATABASE NCI-NATURE CURATED DATA%P75(NTR)-MEDIATED SIGNALING	P75(NTR)-MEDIATED SIGNALING%PATHWAY INTERACTION DATABASE NCI-NATURE CURATED DATA%P75(NTR)-MEDIATED SIGNALING		58	0.32389912	1.0320699	0.39531368	0.5990997	1.0	3023	tags=43%, list=25%, signal=57%	
REGULATION OF NEUTROPHIL CHEMOTAXIS%GOBP%GO:0090022	REGULATION OF NEUTROPHIL CHEMOTAXIS%GOBP%GO:0090022		15	0.43135184	1.0320406	0.4455814	0.59892625	1.0	1507	tags=27%, list=13%, signal=30%	
APC C-MEDIATED DEGRADATION OF CELL CYCLE PROTEINS%REACTOME DATABASE ID RELEASE 93%174143	APC C-MEDIATED DEGRADATION OF CELL CYCLE PROTEINS%REACTOME DATABASE ID RELEASE 93%174143		74	0.31495008	1.0313551	0.39866865	0.6001647	1.0	2113	tags=28%, list=18%, signal=34%	
POST-TRANSLATIONAL MODIFICATION: SYNTHESIS OF GPI-ANCHORED PROTEINS%REACTOME DATABASE ID RELEASE 93%163125	POST-TRANSLATIONAL MODIFICATION: SYNTHESIS OF GPI-ANCHORED PROTEINS%REACTOME DATABASE ID RELEASE 93%163125		47	0.3388154	1.0309016	0.39795917	0.6008705	1.0	713	tags=13%, list=6%, signal=14%	
BLOOD CIRCULATION%GOBP%GO:0008015	BLOOD CIRCULATION%GOBP%GO:0008015		131	0.28783447	1.0307857	0.40534836	0.6008726	1.0	1866	tags=19%, list=15%, signal=22%	
DNA REPLICATION PRE-INITIATION%REACTOME%R-HSA-69002.4	DNA REPLICATION PRE-INITIATION%REACTOME%R-HSA-69002.4		88	0.30596244	1.0307686	0.37249285	0.6006724	1.0	2113	tags=23%, list=18%, signal=27%	
LATE ENDOSOME TO VACUOLE TRANSPORT VIA MULTIVESICULAR BODY SORTING PATHWAY%GOBP%GO:0032511	LATE ENDOSOME TO VACUOLE TRANSPORT VIA MULTIVESICULAR BODY SORTING PATHWAY%GOBP%GO:0032511		25	0.37984127	1.0306983	0.42291492	0.60058796	1.0	2047	tags=36%, list=17%, signal=43%	
NEGATIVE REGULATION OF ANGIOGENESIS%GOBP%GO:0016525	NEGATIVE REGULATION OF ANGIOGENESIS%GOBP%GO:0016525		55	0.32465023	1.030348	0.39689922	0.6010945	1.0	2220	tags=29%, list=18%, signal=36%	
PROTON MOTIVE FORCE-DRIVEN MITOCHONDRIAL ATP SYNTHESIS%GOBP%GO:0042776	PROTON MOTIVE FORCE-DRIVEN MITOCHONDRIAL ATP SYNTHESIS%GOBP%GO:0042776		41	0.3460016	1.029861	0.39951575	0.6019076	1.0	2082	tags=22%, list=17%, signal=26%	
AURKA ACTIVATION BY TPX2%REACTOME DATABASE ID RELEASE 93%8854518	AURKA ACTIVATION BY TPX2%REACTOME DATABASE ID RELEASE 93%8854518		66	0.31829587	1.0295775	0.40603247	0.6022404	1.0	734	tags=14%, list=6%, signal=14%	
POSITIVE REGULATION OF PATTERN RECOGNITION RECEPTOR SIGNALING PATHWAY%GOBP%GO:0062208	POSITIVE REGULATION OF PATTERN RECOGNITION RECEPTOR SIGNALING PATHWAY%GOBP%GO:0062208		59	0.32466295	1.0294528	0.42307693	0.602263	1.0	3401	tags=37%, list=28%, signal=52%	
RESPONSE TO NUTRIENT%GOBP%GO:0007584	RESPONSE TO NUTRIENT%GOBP%GO:0007584		33	0.36153713	1.0289215	0.40725473	0.6031282	1.0	1219	tags=21%, list=10%, signal=24%	
AMINO ACID BIOSYNTHETIC PROCESS%GOBP%GO:0008652	AMINO ACID BIOSYNTHETIC PROCESS%GOBP%GO:0008652		43	0.3429123	1.0289035	0.42461288	0.60293376	1.0	2870	tags=40%, list=24%, signal=52%	
NONSENSE MEDIATED DECAY (NMD) ENHANCED BY THE EXON JUNCTION COMPLEX (EJC)%REACTOME%R-HSA-975957.3	NONSENSE MEDIATED DECAY (NMD) ENHANCED BY THE EXON JUNCTION COMPLEX (EJC)%REACTOME%R-HSA-975957.3		109	0.2904074	1.0285333	0.4136716	0.60349196	1.0	3593	tags=37%, list=30%, signal=52%	
MESENCHYMAL CELL DIFFERENTIATION%GOBP%GO:0048762	MESENCHYMAL CELL DIFFERENTIATION%GOBP%GO:0048762		84	0.3072222	1.0281103	0.4054637	0.60411394	1.0	969	tags=13%, list=8%, signal=14%	
TOLMETIN ACTION PATHWAY%PATHWHIZ%PW000681	TOLMETIN ACTION PATHWAY%PATHWHIZ%PW000681		15	0.43526775	1.0281079	0.4263914	0.60388273	1.0	507	tags=20%, list=4%, signal=21%	
PLASMA LIPOPROTEIN PARTICLE CLEARANCE%GOBP%GO:0034381	PLASMA LIPOPROTEIN PARTICLE CLEARANCE%GOBP%GO:0034381		15	0.42919987	1.0279918	0.42372882	0.6038912	1.0	165	tags=13%, list=1%, signal=14%	
POSITIVE REGULATION OF STEROID METABOLIC PROCESS%GOBP%GO:0045940	POSITIVE REGULATION OF STEROID METABOLIC PROCESS%GOBP%GO:0045940		20	0.4037164	1.0271801	0.43203464	0.6053893	1.0	1017	tags=20%, list=8%, signal=22%	
CARBOXYLIC ACID BIOSYNTHETIC PROCESS%GOBP%GO:0046394	CARBOXYLIC ACID BIOSYNTHETIC PROCESS%GOBP%GO:0046394		139	0.28360018	1.0271225	0.40041068	0.60526484	1.0	2460	tags=27%, list=20%, signal=34%	
VALIDATED TARGETS OF C-MYC TRANSCRIPTIONAL REPRESSION%PATHWAY INTERACTION DATABASE NCI-NATURE CURATED DATA%VALIDATED TARGETS OF C-MYC TRANSCRIPTIONAL REPRESSION	VALIDATED TARGETS OF C-MYC TRANSCRIPTIONAL REPRESSION%PATHWAY INTERACTION DATABASE NCI-NATURE CURATED DATA%VALIDATED TARGETS OF C-MYC TRANSCRIPTIONAL REPRESSION		53	0.3266623	1.0270475	0.4125	0.60518855	1.0	2172	tags=21%, list=18%, signal=25%	
ENDOTHELIN PATHWAYS%WIKIPATHWAYS_20250810%WP2197%HOMO SAPIENS	ENDOTHELIN PATHWAYS%WIKIPATHWAYS_20250810%WP2197%HOMO SAPIENS		16	0.4181653	1.026933	0.42545772	0.6052033	1.0	1587	tags=38%, list=13%, signal=43%	
ALTERNATIVE MRNA SPLICING, VIA SPLICEOSOME%GOBP%GO:0000380	ALTERNATIVE MRNA SPLICING, VIA SPLICEOSOME%GOBP%GO:0000380		18	0.41601065	1.0268071	0.4206418	0.6052367	1.0	623	tags=11%, list=5%, signal=12%	
PID_RAC1_PATHWAY%MSIGDB_C2%PID_RAC1_PATHWAY	PID_RAC1_PATHWAY%MSIGDB_C2%PID_RAC1_PATHWAY		38	0.3523073	1.0265619	0.42556635	0.60552794	1.0	1319	tags=16%, list=11%, signal=18%	
PID_TRAIL_PATHWAY%MSIGDB_C2%PID_TRAIL_PATHWAY	PID_TRAIL_PATHWAY%MSIGDB_C2%PID_TRAIL_PATHWAY		26	0.3793659	1.0263665	0.4227848	0.6056948	1.0	1423	tags=27%, list=12%, signal=30%	
REGULATION OF TRANSLATIONAL INITIATION%GOBP%GO:0006446	REGULATION OF TRANSLATIONAL INITIATION%GOBP%GO:0006446		69	0.31568545	1.0263182	0.4204793	0.6055675	1.0	1431	tags=17%, list=12%, signal=20%	
NUCLEAR TRANSPORT%GOBP%GO:0051169	NUCLEAR TRANSPORT%GOBP%GO:0051169		165	0.2777667	1.0259966	0.39907956	0.6059791	1.0	2782	tags=28%, list=23%, signal=37%	
REGULATION OF DNA BIOSYNTHETIC PROCESS%GOBP%GO:2000278	REGULATION OF DNA BIOSYNTHETIC PROCESS%GOBP%GO:2000278		59	0.31871423	1.0254464	0.4144996	0.6069004	1.0	2868	tags=37%, list=24%, signal=49%	
PID_RET_PATHWAY%MSIGDB_C2%PID_RET_PATHWAY	PID_RET_PATHWAY%MSIGDB_C2%PID_RET_PATHWAY		28	0.37247506	1.0253165	0.4243421	0.60693616	1.0	2398	tags=39%, list=20%, signal=49%	
NEGATIVE REGULATION OF TRANSCRIPTION ELONGATION BY RNA POLYMERASE II%GOBP%GO:0034244	NEGATIVE REGULATION OF TRANSCRIPTION ELONGATION BY RNA POLYMERASE II%GOBP%GO:0034244		17	0.41543669	1.0247135	0.44688323	0.60797524	1.0	3287	tags=41%, list=27%, signal=57%	
RNA SURVEILLANCE%GOBP%GO:0071025	RNA SURVEILLANCE%GOBP%GO:0071025		33	0.3547782	1.0246476	0.42310822	0.6078659	1.0	3656	tags=39%, list=30%, signal=56%	
REGULATION OF COLLAGEN METABOLIC PROCESS%GOBP%GO:0010712	REGULATION OF COLLAGEN METABOLIC PROCESS%GOBP%GO:0010712		16	0.4175207	1.0242424	0.41602066	0.6084819	1.0	662	tags=19%, list=5%, signal=20%	
REGULATION OF SMALL GTPASE MEDIATED SIGNAL TRANSDUCTION%GOBP%GO:0051056	REGULATION OF SMALL GTPASE MEDIATED SIGNAL TRANSDUCTION%GOBP%GO:0051056		192	0.273552	1.0226811	0.4118388	0.6115959	1.0	1774	tags=21%, list=15%, signal=25%	
REGULATION OF RETINOBLASTOMA PROTEIN%PATHWAY INTERACTION DATABASE NCI-NATURE CURATED DATA%REGULATION OF RETINOBLASTOMA PROTEIN	REGULATION OF RETINOBLASTOMA PROTEIN%PATHWAY INTERACTION DATABASE NCI-NATURE CURATED DATA%REGULATION OF RETINOBLASTOMA PROTEIN		56	0.32253626	1.0226048	0.4255651	0.6115079	1.0	2491	tags=27%, list=21%, signal=34%	
NEGATIVE REGULATION OF LEUKOCYTE MIGRATION%GOBP%GO:0002686	NEGATIVE REGULATION OF LEUKOCYTE MIGRATION%GOBP%GO:0002686		16	0.4174149	1.0223843	0.42194468	0.6117341	1.0	774	tags=19%, list=6%, signal=20%	
REGULATION OF GLIAL CELL DIFFERENTIATION%GOBP%GO:0045685	REGULATION OF GLIAL CELL DIFFERENTIATION%GOBP%GO:0045685		23	0.38431382	1.022322	0.4286927	0.61163455	1.0	165	tags=13%, list=1%, signal=13%	
NEGATIVE REGULATION OF AUTOPHAGY%GOBP%GO:0010507	NEGATIVE REGULATION OF AUTOPHAGY%GOBP%GO:0010507		65	0.3135881	1.0220107	0.4153046	0.612072	1.0	3038	tags=34%, list=25%, signal=45%	
ORGANIC ACID BIOSYNTHETIC PROCESS%GOBP%GO:0016053	ORGANIC ACID BIOSYNTHETIC PROCESS%GOBP%GO:0016053		140	0.2813677	1.0217235	0.41048333	0.61244726	1.0	2460	tags=27%, list=20%, signal=34%	
REGULATION OF AXON EXTENSION%GOBP%GO:0030516	REGULATION OF AXON EXTENSION%GOBP%GO:0030516		32	0.35912025	1.0216147	0.4261501	0.61243486	1.0	1809	tags=34%, list=15%, signal=40%	
POSITIVE REGULATION OF MITOCHONDRIAL MEMBRANE PERMEABILITY%GOBP%GO:0035794	POSITIVE REGULATION OF MITOCHONDRIAL MEMBRANE PERMEABILITY%GOBP%GO:0035794		16	0.41682443	1.0215567	0.45462477	0.6123203	1.0	2682	tags=38%, list=22%, signal=48%	
HSF1-DEPENDENT TRANSACTIVATION%REACTOME DATABASE ID RELEASE 93%3371571	HSF1-DEPENDENT TRANSACTIVATION%REACTOME DATABASE ID RELEASE 93%3371571		22	0.3871904	1.0213923	0.43433475	0.61242723	1.0	2898	tags=45%, list=24%, signal=60%	
REGULATION OF PROTEIN LOCALIZATION TO PLASMA MEMBRANE%GOBP%GO:1903076	REGULATION OF PROTEIN LOCALIZATION TO PLASMA MEMBRANE%GOBP%GO:1903076		83	0.30522957	1.0212581	0.41513592	0.6124688	1.0	2342	tags=27%, list=19%, signal=33%	
INTEGRIN MEDIATED CELL ADHESION%WIKIPATHWAYS_20250810%WP185%HOMO SAPIENS	INTEGRIN MEDIATED CELL ADHESION%WIKIPATHWAYS_20250810%WP185%HOMO SAPIENS		64	0.31742972	1.0210739	0.4155146	0.6126122	1.0	1326	tags=20%, list=11%, signal=23%	
POSITIVE REGULATION OF MRNA SPLICING, VIA SPLICEOSOME%GOBP%GO:0048026	POSITIVE REGULATION OF MRNA SPLICING, VIA SPLICEOSOME%GOBP%GO:0048026		16	0.4200143	1.0210267	0.45175835	0.6124767	1.0	3891	tags=50%, list=32%, signal=74%	
PID_MYC_REPRESS_PATHWAY%MSIGDB_C2%PID_MYC_REPRESS_PATHWAY	PID_MYC_REPRESS_PATHWAY%MSIGDB_C2%PID_MYC_REPRESS_PATHWAY		42	0.33873498	1.0209275	0.42675158	0.61244833	1.0	583	tags=10%, list=5%, signal=10%	
AUTOPHAGY%REACTOME%R-HSA-9612973.4	AUTOPHAGY%REACTOME%R-HSA-9612973.4		125	0.2877933	1.0207151	0.41799307	0.6126662	1.0	2279	tags=27%, list=19%, signal=33%	
HCMV LATE EVENTS%REACTOME DATABASE ID RELEASE 93%9610379	HCMV LATE EVENTS%REACTOME DATABASE ID RELEASE 93%9610379		47	0.3347138	1.0204319	0.4328	0.6130498	1.0	2880	tags=38%, list=24%, signal=50%	
NONSENSE-MEDIATED DECAY (NMD)%REACTOME%R-HSA-927802.4	NONSENSE-MEDIATED DECAY (NMD)%REACTOME%R-HSA-927802.4		109	0.2904074	1.0203195	0.4174894	0.61306584	1.0	3593	tags=37%, list=30%, signal=52%	
ORGANOPHOSPHATE ESTER TRANSPORT%GOBP%GO:0015748	ORGANOPHOSPHATE ESTER TRANSPORT%GOBP%GO:0015748		97	0.29619405	1.0202758	0.40848055	0.61291414	1.0	1260	tags=14%, list=10%, signal=16%	
SARS-COV-1 MODULATES HOST TRANSLATION MACHINERY%REACTOME DATABASE ID RELEASE 93%9735869	SARS-COV-1 MODULATES HOST TRANSLATION MACHINERY%REACTOME DATABASE ID RELEASE 93%9735869		34	0.3530233	1.0198901	0.43633413	0.6135023	1.0	2782	tags=29%, list=23%, signal=38%	
REGULATION OF RECEPTOR-MEDIATED ENDOCYTOSIS%GOBP%GO:0048259	REGULATION OF RECEPTOR-MEDIATED ENDOCYTOSIS%GOBP%GO:0048259		62	0.31411904	1.0193399	0.4143731	0.61442107	1.0	1916	tags=19%, list=16%, signal=23%	
TCF DEPENDENT SIGNALING IN RESPONSE TO WNT%REACTOME DATABASE ID RELEASE 93%201681	TCF DEPENDENT SIGNALING IN RESPONSE TO WNT%REACTOME DATABASE ID RELEASE 93%201681		132	0.2832194	1.0193112	0.4183536	0.6142448	1.0	2138	tags=27%, list=18%, signal=32%	
PROTON MOTIVE FORCE-DRIVEN ATP SYNTHESIS%GOBP%GO:0015986	PROTON MOTIVE FORCE-DRIVEN ATP SYNTHESIS%GOBP%GO:0015986		42	0.34264877	1.0191554	0.43138802	0.61433524	1.0	2082	tags=21%, list=17%, signal=26%	
FORMATION OF THE POLYBROMO-BAF (PBAF) COMPLEX%REACTOME DATABASE ID RELEASE 93%9933939	FORMATION OF THE POLYBROMO-BAF (PBAF) COMPLEX%REACTOME DATABASE ID RELEASE 93%9933939		18	0.4089062	1.0190063	0.44415128	0.6144178	1.0	3445	tags=44%, list=29%, signal=62%	
SIGNALING EVENTS MEDIATED BY HEPATOCYTE GROWTH FACTOR RECEPTOR (C-MET)%PATHWAY INTERACTION DATABASE NCI-NATURE CURATED DATA%SIGNALING EVENTS MEDIATED BY HEPATOCYTE GROWTH FACTOR RECEPTOR (C-MET)	SIGNALING EVENTS MEDIATED BY HEPATOCYTE GROWTH FACTOR RECEPTOR (C-MET)%PATHWAY INTERACTION DATABASE NCI-NATURE CURATED DATA%SIGNALING EVENTS MEDIATED BY HEPATOCYTE GROWTH FACTOR RECEPTOR (C-MET)		75	0.30890286	1.018659	0.42639595	0.6149046	1.0	2398	tags=27%, list=20%, signal=33%	
SPROUTING ANGIOGENESIS%GOBP%GO:0002040	SPROUTING ANGIOGENESIS%GOBP%GO:0002040		34	0.35359156	1.0183562	0.42595673	0.6153133	1.0	1866	tags=32%, list=15%, signal=38%	
MEMBRANE ASSEMBLY%GOBP%GO:0071709	MEMBRANE ASSEMBLY%GOBP%GO:0071709		47	0.330282	1.0182163	0.4136	0.6153795	1.0	1737	tags=23%, list=14%, signal=27%	
ECM PROTEOGLYCANS%REACTOME DATABASE ID RELEASE 93%3000178	ECM PROTEOGLYCANS%REACTOME DATABASE ID RELEASE 93%3000178		29	0.3672831	1.0179836	0.43729097	0.61562765	1.0	2508	tags=34%, list=21%, signal=43%	
HEAD AND NECK SQUAMOUS CELL CARCINOMA%WIKIPATHWAYS_20250810%WP4674%HOMO SAPIENS	HEAD AND NECK SQUAMOUS CELL CARCINOMA%WIKIPATHWAYS_20250810%WP4674%HOMO SAPIENS		63	0.3180722	1.0177792	0.4325971	0.6158257	1.0	1778	tags=19%, list=15%, signal=22%	
METANEPHROS DEVELOPMENT%GOBP%GO:0001656	METANEPHROS DEVELOPMENT%GOBP%GO:0001656		22	0.38787645	1.0172731	0.44339624	0.6166336	1.0	1091	tags=18%, list=9%, signal=20%	
RAS SIGNALING PATHWAY%SMPDB%SMP0063784	RAS SIGNALING PATHWAY%SMPDB%SMP0063784		24	0.37896672	1.0169427	0.4374489	0.6170977	1.0	2333	tags=38%, list=19%, signal=46%	
FATTY ACID BIOSYNTHETIC PROCESS%GOBP%GO:0006633	FATTY ACID BIOSYNTHETIC PROCESS%GOBP%GO:0006633		58	0.31823406	1.0163561	0.42978394	0.6181172	1.0	2187	tags=28%, list=18%, signal=34%	
POSTSYNAPTIC SIGNAL TRANSDUCTION%GOBP%GO:0098926	POSTSYNAPTIC SIGNAL TRANSDUCTION%GOBP%GO:0098926		16	0.4113181	1.016341	0.4364261	0.6179098	1.0	2587	tags=38%, list=21%, signal=48%	
INTERCONVERSION OF NUCLEOTIDE DI- AND TRIPHOSPHATES%REACTOME DATABASE ID RELEASE 93%499943	INTERCONVERSION OF NUCLEOTIDE DI- AND TRIPHOSPHATES%REACTOME DATABASE ID RELEASE 93%499943		22	0.38697156	1.0152717	0.43247864	0.6199405	1.0	2549	tags=32%, list=21%, signal=40%	
TRANSPORT OF MATURE TRANSCRIPT TO CYTOPLASM%REACTOME%R-HSA-72202.4	TRANSPORT OF MATURE TRANSCRIPT TO CYTOPLASM%REACTOME%R-HSA-72202.4		75	0.30877823	1.0147457	0.44050258	0.6208321	1.0	2729	tags=29%, list=23%, signal=38%	
SLC-MEDIATED TRANSMEMBRANE TRANSPORT%REACTOME DATABASE ID RELEASE 93%425407	SLC-MEDIATED TRANSMEMBRANE TRANSPORT%REACTOME DATABASE ID RELEASE 93%425407		132	0.28259903	1.0140834	0.42165434	0.6219586	1.0	2110	tags=23%, list=18%, signal=27%	
CELLULAR COMPONENT MAINTENANCE%GOBP%GO:0043954	CELLULAR COMPONENT MAINTENANCE%GOBP%GO:0043954		24	0.38313994	1.0140613	0.44705883	0.62176055	1.0	2341	tags=33%, list=19%, signal=41%	
MESODERM DEVELOPMENT%GOBP%GO:0007498	MESODERM DEVELOPMENT%GOBP%GO:0007498		29	0.361124	1.0140213	0.4368687	0.62160516	1.0	117	tags=7%, list=1%, signal=7%	
NEURAL CREST DIFFERENTIATION%WIKIPATHWAYS_20250810%WP2064%HOMO SAPIENS	NEURAL CREST DIFFERENTIATION%WIKIPATHWAYS_20250810%WP2064%HOMO SAPIENS		50	0.3260251	1.01402	0.42923796	0.62136763	1.0	718	tags=12%, list=6%, signal=13%	
ANDROGENRECEPTOR%IOB%ANDROGENRECEPTOR	ANDROGENRECEPTOR%IOB%ANDROGENRECEPTOR		84	0.29909304	1.0137278	0.43326038	0.62174916	1.0	2479	tags=29%, list=21%, signal=36%	
REGULATION OF AMYLOID-BETA FORMATION%GOBP%GO:1902003	REGULATION OF AMYLOID-BETA FORMATION%GOBP%GO:1902003		28	0.36601415	1.0136664	0.4417435	0.6216432	1.0	1389	tags=21%, list=12%, signal=24%	
REGULATION OF JUN KINASE ACTIVITY%GOBP%GO:0043506	REGULATION OF JUN KINASE ACTIVITY%GOBP%GO:0043506		17	0.41609085	1.0129461	0.46386093	0.6229267	1.0	793	tags=18%, list=7%, signal=19%	
INTERLEUKIN RECEPTOR SHC SIGNALING%REACTOME DATABASE ID RELEASE 93%912526	INTERLEUKIN RECEPTOR SHC SIGNALING%REACTOME DATABASE ID RELEASE 93%912526		16	0.41586614	1.0127836	0.4475089	0.62301904	1.0	908	tags=25%, list=8%, signal=27%	
NUCLEOTIDE-SUGAR BIOSYNTHETIC PROCESS%GOBP%GO:0009226	NUCLEOTIDE-SUGAR BIOSYNTHETIC PROCESS%GOBP%GO:0009226		22	0.39267173	1.0127168	0.44038293	0.62292016	1.0	3123	tags=59%, list=26%, signal=80%	
CELECOXIB ACTION PATHWAY%SMPDB%SMP0000096	CELECOXIB ACTION PATHWAY%SMPDB%SMP0000096		16	0.41104543	1.0124106	0.4560932	0.6233491	1.0	507	tags=19%, list=4%, signal=20%	
ENDOPLASMIC RETICULUM CALCIUM ION HOMEOSTASIS%GOBP%GO:0032469	ENDOPLASMIC RETICULUM CALCIUM ION HOMEOSTASIS%GOBP%GO:0032469		18	0.4072268	1.0122947	0.4513889	0.62334996	1.0	312	tags=11%, list=3%, signal=11%	
EMBRYONIC STEM CELL PLURIPOTENCY PATHWAYS%WIKIPATHWAYS_20250810%WP3931%HOMO SAPIENS	EMBRYONIC STEM CELL PLURIPOTENCY PATHWAYS%WIKIPATHWAYS_20250810%WP3931%HOMO SAPIENS		63	0.31656745	1.0122395	0.4407039	0.6232177	1.0	1326	tags=19%, list=11%, signal=21%	
PORPHYRIN METABOLISM%REACTOME DATABASE ID RELEASE 93%189445	PORPHYRIN METABOLISM%REACTOME DATABASE ID RELEASE 93%189445		16	0.41761142	1.0119003	0.46374217	0.6237032	1.0	338	tags=13%, list=3%, signal=13%	
MAPK CASCADE%WIKIPATHWAYS_20250810%WP422%HOMO SAPIENS	MAPK CASCADE%WIKIPATHWAYS_20250810%WP422%HOMO SAPIENS		29	0.3642371	1.0114601	0.44963145	0.62439835	1.0	1515	tags=31%, list=13%, signal=35%	
REGULATION OF RUNX1 EXPRESSION AND ACTIVITY%REACTOME%R-HSA-8934593.2	REGULATION OF RUNX1 EXPRESSION AND ACTIVITY%REACTOME%R-HSA-8934593.2		17	0.414553	1.0114311	0.4643494	0.6242211	1.0	768	tags=18%, list=6%, signal=19%	
RHO GTPASES ACTIVATE ROCKS%REACTOME DATABASE ID RELEASE 93%5627117	RHO GTPASES ACTIVATE ROCKS%REACTOME DATABASE ID RELEASE 93%5627117		18	0.4045648	1.0113219	0.4608014	0.6242081	1.0	1654	tags=33%, list=14%, signal=39%	
NEGATIVE REGULATION OF ANTIGEN RECEPTOR-MEDIATED SIGNALING PATHWAY%GOBP%GO:0050858	NEGATIVE REGULATION OF ANTIGEN RECEPTOR-MEDIATED SIGNALING PATHWAY%GOBP%GO:0050858		26	0.36967412	1.011082	0.4454621	0.6244755	1.0	1914	tags=27%, list=16%, signal=32%	
NUCLEIC ACID TRANSPORT%GOBP%GO:0050657	NUCLEIC ACID TRANSPORT%GOBP%GO:0050657		90	0.29427722	1.0110021	0.44037357	0.62439835	1.0	2323	tags=23%, list=19%, signal=29%	
POSITIVE REGULATION OF TOR SIGNALING%GOBP%GO:0032008	POSITIVE REGULATION OF TOR SIGNALING%GOBP%GO:0032008		61	0.31781998	1.010797	0.44207317	0.6245964	1.0	2495	tags=26%, list=21%, signal=33%	
REGULATION OF LYMPHOCYTE APOPTOTIC PROCESS%GOBP%GO:0070228	REGULATION OF LYMPHOCYTE APOPTOTIC PROCESS%GOBP%GO:0070228		25	0.37630314	1.0100933	0.43537414	0.62582827	1.0	429	tags=16%, list=4%, signal=17%	
STEM CELL DEVELOPMENT%GOBP%GO:0048864	STEM CELL DEVELOPMENT%GOBP%GO:0048864		34	0.3550882	1.0097798	0.4460133	0.62625855	1.0	3138	tags=47%, list=26%, signal=63%	
RESPIRATORY SYSTEM DEVELOPMENT%GOBP%GO:0060541	RESPIRATORY SYSTEM DEVELOPMENT%GOBP%GO:0060541		35	0.34967664	1.0088421	0.43734843	0.6280035	1.0	1044	tags=20%, list=9%, signal=22%	
PROTEIN SYNTHESIS: GLYCINE%PATHWHIZ%PW112928	PROTEIN SYNTHESIS: GLYCINE%PATHWHIZ%PW112928		75	0.30184975	1.0088059	0.4381023	0.62783754	1.0	3593	tags=36%, list=30%, signal=51%	
PROTEIN SYNTHESIS: ASPARAGINE%SMPDB%SMP0111854	PROTEIN SYNTHESIS: ASPARAGINE%SMPDB%SMP0111854		75	0.30184975	1.0087389	0.42540622	0.6277402	1.0	3593	tags=36%, list=30%, signal=51%	
PID_RHOA_REG_PATHWAY%MSIGDB_C2%PID_RHOA_REG_PATHWAY	PID_RHOA_REG_PATHWAY%MSIGDB_C2%PID_RHOA_REG_PATHWAY		30	0.36833614	1.0086303	0.44816053	0.6277325	1.0	1832	tags=27%, list=15%, signal=31%	
FOXA2 AND FOXA3 TRANSCRIPTION FACTOR NETWORKS%PATHWAY INTERACTION DATABASE NCI-NATURE CURATED DATA%FOXA2 AND FOXA3 TRANSCRIPTION FACTOR NETWORKS	FOXA2 AND FOXA3 TRANSCRIPTION FACTOR NETWORKS%PATHWAY INTERACTION DATABASE NCI-NATURE CURATED DATA%FOXA2 AND FOXA3 TRANSCRIPTION FACTOR NETWORKS		20	0.38654137	1.008431	0.4511668	0.6279038	1.0	2109	tags=40%, list=18%, signal=48%	
PID_NFAT_3PATHWAY%MSIGDB_C2%PID_NFAT_3PATHWAY	PID_NFAT_3PATHWAY%MSIGDB_C2%PID_NFAT_3PATHWAY		37	0.34607816	1.0082786	0.4564489	0.6279749	1.0	2615	tags=30%, list=22%, signal=38%	
REGULATION OF TELOMERE MAINTENANCE VIA TELOMERASE%GOBP%GO:0032210	REGULATION OF TELOMERE MAINTENANCE VIA TELOMERASE%GOBP%GO:0032210		41	0.33917502	1.0082549	0.44263566	0.6277824	1.0	2868	tags=44%, list=24%, signal=57%	
NOTCH1 INTRACELLULAR DOMAIN REGULATES TRANSCRIPTION%REACTOME DATABASE ID RELEASE 93%2122947	NOTCH1 INTRACELLULAR DOMAIN REGULATES TRANSCRIPTION%REACTOME DATABASE ID RELEASE 93%2122947		43	0.33514228	1.0079379	0.44594595	0.62822556	1.0	2099	tags=26%, list=17%, signal=31%	
S1P2 PATHWAY%PATHWAY INTERACTION DATABASE NCI-NATURE CURATED DATA%S1P2 PATHWAY	S1P2 PATHWAY%PATHWAY INTERACTION DATABASE NCI-NATURE CURATED DATA%S1P2 PATHWAY		20	0.392702	1.0079362	0.45060658	0.6279895	1.0	2714	tags=40%, list=23%, signal=52%	
REGULATION OF CHOLESTEROL EFFLUX%GOBP%GO:0010874	REGULATION OF CHOLESTEROL EFFLUX%GOBP%GO:0010874		24	0.38394237	1.0076116	0.45196325	0.62844396	1.0	1260	tags=17%, list=10%, signal=19%	
INTEGRATED CANCER PATHWAY%WIKIPATHWAYS_20250810%WP1971%HOMO SAPIENS	INTEGRATED CANCER PATHWAY%WIKIPATHWAYS_20250810%WP1971%HOMO SAPIENS		36	0.34408003	1.0071162	0.44680852	0.6292463	1.0	317	tags=8%, list=3%, signal=9%	
PID_HNF3B_PATHWAY%MSIGDB_C2%PID_HNF3B_PATHWAY	PID_HNF3B_PATHWAY%MSIGDB_C2%PID_HNF3B_PATHWAY		18	0.40428287	1.0070686	0.44866264	0.6291056	1.0	959	tags=28%, list=8%, signal=30%	
METHYLATION%GOBP%GO:0032259	METHYLATION%GOBP%GO:0032259		95	0.293574	1.0069468	0.4481534	0.62911844	1.0	2746	tags=26%, list=23%, signal=34%	
BIOCARTA_GPCR_PATHWAY%MSIGDB_C2%BIOCARTA_GPCR_PATHWAY	BIOCARTA_GPCR_PATHWAY%MSIGDB_C2%BIOCARTA_GPCR_PATHWAY		19	0.39867535	1.0063258	0.45470852	0.6301904	1.0	2398	tags=42%, list=20%, signal=52%	
PROTEIN SYNTHESIS: LEUCINE%SMPDB%SMP0111873	PROTEIN SYNTHESIS: LEUCINE%SMPDB%SMP0111873		75	0.30184975	1.0056036	0.46247157	0.6314979	1.0	3593	tags=36%, list=30%, signal=51%	
POSITIVE REGULATION OF PROTEIN SECRETION%GOBP%GO:0050714	POSITIVE REGULATION OF PROTEIN SECRETION%GOBP%GO:0050714		66	0.30904683	1.0048888	0.45007452	0.6327779	1.0	2839	tags=35%, list=24%, signal=45%	
LATE PHASE OF HIV LIFE CYCLE%REACTOME%R-HSA-162599.4	LATE PHASE OF HIV LIFE CYCLE%REACTOME%R-HSA-162599.4		123	0.28170064	1.0048156	0.43866944	0.6326853	1.0	2885	tags=28%, list=24%, signal=36%	
PROTEIN SYNTHESIS: ASPARTIC ACID%SMPDB%SMP0111858	PROTEIN SYNTHESIS: ASPARTIC ACID%SMPDB%SMP0111858		75	0.30184975	1.0047249	0.45139912	0.63263935	1.0	3593	tags=36%, list=30%, signal=51%	
NEGATIVE REGULATION OF TRANSFERASE ACTIVITY%GOBP%GO:0051348	NEGATIVE REGULATION OF TRANSFERASE ACTIVITY%GOBP%GO:0051348		69	0.307066	1.00421	0.4492424	0.63347113	1.0	2112	tags=23%, list=18%, signal=28%	
PROTEIN SYNTHESIS: VALINE%PATHWHIZ%PW120528	PROTEIN SYNTHESIS: VALINE%PATHWHIZ%PW120528		75	0.30184975	1.004019	0.44020927	0.6336378	1.0	3593	tags=36%, list=30%, signal=51%	
PROTEIN SYNTHESIS: ISOLEUCINE%SMPDB%SMP0111872	PROTEIN SYNTHESIS: ISOLEUCINE%SMPDB%SMP0111872		75	0.30184975	1.0039599	0.44661653	0.6335211	1.0	3593	tags=36%, list=30%, signal=51%	
PROTEIN-CONTAINING COMPLEX REMODELING%GOBP%GO:0034367	PROTEIN-CONTAINING COMPLEX REMODELING%GOBP%GO:0034367		15	0.4181213	1.0038475	0.45438284	0.63351923	1.0	3625	tags=53%, list=30%, signal=76%	
RECRUITMENT OF NUMA TO MITOTIC CENTROSOMES%REACTOME DATABASE ID RELEASE 93%380320	RECRUITMENT OF NUMA TO MITOTIC CENTROSOMES%REACTOME DATABASE ID RELEASE 93%380320		74	0.30370766	1.0036975	0.44529456	0.6335916	1.0	734	tags=12%, list=6%, signal=13%	
CORTICAL CYTOSKELETON ORGANIZATION%GOBP%GO:0030865	CORTICAL CYTOSKELETON ORGANIZATION%GOBP%GO:0030865		37	0.34315032	1.0036408	0.452	0.63347405	1.0	2674	tags=41%, list=22%, signal=52%	
FGFR1 MUTANT RECEPTOR ACTIVATION%REACTOME DATABASE ID RELEASE 93%1839124	FGFR1 MUTANT RECEPTOR ACTIVATION%REACTOME DATABASE ID RELEASE 93%1839124		20	0.3904984	1.0031006	0.4540728	0.63439965	1.0	937	tags=20%, list=8%, signal=22%	
LIPID METABOLISM PATHWAY%WIKIPATHWAYS_20250810%WP3965%HOMO SAPIENS	LIPID METABOLISM PATHWAY%WIKIPATHWAYS_20250810%WP3965%HOMO SAPIENS		17	0.40506908	1.0030973	0.45172414	0.6341674	1.0	2187	tags=47%, list=18%, signal=57%	
CELLULAR RESPONSE TO FLUID SHEAR STRESS%GOBP%GO:0071498	CELLULAR RESPONSE TO FLUID SHEAR STRESS%GOBP%GO:0071498		31	0.3559379	1.0022864	0.4620462	0.6356398	1.0	714	tags=16%, list=6%, signal=17%	
MITOCHONDRIAL ELECTRON TRANSPORT, NADH TO UBIQUINONE%GOBP%GO:0006120	MITOCHONDRIAL ELECTRON TRANSPORT, NADH TO UBIQUINONE%GOBP%GO:0006120		35	0.3462943	1.0021405	0.45515507	0.635715	1.0	2082	tags=23%, list=17%, signal=28%	
BMAL1:CLOCK,NPAS2 ACTIVATES CIRCADIAN EXPRESSION%REACTOME%R-HSA-1368108.8	BMAL1:CLOCK,NPAS2 ACTIVATES CIRCADIAN EXPRESSION%REACTOME%R-HSA-1368108.8		20	0.38536197	1.0020163	0.46046916	0.6357215	1.0	665	tags=15%, list=6%, signal=16%	
CELL JUNCTION MAINTENANCE%GOBP%GO:0034331	CELL JUNCTION MAINTENANCE%GOBP%GO:0034331		15	0.4216939	1.0015748	0.4658228	0.6364178	1.0	703	tags=20%, list=6%, signal=21%	
FORMATION OF THE BETA-CATENIN:TCF TRANSACTIVATING COMPLEX%REACTOME DATABASE ID RELEASE 93%201722	FORMATION OF THE BETA-CATENIN:TCF TRANSACTIVATING COMPLEX%REACTOME DATABASE ID RELEASE 93%201722		25	0.37210974	1.001312	0.4535473	0.63672894	1.0	2138	tags=28%, list=18%, signal=34%	
PROTEIN SYNTHESIS: GLUTAMIC ACID%PATHWHIZ%PW112922	PROTEIN SYNTHESIS: GLUTAMIC ACID%PATHWHIZ%PW112922		75	0.30184975	1.0004823	0.45592487	0.63822764	1.0	3593	tags=36%, list=30%, signal=51%	
POSITIVE REGULATION OF AXON EXTENSION%GOBP%GO:0045773	POSITIVE REGULATION OF AXON EXTENSION%GOBP%GO:0045773		16	0.41057214	1.0004561	0.4650133	0.6380412	1.0	1809	tags=38%, list=15%, signal=44%	
PROTEIN SYNTHESIS: ALANINE%PATHWHIZ%PW101384	PROTEIN SYNTHESIS: ALANINE%PATHWHIZ%PW101384		75	0.30184975	1.0002927	0.445977	0.638156	1.0	3593	tags=36%, list=30%, signal=51%	
PID_AURORA_A_PATHWAY%MSIGDB_C2%PID_AURORA_A_PATHWAY	PID_AURORA_A_PATHWAY%MSIGDB_C2%PID_AURORA_A_PATHWAY		24	0.37301114	1.0002081	0.46076795	0.63809675	1.0	901	tags=13%, list=7%, signal=13%	
PROTEIN SYNTHESIS: LYSINE%SMPDB%SMP0111874	PROTEIN SYNTHESIS: LYSINE%SMPDB%SMP0111874		75	0.30184975	0.99996674	0.460733	0.63835937	1.0	3593	tags=36%, list=30%, signal=51%	
REGULATION OF NUCLEOTIDE-EXCISION REPAIR%GOBP%GO:2000819	REGULATION OF NUCLEOTIDE-EXCISION REPAIR%GOBP%GO:2000819		24	0.3712981	0.99982154	0.4706369	0.6384195	1.0	3616	tags=42%, list=30%, signal=59%	
RHOA SIGNALING PATHWAY%PATHWAY INTERACTION DATABASE NCI-NATURE CURATED DATA%RHOA SIGNALING PATHWAY	RHOA SIGNALING PATHWAY%PATHWAY INTERACTION DATABASE NCI-NATURE CURATED DATA%RHOA SIGNALING PATHWAY		35	0.34823695	0.9994824	0.455655	0.6388885	1.0	2398	tags=31%, list=20%, signal=39%	
NUCLEIC ACID CATABOLIC PROCESS%GOBP%GO:0141188	NUCLEIC ACID CATABOLIC PROCESS%GOBP%GO:0141188		164	0.27261016	0.99943435	0.46560848	0.63874906	1.0	3677	tags=35%, list=31%, signal=50%	
WNT SIGNALING AND PLURIPOTENCY%WIKIPATHWAYS_20250810%WP399%HOMO SAPIENS	WNT SIGNALING AND PLURIPOTENCY%WIKIPATHWAYS_20250810%WP399%HOMO SAPIENS		70	0.3062605	0.99923116	0.46119735	0.63894004	1.0	599	tags=10%, list=5%, signal=10%	
FC RECEPTOR SIGNALING PATHWAY%GOBP%GO:0038093	FC RECEPTOR SIGNALING PATHWAY%GOBP%GO:0038093		31	0.35326666	0.99906975	0.4667788	0.6390564	1.0	854	tags=19%, list=7%, signal=21%	
PROTEIN SYNTHESIS: PROLINE%PATHWHIZ%PW113695	PROTEIN SYNTHESIS: PROLINE%PATHWHIZ%PW113695		75	0.30184975	0.99905384	0.45414847	0.63884515	1.0	3593	tags=36%, list=30%, signal=51%	
RNA TRANSPORT%GOBP%GO:0050658	RNA TRANSPORT%GOBP%GO:0050658		90	0.29427722	0.9988936	0.45543072	0.6389556	1.0	2323	tags=23%, list=19%, signal=29%	
POLY(A)+ MRNA EXPORT FROM NUCLEUS%GOBP%GO:0016973	POLY(A)+ MRNA EXPORT FROM NUCLEUS%GOBP%GO:0016973		17	0.4068992	0.99878114	0.47359154	0.6389564	1.0	2236	tags=29%, list=19%, signal=36%	
PROTEIN SYNTHESIS: THREONINE%PATHWHIZ%PW120525	PROTEIN SYNTHESIS: THREONINE%PATHWHIZ%PW120525		75	0.30184975	0.99855113	0.45982143	0.6392059	1.0	3593	tags=36%, list=30%, signal=51%	
RRNA TRANSCRIPTION%GOBP%GO:0009303	RRNA TRANSCRIPTION%GOBP%GO:0009303		16	0.4031667	0.99850935	0.46380696	0.63905954	1.0	3309	tags=31%, list=27%, signal=43%	
NUCLEOCYTOPLASMIC TRANSPORT%GOBP%GO:0006913	NUCLEOCYTOPLASMIC TRANSPORT%GOBP%GO:0006913		164	0.26956058	0.99848	0.45003355	0.63888144	1.0	2782	tags=28%, list=23%, signal=36%	
RESPONSE TO ENDOPLASMIC RETICULUM STRESS%GOBP%GO:0034976	RESPONSE TO ENDOPLASMIC RETICULUM STRESS%GOBP%GO:0034976		169	0.26957083	0.99845284	0.45935228	0.638702	1.0	2139	tags=24%, list=18%, signal=28%	
RESPONSE TO CHOLESTEROL%GOBP%GO:0070723	RESPONSE TO CHOLESTEROL%GOBP%GO:0070723		15	0.41398907	0.99829084	0.44951713	0.63879114	1.0	1866	tags=33%, list=15%, signal=39%	
PROTEIN SYNTHESIS: HISTIDINE%PATHWHIZ%PW112929	PROTEIN SYNTHESIS: HISTIDINE%PATHWHIZ%PW112929		75	0.30184975	0.9982067	0.4487659	0.63872457	1.0	3593	tags=36%, list=30%, signal=51%	
PROTEIN LOCALIZATION%REACTOME%R-HSA-9609507.4	PROTEIN LOCALIZATION%REACTOME%R-HSA-9609507.4		135	0.27888712	0.9978969	0.46054423	0.6391358	1.0	2570	tags=25%, list=21%, signal=32%	
PROTEIN SYNTHESIS: CYSTEINE%PATHWHIZ%PW112918	PROTEIN SYNTHESIS: CYSTEINE%PATHWHIZ%PW112918		75	0.30184975	0.9973113	0.4531133	0.6401286	1.0	3593	tags=36%, list=30%, signal=51%	
REGULATION OF SIGNAL TRANSDUCTION BY P53 CLASS MEDIATOR%GOBP%GO:1901796	REGULATION OF SIGNAL TRANSDUCTION BY P53 CLASS MEDIATOR%GOBP%GO:1901796		82	0.29818508	0.9972965	0.45710167	0.6399197	1.0	1800	tags=21%, list=15%, signal=24%	
PROTEIN SYNTHESIS: TYROSINE%PATHWHIZ%PW120527	PROTEIN SYNTHESIS: TYROSINE%PATHWHIZ%PW120527		75	0.30184975	0.9968169	0.4691908	0.64069074	1.0	3593	tags=36%, list=30%, signal=51%	
ANGIOTENSIN_II-STIMULATED_SIGNALING_THROUGH_G_PROTEINS_AND_BETA-ARRESTIN%PANTHER PATHWAY%P05911	ANGIOTENSIN_II-STIMULATED_SIGNALING_THROUGH_G_PROTEINS_AND_BETA-ARRESTIN%PANTHER PATHWAY%P05911		20	0.38398138	0.99635184	0.46499568	0.64143085	1.0	1326	tags=25%, list=11%, signal=28%	
PID_TRKR_PATHWAY%MSIGDB_C2%PID_TRKR_PATHWAY	PID_TRKR_PATHWAY%MSIGDB_C2%PID_TRKR_PATHWAY		39	0.3383603	0.99552876	0.47808442	0.6429227	1.0	937	tags=18%, list=8%, signal=19%	
GLYCOGEN SYNTHESIS AND DEGRADATION%WIKIPATHWAYS_20250810%WP500%HOMO SAPIENS	GLYCOGEN SYNTHESIS AND DEGRADATION%WIKIPATHWAYS_20250810%WP500%HOMO SAPIENS		26	0.35962573	0.9953288	0.4599824	0.64310765	1.0	1739	tags=23%, list=14%, signal=27%	
PROTEIN SYNTHESIS: ARGININE%SMPDB%SMP0111853	PROTEIN SYNTHESIS: ARGININE%SMPDB%SMP0111853		75	0.30184975	0.9952472	0.4637037	0.6430386	1.0	3593	tags=36%, list=30%, signal=51%	
REGULATION OF CARDIAC MUSCLE CELL CONTRACTION%GOBP%GO:0086004	REGULATION OF CARDIAC MUSCLE CELL CONTRACTION%GOBP%GO:0086004		21	0.38642818	0.9949109	0.49153978	0.6434955	1.0	644	tags=14%, list=5%, signal=15%	
REGULATION OF EXTENT OF CELL GROWTH%GOBP%GO:0061387	REGULATION OF EXTENT OF CELL GROWTH%GOBP%GO:0061387		36	0.34289074	0.99462247	0.4581641	0.6438616	1.0	1809	tags=31%, list=15%, signal=36%	
RAF ACTIVATION%REACTOME DATABASE ID RELEASE 93%5673000	RAF ACTIVATION%REACTOME DATABASE ID RELEASE 93%5673000		30	0.35254925	0.9945075	0.4594142	0.6438608	1.0	1326	tags=23%, list=11%, signal=26%	
PROTEIN SYNTHESIS: SERINE%PATHWHIZ%PW120517	PROTEIN SYNTHESIS: SERINE%PATHWHIZ%PW120517		75	0.30184975	0.9944632	0.46238938	0.6437132	1.0	3593	tags=36%, list=30%, signal=51%	
REGULATION OF TELOMERE MAINTENANCE VIA TELOMERE LENGTHENING%GOBP%GO:1904356	REGULATION OF TELOMERE MAINTENANCE VIA TELOMERE LENGTHENING%GOBP%GO:1904356		46	0.32671067	0.9943449	0.46531567	0.6437287	1.0	2868	tags=41%, list=24%, signal=54%	
HALLMARK_ANDROGEN_RESPONSE%MSIGDBHALLMARK%HALLMARK_ANDROGEN_RESPONSE	HALLMARK_ANDROGEN_RESPONSE%MSIGDBHALLMARK%HALLMARK_ANDROGEN_RESPONSE		65	0.30778223	0.9936532	0.46493903	0.6449388	1.0	939	tags=17%, list=8%, signal=18%	
MRNA MODIFICATION%GOBP%GO:0016556	MRNA MODIFICATION%GOBP%GO:0016556		15	0.4113122	0.9936455	0.4709507	0.644717	1.0	1884	tags=27%, list=16%, signal=32%	
NUCLEAR-TRANSCRIBED MRNA CATABOLIC PROCESS%GOBP%GO:0000956	NUCLEAR-TRANSCRIBED MRNA CATABOLIC PROCESS%GOBP%GO:0000956		82	0.29624924	0.9936002	0.4628788	0.6445644	1.0	3948	tags=45%, list=33%, signal=67%	
PROTEIN MODIFICATION BY SMALL PROTEIN REMOVAL%GOBP%GO:0070646	PROTEIN MODIFICATION BY SMALL PROTEIN REMOVAL%GOBP%GO:0070646		82	0.2959293	0.9933547	0.4761194	0.6448346	1.0	1027	tags=9%, list=9%, signal=9%	
PROTEIN SYNTHESIS: TRYPTOPHAN%PATHWHIZ%PW120526	PROTEIN SYNTHESIS: TRYPTOPHAN%PATHWHIZ%PW120526		75	0.30184975	0.9932179	0.47507554	0.64488083	1.0	3593	tags=36%, list=30%, signal=51%	
MAINTENANCE OF PROTEIN LOCATION IN NUCLEUS%GOBP%GO:0051457	MAINTENANCE OF PROTEIN LOCATION IN NUCLEUS%GOBP%GO:0051457		19	0.3933488	0.99309874	0.47058824	0.6448873	1.0	518	tags=16%, list=4%, signal=16%	
RESPONSE OF EIF2AK4 (GCN2) TO AMINO ACID DEFICIENCY%REACTOME DATABASE ID RELEASE 93%9633012	RESPONSE OF EIF2AK4 (GCN2) TO AMINO ACID DEFICIENCY%REACTOME DATABASE ID RELEASE 93%9633012		94	0.29006407	0.99284804	0.47296324	0.64518803	1.0	2143	tags=21%, list=18%, signal=26%	
REGULATION OF MEMBRANE DEPOLARIZATION%GOBP%GO:0003254	REGULATION OF MEMBRANE DEPOLARIZATION%GOBP%GO:0003254		19	0.38734588	0.9917309	0.45724258	0.64734066	1.0	1597	tags=32%, list=13%, signal=36%	
NUCLEAR EXPORT%GOBP%GO:0051168	NUCLEAR EXPORT%GOBP%GO:0051168		102	0.28716803	0.99121445	0.48008385	0.6481839	1.0	2782	tags=29%, list=23%, signal=38%	
PROTEIN SYNTHESIS: METHIONINE%PATHWHIZ%PW112933	PROTEIN SYNTHESIS: METHIONINE%PATHWHIZ%PW112933		75	0.30184975	0.9912031	0.47851852	0.6479671	1.0	3593	tags=36%, list=30%, signal=51%	
OSSIFICATION%GOBP%GO:0001503	OSSIFICATION%GOBP%GO:0001503		94	0.28766522	0.9912007	0.47024673	0.6477333	1.0	1749	tags=20%, list=15%, signal=23%	
TRANSLESION SYNTHESIS BY Y FAMILY DNA POLYMERASES BYPASSES LESIONS ON DNA TEMPLATE%REACTOME%R-HSA-110313.3	TRANSLESION SYNTHESIS BY Y FAMILY DNA POLYMERASES BYPASSES LESIONS ON DNA TEMPLATE%REACTOME%R-HSA-110313.3		37	0.3379222	0.9911135	0.464	0.6476809	1.0	1305	tags=22%, list=11%, signal=24%	
NEGATIVE REGULATION OF PROTEOLYSIS INVOLVED IN PROTEIN CATABOLIC PROCESS%GOBP%GO:1903051	NEGATIVE REGULATION OF PROTEOLYSIS INVOLVED IN PROTEIN CATABOLIC PROCESS%GOBP%GO:1903051		55	0.30978656	0.98954576	0.4660767	0.65072584	1.0	1945	tags=27%, list=16%, signal=32%	
IRON UPTAKE AND TRANSPORT%REACTOME DATABASE ID RELEASE 93%917937	IRON UPTAKE AND TRANSPORT%REACTOME DATABASE ID RELEASE 93%917937		49	0.3221371	0.9894053	0.4568289	0.6507957	1.0	2441	tags=27%, list=20%, signal=33%	
TRANSITION METAL ION TRANSPORT%GOBP%GO:0000041	TRANSITION METAL ION TRANSPORT%GOBP%GO:0000041		55	0.31264067	0.9891727	0.47913447	0.6510246	1.0	1435	tags=16%, list=12%, signal=18%	
DISEASES ASSOCIATED WITH O-GLYCOSYLATION OF PROTEINS%REACTOME%R-HSA-3906995.5	DISEASES ASSOCIATED WITH O-GLYCOSYLATION OF PROTEINS%REACTOME%R-HSA-3906995.5		34	0.34453315	0.98861873	0.4821718	0.65196383	1.0	1168	tags=24%, list=10%, signal=26%	
REGULATION OF MRNA PROCESSING%GOBP%GO:0050684	REGULATION OF MRNA PROCESSING%GOBP%GO:0050684		101	0.28325546	0.9884598	0.4825125	0.6520578	1.0	2329	tags=21%, list=19%, signal=26%	
RESPONSE TO XENOBIOTIC STIMULUS%GOBP%GO:0009410	RESPONSE TO XENOBIOTIC STIMULUS%GOBP%GO:0009410		104	0.28521237	0.98805547	0.47924253	0.65266305	1.0	1364	tags=16%, list=11%, signal=18%	
NEUREXINS AND NEUROLIGINS%REACTOME%R-HSA-6794361.6	NEUREXINS AND NEUROLIGINS%REACTOME%R-HSA-6794361.6		32	0.3508584	0.9878642	0.45641446	0.65282804	1.0	3121	tags=47%, list=26%, signal=63%	
ORGANIC ANION TRANSPORT%GOBP%GO:0015711	ORGANIC ANION TRANSPORT%GOBP%GO:0015711		176	0.26618695	0.98759556	0.4917709	0.6531499	1.0	2861	tags=32%, list=24%, signal=41%	
ABORTIVE ELONGATION OF HIV-1 TRANSCRIPT IN THE ABSENCE OF TAT%REACTOME%R-HSA-167242.4	ABORTIVE ELONGATION OF HIV-1 TRANSCRIPT IN THE ABSENCE OF TAT%REACTOME%R-HSA-167242.4		23	0.36918837	0.9874446	0.47603574	0.6532275	1.0	4077	tags=48%, list=34%, signal=72%	
MOLECULES ASSOCIATED WITH ELASTIC FIBRES%REACTOME DATABASE ID RELEASE 93%2129379	MOLECULES ASSOCIATED WITH ELASTIC FIBRES%REACTOME DATABASE ID RELEASE 93%2129379		23	0.37375507	0.98711497	0.48129252	0.65369093	1.0	318	tags=13%, list=3%, signal=13%	
ARACHIDONATE METABOLIC PROCESS%GOBP%GO:0019369	ARACHIDONATE METABOLIC PROCESS%GOBP%GO:0019369		27	0.3575055	0.9857188	0.48202613	0.6564217	1.0	559	tags=15%, list=5%, signal=16%	
REGULATION OF RAS PROTEIN SIGNAL TRANSDUCTION%GOBP%GO:0046578	REGULATION OF RAS PROTEIN SIGNAL TRANSDUCTION%GOBP%GO:0046578		24	0.37101498	0.9854394	0.4931153	0.6567607	1.0	2188	tags=33%, list=18%, signal=41%	
REGULATION OF PROTEIN TARGETING%GOBP%GO:1903533	REGULATION OF PROTEIN TARGETING%GOBP%GO:1903533		47	0.32173508	0.98540527	0.4890865	0.6565854	1.0	2612	tags=38%, list=22%, signal=49%	
CELLULAR RESPONSE TO PEPTIDE HORMONE STIMULUS%GOBP%GO:0071375	CELLULAR RESPONSE TO PEPTIDE HORMONE STIMULUS%GOBP%GO:0071375		119	0.27759984	0.9853944	0.48876405	0.6563666	1.0	2358	tags=34%, list=20%, signal=42%	
PID_BETA_CATENIN_NUC_PATHWAY%MSIGDB_C2%PID_BETA_CATENIN_NUC_PATHWAY	PID_BETA_CATENIN_NUC_PATHWAY%MSIGDB_C2%PID_BETA_CATENIN_NUC_PATHWAY		43	0.3285259	0.98473245	0.47527048	0.65754414	1.0	2534	tags=30%, list=21%, signal=38%	
BIOCARTA_MET_PATHWAY%MSIGDB_C2%BIOCARTA_MET_PATHWAY	BIOCARTA_MET_PATHWAY%MSIGDB_C2%BIOCARTA_MET_PATHWAY		25	0.36816594	0.98471045	0.48145026	0.6573438	1.0	2398	tags=40%, list=20%, signal=50%	
MITOCHONDRIAL RNA METABOLIC PROCESS%GOBP%GO:0000959	MITOCHONDRIAL RNA METABOLIC PROCESS%GOBP%GO:0000959		46	0.3245526	0.9846983	0.4852941	0.65713334	1.0	3850	tags=37%, list=32%, signal=54%	
BIOCARTA_IGF1R_PATHWAY%MSIGDB_C2%BIOCARTA_IGF1R_PATHWAY	BIOCARTA_IGF1R_PATHWAY%MSIGDB_C2%BIOCARTA_IGF1R_PATHWAY		17	0.40137574	0.98463905	0.49381626	0.6570116	1.0	1326	tags=35%, list=11%, signal=40%	
PROTEIN SYNTHESIS: GLUTAMINE%SMPDB%SMP0111862	PROTEIN SYNTHESIS: GLUTAMINE%SMPDB%SMP0111862		75	0.30184975	0.9845269	0.4845049	0.6570091	1.0	3593	tags=36%, list=30%, signal=51%	
TCR SIGNALING IN NAIVE CD4+ T CELLS%PATHWAY INTERACTION DATABASE NCI-NATURE CURATED DATA%TCR SIGNALING IN NAIVE CD4+ T CELLS	TCR SIGNALING IN NAIVE CD4+ T CELLS%PATHWAY INTERACTION DATABASE NCI-NATURE CURATED DATA%TCR SIGNALING IN NAIVE CD4+ T CELLS		43	0.32956353	0.9845202	0.4762671	0.6567806	1.0	2381	tags=35%, list=20%, signal=43%	
FOXO-MEDIATED TRANSCRIPTION OF OXIDATIVE STRESS, METABOLIC AND NEURONAL GENES%REACTOME%R-HSA-9615017.2	FOXO-MEDIATED TRANSCRIPTION OF OXIDATIVE STRESS, METABOLIC AND NEURONAL GENES%REACTOME%R-HSA-9615017.2		17	0.3903698	0.9843285	0.48347825	0.65695447	1.0	201	tags=12%, list=2%, signal=12%	
MUSCLE ORGAN DEVELOPMENT%GOBP%GO:0007517	MUSCLE ORGAN DEVELOPMENT%GOBP%GO:0007517		85	0.2913443	0.98407495	0.49525893	0.6572441	1.0	2177	tags=25%, list=18%, signal=30%	
MITOCHONDRIAL TRNA AMINOACYLATION%REACTOME DATABASE ID RELEASE 93%379726	MITOCHONDRIAL TRNA AMINOACYLATION%REACTOME DATABASE ID RELEASE 93%379726		18	0.3916362	0.9835717	0.47425476	0.6580577	1.0	4231	tags=50%, list=35%, signal=77%	
PID_RB_1PATHWAY%MSIGDB_C2%PID_RB_1PATHWAY	PID_RB_1PATHWAY%MSIGDB_C2%PID_RB_1PATHWAY		50	0.315699	0.9829494	0.48354232	0.65914935	1.0	1326	tags=14%, list=11%, signal=16%	
CELL-CELL JUNCTION ASSEMBLY%GOBP%GO:0007043	CELL-CELL JUNCTION ASSEMBLY%GOBP%GO:0007043		74	0.29505447	0.9827815	0.48716068	0.6592656	1.0	1911	tags=26%, list=16%, signal=30%	
CELLULAR RESPONSE TO CARBOHYDRATE STIMULUS%GOBP%GO:0071322	CELLULAR RESPONSE TO CARBOHYDRATE STIMULUS%GOBP%GO:0071322		28	0.3540617	0.98250693	0.49875104	0.6596137	1.0	2403	tags=43%, list=20%, signal=53%	
FERTILIZATION%GOBP%GO:0009566	FERTILIZATION%GOBP%GO:0009566		38	0.33715963	0.98243016	0.48887056	0.6595306	1.0	1581	tags=21%, list=13%, signal=24%	
REGULATION OF ANIMAL ORGAN MORPHOGENESIS%GOBP%GO:2000027	REGULATION OF ANIMAL ORGAN MORPHOGENESIS%GOBP%GO:2000027		21	0.38211572	0.9822847	0.48845166	0.6595788	1.0	118	tags=10%, list=1%, signal=10%	
PEPTIDE CHAIN ELONGATION%REACTOME%R-HSA-156902.4	PEPTIDE CHAIN ELONGATION%REACTOME%R-HSA-156902.4		83	0.29144058	0.9821662	0.48514116	0.6595836	1.0	3254	tags=33%, list=27%, signal=44%	
N-GLYCAN TRIMMING IN THE ER AND CALNEXIN CALRETICULIN CYCLE%REACTOME DATABASE ID RELEASE 93%532668	N-GLYCAN TRIMMING IN THE ER AND CALNEXIN CALRETICULIN CYCLE%REACTOME DATABASE ID RELEASE 93%532668		33	0.3431901	0.9821296	0.48896158	0.6594244	1.0	1965	tags=27%, list=16%, signal=33%	
ARF6 TRAFFICKING EVENTS%PATHWAY INTERACTION DATABASE NCI-NATURE CURATED DATA%ARF6 TRAFFICKING EVENTS	ARF6 TRAFFICKING EVENTS%PATHWAY INTERACTION DATABASE NCI-NATURE CURATED DATA%ARF6 TRAFFICKING EVENTS		38	0.33261362	0.98129797	0.4811245	0.66090983	1.0	1018	tags=11%, list=8%, signal=11%	
MICROGLIA PATHOGEN PHAGOCYTOSIS PATHWAY%WIKIPATHWAYS_20250810%WP3937%HOMO SAPIENS	MICROGLIA PATHOGEN PHAGOCYTOSIS PATHWAY%WIKIPATHWAYS_20250810%WP3937%HOMO SAPIENS		21	0.36934072	0.9810827	0.48119658	0.661103	1.0	824	tags=24%, list=7%, signal=26%	
PID_RHOA_PATHWAY%MSIGDB_C2%PID_RHOA_PATHWAY	PID_RHOA_PATHWAY%MSIGDB_C2%PID_RHOA_PATHWAY		27	0.35575393	0.9807929	0.4840871	0.6614744	1.0	1946	tags=26%, list=16%, signal=31%	
APOPTOSIS MODULATION BY HSP70%WIKIPATHWAYS_20250810%WP384%HOMO SAPIENS	APOPTOSIS MODULATION BY HSP70%WIKIPATHWAYS_20250810%WP384%HOMO SAPIENS		15	0.4095841	0.9803832	0.5009124	0.66208893	1.0	107	tags=7%, list=1%, signal=7%	
BEMPEDOIC ACID THERAPY IN ATHEROSCLEROSIS AND METABOLIC SYNDROME%WIKIPATHWAYS_20250810%WP5500%HOMO SAPIENS	BEMPEDOIC ACID THERAPY IN ATHEROSCLEROSIS AND METABOLIC SYNDROME%WIKIPATHWAYS_20250810%WP5500%HOMO SAPIENS		22	0.37272796	0.9789628	0.48818898	0.66482705	1.0	2200	tags=41%, list=18%, signal=50%	
PID_P38_ALPHA_BETA_DOWNSTREAM_PATHWAY%MSIGDB_C2%PID_P38_ALPHA_BETA_DOWNSTREAM_PATHWAY	PID_P38_ALPHA_BETA_DOWNSTREAM_PATHWAY%MSIGDB_C2%PID_P38_ALPHA_BETA_DOWNSTREAM_PATHWAY		25	0.35977924	0.97875744	0.48957464	0.6650185	1.0	2560	tags=40%, list=21%, signal=51%	
REGULATION OF DNA STRAND ELONGATION%GOBP%GO:0060382	REGULATION OF DNA STRAND ELONGATION%GOBP%GO:0060382		16	0.4092325	0.9786768	0.49194992	0.66493917	1.0	1595	tags=31%, list=13%, signal=36%	
NEGATIVE REGULATION OF PROTEIN LOCALIZATION TO NUCLEUS%GOBP%GO:1900181	NEGATIVE REGULATION OF PROTEIN LOCALIZATION TO NUCLEUS%GOBP%GO:1900181		21	0.37235254	0.97843105	0.47696245	0.66522175	1.0	1219	tags=14%, list=10%, signal=16%	
STEROL TRANSPORT%GOBP%GO:0015918	STEROL TRANSPORT%GOBP%GO:0015918		40	0.3248987	0.97841364	0.50162864	0.66501284	1.0	1017	tags=18%, list=8%, signal=19%	
CIRCADIAN REGULATION OF GENE EXPRESSION%GOBP%GO:0032922	CIRCADIAN REGULATION OF GENE EXPRESSION%GOBP%GO:0032922		52	0.31086838	0.9783959	0.4950115	0.66481024	1.0	665	tags=13%, list=6%, signal=14%	
RESPONSE TO VITAMIN%GOBP%GO:0033273	RESPONSE TO VITAMIN%GOBP%GO:0033273		15	0.41141877	0.9773192	0.4965157	0.6668481	1.0	1165	tags=27%, list=10%, signal=29%	
CYCLIN D ASSOCIATED EVENTS IN G1%REACTOME%R-HSA-69231.11	CYCLIN D ASSOCIATED EVENTS IN G1%REACTOME%R-HSA-69231.11		45	0.31922445	0.9771835	0.4815106	0.66690534	1.0	2238	tags=22%, list=19%, signal=27%	
PID_EPHB_FWD_PATHWAY%MSIGDB_C2%PID_EPHB_FWD_PATHWAY	PID_EPHB_FWD_PATHWAY%MSIGDB_C2%PID_EPHB_FWD_PATHWAY		32	0.34319884	0.97645605	0.5081833	0.6682372	1.0	2333	tags=34%, list=19%, signal=43%	
DISORDERS OF MITOCHONDRIAL HOMEOSTATIS DYNAMICS PROTEIN IMPORT AND QUALITY CONTROL%WIKIPATHWAYS_20250810%WP5504%HOMO SAPIENS	DISORDERS OF MITOCHONDRIAL HOMEOSTATIS DYNAMICS PROTEIN IMPORT AND QUALITY CONTROL%WIKIPATHWAYS_20250810%WP5504%HOMO SAPIENS		46	0.32071686	0.97600824	0.48753017	0.66894066	1.0	3107	tags=35%, list=26%, signal=47%	
MRNA CATABOLIC PROCESS%GOBP%GO:0006402	MRNA CATABOLIC PROCESS%GOBP%GO:0006402		102	0.28193185	0.97596544	0.50326324	0.6687963	1.0	3948	tags=45%, list=33%, signal=67%	
GLUCOSE HOMEOSTASIS%GOBP%GO:0042593	GLUCOSE HOMEOSTASIS%GOBP%GO:0042593		76	0.29547775	0.9750701	0.50894773	0.6704599	1.0	2412	tags=30%, list=20%, signal=38%	
REGULATION OF COLD-INDUCED THERMOGENESIS%GOBP%GO:0120161	REGULATION OF COLD-INDUCED THERMOGENESIS%GOBP%GO:0120161		99	0.2832672	0.974965	0.49507043	0.67044306	1.0	1361	tags=15%, list=11%, signal=17%	
REGULATORY NCRNA-MEDIATED GENE SILENCING%GOBP%GO:0031047	REGULATORY NCRNA-MEDIATED GENE SILENCING%GOBP%GO:0031047		70	0.29858178	0.9744874	0.50074404	0.6712376	1.0	1528	tags=16%, list=13%, signal=18%	
ENDOSOME TO LYSOSOME TRANSPORT VIA MULTIVESICULAR BODY SORTING PATHWAY%GOBP%GO:0032510	ENDOSOME TO LYSOSOME TRANSPORT VIA MULTIVESICULAR BODY SORTING PATHWAY%GOBP%GO:0032510		17	0.3963843	0.9740927	0.4935289	0.6718241	1.0	1611	tags=29%, list=13%, signal=34%	
INTRINSIC PATHWAY FOR APOPTOSIS%REACTOME DATABASE ID RELEASE 93%109606	INTRINSIC PATHWAY FOR APOPTOSIS%REACTOME DATABASE ID RELEASE 93%109606		50	0.31439033	0.97370815	0.50277555	0.67236745	1.0	3437	tags=34%, list=29%, signal=47%	
COMPLEMENT SYSTEM IN NEURONAL DEVELOPMENT AND PLASTICITY%WIKIPATHWAYS_20250810%WP5090%HOMO SAPIENS	COMPLEMENT SYSTEM IN NEURONAL DEVELOPMENT AND PLASTICITY%WIKIPATHWAYS_20250810%WP5090%HOMO SAPIENS		51	0.3115774	0.9733008	0.4861325	0.67298156	1.0	1304	tags=18%, list=11%, signal=20%	
G1 PHASE%REACTOME%R-HSA-69236.6	G1 PHASE%REACTOME%R-HSA-69236.6		45	0.31922445	0.9732907	0.4936306	0.67275876	1.0	2238	tags=22%, list=19%, signal=27%	
COMPLEX I BIOGENESIS%REACTOME DATABASE ID RELEASE 93%6799198	COMPLEX I BIOGENESIS%REACTOME DATABASE ID RELEASE 93%6799198		58	0.30982345	0.9731467	0.49398497	0.6728046	1.0	4116	tags=43%, list=34%, signal=65%	
UNTITLED%PANTHER PATHWAY%P00019	UNTITLED%PANTHER PATHWAY%P00019		41	0.3265266	0.9729954	0.5118859	0.6728862	1.0	899	tags=15%, list=7%, signal=16%	
CARBOHYDRATE HOMEOSTASIS%GOBP%GO:0033500	CARBOHYDRATE HOMEOSTASIS%GOBP%GO:0033500		76	0.29547775	0.97288316	0.50721335	0.6728813	1.0	2412	tags=30%, list=20%, signal=38%	
POSITIVE REGULATION OF NEURON APOPTOTIC PROCESS%GOBP%GO:0043525	POSITIVE REGULATION OF NEURON APOPTOTIC PROCESS%GOBP%GO:0043525		31	0.34656072	0.97239214	0.5029636	0.6736971	1.0	1295	tags=16%, list=11%, signal=18%	
REGULATION OF MITOTIC NUCLEAR DIVISION%GOBP%GO:0007088	REGULATION OF MITOTIC NUCLEAR DIVISION%GOBP%GO:0007088		89	0.28738776	0.9722683	0.5198843	0.67371833	1.0	533	tags=8%, list=4%, signal=8%	
AMINO ACID METABOLIC PROCESS%GOBP%GO:0006520	AMINO ACID METABOLIC PROCESS%GOBP%GO:0006520		145	0.26686665	0.97212815	0.5217975	0.6737762	1.0	2702	tags=28%, list=22%, signal=36%	
TRK RECEPTOR SIGNALING MEDIATED BY PI3K AND PLC-GAMMA%PATHWAY INTERACTION DATABASE NCI-NATURE CURATED DATA%TRK RECEPTOR SIGNALING MEDIATED BY PI3K AND PLC-GAMMA	TRK RECEPTOR SIGNALING MEDIATED BY PI3K AND PLC-GAMMA%PATHWAY INTERACTION DATABASE NCI-NATURE CURATED DATA%TRK RECEPTOR SIGNALING MEDIATED BY PI3K AND PLC-GAMMA		30	0.34202415	0.9718654	0.48550725	0.6740925	1.0	2333	tags=30%, list=19%, signal=37%	
DEVELOPMENT OF URETERIC DERIVED COLLECTING SYSTEM%WIKIPATHWAYS_20250810%WP5053%HOMO SAPIENS	DEVELOPMENT OF URETERIC DERIVED COLLECTING SYSTEM%WIKIPATHWAYS_20250810%WP5053%HOMO SAPIENS		26	0.35899472	0.9713179	0.48682043	0.67500645	1.0	560	tags=12%, list=5%, signal=12%	
REGULATION OF NUCLEAR DIVISION%GOBP%GO:0051783	REGULATION OF NUCLEAR DIVISION%GOBP%GO:0051783		93	0.28234315	0.97060037	0.51502144	0.6762584	1.0	533	tags=8%, list=4%, signal=8%	
POSITIVE REGULATION OF WNT SIGNALING PATHWAY%GOBP%GO:0030177	POSITIVE REGULATION OF WNT SIGNALING PATHWAY%GOBP%GO:0030177		86	0.28510407	0.9705857	0.5131579	0.67604357	1.0	2213	tags=27%, list=18%, signal=33%	
GAUCHER DISEASE%PATHWHIZ%PW000201	GAUCHER DISEASE%PATHWHIZ%PW000201		16	0.3929606	0.97057235	0.4945946	0.67582476	1.0	968	tags=13%, list=8%, signal=14%	
TRANSPORT OF INORGANIC CATIONS ANIONS AND AMINO ACIDS OLIGOPEPTIDES%REACTOME DATABASE ID RELEASE 93%425393	TRANSPORT OF INORGANIC CATIONS ANIONS AND AMINO ACIDS OLIGOPEPTIDES%REACTOME DATABASE ID RELEASE 93%425393		56	0.30863768	0.9705082	0.5131579	0.6757193	1.0	2110	tags=25%, list=18%, signal=30%	
ESR-MEDIATED SIGNALING%REACTOME%R-HSA-8939211.6	ESR-MEDIATED SIGNALING%REACTOME%R-HSA-8939211.6		134	0.2693665	0.9702703	0.5294118	0.67598724	1.0	2436	tags=23%, list=20%, signal=29%	
L-AMINO ACID METABOLIC PROCESS%GOBP%GO:0170033	L-AMINO ACID METABOLIC PROCESS%GOBP%GO:0170033		93	0.2839491	0.9701589	0.5029455	0.6759781	1.0	2702	tags=32%, list=22%, signal=41%	
PROTEIN N-LINKED GLYCOSYLATION%GOBP%GO:0006487	PROTEIN N-LINKED GLYCOSYLATION%GOBP%GO:0006487		74	0.29384482	0.9700685	0.5243902	0.6759166	1.0	2826	tags=31%, list=23%, signal=40%	
CIRCULATORY SYSTEM PROCESS%GOBP%GO:0003013	CIRCULATORY SYSTEM PROCESS%GOBP%GO:0003013		190	0.25720927	0.96979773	0.52937335	0.6762444	1.0	1866	tags=19%, list=15%, signal=22%	
SPHINGOLIPID METABOLISM%SMPDB%SMP0000034	SPHINGOLIPID METABOLISM%SMPDB%SMP0000034		16	0.3929606	0.9697268	0.50304615	0.6761509	1.0	968	tags=13%, list=8%, signal=14%	
WNT BETA CATENIN SIGNALING IN LEUKEMIA%WIKIPATHWAYS_20250810%WP3658%HOMO SAPIENS	WNT BETA CATENIN SIGNALING IN LEUKEMIA%WIKIPATHWAYS_20250810%WP3658%HOMO SAPIENS		15	0.40296078	0.96969867	0.5101351	0.6759654	1.0	317	tags=13%, list=3%, signal=14%	
NEGATIVE REGULATION OF PROTEIN BINDING%GOBP%GO:0032091	NEGATIVE REGULATION OF PROTEIN BINDING%GOBP%GO:0032091		18	0.38804698	0.9693263	0.48662642	0.6765226	1.0	2612	tags=33%, list=22%, signal=43%	
DITERPENOID METABOLIC PROCESS%GOBP%GO:0016101	DITERPENOID METABOLIC PROCESS%GOBP%GO:0016101		34	0.33296648	0.96900594	0.5020475	0.67697185	1.0	1987	tags=26%, list=17%, signal=32%	
SIGNALING BY HIPPO%REACTOME%R-HSA-2028269.3	SIGNALING BY HIPPO%REACTOME%R-HSA-2028269.3		19	0.38241544	0.9685814	0.5159011	0.6776152	1.0	1643	tags=21%, list=14%, signal=24%	
ONCOGENIC MAPK SIGNALING%REACTOME DATABASE ID RELEASE 93%6802957	ONCOGENIC MAPK SIGNALING%REACTOME DATABASE ID RELEASE 93%6802957		68	0.29669678	0.9675709	0.4948148	0.6794726	1.0	1697	tags=24%, list=14%, signal=27%	
VASCULAR PROCESS IN CIRCULATORY SYSTEM%GOBP%GO:0003018	VASCULAR PROCESS IN CIRCULATORY SYSTEM%GOBP%GO:0003018		116	0.2756857	0.9674525	0.50985914	0.67947817	1.0	1759	tags=19%, list=15%, signal=22%	
NEGATIVE REGULATION OF EPIDERMAL GROWTH FACTOR RECEPTOR SIGNALING PATHWAY%GOBP%GO:0042059	NEGATIVE REGULATION OF EPIDERMAL GROWTH FACTOR RECEPTOR SIGNALING PATHWAY%GOBP%GO:0042059		23	0.36411935	0.96738607	0.5082109	0.6793715	1.0	3056	tags=35%, list=25%, signal=47%	
INTEGRATED STRESS RESPONSE SIGNALING%GOBP%GO:0140467	INTEGRATED STRESS RESPONSE SIGNALING%GOBP%GO:0140467		28	0.35269123	0.9663969	0.5087427	0.6812091	1.0	2398	tags=32%, list=20%, signal=40%	
MESENCHYMAL CELL MIGRATION%GOBP%GO:0090497	MESENCHYMAL CELL MIGRATION%GOBP%GO:0090497		22	0.367032	0.9663237	0.5004292	0.6811177	1.0	436	tags=18%, list=4%, signal=19%	
CELLULAR RESPONSE TO MONOSACCHARIDE STIMULUS%GOBP%GO:0071326	CELLULAR RESPONSE TO MONOSACCHARIDE STIMULUS%GOBP%GO:0071326		25	0.35756832	0.9658724	0.51053077	0.68182904	1.0	2403	tags=40%, list=20%, signal=50%	
SIGNALING BY WNT%REACTOME%R-HSA-195721.7	SIGNALING BY WNT%REACTOME%R-HSA-195721.7		198	0.2576189	0.9652651	0.5375571	0.68285805	1.0	2138	tags=24%, list=18%, signal=28%	
PROTEIN LOCALIZATION TO NUCLEUS%GOBP%GO:0034504	PROTEIN LOCALIZATION TO NUCLEUS%GOBP%GO:0034504		126	0.26955763	0.9647995	0.53125	0.683596	1.0	1528	tags=17%, list=13%, signal=19%	
NEGATIVE REGULATION OF LEUKOCYTE APOPTOTIC PROCESS%GOBP%GO:2000107	NEGATIVE REGULATION OF LEUKOCYTE APOPTOTIC PROCESS%GOBP%GO:2000107		19	0.37761194	0.9647291	0.5203816	0.6835059	1.0	1163	tags=26%, list=10%, signal=29%	
PHOTODYNAMIC THERAPY INDUCED UNFOLDED PROTEIN RESPONSE%WIKIPATHWAYS_20250810%WP3613%HOMO SAPIENS	PHOTODYNAMIC THERAPY INDUCED UNFOLDED PROTEIN RESPONSE%WIKIPATHWAYS_20250810%WP3613%HOMO SAPIENS		19	0.3824886	0.9644108	0.5008726	0.6839122	1.0	1178	tags=26%, list=10%, signal=29%	
INSULIN SIGNALLING%PATHWHIZ%PW000454	INSULIN SIGNALLING%PATHWHIZ%PW000454		15	0.40159225	0.96320325	0.50758255	0.6862624	1.0	2333	tags=53%, list=19%, signal=66%	
PID_P75_NTR_PATHWAY%MSIGDB_C2%PID_P75_NTR_PATHWAY	PID_P75_NTR_PATHWAY%MSIGDB_C2%PID_P75_NTR_PATHWAY		47	0.31575868	0.96274877	0.51666665	0.6869864	1.0	2482	tags=30%, list=21%, signal=37%	
NEGATIVE REGULATION OF BLOOD VESSEL ENDOTHELIAL CELL MIGRATION%GOBP%GO:0043537	NEGATIVE REGULATION OF BLOOD VESSEL ENDOTHELIAL CELL MIGRATION%GOBP%GO:0043537		24	0.36166903	0.9625502	0.5153374	0.6871561	1.0	2714	tags=38%, list=23%, signal=48%	
REGULATION OF RECEPTOR INTERNALIZATION%GOBP%GO:0002090	REGULATION OF RECEPTOR INTERNALIZATION%GOBP%GO:0002090		34	0.33978513	0.9618786	0.51866883	0.688322	1.0	1916	tags=24%, list=16%, signal=28%	
PANCREATIC CANCER SUBTYPES%WIKIPATHWAYS_20250810%WP5390%HOMO SAPIENS	PANCREATIC CANCER SUBTYPES%WIKIPATHWAYS_20250810%WP5390%HOMO SAPIENS		24	0.36142346	0.9617792	0.5116279	0.6882853	1.0	2246	tags=33%, list=19%, signal=41%	
HETEROTYPIC CELL-CELL ADHESION%GOBP%GO:0034113	HETEROTYPIC CELL-CELL ADHESION%GOBP%GO:0034113		19	0.38167793	0.96166897	0.5127119	0.6882663	1.0	98	tags=11%, list=1%, signal=11%	
EYE DEVELOPMENT%GOBP%GO:0001654	EYE DEVELOPMENT%GOBP%GO:0001654		106	0.27447802	0.96163416	0.5295736	0.68809414	1.0	1019	tags=11%, list=8%, signal=12%	
STRIATED MUSCLE TISSUE DEVELOPMENT%GOBP%GO:0014706	STRIATED MUSCLE TISSUE DEVELOPMENT%GOBP%GO:0014706		82	0.28592908	0.96135277	0.52971387	0.6884384	1.0	2487	tags=29%, list=21%, signal=37%	
BONE DEVELOPMENT%GOBP%GO:0060348	BONE DEVELOPMENT%GOBP%GO:0060348		56	0.30632526	0.96118325	0.5331808	0.68854046	1.0	873	tags=13%, list=7%, signal=13%	
INSERTION OF TAIL-ANCHORED PROTEINS INTO THE ENDOPLASMIC RETICULUM MEMBRANE%REACTOME DATABASE ID RELEASE 93%9609523	INSERTION OF TAIL-ANCHORED PROTEINS INTO THE ENDOPLASMIC RETICULUM MEMBRANE%REACTOME DATABASE ID RELEASE 93%9609523		16	0.39417943	0.9605522	0.5118613	0.6896047	1.0	3811	tags=50%, list=32%, signal=73%	
REGULATION OF NLRP3 INFLAMMASOME COMPLEX ASSEMBLY%GOBP%GO:1900225	REGULATION OF NLRP3 INFLAMMASOME COMPLEX ASSEMBLY%GOBP%GO:1900225		29	0.34346777	0.95993745	0.5252275	0.69063365	1.0	1340	tags=17%, list=11%, signal=19%	
CELLULAR RESPONSE TO HEXOSE STIMULUS%GOBP%GO:0071331	CELLULAR RESPONSE TO HEXOSE STIMULUS%GOBP%GO:0071331		25	0.35756832	0.9597521	0.50528026	0.69078654	1.0	2403	tags=40%, list=20%, signal=50%	
REGULATION OF CELLULAR RESPONSE TO GROWTH FACTOR STIMULUS%GOBP%GO:0090287	REGULATION OF CELLULAR RESPONSE TO GROWTH FACTOR STIMULUS%GOBP%GO:0090287		161	0.2619226	0.95974725	0.54658794	0.6905477	1.0	1190	tags=12%, list=10%, signal=14%	
REGULATION OF PLK1 ACTIVITY AT G2 M TRANSITION%REACTOME%R-HSA-2565942.5	REGULATION OF PLK1 ACTIVITY AT G2 M TRANSITION%REACTOME%R-HSA-2565942.5		80	0.28830963	0.9594612	0.5289855	0.6908941	1.0	1302	tags=16%, list=11%, signal=18%	
GLIOGENESIS%GOBP%GO:0042063	GLIOGENESIS%GOBP%GO:0042063		76	0.28685078	0.95935243	0.52692866	0.6908696	1.0	2564	tags=30%, list=21%, signal=38%	
COGNITION%GOBP%GO:0050890	COGNITION%GOBP%GO:0050890		88	0.28529727	0.95905495	0.5326087	0.6912322	1.0	2046	tags=24%, list=17%, signal=29%	
MODULATION OF EXCITATORY POSTSYNAPTIC POTENTIAL%GOBP%GO:0098815	MODULATION OF EXCITATORY POSTSYNAPTIC POTENTIAL%GOBP%GO:0098815		16	0.39408067	0.9588681	0.5235556	0.6913818	1.0	3121	tags=56%, list=26%, signal=76%	
NOTCH SIGNALING%WIKIPATHWAYS_20250810%WP61%HOMO SAPIENS	NOTCH SIGNALING%WIKIPATHWAYS_20250810%WP61%HOMO SAPIENS		35	0.33420202	0.95882493	0.5236568	0.691224	1.0	1385	tags=20%, list=12%, signal=23%	
REGULATION OF BONE MINERALIZATION%GOBP%GO:0030500	REGULATION OF BONE MINERALIZATION%GOBP%GO:0030500		36	0.32952127	0.95810527	0.5058333	0.6924923	1.0	1165	tags=17%, list=10%, signal=18%	
LAMININ INTERACTIONS%REACTOME DATABASE ID RELEASE 93%3000157	LAMININ INTERACTIONS%REACTOME DATABASE ID RELEASE 93%3000157		21	0.369043	0.95781714	0.5123675	0.6928685	1.0	1063	tags=19%, list=9%, signal=21%	
NEURAL CREST CELL MIGRATION%GOBP%GO:0001755	NEURAL CREST CELL MIGRATION%GOBP%GO:0001755		22	0.367032	0.9575539	0.526087	0.6931786	1.0	436	tags=18%, list=4%, signal=19%	
AURORA A SIGNALING%PATHWAY INTERACTION DATABASE NCI-NATURE CURATED DATA%AURORA A SIGNALING	AURORA A SIGNALING%PATHWAY INTERACTION DATABASE NCI-NATURE CURATED DATA%AURORA A SIGNALING		30	0.33920074	0.95752704	0.51690024	0.6929835	1.0	198	tags=7%, list=2%, signal=7%	
PID_SMAD2_3NUCLEAR_PATHWAY%MSIGDB_C2%PID_SMAD2_3NUCLEAR_PATHWAY	PID_SMAD2_3NUCLEAR_PATHWAY%MSIGDB_C2%PID_SMAD2_3NUCLEAR_PATHWAY		56	0.30467904	0.9571469	0.522943	0.6935515	1.0	2398	tags=27%, list=20%, signal=33%	
NUCLEAR RNA SURVEILLANCE%GOBP%GO:0071027	NUCLEAR RNA SURVEILLANCE%GOBP%GO:0071027		29	0.3475691	0.95704097	0.52531123	0.6935378	1.0	3656	tags=41%, list=30%, signal=59%	
POSTTRANSLATIONAL REGULATION OF ADHERENS JUNCTION STABILITY AND DISSASSEMBLY%PATHWAY INTERACTION DATABASE NCI-NATURE CURATED DATA%POSTTRANSLATIONAL REGULATION OF ADHERENS JUNCTION STABILITY AND DISSASSEMBLY	POSTTRANSLATIONAL REGULATION OF ADHERENS JUNCTION STABILITY AND DISSASSEMBLY%PATHWAY INTERACTION DATABASE NCI-NATURE CURATED DATA%POSTTRANSLATIONAL REGULATION OF ADHERENS JUNCTION STABILITY AND DISSASSEMBLY		42	0.31899208	0.95690346	0.5211492	0.69357985	1.0	2333	tags=29%, list=19%, signal=35%	
REGULATION OF CARBOHYDRATE BIOSYNTHETIC PROCESS%GOBP%GO:0043255	REGULATION OF CARBOHYDRATE BIOSYNTHETIC PROCESS%GOBP%GO:0043255		48	0.31076655	0.9566566	0.51318944	0.6938459	1.0	2278	tags=33%, list=19%, signal=41%	
METACHROMATIC LEUKODYSTROPHY (MLD)%SMPDB%SMP0000347	METACHROMATIC LEUKODYSTROPHY (MLD)%SMPDB%SMP0000347		16	0.3929606	0.95643115	0.5190972	0.69407374	1.0	968	tags=13%, list=8%, signal=14%	
KRABBE DISEASE%PATHWHIZ%PW000502	KRABBE DISEASE%PATHWHIZ%PW000502		16	0.3929606	0.95626444	0.5202885	0.6941743	1.0	968	tags=13%, list=8%, signal=14%	
POSITIVE REGULATION OF STEROID BIOSYNTHETIC PROCESS%GOBP%GO:0010893	POSITIVE REGULATION OF STEROID BIOSYNTHETIC PROCESS%GOBP%GO:0010893		17	0.3832736	0.95619655	0.5151515	0.6940782	1.0	1017	tags=18%, list=8%, signal=19%	
INORGANIC CATION TRANSMEMBRANE TRANSPORT%GOBP%GO:0098662	INORGANIC CATION TRANSMEMBRANE TRANSPORT%GOBP%GO:0098662		183	0.25598103	0.9558559	0.5563565	0.69455904	1.0	1547	tags=14%, list=13%, signal=16%	
FABRY DISEASE%SMPDB%SMP0000525	FABRY DISEASE%SMPDB%SMP0000525		16	0.3929606	0.95579386	0.5175664	0.69443834	1.0	968	tags=13%, list=8%, signal=14%	
5Q35 COPY NUMBER VARIATION%WIKIPATHWAYS_20250810%WP5380%HOMO SAPIENS	5Q35 COPY NUMBER VARIATION%WIKIPATHWAYS_20250810%WP5380%HOMO SAPIENS		66	0.2938496	0.95564276	0.5297256	0.69450885	1.0	2463	tags=27%, list=20%, signal=34%	
NOTCH%NETPATH%NOTCH	NOTCH%NETPATH%NOTCH		40	0.32480505	0.95554614	0.51797384	0.69447124	1.0	1004	tags=15%, list=8%, signal=16%	
BUTYRATE RESPONSE FACTOR 1 (BRF1) BINDS AND DESTABILIZES MRNA%REACTOME%R-HSA-450385.3	BUTYRATE RESPONSE FACTOR 1 (BRF1) BINDS AND DESTABILIZES MRNA%REACTOME%R-HSA-450385.3		17	0.38141608	0.95510644	0.5	0.6951563	1.0	3656	tags=53%, list=30%, signal=76%	
CELL-CELL JUNCTION ORGANIZATION%GOBP%GO:0045216	CELL-CELL JUNCTION ORGANIZATION%GOBP%GO:0045216		98	0.27740976	0.9548264	0.52391	0.69552016	1.0	2171	tags=28%, list=18%, signal=33%	
PID_P38_MKK3_6PATHWAY%MSIGDB_C2%PID_P38_MKK3_6PATHWAY	PID_P38_MKK3_6PATHWAY%MSIGDB_C2%PID_P38_MKK3_6PATHWAY		18	0.38053343	0.9539269	0.53599304	0.69717246	1.0	1930	tags=28%, list=16%, signal=33%	
INORGANIC ION IMPORT ACROSS PLASMA MEMBRANE%GOBP%GO:0099587	INORGANIC ION IMPORT ACROSS PLASMA MEMBRANE%GOBP%GO:0099587		39	0.32148728	0.95350176	0.5206271	0.6978139	1.0	2472	tags=36%, list=21%, signal=45%	
GLIAL CELL DIFFERENTIATION%GOBP%GO:0010001	GLIAL CELL DIFFERENTIATION%GOBP%GO:0010001		62	0.29638925	0.9531087	0.5273011	0.6983846	1.0	1923	tags=23%, list=16%, signal=27%	
ESTABLISHMENT OF PROTEIN LOCALIZATION TO MEMBRANE%GOBP%GO:0090150	ESTABLISHMENT OF PROTEIN LOCALIZATION TO MEMBRANE%GOBP%GO:0090150		171	0.2579503	0.95303637	0.5756972	0.69828165	1.0	3277	tags=30%, list=27%, signal=40%	
PRODUCTION OF MOLECULAR MEDIATOR OF IMMUNE RESPONSE%GOBP%GO:0002440	PRODUCTION OF MOLECULAR MEDIATOR OF IMMUNE RESPONSE%GOBP%GO:0002440		26	0.34692124	0.95286363	0.5146199	0.69840306	1.0	1546	tags=15%, list=13%, signal=18%	
INTRINSIC APOPTOTIC SIGNALING PATHWAY IN RESPONSE TO DNA DAMAGE BY P53 CLASS MEDIATOR%GOBP%GO:0042771	INTRINSIC APOPTOTIC SIGNALING PATHWAY IN RESPONSE TO DNA DAMAGE BY P53 CLASS MEDIATOR%GOBP%GO:0042771		21	0.3667082	0.95215946	0.5252525	0.6996016	1.0	1625	tags=19%, list=13%, signal=22%	
GLOBOID CELL LEUKODYSTROPHY%PATHWHIZ%PW000202	GLOBOID CELL LEUKODYSTROPHY%PATHWHIZ%PW000202		16	0.3929606	0.9514448	0.52593917	0.70084727	1.0	968	tags=13%, list=8%, signal=14%	
POSITIVE REGULATION OF SIGNAL TRANSDUCTION BY P53 CLASS MEDIATOR%GOBP%GO:1901798	POSITIVE REGULATION OF SIGNAL TRANSDUCTION BY P53 CLASS MEDIATOR%GOBP%GO:1901798		27	0.34484863	0.9512085	0.5306299	0.70110816	1.0	1420	tags=19%, list=12%, signal=21%	
LATE ENDOSOME TO VACUOLE TRANSPORT%GOBP%GO:0045324	LATE ENDOSOME TO VACUOLE TRANSPORT%GOBP%GO:0045324		34	0.32848686	0.9506075	0.5168892	0.702105	1.0	2280	tags=32%, list=19%, signal=40%	
CO-INHIBITION BY CTLA4%REACTOME DATABASE ID RELEASE 93%389513	CO-INHIBITION BY CTLA4%REACTOME DATABASE ID RELEASE 93%389513		17	0.38455418	0.95054644	0.5126523	0.7019816	1.0	854	tags=24%, list=7%, signal=25%	
THYROID HORMONES PRODUCTION AND PERIPHERAL DOWNSTREAM SIGNALING EFFECTS%WIKIPATHWAYS_20250810%WP4746%HOMO SAPIENS	THYROID HORMONES PRODUCTION AND PERIPHERAL DOWNSTREAM SIGNALING EFFECTS%WIKIPATHWAYS_20250810%WP4746%HOMO SAPIENS		60	0.29795802	0.9504247	0.5466667	0.70199686	1.0	1357	tags=20%, list=11%, signal=22%	
REGULATION OF SMOOTH MUSCLE CELL APOPTOTIC PROCESS%GOBP%GO:0034391	REGULATION OF SMOOTH MUSCLE CELL APOPTOTIC PROCESS%GOBP%GO:0034391		16	0.38610798	0.9501	0.52181655	0.70240813	1.0	713	tags=13%, list=6%, signal=13%	
REGULATION OF ACTIN NUCLEATION%GOBP%GO:0051125	REGULATION OF ACTIN NUCLEATION%GOBP%GO:0051125		20	0.3688432	0.95001054	0.51346654	0.7023435	1.0	2389	tags=35%, list=20%, signal=44%	
ATF4 ACTIVATES GENES IN RESPONSE TO ENDOPLASMIC RETICULUM STRESS%REACTOME DATABASE ID RELEASE 93%380994	ATF4 ACTIVATES GENES IN RESPONSE TO ENDOPLASMIC RETICULUM STRESS%REACTOME DATABASE ID RELEASE 93%380994		24	0.35100234	0.9489671	0.53504276	0.70428413	1.0	2649	tags=29%, list=22%, signal=37%	
CIRCADIAN RHYTHM%GOBP%GO:0007623	CIRCADIAN RHYTHM%GOBP%GO:0007623		78	0.28482255	0.94874847	0.55331415	0.7045062	1.0	665	tags=12%, list=6%, signal=12%	
SELENOAMINO ACID METABOLISM%REACTOME DATABASE ID RELEASE 93%2408522	SELENOAMINO ACID METABOLISM%REACTOME DATABASE ID RELEASE 93%2408522		95	0.2736144	0.94863856	0.5564457	0.704488	1.0	3593	tags=35%, list=30%, signal=49%	
REGULATION OF DENDRITIC SPINE DEVELOPMENT%GOBP%GO:0060998	REGULATION OF DENDRITIC SPINE DEVELOPMENT%GOBP%GO:0060998		20	0.37155828	0.9485289	0.5070922	0.70447236	1.0	1761	tags=35%, list=15%, signal=41%	
P38 MAPK PATHWAY%PANTHER PATHWAY%P05918	P38 MAPK PATHWAY%PANTHER PATHWAY%P05918		26	0.35002813	0.9483916	0.51873934	0.70451444	1.0	1930	tags=23%, list=16%, signal=27%	
POSITIVE REGULATION OF NOTCH SIGNALING PATHWAY%GOBP%GO:0045747	POSITIVE REGULATION OF NOTCH SIGNALING PATHWAY%GOBP%GO:0045747		22	0.36208135	0.9483526	0.52579033	0.7043393	1.0	2612	tags=41%, list=22%, signal=52%	
POTASSIUM ION TRANSMEMBRANE TRANSPORT%GOBP%GO:0071805	POTASSIUM ION TRANSMEMBRANE TRANSPORT%GOBP%GO:0071805		42	0.31588888	0.94831616	0.5304136	0.70416427	1.0	1195	tags=21%, list=10%, signal=24%	
MALE INFERTILITY%WIKIPATHWAYS_20250810%WP4673%HOMO SAPIENS	MALE INFERTILITY%WIKIPATHWAYS_20250810%WP4673%HOMO SAPIENS		61	0.29460275	0.9479681	0.54886633	0.70464134	1.0	1033	tags=13%, list=9%, signal=14%	
INFLUENZA INFECTION%REACTOME DATABASE ID RELEASE 93%168255	INFLUENZA INFECTION%REACTOME DATABASE ID RELEASE 93%168255		144	0.260639	0.9479161	0.56515867	0.70450807	1.0	3254	tags=31%, list=27%, signal=41%	
REGULATION OF ENDOGENOUS RETROELEMENTS BY PIWI-INTERACTING RNAS (PIRNAS)%REACTOME%R-HSA-9845323.1	REGULATION OF ENDOGENOUS RETROELEMENTS BY PIWI-INTERACTING RNAS (PIRNAS)%REACTOME%R-HSA-9845323.1		33	0.33404198	0.947841	0.5426731	0.7044144	1.0	4354	tags=48%, list=36%, signal=76%	
SYNTHESIS OF DNA%REACTOME DATABASE ID RELEASE 93%69239	SYNTHESIS OF DNA%REACTOME DATABASE ID RELEASE 93%69239		107	0.27236	0.9476919	0.5614666	0.7044853	1.0	2113	tags=23%, list=18%, signal=28%	
NEGATIVE REGULATION OF G PROTEIN-COUPLED RECEPTOR SIGNALING PATHWAY%GOBP%GO:0045744	NEGATIVE REGULATION OF G PROTEIN-COUPLED RECEPTOR SIGNALING PATHWAY%GOBP%GO:0045744		30	0.33564	0.9473382	0.54022014	0.704993	1.0	1803	tags=17%, list=15%, signal=20%	
ESTABLISHMENT OF RNA LOCALIZATION%GOBP%GO:0051236	ESTABLISHMENT OF RNA LOCALIZATION%GOBP%GO:0051236		92	0.27567503	0.94725	0.5602888	0.70492977	1.0	2323	tags=23%, list=19%, signal=28%	
REGULATION OF NEURON PROJECTION DEVELOPMENT%GOBP%GO:0010975	REGULATION OF NEURON PROJECTION DEVELOPMENT%GOBP%GO:0010975		176	0.2542192	0.94698924	0.5815324	0.7052411	1.0	1809	tags=20%, list=15%, signal=24%	
DISEASES OF GLYCOSYLATION%REACTOME%R-HSA-3781865.4	DISEASES OF GLYCOSYLATION%REACTOME%R-HSA-3781865.4		97	0.27475998	0.9467322	0.5619184	0.7055267	1.0	1805	tags=21%, list=15%, signal=24%	
BIOCARTA_VEGF_PATHWAY%MSIGDB_C2%BIOCARTA_VEGF_PATHWAY	BIOCARTA_VEGF_PATHWAY%MSIGDB_C2%BIOCARTA_VEGF_PATHWAY		18	0.37707582	0.946677	0.528584	0.70538795	1.0	2333	tags=28%, list=19%, signal=34%	
TRANSLATION INHIBITORS IN CHRONICALLY ACTIVATED PDGFRA CELLS%WIKIPATHWAYS_20250810%WP4566%HOMO SAPIENS	TRANSLATION INHIBITORS IN CHRONICALLY ACTIVATED PDGFRA CELLS%WIKIPATHWAYS_20250810%WP4566%HOMO SAPIENS		34	0.3306837	0.94662476	0.53650534	0.70525	1.0	1219	tags=21%, list=10%, signal=23%	
TELENCEPHALON DEVELOPMENT%GOBP%GO:0021537	TELENCEPHALON DEVELOPMENT%GOBP%GO:0021537		63	0.2938139	0.94659215	0.5570417	0.70507056	1.0	1531	tags=14%, list=13%, signal=16%	
REGULATION OF CELL SIZE%GOBP%GO:0008361	REGULATION OF CELL SIZE%GOBP%GO:0008361		73	0.2879844	0.94643164	0.5544193	0.705151	1.0	2735	tags=37%, list=23%, signal=48%	
MICROTUBULE CYTOSKELETON REGULATION%WIKIPATHWAYS_20250810%WP2038%HOMO SAPIENS	MICROTUBULE CYTOSKELETON REGULATION%WIKIPATHWAYS_20250810%WP2038%HOMO SAPIENS		25	0.3500595	0.9464176	0.55678904	0.70493406	1.0	1379	tags=24%, list=11%, signal=27%	
NEGATIVE REGULATION OF MUSCLE CELL DIFFERENTIATION%GOBP%GO:0051148	NEGATIVE REGULATION OF MUSCLE CELL DIFFERENTIATION%GOBP%GO:0051148		25	0.34944558	0.94530636	0.5314136	0.7070086	1.0	2220	tags=40%, list=18%, signal=49%	
DNA REPLICATION%REACTOME%R-HSA-69306.9	DNA REPLICATION%REACTOME%R-HSA-69306.9		121	0.26720878	0.94514114	0.5609929	0.7071	1.0	2136	tags=23%, list=18%, signal=28%	
MITOCHONDRIAL TRNA PROCESSING%GOBP%GO:0090646	MITOCHONDRIAL TRNA PROCESSING%GOBP%GO:0090646		16	0.38722268	0.9448486	0.5202465	0.7074536	1.0	3578	tags=50%, list=30%, signal=71%	
REGULATION OF GENERATION OF PRECURSOR METABOLITES AND ENERGY%GOBP%GO:0043467	REGULATION OF GENERATION OF PRECURSOR METABOLITES AND ENERGY%GOBP%GO:0043467		77	0.28558794	0.9444083	0.55719554	0.7081438	1.0	2279	tags=29%, list=19%, signal=35%	
METAL ION SLC TRANSPORTERS%REACTOME%R-HSA-425410.4	METAL ION SLC TRANSPORTERS%REACTOME%R-HSA-425410.4		16	0.3830355	0.9443382	0.54035085	0.70803595	1.0	1944	tags=25%, list=16%, signal=30%	
STEROID HORMONE RECEPTOR SIGNALING PATHWAY%GOBP%GO:0043401	STEROID HORMONE RECEPTOR SIGNALING PATHWAY%GOBP%GO:0043401		37	0.32496312	0.94431496	0.5534539	0.7078393	1.0	1888	tags=24%, list=16%, signal=29%	
CELLULAR RESPONSE TO XENOBIOTIC STIMULUS%GOBP%GO:0071466	CELLULAR RESPONSE TO XENOBIOTIC STIMULUS%GOBP%GO:0071466		78	0.28341633	0.94417685	0.5581738	0.7078804	1.0	1636	tags=18%, list=14%, signal=21%	
ENDOPLASMIC RETICULUM TO GOLGI VESICLE-MEDIATED TRANSPORT%GOBP%GO:0006888	ENDOPLASMIC RETICULUM TO GOLGI VESICLE-MEDIATED TRANSPORT%GOBP%GO:0006888		103	0.27402878	0.94408774	0.5761494	0.70781595	1.0	3249	tags=32%, list=27%, signal=44%	
CLOCK CONTROLLED AUTOPHAGY IN BONE METABOLISM%WIKIPATHWAYS_20250810%WP5205%HOMO SAPIENS	CLOCK CONTROLLED AUTOPHAGY IN BONE METABOLISM%WIKIPATHWAYS_20250810%WP5205%HOMO SAPIENS		45	0.310849	0.9440792	0.5429017	0.70758766	1.0	1461	tags=16%, list=12%, signal=18%	
DIGESTION%GOBP%GO:0007586	DIGESTION%GOBP%GO:0007586		32	0.3358889	0.9440137	0.5332785	0.70748436	1.0	205	tags=9%, list=2%, signal=10%	
INORGANIC CATION IMPORT ACROSS PLASMA MEMBRANE%GOBP%GO:0098659	INORGANIC CATION IMPORT ACROSS PLASMA MEMBRANE%GOBP%GO:0098659		39	0.32148728	0.9437947	0.53942955	0.70767933	1.0	2472	tags=36%, list=21%, signal=45%	
SENSORY ORGAN MORPHOGENESIS%GOBP%GO:0090596	SENSORY ORGAN MORPHOGENESIS%GOBP%GO:0090596		77	0.28412506	0.9436241	0.56287426	0.70778465	1.0	1091	tags=13%, list=9%, signal=14%	
SYNTHESIS OF ACTIVE UBIQUITIN: ROLES OF E1 AND E2 ENZYMES%REACTOME DATABASE ID RELEASE 93%8866652	SYNTHESIS OF ACTIVE UBIQUITIN: ROLES OF E1 AND E2 ENZYMES%REACTOME DATABASE ID RELEASE 93%8866652		29	0.34294948	0.9433098	0.54583335	0.70820785	1.0	2071	tags=31%, list=17%, signal=37%	
NEURON MIGRATION%GOBP%GO:0001764	NEURON MIGRATION%GOBP%GO:0001764		41	0.31488192	0.9432326	0.5653973	0.70811456	1.0	1633	tags=22%, list=14%, signal=25%	
THIOESTER METABOLIC PROCESS%GOBP%GO:0035383	THIOESTER METABOLIC PROCESS%GOBP%GO:0035383		62	0.2902102	0.9428196	0.55041075	0.70871836	1.0	2262	tags=26%, list=19%, signal=32%	
METALLOPROTEASE DUBS%REACTOME DATABASE ID RELEASE 93%5689901	METALLOPROTEASE DUBS%REACTOME DATABASE ID RELEASE 93%5689901		16	0.3909802	0.94280225	0.5369887	0.7085079	1.0	1240	tags=25%, list=10%, signal=28%	
PROSTAGLANDIN METABOLIC PROCESS%GOBP%GO:0006693	PROSTAGLANDIN METABOLIC PROCESS%GOBP%GO:0006693		20	0.37360337	0.9422361	0.55355537	0.70947236	1.0	507	tags=15%, list=4%, signal=16%	
SWI SNF CHROMATIN REMODELERS%REACTOME%R-HSA-9932451.1	SWI SNF CHROMATIN REMODELERS%REACTOME%R-HSA-9932451.1		26	0.34911108	0.9413005	0.54522616	0.7111704	1.0	3616	tags=42%, list=30%, signal=60%	
ATP-DEPENDENT CHROMATIN REMODELERS%REACTOME DATABASE ID RELEASE 93%9932444	ATP-DEPENDENT CHROMATIN REMODELERS%REACTOME DATABASE ID RELEASE 93%9932444		26	0.34911108	0.94086057	0.53794265	0.71184105	1.0	3616	tags=42%, list=30%, signal=60%	
INTRACELLULAR IRON ION HOMEOSTASIS%GOBP%GO:0006879	INTRACELLULAR IRON ION HOMEOSTASIS%GOBP%GO:0006879		45	0.31224588	0.9404824	0.5460883	0.71236396	1.0	2240	tags=29%, list=19%, signal=35%	
MODIFIED AMINO ACID METABOLIC PROCESS%GOBP%GO:0006575	MODIFIED AMINO ACID METABOLIC PROCESS%GOBP%GO:0006575		98	0.27063438	0.9404065	0.57060516	0.71227264	1.0	1681	tags=19%, list=14%, signal=22%	
NETRIN-1 SIGNALING%REACTOME DATABASE ID RELEASE 93%373752	NETRIN-1 SIGNALING%REACTOME DATABASE ID RELEASE 93%373752		28	0.34463698	0.94040513	0.54697984	0.7120272	1.0	2701	tags=43%, list=22%, signal=55%	
CHOLESTEROL TRANSPORT%GOBP%GO:0030301	CHOLESTEROL TRANSPORT%GOBP%GO:0030301		37	0.32045373	0.9401816	0.5545098	0.7122609	1.0	1017	tags=16%, list=8%, signal=18%	
PID_PLK1_PATHWAY%MSIGDB_C2%PID_PLK1_PATHWAY	PID_PLK1_PATHWAY%MSIGDB_C2%PID_PLK1_PATHWAY		31	0.3331286	0.93917805	0.5538972	0.71411806	1.0	529	tags=13%, list=4%, signal=13%	
SENSORY ORGAN DEVELOPMENT%GOBP%GO:0007423	SENSORY ORGAN DEVELOPMENT%GOBP%GO:0007423		144	0.2576284	0.9390006	0.58475155	0.71424353	1.0	1716	tags=17%, list=14%, signal=19%	
CELLULAR DETOXIFICATION%GOBP%GO:1990748	CELLULAR DETOXIFICATION%GOBP%GO:1990748		33	0.32680935	0.9388613	0.55303645	0.71428084	1.0	1658	tags=24%, list=14%, signal=28%	
NOTCH3 INTRACELLULAR DOMAIN REGULATES TRANSCRIPTION%REACTOME%R-HSA-9013508.2	NOTCH3 INTRACELLULAR DOMAIN REGULATES TRANSCRIPTION%REACTOME%R-HSA-9013508.2		18	0.36705062	0.93841225	0.53866434	0.71496457	1.0	120	tags=11%, list=1%, signal=11%	
ANCHORING OF THE BASAL BODY TO THE PLASMA MEMBRANE%REACTOME%R-HSA-5620912.4	ANCHORING OF THE BASAL BODY TO THE PLASMA MEMBRANE%REACTOME%R-HSA-5620912.4		88	0.27647114	0.93832	0.56927496	0.7149063	1.0	852	tags=11%, list=7%, signal=12%	
POSITIVE REGULATION OF AXONOGENESIS%GOBP%GO:0050772	POSITIVE REGULATION OF AXONOGENESIS%GOBP%GO:0050772		27	0.34024537	0.9371941	0.5394958	0.7170026	1.0	1809	tags=26%, list=15%, signal=30%	
MEMBRANE BIOGENESIS%GOBP%GO:0044091	MEMBRANE BIOGENESIS%GOBP%GO:0044091		50	0.3010223	0.93685424	0.5473441	0.71745217	1.0	1737	tags=22%, list=14%, signal=26%	
REGULATION OF MITOCHONDRIAL TRANSLATION%GOBP%GO:0070129	REGULATION OF MITOCHONDRIAL TRANSLATION%GOBP%GO:0070129		18	0.3742064	0.9367155	0.54950047	0.71750027	1.0	502	tags=11%, list=4%, signal=12%	
BIOCARTA_GH_PATHWAY%MSIGDB_C2%BIOCARTA_GH_PATHWAY	BIOCARTA_GH_PATHWAY%MSIGDB_C2%BIOCARTA_GH_PATHWAY		18	0.3687841	0.93649775	0.5464912	0.71772045	1.0	2333	tags=44%, list=19%, signal=55%	
PROTEINOGENIC AMINO ACID METABOLIC PROCESS%GOBP%GO:0170039	PROTEINOGENIC AMINO ACID METABOLIC PROCESS%GOBP%GO:0170039		93	0.2731957	0.9359582	0.58970696	0.7185853	1.0	2702	tags=31%, list=22%, signal=40%	
EXECUTION PHASE OF APOPTOSIS%GOBP%GO:0097194	EXECUTION PHASE OF APOPTOSIS%GOBP%GO:0097194		32	0.3276104	0.9327589	0.55592656	0.7249993	1.0	1287	tags=16%, list=11%, signal=17%	
LAMELLIPODIUM ORGANIZATION%GOBP%GO:0097581	LAMELLIPODIUM ORGANIZATION%GOBP%GO:0097581		25	0.34547338	0.93246114	0.558497	0.7253659	1.0	1424	tags=28%, list=12%, signal=32%	
SNRNA METABOLIC PROCESS%GOBP%GO:0016073	SNRNA METABOLIC PROCESS%GOBP%GO:0016073		47	0.30580115	0.9324017	0.56924313	0.7252355	1.0	3656	tags=36%, list=30%, signal=52%	
REGULATION OF MITOPHAGY%GOBP%GO:1901524	REGULATION OF MITOPHAGY%GOBP%GO:1901524		30	0.3303172	0.9320226	0.5420032	0.72576255	1.0	2697	tags=33%, list=22%, signal=43%	
REGULATION OF PLASMA LIPOPROTEIN PARTICLE LEVELS%GOBP%GO:0097006	REGULATION OF PLASMA LIPOPROTEIN PARTICLE LEVELS%GOBP%GO:0097006		35	0.32136464	0.9319714	0.5572218	0.7256271	1.0	1260	tags=17%, list=10%, signal=19%	
MEMBRANE RAFT ORGANIZATION%GOBP%GO:0031579	MEMBRANE RAFT ORGANIZATION%GOBP%GO:0031579		16	0.38160756	0.9317934	0.55789477	0.7257474	1.0	849	tags=19%, list=7%, signal=20%	
TRANSFORMING GROWTH FACTOR BETA RECEPTOR SIGNALING PATHWAY%GOBP%GO:0007179	TRANSFORMING GROWTH FACTOR BETA RECEPTOR SIGNALING PATHWAY%GOBP%GO:0007179		58	0.29652533	0.9315552	0.56677264	0.7259841	1.0	2177	tags=28%, list=18%, signal=34%	
NEGATIVE REGULATION OF PROTEIN SECRETION%GOBP%GO:0050709	NEGATIVE REGULATION OF PROTEIN SECRETION%GOBP%GO:0050709		25	0.34788176	0.931549	0.5391517	0.7257434	1.0	1570	tags=20%, list=13%, signal=23%	
POTASSIUM ION TRANSPORT%GOBP%GO:0006813	POTASSIUM ION TRANSPORT%GOBP%GO:0006813		50	0.2981654	0.93136644	0.57641584	0.725866	1.0	1860	tags=26%, list=15%, signal=31%	
FLT3 SIGNALING IN DISEASE%REACTOME%R-HSA-9682385.3	FLT3 SIGNALING IN DISEASE%REACTOME%R-HSA-9682385.3		25	0.3488317	0.9311158	0.5606695	0.7261328	1.0	2572	tags=40%, list=21%, signal=51%	
BBSOME-MEDIATED CARGO-TARGETING TO CILIUM%REACTOME%R-HSA-5620922.4	BBSOME-MEDIATED CARGO-TARGETING TO CILIUM%REACTOME%R-HSA-5620922.4		21	0.35488528	0.93098235	0.5357751	0.7261405	1.0	2690	tags=33%, list=22%, signal=43%	
CANONICAL AND NON CANONICAL TGF B SIGNALING%WIKIPATHWAYS_20250810%WP3874%HOMO SAPIENS	CANONICAL AND NON CANONICAL TGF B SIGNALING%WIKIPATHWAYS_20250810%WP3874%HOMO SAPIENS		15	0.39184502	0.9308165	0.5500894	0.72623694	1.0	1866	tags=27%, list=15%, signal=32%	
VLDLR INTERNALISATION AND DEGRADATION%REACTOME%R-HSA-8866427.5	VLDLR INTERNALISATION AND DEGRADATION%REACTOME%R-HSA-8866427.5		16	0.3802588	0.9306129	0.53812444	0.72642076	1.0	1500	tags=25%, list=12%, signal=29%	
REGULATION OF RUFFLE ASSEMBLY%GOBP%GO:1900027	REGULATION OF RUFFLE ASSEMBLY%GOBP%GO:1900027		17	0.37490645	0.93019795	0.5546002	0.72705394	1.0	2786	tags=53%, list=23%, signal=69%	
BASIGIN INTERACTIONS%REACTOME DATABASE ID RELEASE 93%210991	BASIGIN INTERACTIONS%REACTOME DATABASE ID RELEASE 93%210991		18	0.37350404	0.9299648	0.55535555	0.72727793	1.0	1692	tags=28%, list=14%, signal=32%	
PID_MET_PATHWAY%MSIGDB_C2%PID_MET_PATHWAY	PID_MET_PATHWAY%MSIGDB_C2%PID_MET_PATHWAY		59	0.29069835	0.92962486	0.57738096	0.7277413	1.0	2398	tags=27%, list=20%, signal=34%	
RHOG GTPASE CYCLE%REACTOME DATABASE ID RELEASE 93%9013408	RHOG GTPASE CYCLE%REACTOME DATABASE ID RELEASE 93%9013408		66	0.28595078	0.9294755	0.58212376	0.727807	1.0	1310	tags=20%, list=11%, signal=22%	
ACYL-COA METABOLIC PROCESS%GOBP%GO:0006637	ACYL-COA METABOLIC PROCESS%GOBP%GO:0006637		62	0.2902102	0.9293313	0.5681645	0.7278526	1.0	2262	tags=26%, list=19%, signal=32%	
SKELETAL SYSTEM DEVELOPMENT%GOBP%GO:0001501	SKELETAL SYSTEM DEVELOPMENT%GOBP%GO:0001501		142	0.25763246	0.9287571	0.6201498	0.7288248	1.0	1950	tags=19%, list=16%, signal=22%	
ICOSANOID METABOLIC PROCESS%GOBP%GO:0006690	ICOSANOID METABOLIC PROCESS%GOBP%GO:0006690		57	0.29323208	0.9286121	0.591195	0.72886705	1.0	2154	tags=25%, list=18%, signal=30%	
REGULATION OF MACROPHAGE MIGRATION%GOBP%GO:1905521	REGULATION OF MACROPHAGE MIGRATION%GOBP%GO:1905521		17	0.37477374	0.9283793	0.5575916	0.7290845	1.0	2997	tags=47%, list=25%, signal=63%	
REGULATION OF TP53 ACTIVITY THROUGH ACETYLATION%REACTOME DATABASE ID RELEASE 93%6804758	REGULATION OF TP53 ACTIVITY THROUGH ACETYLATION%REACTOME DATABASE ID RELEASE 93%6804758		28	0.33796626	0.92795295	0.565394	0.729733	1.0	4284	tags=46%, list=36%, signal=72%	
NEGATIVE REGULATION OF RESPONSE TO ENDOPLASMIC RETICULUM STRESS%GOBP%GO:1903573	NEGATIVE REGULATION OF RESPONSE TO ENDOPLASMIC RETICULUM STRESS%GOBP%GO:1903573		37	0.31418037	0.92755514	0.5698144	0.7303139	1.0	2279	tags=35%, list=19%, signal=43%	
VEGFR2 MEDIATED VASCULAR PERMEABILITY%REACTOME DATABASE ID RELEASE 93%5218920	VEGFR2 MEDIATED VASCULAR PERMEABILITY%REACTOME DATABASE ID RELEASE 93%5218920		25	0.35014287	0.92695016	0.5602716	0.73130894	1.0	2088	tags=36%, list=17%, signal=43%	
FORMATION OF THE DYSTROPHIN-GLYCOPROTEIN COMPLEX (DGC)%REACTOME%R-HSA-9913351.2	FORMATION OF THE DYSTROPHIN-GLYCOPROTEIN COMPLEX (DGC)%REACTOME%R-HSA-9913351.2		23	0.35093924	0.926071	0.58480567	0.73288244	1.0	1063	tags=17%, list=9%, signal=19%	
POSITIVE REGULATION OF CHROMOSOME ORGANIZATION%GOBP%GO:2001252	POSITIVE REGULATION OF CHROMOSOME ORGANIZATION%GOBP%GO:2001252		92	0.26995882	0.92604274	0.61654675	0.73269314	1.0	2693	tags=32%, list=22%, signal=40%	
NOTCH%IOB%NOTCH	NOTCH%IOB%NOTCH		47	0.30085278	0.9258604	0.5689935	0.7328006	1.0	1385	tags=15%, list=12%, signal=17%	
CASPASE ACTIVATION VIA EXTRINSIC APOPTOTIC SIGNALLING PATHWAY%REACTOME DATABASE ID RELEASE 93%5357769	CASPASE ACTIVATION VIA EXTRINSIC APOPTOTIC SIGNALLING PATHWAY%REACTOME DATABASE ID RELEASE 93%5357769		18	0.37205604	0.9248212	0.5641026	0.7347042	1.0	1478	tags=22%, list=12%, signal=25%	
POSITIVE REGULATION OF VIRAL PROCESS%GOBP%GO:0048524	POSITIVE REGULATION OF VIRAL PROCESS%GOBP%GO:0048524		49	0.29911086	0.9248078	0.5925059	0.73447734	1.0	2280	tags=27%, list=19%, signal=33%	
CELL SURFACE RECEPTOR PROTEIN SERINE/THREONINE KINASE SIGNALING PATHWAY%GOBP%GO:0007178	CELL SURFACE RECEPTOR PROTEIN SERINE/THREONINE KINASE SIGNALING PATHWAY%GOBP%GO:0007178		87	0.2730474	0.9245837	0.605748	0.7346753	1.0	2177	tags=25%, list=18%, signal=31%	
SODIUM ION TRANSMEMBRANE TRANSPORT%GOBP%GO:0035725	SODIUM ION TRANSMEMBRANE TRANSPORT%GOBP%GO:0035725		40	0.3146426	0.9244283	0.58090615	0.73475075	1.0	2483	tags=28%, list=21%, signal=35%	
POSITIVE REGULATION OF DNA BIOSYNTHETIC PROCESS%GOBP%GO:2000573	POSITIVE REGULATION OF DNA BIOSYNTHETIC PROCESS%GOBP%GO:2000573		35	0.31737074	0.9240345	0.5600649	0.73530287	1.0	2088	tags=29%, list=17%, signal=34%	
PROTEIN-CONTAINING COMPLEX DISASSEMBLY%GOBP%GO:0032984	PROTEIN-CONTAINING COMPLEX DISASSEMBLY%GOBP%GO:0032984		119	0.26047266	0.9237683	0.61785215	0.73559856	1.0	2280	tags=22%, list=19%, signal=27%	
PROTEIN TRANSMEMBRANE TRANSPORT%GOBP%GO:0071806	PROTEIN TRANSMEMBRANE TRANSPORT%GOBP%GO:0071806		49	0.30159125	0.9232111	0.5773116	0.73650694	1.0	2397	tags=22%, list=20%, signal=28%	
EMBRYONIC ORGAN DEVELOPMENT%GOBP%GO:0048568	EMBRYONIC ORGAN DEVELOPMENT%GOBP%GO:0048568		122	0.2588818	0.9231506	0.6147427	0.7363795	1.0	2450	tags=25%, list=20%, signal=31%	
CELLULAR RESPONSE TO GLUCOSE STARVATION%GOBP%GO:0042149	CELLULAR RESPONSE TO GLUCOSE STARVATION%GOBP%GO:0042149		40	0.31449494	0.92296153	0.57898897	0.73653275	1.0	1118	tags=15%, list=9%, signal=16%	
PID_RXR_VDR_PATHWAY%MSIGDB_C2%PID_RXR_VDR_PATHWAY	PID_RXR_VDR_PATHWAY%MSIGDB_C2%PID_RXR_VDR_PATHWAY		17	0.37043867	0.9204458	0.5641921	0.74151427	1.0	80	tags=6%, list=1%, signal=6%	
METABOLISM OF COFACTORS%REACTOME%R-HSA-8978934.6	METABOLISM OF COFACTORS%REACTOME%R-HSA-8978934.6		21	0.3537415	0.9197345	0.57614213	0.7427002	1.0	2123	tags=29%, list=18%, signal=35%	
ALPHA-AMINO ACID METABOLIC PROCESS%GOBP%GO:1901605	ALPHA-AMINO ACID METABOLIC PROCESS%GOBP%GO:1901605		103	0.26493692	0.9190542	0.624	0.7438511	1.0	2702	tags=30%, list=22%, signal=38%	
PHOTODYNAMIC THERAPY INDUCED NFE2L2 NRF2 SURVIVAL SIGNALING%WIKIPATHWAYS_20250810%WP3612%HOMO SAPIENS	PHOTODYNAMIC THERAPY INDUCED NFE2L2 NRF2 SURVIVAL SIGNALING%WIKIPATHWAYS_20250810%WP3612%HOMO SAPIENS		20	0.35589126	0.9186217	0.56912637	0.7444772	1.0	2398	tags=40%, list=20%, signal=50%	
CELLULAR RESPONSE TO OSMOTIC STRESS%GOBP%GO:0071470	CELLULAR RESPONSE TO OSMOTIC STRESS%GOBP%GO:0071470		28	0.3304625	0.9180822	0.5769547	0.74534035	1.0	1862	tags=36%, list=15%, signal=42%	
REGULATION OF CARBOHYDRATE METABOLIC PROCESS%GOBP%GO:0006109	REGULATION OF CARBOHYDRATE METABOLIC PROCESS%GOBP%GO:0006109		89	0.27052107	0.9173461	0.6213523	0.7466221	1.0	2482	tags=31%, list=21%, signal=39%	
CELL-EXTRACELLULAR MATRIX INTERACTIONS%REACTOME DATABASE ID RELEASE 93%446353	CELL-EXTRACELLULAR MATRIX INTERACTIONS%REACTOME DATABASE ID RELEASE 93%446353		15	0.38613027	0.91711277	0.58176947	0.7468483	1.0	3295	tags=60%, list=27%, signal=83%	
VITAMIN A AND CAROTENOID METABOLISM%WIKIPATHWAYS_20250810%WP716%HOMO SAPIENS	VITAMIN A AND CAROTENOID METABOLISM%WIKIPATHWAYS_20250810%WP716%HOMO SAPIENS		21	0.35048062	0.9167468	0.576481	0.7473683	1.0	1987	tags=29%, list=17%, signal=34%	
EUKARYOTIC TRANSLATION TERMINATION%REACTOME%R-HSA-72764.6	EUKARYOTIC TRANSLATION TERMINATION%REACTOME%R-HSA-72764.6		86	0.2727406	0.91661596	0.6217617	0.7473804	1.0	3254	tags=30%, list=27%, signal=41%	
NEGATIVE REGULATION OF MONOATOMIC ION TRANSPORT%GOBP%GO:0043271	NEGATIVE REGULATION OF MONOATOMIC ION TRANSPORT%GOBP%GO:0043271		41	0.30822355	0.91618204	0.57664233	0.7480173	1.0	408	tags=7%, list=3%, signal=8%	
NEGATIVE REGULATION OF BINDING%GOBP%GO:0051100	NEGATIVE REGULATION OF BINDING%GOBP%GO:0051100		29	0.33012447	0.91449624	0.58468086	0.7513112	1.0	3317	tags=38%, list=28%, signal=52%	
OOCYTE DIFFERENTIATION%GOBP%GO:0009994	OOCYTE DIFFERENTIATION%GOBP%GO:0009994		15	0.38004342	0.9144173	0.5617879	0.7512203	1.0	1146	tags=20%, list=10%, signal=22%	
REGULATION OF ENDOPLASMIC RETICULUM STRESS-INDUCED INTRINSIC APOPTOTIC SIGNALING PATHWAY%GOBP%GO:1902235	REGULATION OF ENDOPLASMIC RETICULUM STRESS-INDUCED INTRINSIC APOPTOTIC SIGNALING PATHWAY%GOBP%GO:1902235		19	0.35554716	0.9143223	0.5916955	0.7511566	1.0	2279	tags=42%, list=19%, signal=52%	
ADENYLATE CYCLASE-MODULATING G PROTEIN-COUPLED RECEPTOR SIGNALING PATHWAY%GOBP%GO:0007188	ADENYLATE CYCLASE-MODULATING G PROTEIN-COUPLED RECEPTOR SIGNALING PATHWAY%GOBP%GO:0007188		71	0.27991158	0.9142091	0.61278194	0.751133	1.0	1315	tags=17%, list=11%, signal=19%	
SULFUR AMINO ACID METABOLIC PROCESS%GOBP%GO:0000096	SULFUR AMINO ACID METABOLIC PROCESS%GOBP%GO:0000096		22	0.34769094	0.914055	0.58517885	0.75120205	1.0	2916	tags=45%, list=24%, signal=60%	
POSITIVE REGULATION OF DNA RECOMBINATION%GOBP%GO:0045911	POSITIVE REGULATION OF DNA RECOMBINATION%GOBP%GO:0045911		47	0.2972852	0.91405106	0.5839874	0.7509538	1.0	2304	tags=28%, list=19%, signal=34%	
REGULATION OF BROWN FAT CELL DIFFERENTIATION%GOBP%GO:0090335	REGULATION OF BROWN FAT CELL DIFFERENTIATION%GOBP%GO:0090335		18	0.3679276	0.9132503	0.5752688	0.7523724	1.0	731	tags=11%, list=6%, signal=12%	
OOCYTE DEVELOPMENT%GOBP%GO:0048599	OOCYTE DEVELOPMENT%GOBP%GO:0048599		15	0.38004342	0.9130941	0.5786219	0.75244236	1.0	1146	tags=20%, list=10%, signal=22%	
RESPONSE TO FLUID SHEAR STRESS%GOBP%GO:0034405	RESPONSE TO FLUID SHEAR STRESS%GOBP%GO:0034405		36	0.31237268	0.9124247	0.59967184	0.7535687	1.0	1733	tags=22%, list=14%, signal=26%	
RHOBTB GTPASE CYCLE%REACTOME%R-HSA-9706574.4	RHOBTB GTPASE CYCLE%REACTOME%R-HSA-9706574.4		35	0.317188	0.91221505	0.5962015	0.7537526	1.0	2088	tags=31%, list=17%, signal=38%	
GLYCOLIPID BIOSYNTHETIC PROCESS%GOBP%GO:0009247	GLYCOLIPID BIOSYNTHETIC PROCESS%GOBP%GO:0009247		56	0.28956386	0.9120901	0.6084942	0.75375634	1.0	3291	tags=32%, list=27%, signal=44%	
RESPONSE TO PH%GOBP%GO:0009268	RESPONSE TO PH%GOBP%GO:0009268		17	0.37272358	0.9119322	0.58566433	0.75382406	1.0	2673	tags=47%, list=22%, signal=60%	
SIGNALING BY NUCLEAR RECEPTORS%REACTOME%R-HSA-9006931.7	SIGNALING BY NUCLEAR RECEPTORS%REACTOME%R-HSA-9006931.7		185	0.24400756	0.9115807	0.67142856	0.75430465	1.0	2436	tags=23%, list=20%, signal=29%	
CELLULAR PROCESS INVOLVED IN REPRODUCTION IN MULTICELLULAR ORGANISM%GOBP%GO:0022412	CELLULAR PROCESS INVOLVED IN REPRODUCTION IN MULTICELLULAR ORGANISM%GOBP%GO:0022412		100	0.2627767	0.91133136	0.6188761	0.7545797	1.0	1369	tags=11%, list=11%, signal=12%	
POSITIVE REGULATION OF MEMBRANE PERMEABILITY%GOBP%GO:1905710	POSITIVE REGULATION OF MEMBRANE PERMEABILITY%GOBP%GO:1905710		17	0.3666727	0.91126794	0.5725456	0.7544448	1.0	2682	tags=35%, list=22%, signal=45%	
NUCLEOBASE-CONTAINING COMPOUND TRANSPORT%GOBP%GO:0015931	NUCLEOBASE-CONTAINING COMPOUND TRANSPORT%GOBP%GO:0015931		135	0.25216764	0.91059065	0.63115305	0.75558627	1.0	2736	tags=28%, list=23%, signal=36%	
POSITIVE REGULATION OF EXOCYTOSIS%GOBP%GO:0045921	POSITIVE REGULATION OF EXOCYTOSIS%GOBP%GO:0045921		47	0.2970221	0.9105508	0.5926829	0.7554051	1.0	1297	tags=19%, list=11%, signal=21%	
CELLULAR RESPONSE TO HEAT STRESS%REACTOME DATABASE ID RELEASE 93%3371556	CELLULAR RESPONSE TO HEAT STRESS%REACTOME DATABASE ID RELEASE 93%3371556		79	0.27527884	0.910515	0.62481534	0.7552281	1.0	2657	tags=29%, list=22%, signal=37%	
IMPORT ACROSS PLASMA MEMBRANE%GOBP%GO:0098739	IMPORT ACROSS PLASMA MEMBRANE%GOBP%GO:0098739		76	0.2773742	0.91047865	0.6380323	0.7550385	1.0	1944	tags=22%, list=16%, signal=27%	
REGULATION OF GTPASE ACTIVITY%GOBP%GO:0043087	REGULATION OF GTPASE ACTIVITY%GOBP%GO:0043087		97	0.2668923	0.9103629	0.63972807	0.7550269	1.0	1658	tags=16%, list=14%, signal=19%	
TARGETED AGENTS IN TRIPLE NEGATIVE BREAST CANCER%WIKIPATHWAYS_20250810%WP5215%HOMO SAPIENS	TARGETED AGENTS IN TRIPLE NEGATIVE BREAST CANCER%WIKIPATHWAYS_20250810%WP5215%HOMO SAPIENS		32	0.32153958	0.9101514	0.57487524	0.7552093	1.0	2902	tags=44%, list=24%, signal=57%	
G1 S TRANSITION%REACTOME DATABASE ID RELEASE 93%69206	G1 S TRANSITION%REACTOME DATABASE ID RELEASE 93%69206		119	0.2584822	0.90913117	0.64730006	0.757051	1.0	2272	tags=22%, list=19%, signal=27%	
REGULATION OF NERVOUS SYSTEM PROCESS%GOBP%GO:0031644	REGULATION OF NERVOUS SYSTEM PROCESS%GOBP%GO:0031644		31	0.32482013	0.90910923	0.57872343	0.7568407	1.0	3121	tags=48%, list=26%, signal=65%	
REGULATION OF TRANSCRIPTION BY RNA POLYMERASE I%GOBP%GO:0006356	REGULATION OF TRANSCRIPTION BY RNA POLYMERASE I%GOBP%GO:0006356		37	0.31441203	0.90894175	0.60385257	0.75692815	1.0	3317	tags=41%, list=28%, signal=56%	
PID_FAS_PATHWAY%MSIGDB_C2%PID_FAS_PATHWAY	PID_FAS_PATHWAY%MSIGDB_C2%PID_FAS_PATHWAY		29	0.3265931	0.9081924	0.598842	0.75821114	1.0	690	tags=10%, list=6%, signal=11%	
MODULATION OF CHEMICAL SYNAPTIC TRANSMISSION%GOBP%GO:0050804	MODULATION OF CHEMICAL SYNAPTIC TRANSMISSION%GOBP%GO:0050804		148	0.24872069	0.9071542	0.6557923	0.7601225	1.0	1368	tags=14%, list=11%, signal=15%	
PERK REGULATES GENE EXPRESSION%REACTOME%R-HSA-381042.3	PERK REGULATES GENE EXPRESSION%REACTOME%R-HSA-381042.3		29	0.32570875	0.9067638	0.60598505	0.7606773	1.0	2649	tags=24%, list=22%, signal=31%	
ADORA2B MEDIATED ANTI-INFLAMMATORY CYTOKINES PRODUCTION%REACTOME%R-HSA-9660821.4	ADORA2B MEDIATED ANTI-INFLAMMATORY CYTOKINES PRODUCTION%REACTOME%R-HSA-9660821.4		25	0.3375004	0.90674067	0.5910569	0.76046854	1.0	676	tags=8%, list=6%, signal=8%	
REGULATION OF OSSIFICATION%GOBP%GO:0030278	REGULATION OF OSSIFICATION%GOBP%GO:0030278		52	0.29056686	0.9065417	0.60925645	0.76061785	1.0	1165	tags=13%, list=10%, signal=15%	
CELLULAR RESPONSE TO HYPOXIA%GOBP%GO:0071456	CELLULAR RESPONSE TO HYPOXIA%GOBP%GO:0071456		60	0.28291768	0.90639675	0.6153251	0.7606472	1.0	1866	tags=22%, list=15%, signal=26%	
LENS DEVELOPMENT IN CAMERA-TYPE EYE%GOBP%GO:0002088	LENS DEVELOPMENT IN CAMERA-TYPE EYE%GOBP%GO:0002088		16	0.37359226	0.9061814	0.57674843	0.76082283	1.0	409	tags=19%, list=3%, signal=19%	
NITRIC OXIDE METABOLIC PROCESS%GOBP%GO:0046209	NITRIC OXIDE METABOLIC PROCESS%GOBP%GO:0046209		18	0.36322016	0.90560174	0.5855379	0.7617599	1.0	2088	tags=28%, list=17%, signal=34%	
MET IN TYPE 1 PAPILLARY RENAL CELL CARCINOMA%WIKIPATHWAYS_20250810%WP4205%HOMO SAPIENS	MET IN TYPE 1 PAPILLARY RENAL CELL CARCINOMA%WIKIPATHWAYS_20250810%WP4205%HOMO SAPIENS		42	0.30177853	0.90542597	0.61538464	0.76185745	1.0	1326	tags=21%, list=11%, signal=24%	
VIRAL MRNA TRANSLATION%REACTOME DATABASE ID RELEASE 93%192823	VIRAL MRNA TRANSLATION%REACTOME DATABASE ID RELEASE 93%192823		83	0.2690122	0.9047368	0.6354934	0.76302975	1.0	3254	tags=30%, list=27%, signal=41%	
RESPONSE TO UNFOLDED PROTEIN%GOBP%GO:0006986	RESPONSE TO UNFOLDED PROTEIN%GOBP%GO:0006986		82	0.26872253	0.9039231	0.6428055	0.76445365	1.0	1190	tags=16%, list=10%, signal=17%	
13Q12 12 COPY NUMBER VARIATION%WIKIPATHWAYS_20250810%WP5406%HOMO SAPIENS	13Q12 12 COPY NUMBER VARIATION%WIKIPATHWAYS_20250810%WP5406%HOMO SAPIENS		21	0.34905216	0.90344673	0.58833474	0.76514673	1.0	824	tags=14%, list=7%, signal=15%	
PROTEIN AUTOPHOSPHORYLATION%GOBP%GO:0046777	PROTEIN AUTOPHOSPHORYLATION%GOBP%GO:0046777		79	0.27265602	0.90338695	0.623608	0.7650136	1.0	2015	tags=22%, list=17%, signal=26%	
REGULATION OF TRANS-SYNAPTIC SIGNALING%GOBP%GO:0099177	REGULATION OF TRANS-SYNAPTIC SIGNALING%GOBP%GO:0099177		149	0.24615568	0.9029496	0.67873913	0.7656355	1.0	1368	tags=13%, list=11%, signal=15%	
ESTABLISHMENT OF PROTEIN LOCALIZATION TO PLASMA MEMBRANE%GOBP%GO:0061951	ESTABLISHMENT OF PROTEIN LOCALIZATION TO PLASMA MEMBRANE%GOBP%GO:0061951		38	0.30752963	0.90293735	0.6188558	0.7654011	1.0	1809	tags=26%, list=15%, signal=31%	
NEURAL CREST CELL DEVELOPMENT%GOBP%GO:0014032	NEURAL CREST CELL DEVELOPMENT%GOBP%GO:0014032		33	0.31550702	0.9018593	0.59001637	0.7673497	1.0	3308	tags=48%, list=27%, signal=67%	
TP53 REGULATES TRANSCRIPTION OF CELL DEATH GENES%REACTOME%R-HSA-5633008.4	TP53 REGULATES TRANSCRIPTION OF CELL DEATH GENES%REACTOME%R-HSA-5633008.4		37	0.30789933	0.9014804	0.59057075	0.7678602	1.0	574	tags=14%, list=5%, signal=14%	
PID_IL12_STAT4_PATHWAY%MSIGDB_C2%PID_IL12_STAT4_PATHWAY	PID_IL12_STAT4_PATHWAY%MSIGDB_C2%PID_IL12_STAT4_PATHWAY		15	0.3749852	0.90128696	0.5961887	0.7680052	1.0	2398	tags=33%, list=20%, signal=42%	
SIGNALING EVENTS REGULATED BY RET TYROSINE KINASE%PATHWAY INTERACTION DATABASE NCI-NATURE CURATED DATA%SIGNALING EVENTS REGULATED BY RET TYROSINE KINASE	SIGNALING EVENTS REGULATED BY RET TYROSINE KINASE%PATHWAY INTERACTION DATABASE NCI-NATURE CURATED DATA%SIGNALING EVENTS REGULATED BY RET TYROSINE KINASE		35	0.31407163	0.90035754	0.61697066	0.7696621	1.0	3597	tags=51%, list=30%, signal=73%	
REGULATION OF CELL-MATRIX ADHESION%GOBP%GO:0001952	REGULATION OF CELL-MATRIX ADHESION%GOBP%GO:0001952		80	0.2697736	0.89932555	0.65402126	0.7715364	1.0	2072	tags=26%, list=17%, signal=31%	
TERMINATION OF TRANSLESION DNA SYNTHESIS%REACTOME%R-HSA-5656169.2	TERMINATION OF TRANSLESION DNA SYNTHESIS%REACTOME%R-HSA-5656169.2		31	0.31989262	0.8989499	0.6114754	0.7720388	1.0	1305	tags=19%, list=11%, signal=22%	
SELENOCYSTEINE SYNTHESIS%REACTOME DATABASE ID RELEASE 93%2408557	SELENOCYSTEINE SYNTHESIS%REACTOME DATABASE ID RELEASE 93%2408557		86	0.2653203	0.8983655	0.6410803	0.7730113	1.0	3593	tags=35%, list=30%, signal=49%	
CD28 DEPENDENT PI3K AKT SIGNALING%REACTOME%R-HSA-389357.3	CD28 DEPENDENT PI3K AKT SIGNALING%REACTOME%R-HSA-389357.3		21	0.34643278	0.898137	0.6054654	0.77322876	1.0	1733	tags=38%, list=14%, signal=44%	
POSITIVE REGULATION OF PROTEIN LOCALIZATION TO MEMBRANE%GOBP%GO:1905477	POSITIVE REGULATION OF PROTEIN LOCALIZATION TO MEMBRANE%GOBP%GO:1905477		52	0.2851045	0.8979861	0.6277992	0.7732722	1.0	1119	tags=13%, list=9%, signal=15%	
NOTCH SIGNALING PATHWAY%PATHWAY INTERACTION DATABASE NCI-NATURE CURATED DATA%NOTCH SIGNALING PATHWAY	NOTCH SIGNALING PATHWAY%PATHWAY INTERACTION DATABASE NCI-NATURE CURATED DATA%NOTCH SIGNALING PATHWAY		48	0.2916466	0.8974652	0.61538464	0.7740944	1.0	2878	tags=29%, list=24%, signal=38%	
GLOMERULUS DEVELOPMENT%GOBP%GO:0032835	GLOMERULUS DEVELOPMENT%GOBP%GO:0032835		19	0.35783112	0.89735675	0.58524173	0.77405745	1.0	1407	tags=26%, list=12%, signal=30%	
NEGATIVE REGULATION OF MRNA PROCESSING%GOBP%GO:0050686	NEGATIVE REGULATION OF MRNA PROCESSING%GOBP%GO:0050686		15	0.373933	0.897227	0.5949367	0.7740574	1.0	1995	tags=27%, list=17%, signal=32%	
ORGANIC ACID TRANSPORT%GOBP%GO:0015849	ORGANIC ACID TRANSPORT%GOBP%GO:0015849		127	0.25333944	0.8971545	0.6684636	0.7739398	1.0	2861	tags=32%, list=24%, signal=42%	
NEF-MEDIATES DOWN MODULATION OF CELL SURFACE RECEPTORS BY RECRUITING THEM TO CLATHRIN ADAPTERS%REACTOME%R-HSA-164938.5	NEF-MEDIATES DOWN MODULATION OF CELL SURFACE RECEPTORS BY RECRUITING THEM TO CLATHRIN ADAPTERS%REACTOME%R-HSA-164938.5		17	0.36350968	0.89709944	0.6068966	0.7737913	1.0	4251	tags=59%, list=35%, signal=91%	
POSITIVE REGULATION OF PROTEIN LOCALIZATION TO CELL PERIPHERY%GOBP%GO:1904377	POSITIVE REGULATION OF PROTEIN LOCALIZATION TO CELL PERIPHERY%GOBP%GO:1904377		54	0.28562438	0.89673257	0.62261266	0.7742853	1.0	1119	tags=13%, list=9%, signal=14%	
MITOTIC G1 PHASE AND G1 S TRANSITION%REACTOME DATABASE ID RELEASE 93%453279	MITOTIC G1 PHASE AND G1 S TRANSITION%REACTOME DATABASE ID RELEASE 93%453279		135	0.24929191	0.8962559	0.6874581	0.7750031	1.0	2272	tags=22%, list=19%, signal=27%	
LIPID HOMEOSTASIS%GOBP%GO:0055088	LIPID HOMEOSTASIS%GOBP%GO:0055088		91	0.26464984	0.89601165	0.66175437	0.7752614	1.0	1118	tags=14%, list=9%, signal=16%	
INTERNALIZATION OF ERBB1%PATHWAY INTERACTION DATABASE NCI-NATURE CURATED DATA%INTERNALIZATION OF ERBB1	INTERNALIZATION OF ERBB1%PATHWAY INTERACTION DATABASE NCI-NATURE CURATED DATA%INTERNALIZATION OF ERBB1		34	0.31339812	0.89584666	0.6276252	0.7753463	1.0	2333	tags=35%, list=19%, signal=44%	
REGULATION OF PROTEIN LOCALIZATION TO CELL SURFACE%GOBP%GO:2000008	REGULATION OF PROTEIN LOCALIZATION TO CELL SURFACE%GOBP%GO:2000008		25	0.33173513	0.89575565	0.5960717	0.7752692	1.0	3310	tags=40%, list=27%, signal=55%	
15Q25 COPY NUMBER VARIATION%WIKIPATHWAYS_20250810%WP5408%HOMO SAPIENS	15Q25 COPY NUMBER VARIATION%WIKIPATHWAYS_20250810%WP5408%HOMO SAPIENS		25	0.33642095	0.8955808	0.6271748	0.77537346	1.0	1406	tags=24%, list=12%, signal=27%	
RESPONSE TO EPIDERMAL GROWTH FACTOR%GOBP%GO:0070849	RESPONSE TO EPIDERMAL GROWTH FACTOR%GOBP%GO:0070849		27	0.32571545	0.8955705	0.6105528	0.77513283	1.0	2256	tags=26%, list=19%, signal=32%	
HIV LIFE CYCLE%REACTOME%R-HSA-162587.5	HIV LIFE CYCLE%REACTOME%R-HSA-162587.5		133	0.25147378	0.89509606	0.6845071	0.7758558	1.0	3182	tags=29%, list=26%, signal=38%	
CARBOXYLIC ACID TRANSPORT%GOBP%GO:0046942	CARBOXYLIC ACID TRANSPORT%GOBP%GO:0046942		126	0.25033823	0.8950426	0.67430556	0.77570444	1.0	2861	tags=32%, list=24%, signal=41%	
CLASS I PI3K SIGNALING EVENTS%PATHWAY INTERACTION DATABASE NCI-NATURE CURATED DATA%CLASS I PI3K SIGNALING EVENTS	CLASS I PI3K SIGNALING EVENTS%PATHWAY INTERACTION DATABASE NCI-NATURE CURATED DATA%CLASS I PI3K SIGNALING EVENTS		36	0.3075814	0.8941256	0.63075656	0.777359	1.0	1516	tags=25%, list=13%, signal=29%	
SIGNALING BY ALK%REACTOME%R-HSA-201556.5	SIGNALING BY ALK%REACTOME%R-HSA-201556.5		22	0.33828273	0.8940554	0.6063919	0.7772423	1.0	937	tags=18%, list=8%, signal=20%	
METABOLIC DISORDERS OF BIOLOGICAL OXIDATION ENZYMES%REACTOME%R-HSA-5579029.5	METABOLIC DISORDERS OF BIOLOGICAL OXIDATION ENZYMES%REACTOME%R-HSA-5579029.5		17	0.36437014	0.8940198	0.61145926	0.7770477	1.0	334	tags=12%, list=3%, signal=12%	
MTOR SIGNALING PATHWAY%PATHWAY INTERACTION DATABASE NCI-NATURE CURATED DATA%MTOR SIGNALING PATHWAY	MTOR SIGNALING PATHWAY%PATHWAY INTERACTION DATABASE NCI-NATURE CURATED DATA%MTOR SIGNALING PATHWAY		65	0.2746903	0.893289	0.64132106	0.7783049	1.0	2383	tags=29%, list=20%, signal=36%	
POSITIVE REGULATION OF DOUBLE-STRAND BREAK REPAIR VIA HOMOLOGOUS RECOMBINATION%GOBP%GO:1905168	POSITIVE REGULATION OF DOUBLE-STRAND BREAK REPAIR VIA HOMOLOGOUS RECOMBINATION%GOBP%GO:1905168		36	0.30666503	0.8931126	0.636953	0.778406	1.0	2985	tags=33%, list=25%, signal=44%	
AEROBIC ELECTRON TRANSPORT CHAIN%GOBP%GO:0019646	AEROBIC ELECTRON TRANSPORT CHAIN%GOBP%GO:0019646		62	0.27596882	0.89284045	0.6382818	0.77870744	1.0	2230	tags=21%, list=19%, signal=26%	
RESPONSE TO ACETYLCHOLINE%GOBP%GO:1905144	RESPONSE TO ACETYLCHOLINE%GOBP%GO:1905144		15	0.37275222	0.89220893	0.625	0.7797602	1.0	2587	tags=33%, list=21%, signal=42%	
REGULATION OF EMBRYONIC DEVELOPMENT%GOBP%GO:0045995	REGULATION OF EMBRYONIC DEVELOPMENT%GOBP%GO:0045995		46	0.29321992	0.8920388	0.6299276	0.7798453	1.0	1945	tags=28%, list=16%, signal=34%	
DNA DAMAGE BYPASS%REACTOME%R-HSA-73893.3	DNA DAMAGE BYPASS%REACTOME%R-HSA-73893.3		46	0.2915184	0.89185023	0.63092464	0.7799547	1.0	1305	tags=20%, list=11%, signal=22%	
REACTIVE NITROGEN SPECIES METABOLIC PROCESS%GOBP%GO:2001057	REACTIVE NITROGEN SPECIES METABOLIC PROCESS%GOBP%GO:2001057		19	0.35489747	0.8915741	0.6088496	0.7802541	1.0	3936	tags=53%, list=33%, signal=78%	
MACROAUTOPHAGY%REACTOME%R-HSA-1632852.12	MACROAUTOPHAGY%REACTOME%R-HSA-1632852.12		113	0.25248677	0.89155644	0.68142855	0.7800307	1.0	2279	tags=25%, list=19%, signal=30%	
RNA DESTABILIZATION%GOBP%GO:0050779	RNA DESTABILIZATION%GOBP%GO:0050779		62	0.27555898	0.8903533	0.6560606	0.78219825	1.0	1735	tags=15%, list=14%, signal=17%	
CELLULAR RESPONSE TO ACETYLCHOLINE%GOBP%GO:1905145	CELLULAR RESPONSE TO ACETYLCHOLINE%GOBP%GO:1905145		15	0.37275222	0.89007086	0.59860384	0.7824886	1.0	2587	tags=33%, list=21%, signal=42%	
GENES CONTROLLING NEPHROGENESIS%WIKIPATHWAYS_20250810%WP4823%HOMO SAPIENS	GENES CONTROLLING NEPHROGENESIS%WIKIPATHWAYS_20250810%WP4823%HOMO SAPIENS		20	0.3469967	0.89001876	0.6143734	0.78233796	1.0	599	tags=15%, list=5%, signal=16%	
UNSATURATED FATTY ACID METABOLIC PROCESS%GOBP%GO:0033559	UNSATURATED FATTY ACID METABOLIC PROCESS%GOBP%GO:0033559		58	0.2785141	0.8889288	0.64764076	0.78432065	1.0	2114	tags=26%, list=18%, signal=31%	
REGULATION OF CDH1 POSTTRANSLATIONAL PROCESSING AND TRAFFICKING TO PLASMA MEMBRANE%REACTOME DATABASE ID RELEASE 93%9768727	REGULATION OF CDH1 POSTTRANSLATIONAL PROCESSING AND TRAFFICKING TO PLASMA MEMBRANE%REACTOME DATABASE ID RELEASE 93%9768727		32	0.31323466	0.8884535	0.62334436	0.78499687	1.0	2877	tags=34%, list=24%, signal=45%	
INTERLEUKIN-7 SIGNALING%REACTOME DATABASE ID RELEASE 93%1266695	INTERLEUKIN-7 SIGNALING%REACTOME DATABASE ID RELEASE 93%1266695		17	0.36042523	0.8878848	0.61524975	0.7858717	1.0	978	tags=24%, list=8%, signal=26%	
INFLUENZA VIRAL RNA TRANSCRIPTION AND REPLICATION%REACTOME DATABASE ID RELEASE 93%168273	INFLUENZA VIRAL RNA TRANSCRIPTION AND REPLICATION%REACTOME DATABASE ID RELEASE 93%168273		124	0.25073382	0.8877373	0.6925227	0.78589815	1.0	3254	tags=30%, list=27%, signal=40%	
OSTEOBLAST DIFFERENTIATION AND RELATED DISEASES%WIKIPATHWAYS_20250810%WP4787%HOMO SAPIENS	OSTEOBLAST DIFFERENTIATION AND RELATED DISEASES%WIKIPATHWAYS_20250810%WP4787%HOMO SAPIENS		68	0.2704232	0.8875743	0.6467066	0.7859816	1.0	640	tags=10%, list=5%, signal=11%	
RETROGRADE VESICLE-MEDIATED TRANSPORT, GOLGI TO ENDOPLASMIC RETICULUM%GOBP%GO:0006890	RETROGRADE VESICLE-MEDIATED TRANSPORT, GOLGI TO ENDOPLASMIC RETICULUM%GOBP%GO:0006890		43	0.29405382	0.887332	0.6349454	0.7862064	1.0	3068	tags=30%, list=25%, signal=40%	
MONOATOMIC CATION TRANSMEMBRANE TRANSPORT%GOBP%GO:0098655	MONOATOMIC CATION TRANSMEMBRANE TRANSPORT%GOBP%GO:0098655		188	0.23671655	0.8872982	0.73826367	0.7860107	1.0	1547	tags=14%, list=13%, signal=16%	
MUSCLE SYSTEM PROCESS%GOBP%GO:0003012	MUSCLE SYSTEM PROCESS%GOBP%GO:0003012		96	0.25655138	0.8866508	0.6750539	0.7870728	1.0	1406	tags=14%, list=12%, signal=15%	
AXONOGENESIS%GOBP%GO:0007409	AXONOGENESIS%GOBP%GO:0007409		157	0.2408384	0.88660353	0.70619947	0.7869121	1.0	2834	tags=31%, list=24%, signal=39%	
PID_LYMPH_ANGIOGENESIS_PATHWAY%MSIGDB_C2%PID_LYMPH_ANGIOGENESIS_PATHWAY	PID_LYMPH_ANGIOGENESIS_PATHWAY%MSIGDB_C2%PID_LYMPH_ANGIOGENESIS_PATHWAY		20	0.3461705	0.8865132	0.6258446	0.7868282	1.0	837	tags=20%, list=7%, signal=21%	
RESPIRATORY ELECTRON TRANSPORT%REACTOME DATABASE ID RELEASE 93%611105	RESPIRATORY ELECTRON TRANSPORT%REACTOME DATABASE ID RELEASE 93%611105		128	0.24732438	0.886248	0.6981263	0.78709304	1.0	2354	tags=21%, list=20%, signal=26%	
VESICLE CARGO LOADING%GOBP%GO:0035459	VESICLE CARGO LOADING%GOBP%GO:0035459		26	0.3259826	0.8861488	0.6429192	0.78702396	1.0	1598	tags=23%, list=13%, signal=27%	
C-MYB TRANSCRIPTION FACTOR NETWORK%PATHWAY INTERACTION DATABASE NCI-NATURE CURATED DATA%C-MYB TRANSCRIPTION FACTOR NETWORK	C-MYB TRANSCRIPTION FACTOR NETWORK%PATHWAY INTERACTION DATABASE NCI-NATURE CURATED DATA%C-MYB TRANSCRIPTION FACTOR NETWORK		62	0.2741435	0.8856823	0.66794187	0.78771156	1.0	589	tags=8%, list=5%, signal=8%	
HEMATOPOIETIC OR LYMPHOID ORGAN DEVELOPMENT%GOBP%GO:0048534	HEMATOPOIETIC OR LYMPHOID ORGAN DEVELOPMENT%GOBP%GO:0048534		20	0.3430864	0.88537055	0.6135563	0.788087	1.0	1866	tags=20%, list=15%, signal=24%	
RESPONSE TO STEROL%GOBP%GO:0036314	RESPONSE TO STEROL%GOBP%GO:0036314		19	0.3509023	0.88533	0.6111111	0.7879066	1.0	2319	tags=32%, list=19%, signal=39%	
RESPONSE TO PURINE-CONTAINING COMPOUND%GOBP%GO:0014074	RESPONSE TO PURINE-CONTAINING COMPOUND%GOBP%GO:0014074		40	0.29665107	0.8853064	0.6546185	0.78769314	1.0	2618	tags=28%, list=22%, signal=35%	
REGULATION OF POST-TRANSCRIPTIONAL GENE SILENCING%GOBP%GO:0060147	REGULATION OF POST-TRANSCRIPTIONAL GENE SILENCING%GOBP%GO:0060147		18	0.35227257	0.8850887	0.61656165	0.7878623	1.0	1866	tags=22%, list=15%, signal=26%	
MONOCARBOXYLIC ACID BIOSYNTHETIC PROCESS%GOBP%GO:0072330	MONOCARBOXYLIC ACID BIOSYNTHETIC PROCESS%GOBP%GO:0072330		81	0.26434767	0.88508695	0.6696231	0.78760505	1.0	1118	tags=15%, list=9%, signal=16%	
VITAMIN B5 (PANTOTHENATE) METABOLISM%REACTOME%R-HSA-199220.5	VITAMIN B5 (PANTOTHENATE) METABOLISM%REACTOME%R-HSA-199220.5		16	0.3640811	0.8849718	0.61080587	0.7875763	1.0	2563	tags=38%, list=21%, signal=48%	
BIOCARTA_CREB_PATHWAY%MSIGDB_C2%BIOCARTA_CREB_PATHWAY	BIOCARTA_CREB_PATHWAY%MSIGDB_C2%BIOCARTA_CREB_PATHWAY		16	0.36246046	0.8849108	0.6147615	0.78743434	1.0	837	tags=25%, list=7%, signal=27%	
17Q12 COPY NUMBER VARIATION SYNDROME%WIKIPATHWAYS_20250810%WP5287%HOMO SAPIENS	17Q12 COPY NUMBER VARIATION SYNDROME%WIKIPATHWAYS_20250810%WP5287%HOMO SAPIENS		39	0.29691774	0.88472146	0.6373534	0.78756684	1.0	3118	tags=28%, list=26%, signal=38%	
MAMMARY GLAND DEVELOPMENT%GOBP%GO:0030879	MAMMARY GLAND DEVELOPMENT%GOBP%GO:0030879		22	0.33742967	0.88409907	0.62205386	0.7885711	1.0	599	tags=14%, list=5%, signal=14%	
NEURAL CREST CELL DIFFERENTIATION%GOBP%GO:0014033	NEURAL CREST CELL DIFFERENTIATION%GOBP%GO:0014033		38	0.29963586	0.8839	0.65050167	0.7887265	1.0	3138	tags=42%, list=26%, signal=57%	
PLASMA MEMBRANE ORGANIZATION%GOBP%GO:0007009	PLASMA MEMBRANE ORGANIZATION%GOBP%GO:0007009		75	0.26864955	0.8835149	0.6739458	0.78924817	1.0	1737	tags=17%, list=14%, signal=20%	
LNCRNA IN CANONICAL WNT SIGNALING AND COLORECTAL CANCER%WIKIPATHWAYS_20250810%WP4258%HOMO SAPIENS	LNCRNA IN CANONICAL WNT SIGNALING AND COLORECTAL CANCER%WIKIPATHWAYS_20250810%WP4258%HOMO SAPIENS		60	0.275406	0.88339764	0.65685517	0.78922135	1.0	2398	tags=27%, list=20%, signal=33%	
ENDOSOME TRANSPORT VIA MULTIVESICULAR BODY SORTING PATHWAY%GOBP%GO:0032509	ENDOSOME TRANSPORT VIA MULTIVESICULAR BODY SORTING PATHWAY%GOBP%GO:0032509		38	0.30019793	0.8833638	0.6489699	0.7890294	1.0	2325	tags=34%, list=19%, signal=42%	
BMP RECEPTOR SIGNALING%PATHWAY INTERACTION DATABASE NCI-NATURE CURATED DATA%BMP RECEPTOR SIGNALING	BMP RECEPTOR SIGNALING%PATHWAY INTERACTION DATABASE NCI-NATURE CURATED DATA%BMP RECEPTOR SIGNALING		30	0.31936368	0.8833532	0.62988114	0.78879267	1.0	244	tags=10%, list=2%, signal=10%	
DISEASES ASSOCIATED WITH N-GLYCOSYLATION OF PROTEINS%REACTOME%R-HSA-3781860.5	DISEASES ASSOCIATED WITH N-GLYCOSYLATION OF PROTEINS%REACTOME%R-HSA-3781860.5		20	0.34341538	0.8833471	0.625	0.78854245	1.0	3214	tags=40%, list=27%, signal=54%	
S PHASE%REACTOME%R-HSA-69242.5	S PHASE%REACTOME%R-HSA-69242.5		148	0.24023424	0.8830313	0.7140013	0.78891975	1.0	2272	tags=22%, list=19%, signal=26%	
PYRIMIDINE NUCLEOTIDE CATABOLIC PROCESS%GOBP%GO:0006244	PYRIMIDINE NUCLEOTIDE CATABOLIC PROCESS%GOBP%GO:0006244		16	0.3662446	0.8828785	0.6268398	0.7889567	1.0	203	tags=6%, list=2%, signal=6%	
G ALPHA (12 13) SIGNALLING EVENTS%REACTOME%R-HSA-416482.7	G ALPHA (12 13) SIGNALLING EVENTS%REACTOME%R-HSA-416482.7		57	0.28005224	0.8824534	0.67635506	0.78953344	1.0	2714	tags=30%, list=23%, signal=38%	
ALZHEIMER DISEASE-PRESENILIN PATHWAY%PANTHER PATHWAY%P00004	ALZHEIMER DISEASE-PRESENILIN PATHWAY%PANTHER PATHWAY%P00004		59	0.27548638	0.88238454	0.6564652	0.78942025	1.0	1440	tags=19%, list=12%, signal=21%	
RNA POLYMERASE II TRANSCRIPTION ELONGATION%REACTOME%R-HSA-75955.4	RNA POLYMERASE II TRANSCRIPTION ELONGATION%REACTOME%R-HSA-75955.4		52	0.28142807	0.8822245	0.64941174	0.78948426	1.0	4077	tags=40%, list=34%, signal=61%	
POSITIVE REGULATION OF CARBOHYDRATE METABOLIC PROCESS%GOBP%GO:0045913	POSITIVE REGULATION OF CARBOHYDRATE METABOLIC PROCESS%GOBP%GO:0045913		38	0.29978755	0.88220483	0.6359184	0.7892634	1.0	1975	tags=29%, list=16%, signal=35%	
DISEASES OF METABOLISM%REACTOME DATABASE ID RELEASE 93%5668914	DISEASES OF METABOLISM%REACTOME DATABASE ID RELEASE 93%5668914		178	0.23872603	0.8814903	0.7068742	0.79043335	1.0	1805	tags=17%, list=15%, signal=20%	
ACTIVATION OF BH3-ONLY PROTEINS%REACTOME%R-HSA-114452.5	ACTIVATION OF BH3-ONLY PROTEINS%REACTOME%R-HSA-114452.5		28	0.31988427	0.88136375	0.6319672	0.7904174	1.0	3250	tags=36%, list=27%, signal=49%	
PID_ERA_GENOMIC_PATHWAY%MSIGDB_C2%PID_ERA_GENOMIC_PATHWAY	PID_ERA_GENOMIC_PATHWAY%MSIGDB_C2%PID_ERA_GENOMIC_PATHWAY		38	0.29878885	0.88111717	0.63349515	0.79065967	1.0	1705	tags=21%, list=14%, signal=24%	
RAS SIGNALING%WIKIPATHWAYS_20250810%WP4223%HOMO SAPIENS	RAS SIGNALING%WIKIPATHWAYS_20250810%WP4223%HOMO SAPIENS		96	0.25600174	0.8809439	0.6997793	0.790754	1.0	2436	tags=28%, list=20%, signal=35%	
ASPARTATE FAMILY AMINO ACID BIOSYNTHETIC PROCESS%GOBP%GO:0009067	ASPARTATE FAMILY AMINO ACID BIOSYNTHETIC PROCESS%GOBP%GO:0009067		15	0.36443064	0.8805725	0.6104348	0.7912454	1.0	2675	tags=47%, list=22%, signal=60%	
NONSENSE MEDIATED DECAY (NMD) INDEPENDENT OF THE EXON JUNCTION COMPLEX (EJC)%REACTOME DATABASE ID RELEASE 93%975956	NONSENSE MEDIATED DECAY (NMD) INDEPENDENT OF THE EXON JUNCTION COMPLEX (EJC)%REACTOME DATABASE ID RELEASE 93%975956		89	0.25931525	0.8804613	0.67049533	0.7912047	1.0	3254	tags=29%, list=27%, signal=40%	
RRNA METHYLATION%GOBP%GO:0031167	RRNA METHYLATION%GOBP%GO:0031167		17	0.35284925	0.8801254	0.61329836	0.7915832	1.0	1489	tags=18%, list=12%, signal=20%	
MEMBRANE DEPOLARIZATION%GOBP%GO:0051899	MEMBRANE DEPOLARIZATION%GOBP%GO:0051899		17	0.35054404	0.87990093	0.6196319	0.7917731	1.0	1036	tags=24%, list=9%, signal=26%	
ESTROGEN-DEPENDENT GENE EXPRESSION%REACTOME%R-HSA-9018519.3	ESTROGEN-DEPENDENT GENE EXPRESSION%REACTOME%R-HSA-9018519.3		82	0.26309264	0.8796	0.68011737	0.7921057	1.0	2398	tags=22%, list=20%, signal=27%	
NUCLEAR MEMBRANE ORGANIZATION%GOBP%GO:0071763	NUCLEAR MEMBRANE ORGANIZATION%GOBP%GO:0071763		41	0.29981261	0.8794295	0.6619161	0.7921969	1.0	2280	tags=24%, list=19%, signal=30%	
CELLULAR RESPONSE TO TRANSFORMING GROWTH FACTOR BETA STIMULUS%GOBP%GO:0071560	CELLULAR RESPONSE TO TRANSFORMING GROWTH FACTOR BETA STIMULUS%GOBP%GO:0071560		77	0.26606837	0.87914824	0.68586004	0.7924891	1.0	2177	tags=26%, list=18%, signal=32%	
MRNA DESTABILIZATION%GOBP%GO:0061157	MRNA DESTABILIZATION%GOBP%GO:0061157		61	0.27591205	0.8789411	0.66692364	0.7926545	1.0	1338	tags=11%, list=11%, signal=13%	
REGULATION OF POST-TRANSCRIPTIONAL GENE SILENCING BY REGULATORY NCRNA%GOBP%GO:1900368	REGULATION OF POST-TRANSCRIPTIONAL GENE SILENCING BY REGULATORY NCRNA%GOBP%GO:1900368		18	0.35227257	0.87848103	0.61741424	0.79330647	1.0	1866	tags=22%, list=15%, signal=26%	
REGULATION OF MIRNA-MEDIATED GENE SILENCING%GOBP%GO:0060964	REGULATION OF MIRNA-MEDIATED GENE SILENCING%GOBP%GO:0060964		18	0.35227257	0.87834364	0.625	0.79332817	1.0	1866	tags=22%, list=15%, signal=26%	
NEGATIVE REGULATION OF PROTEIN LOCALIZATION TO PLASMA MEMBRANE%GOBP%GO:1903077	NEGATIVE REGULATION OF PROTEIN LOCALIZATION TO PLASMA MEMBRANE%GOBP%GO:1903077		24	0.3280023	0.87824947	0.6316232	0.79325557	1.0	2342	tags=42%, list=19%, signal=52%	
POSITIVE REGULATION OF TRANSCRIPTION BY RNA POLYMERASE I%GOBP%GO:0045943	POSITIVE REGULATION OF TRANSCRIPTION BY RNA POLYMERASE I%GOBP%GO:0045943		31	0.3107228	0.8780152	0.63232833	0.7934694	1.0	3317	tags=42%, list=28%, signal=58%	
CELLULAR RESPONSE TO DECREASED OXYGEN LEVELS%GOBP%GO:0036294	CELLULAR RESPONSE TO DECREASED OXYGEN LEVELS%GOBP%GO:0036294		63	0.27216154	0.8779746	0.6643836	0.793293	1.0	1866	tags=21%, list=15%, signal=24%	
MITOCHONDRIAL MEMBRANE ORGANIZATION%GOBP%GO:0007006	MITOCHONDRIAL MEMBRANE ORGANIZATION%GOBP%GO:0007006		77	0.26252037	0.8762551	0.6862454	0.7964835	1.0	3277	tags=30%, list=27%, signal=41%	
RESPONSE TO ORGANOPHOSPHORUS%GOBP%GO:0046683	RESPONSE TO ORGANOPHOSPHORUS%GOBP%GO:0046683		34	0.30740285	0.8761488	0.6443124	0.7964274	1.0	2618	tags=26%, list=22%, signal=34%	
PID_HEDGEHOG_GLI_PATHWAY%MSIGDB_C2%PID_HEDGEHOG_GLI_PATHWAY	PID_HEDGEHOG_GLI_PATHWAY%MSIGDB_C2%PID_HEDGEHOG_GLI_PATHWAY		33	0.306403	0.8758962	0.65434086	0.79665583	1.0	478	tags=9%, list=4%, signal=9%	
ACTIN FILAMENT POLYMERIZATION%GOBP%GO:0030041	ACTIN FILAMENT POLYMERIZATION%GOBP%GO:0030041		18	0.35173538	0.87581533	0.630149	0.7965468	1.0	2249	tags=28%, list=19%, signal=34%	
PEPTIDE HORMONE METABOLISM%REACTOME%R-HSA-2980736.5	PEPTIDE HORMONE METABOLISM%REACTOME%R-HSA-2980736.5		39	0.29711092	0.8746712	0.66055775	0.79857355	1.0	1559	tags=13%, list=13%, signal=15%	
VXPX CARGO-TARGETING TO CILIUM%REACTOME%R-HSA-5620916.4	VXPX CARGO-TARGETING TO CILIUM%REACTOME%R-HSA-5620916.4		19	0.3418832	0.87430936	0.63837314	0.7990462	1.0	3238	tags=47%, list=27%, signal=65%	
PHYSICO CHEMICAL FEATURES AND TOXICITY ASSOCIATED PATHWAYS%WIKIPATHWAYS_20250810%WP3680%HOMO SAPIENS	PHYSICO CHEMICAL FEATURES AND TOXICITY ASSOCIATED PATHWAYS%WIKIPATHWAYS_20250810%WP3680%HOMO SAPIENS		46	0.2854197	0.87408006	0.67096776	0.7992448	1.0	1522	tags=20%, list=13%, signal=22%	
NEURON PROJECTION ORGANIZATION%GOBP%GO:0106027	NEURON PROJECTION ORGANIZATION%GOBP%GO:0106027		29	0.31511915	0.8739789	0.645538	0.79919255	1.0	3121	tags=45%, list=26%, signal=60%	
CELL JUNCTION ASSEMBLY%GOBP%GO:0034329	CELL JUNCTION ASSEMBLY%GOBP%GO:0034329		152	0.23977526	0.8739449	0.73149395	0.7989949	1.0	2171	tags=22%, list=18%, signal=26%	
POSITIVE REGULATION OF ALCOHOL BIOSYNTHETIC PROCESS%GOBP%GO:1902932	POSITIVE REGULATION OF ALCOHOL BIOSYNTHETIC PROCESS%GOBP%GO:1902932		15	0.36246085	0.87388146	0.62780654	0.7988695	1.0	1017	tags=20%, list=8%, signal=22%	
POSTSYNAPSE ORGANIZATION%GOBP%GO:0099173	POSTSYNAPSE ORGANIZATION%GOBP%GO:0099173		34	0.30491057	0.8738089	0.6672078	0.7987504	1.0	3121	tags=41%, list=26%, signal=55%	
LYSOSOMAL TRANSPORT%GOBP%GO:0007041	LYSOSOMAL TRANSPORT%GOBP%GO:0007041		110	0.24752966	0.873423	0.7223001	0.7992721	1.0	2061	tags=21%, list=17%, signal=25%	
PROSTANOID METABOLIC PROCESS%GOBP%GO:0006692	PROSTANOID METABOLIC PROCESS%GOBP%GO:0006692		23	0.3313655	0.8734028	0.6395548	0.79905254	1.0	2114	tags=30%, list=18%, signal=37%	
REGULATION OF AMINE TRANSPORT%GOBP%GO:0051952	REGULATION OF AMINE TRANSPORT%GOBP%GO:0051952		15	0.3589494	0.8731501	0.6134599	0.7993168	1.0	2084	tags=20%, list=17%, signal=24%	
POSITIVE REGULATION OF D-GLUCOSE TRANSMEMBRANE TRANSPORT%GOBP%GO:0010828	POSITIVE REGULATION OF D-GLUCOSE TRANSMEMBRANE TRANSPORT%GOBP%GO:0010828		23	0.32522458	0.8731062	0.6497462	0.7991348	1.0	13	tags=4%, list=0%, signal=4%	
INTRACELLULAR LIPID TRANSPORT%GOBP%GO:0032365	INTRACELLULAR LIPID TRANSPORT%GOBP%GO:0032365		29	0.30999485	0.8730735	0.63689	0.79894423	1.0	1017	tags=17%, list=8%, signal=19%	
CONSTITUTIVE SIGNALING BY LIGAND-RESPONSIVE EGFR CANCER VARIANTS%REACTOME%R-HSA-1236382.3	CONSTITUTIVE SIGNALING BY LIGAND-RESPONSIVE EGFR CANCER VARIANTS%REACTOME%R-HSA-1236382.3		16	0.355511	0.87229145	0.6388889	0.80022806	1.0	2333	tags=38%, list=19%, signal=46%	
MEMBRANE DOCKING%GOBP%GO:0022406	MEMBRANE DOCKING%GOBP%GO:0022406		65	0.2679015	0.8722367	0.6836283	0.8000736	1.0	3060	tags=28%, list=25%, signal=37%	
FORMATION OF RNA POL II ELONGATION COMPLEX%REACTOME%R-HSA-112382.4	FORMATION OF RNA POL II ELONGATION COMPLEX%REACTOME%R-HSA-112382.4		52	0.28142807	0.87208	0.66899765	0.8001306	1.0	4077	tags=40%, list=34%, signal=61%	
FORMATION OF THE HIV-1 EARLY ELONGATION COMPLEX%REACTOME%R-HSA-167158.4	FORMATION OF THE HIV-1 EARLY ELONGATION COMPLEX%REACTOME%R-HSA-167158.4		33	0.30482164	0.87197536	0.65084743	0.80008364	1.0	4077	tags=42%, list=34%, signal=64%	
DENDRITIC SPINE ORGANIZATION%GOBP%GO:0097061	DENDRITIC SPINE ORGANIZATION%GOBP%GO:0097061		22	0.33273235	0.87185454	0.6600346	0.800058	1.0	3121	tags=45%, list=26%, signal=61%	
FOLLICLE STIMULATING HORMONE FSH SIGNALING%WIKIPATHWAYS_20250810%WP2035%HOMO SAPIENS	FOLLICLE STIMULATING HORMONE FSH SIGNALING%WIKIPATHWAYS_20250810%WP2035%HOMO SAPIENS		17	0.35405597	0.8714827	0.6269565	0.8005348	1.0	1326	tags=24%, list=11%, signal=26%	
EFFECTS OF PIP2 HYDROLYSIS%REACTOME DATABASE ID RELEASE 93%114508	EFFECTS OF PIP2 HYDROLYSIS%REACTOME DATABASE ID RELEASE 93%114508		18	0.35006797	0.8713133	0.632	0.80061233	1.0	2950	tags=39%, list=25%, signal=51%	
BEHAVIOR%GOBP%GO:0007610	BEHAVIOR%GOBP%GO:0007610		113	0.24789868	0.8707414	0.7058824	0.8014696	1.0	2046	tags=20%, list=17%, signal=24%	
GLYCOPROTEIN BIOSYNTHETIC PROCESS%GOBP%GO:0009101	GLYCOPROTEIN BIOSYNTHETIC PROCESS%GOBP%GO:0009101		191	0.23218398	0.87062573	0.77302206	0.8014284	1.0	1814	tags=17%, list=15%, signal=20%	
ERAD PATHWAY%GOBP%GO:0036503	ERAD PATHWAY%GOBP%GO:0036503		78	0.2632656	0.87043774	0.6929134	0.8015347	1.0	1989	tags=21%, list=17%, signal=24%	
FORMATION OF THE EARLY ELONGATION COMPLEX%REACTOME%R-HSA-113418.5	FORMATION OF THE EARLY ELONGATION COMPLEX%REACTOME%R-HSA-113418.5		33	0.30482164	0.8702301	0.65957445	0.801674	1.0	4077	tags=42%, list=34%, signal=64%	
REGULATION OF REGULATORY T CELL DIFFERENTIATION%GOBP%GO:0045589	REGULATION OF REGULATORY T CELL DIFFERENTIATION%GOBP%GO:0045589		15	0.36406177	0.8701038	0.6476274	0.8016761	1.0	1148	tags=27%, list=10%, signal=29%	
FCGR3A-MEDIATED IL10 SYNTHESIS%REACTOME%R-HSA-9664323.3	FCGR3A-MEDIATED IL10 SYNTHESIS%REACTOME%R-HSA-9664323.3		23	0.32585368	0.8699857	0.6335299	0.8016426	1.0	854	tags=17%, list=7%, signal=19%	
G2 M CHECKPOINTS%REACTOME%R-HSA-69481.5	G2 M CHECKPOINTS%REACTOME%R-HSA-69481.5		116	0.24343573	0.8697098	0.7424033	0.8019191	1.0	1784	tags=19%, list=15%, signal=22%	
CELLULAR RESPONSE TO STARVATION%REACTOME DATABASE ID RELEASE 93%9711097	CELLULAR RESPONSE TO STARVATION%REACTOME DATABASE ID RELEASE 93%9711097		141	0.23731995	0.8695036	0.7594086	0.8020509	1.0	3012	tags=28%, list=25%, signal=36%	
MEMBRANE PROTEIN ECTODOMAIN PROTEOLYSIS%GOBP%GO:0006509	MEMBRANE PROTEIN ECTODOMAIN PROTEOLYSIS%GOBP%GO:0006509		19	0.34701383	0.86948735	0.64710957	0.80182254	1.0	1385	tags=21%, list=12%, signal=24%	
NEGATIVE REGULATION OF PROTEASOMAL PROTEIN CATABOLIC PROCESS%GOBP%GO:1901799	NEGATIVE REGULATION OF PROTEASOMAL PROTEIN CATABOLIC PROCESS%GOBP%GO:1901799		44	0.28502283	0.8692977	0.6763285	0.8019353	1.0	1945	tags=27%, list=16%, signal=32%	
DENDRITIC SPINE DEVELOPMENT%GOBP%GO:0060996	DENDRITIC SPINE DEVELOPMENT%GOBP%GO:0060996		15	0.36576152	0.8691526	0.63835377	0.80197	1.0	987	tags=20%, list=8%, signal=22%	
MRNA CIS SPLICING, VIA SPLICEOSOME%GOBP%GO:0045292	MRNA CIS SPLICING, VIA SPLICEOSOME%GOBP%GO:0045292		18	0.34552062	0.8686322	0.6369922	0.8027398	1.0	4418	tags=56%, list=37%, signal=88%	
CARDIOCYTE DIFFERENTIATION%GOBP%GO:0035051	CARDIOCYTE DIFFERENTIATION%GOBP%GO:0035051		38	0.2943687	0.8683921	0.6658596	0.80294526	1.0	381	tags=8%, list=3%, signal=8%	
AEROBIC RESPIRATION AND RESPIRATORY ELECTRON TRANSPORT%REACTOME DATABASE ID RELEASE 93%1428517	AEROBIC RESPIRATION AND RESPIRATORY ELECTRON TRANSPORT%REACTOME DATABASE ID RELEASE 93%1428517		193	0.2313839	0.86832273	0.78075916	0.8028215	1.0	2124	tags=20%, list=18%, signal=24%	
VALIDATED TRANSCRIPTIONAL TARGETS OF DELTANP63 ISOFORMS%PATHWAY INTERACTION DATABASE NCI-NATURE CURATED DATA%VALIDATED TRANSCRIPTIONAL TARGETS OF DELTANP63 ISOFORMS	VALIDATED TRANSCRIPTIONAL TARGETS OF DELTANP63 ISOFORMS%PATHWAY INTERACTION DATABASE NCI-NATURE CURATED DATA%VALIDATED TRANSCRIPTIONAL TARGETS OF DELTANP63 ISOFORMS		42	0.2899836	0.8679869	0.6748166	0.80321753	1.0	2523	tags=33%, list=21%, signal=42%	
LEUKOCYTE INTRINSIC HIPPO PATHWAY FUNCTIONS%WIKIPATHWAYS_20250810%WP4542%HOMO SAPIENS	LEUKOCYTE INTRINSIC HIPPO PATHWAY FUNCTIONS%WIKIPATHWAYS_20250810%WP4542%HOMO SAPIENS		18	0.34812424	0.867941	0.63476735	0.8030458	1.0	2450	tags=39%, list=20%, signal=49%	
POSITIVE REGULATION OF BONE MINERALIZATION%GOBP%GO:0030501	POSITIVE REGULATION OF BONE MINERALIZATION%GOBP%GO:0030501		24	0.32355583	0.86782765	0.64190316	0.80300766	1.0	1165	tags=17%, list=10%, signal=18%	
NON-CODING RNA METABOLISM%REACTOME%R-HSA-194441.4	NON-CODING RNA METABOLISM%REACTOME%R-HSA-194441.4		46	0.2846266	0.86779666	0.6689761	0.80281067	1.0	3167	tags=33%, list=26%, signal=44%	
SNRNP ASSEMBLY%REACTOME DATABASE ID RELEASE 93%191859	SNRNP ASSEMBLY%REACTOME DATABASE ID RELEASE 93%191859		46	0.2846266	0.8674215	0.6669273	0.8032994	1.0	3167	tags=33%, list=26%, signal=44%	
RNA MODIFICATION%GOBP%GO:0009451	RNA MODIFICATION%GOBP%GO:0009451		134	0.23996767	0.8669167	0.75510204	0.80402535	1.0	2528	tags=23%, list=21%, signal=29%	
LIPID CATABOLIC PROCESS%GOBP%GO:0016042	LIPID CATABOLIC PROCESS%GOBP%GO:0016042		148	0.2374008	0.86690307	0.7462173	0.8037926	1.0	1926	tags=18%, list=16%, signal=21%	
PID_S1P_S1P2_PATHWAY%MSIGDB_C2%PID_S1P_S1P2_PATHWAY	PID_S1P_S1P2_PATHWAY%MSIGDB_C2%PID_S1P_S1P2_PATHWAY		15	0.35627478	0.8667539	0.64010507	0.8038199	1.0	824	tags=20%, list=7%, signal=21%	
PID_ARF6_TRAFFICKING_PATHWAY%MSIGDB_C2%PID_ARF6_TRAFFICKING_PATHWAY	PID_ARF6_TRAFFICKING_PATHWAY%MSIGDB_C2%PID_ARF6_TRAFFICKING_PATHWAY		27	0.3154181	0.86618775	0.63468015	0.8046711	1.0	647	tags=7%, list=5%, signal=8%	
REGULATION OF GENE SILENCING BY REGULATORY NCRNA%GOBP%GO:0060966	REGULATION OF GENE SILENCING BY REGULATORY NCRNA%GOBP%GO:0060966		20	0.33320448	0.86615413	0.6322795	0.804476	1.0	1866	tags=20%, list=15%, signal=24%	
SULFUR COMPOUND BIOSYNTHETIC PROCESS%GOBP%GO:0044272	SULFUR COMPOUND BIOSYNTHETIC PROCESS%GOBP%GO:0044272		68	0.26445317	0.8655932	0.69742817	0.8052979	1.0	2702	tags=32%, list=22%, signal=41%	
REGULATION OF RNA STABILITY%GOBP%GO:0043487	REGULATION OF RNA STABILITY%GOBP%GO:0043487		127	0.24211156	0.86506766	0.7418919	0.80605745	1.0	1918	tags=16%, list=16%, signal=19%	
NEUROGENESIS REGULATION IN THE OLFACTORY EPITHELIUM%WIKIPATHWAYS_20250810%WP5265%HOMO SAPIENS	NEUROGENESIS REGULATION IN THE OLFACTORY EPITHELIUM%WIKIPATHWAYS_20250810%WP5265%HOMO SAPIENS		30	0.30740085	0.86502737	0.6422559	0.80586857	1.0	1385	tags=27%, list=12%, signal=30%	
PROTEIN POLYMERIZATION%GOBP%GO:0051258	PROTEIN POLYMERIZATION%GOBP%GO:0051258		65	0.27054954	0.8650175	0.70124805	0.80562866	1.0	3275	tags=32%, list=27%, signal=44%	
NEGATIVE REGULATION OF ANOIKIS%GOBP%GO:2000811	NEGATIVE REGULATION OF ANOIKIS%GOBP%GO:2000811		16	0.35054407	0.86449546	0.65657437	0.80641305	1.0	884	tags=19%, list=7%, signal=20%	
RESPONSE TO RETINOIC ACID%GOBP%GO:0032526	RESPONSE TO RETINOIC ACID%GOBP%GO:0032526		37	0.2925819	0.86428297	0.67589575	0.8065659	1.0	385	tags=11%, list=3%, signal=11%	
MICRORNA (MIRNA) BIOGENESIS%REACTOME DATABASE ID RELEASE 93%203927	MICRORNA (MIRNA) BIOGENESIS%REACTOME DATABASE ID RELEASE 93%203927		24	0.32441053	0.86408406	0.64472574	0.80669373	1.0	901	tags=13%, list=7%, signal=13%	
VITAMIN A DEFICIENCY%SMPDB%SMP0000336	VITAMIN A DEFICIENCY%SMPDB%SMP0000336		20	0.33416358	0.8640452	0.6494755	0.80650145	1.0	2207	tags=25%, list=18%, signal=31%	
POSITIVE REGULATION OF CALCIUM ION TRANSMEMBRANE TRANSPORT%GOBP%GO:1904427	POSITIVE REGULATION OF CALCIUM ION TRANSMEMBRANE TRANSPORT%GOBP%GO:1904427		21	0.32957783	0.86357737	0.6626298	0.8071543	1.0	935	tags=14%, list=8%, signal=15%	
TRANSLESION SYNTHESIS BY POLH%REACTOME%R-HSA-110320.3	TRANSLESION SYNTHESIS BY POLH%REACTOME%R-HSA-110320.3		18	0.34237567	0.86344844	0.6486726	0.80714506	1.0	1240	tags=22%, list=10%, signal=25%	
KSRP (KHSRP) BINDS AND DESTABILIZES MRNA%REACTOME%R-HSA-450604.4	KSRP (KHSRP) BINDS AND DESTABILIZES MRNA%REACTOME%R-HSA-450604.4		17	0.35189882	0.8628924	0.6599119	0.8079753	1.0	3656	tags=47%, list=30%, signal=67%	
NEGATIVE REGULATION OF PROTEIN KINASE ACTIVITY%GOBP%GO:0006469	NEGATIVE REGULATION OF PROTEIN KINASE ACTIVITY%GOBP%GO:0006469		54	0.27493933	0.86169535	0.6906645	0.810045	1.0	3084	tags=33%, list=26%, signal=45%	
ENDOPLASMIC RETICULUM UNFOLDED PROTEIN RESPONSE%GOBP%GO:0030968	ENDOPLASMIC RETICULUM UNFOLDED PROTEIN RESPONSE%GOBP%GO:0030968		47	0.27938345	0.86163837	0.6882068	0.80989563	1.0	2139	tags=21%, list=18%, signal=26%	
ATP SYNTHESIS COUPLED ELECTRON TRANSPORT%GOBP%GO:0042773	ATP SYNTHESIS COUPLED ELECTRON TRANSPORT%GOBP%GO:0042773		62	0.2677017	0.86102366	0.70746726	0.8108408	1.0	2230	tags=21%, list=19%, signal=26%	
POSITIVE REGULATION OF CELL-SUBSTRATE JUNCTION ORGANIZATION%GOBP%GO:0150117	POSITIVE REGULATION OF CELL-SUBSTRATE JUNCTION ORGANIZATION%GOBP%GO:0150117		22	0.3287331	0.86071986	0.6547619	0.8111722	1.0	1364	tags=23%, list=11%, signal=26%	
PHOSPHOLIPID BIOSYNTHETIC PROCESS%GOBP%GO:0008654	PHOSPHOLIPID BIOSYNTHETIC PROCESS%GOBP%GO:0008654		170	0.23157994	0.8605571	0.7786003	0.81123763	1.0	1691	tags=15%, list=14%, signal=18%	
NEGATIVE REGULATION OF MRNA METABOLIC PROCESS%GOBP%GO:1903312	NEGATIVE REGULATION OF MRNA METABOLIC PROCESS%GOBP%GO:1903312		60	0.2730752	0.8603331	0.68609864	0.81143355	1.0	1528	tags=17%, list=13%, signal=19%	
COMMON PATHWAYS UNDERLYING DRUG ADDICTION%WIKIPATHWAYS_20250810%WP2636%HOMO SAPIENS	COMMON PATHWAYS UNDERLYING DRUG ADDICTION%WIKIPATHWAYS_20250810%WP2636%HOMO SAPIENS		15	0.3570317	0.8601007	0.6487202	0.81163	1.0	1440	tags=33%, list=12%, signal=38%	
ESTABLISHMENT OR MAINTENANCE OF CELL POLARITY%GOBP%GO:0007163	ESTABLISHMENT OR MAINTENANCE OF CELL POLARITY%GOBP%GO:0007163		110	0.24686517	0.85881513	0.7619387	0.8139066	1.0	2714	tags=28%, list=23%, signal=36%	
NEGATIVE REGULATION OF JNK CASCADE%GOBP%GO:0046329	NEGATIVE REGULATION OF JNK CASCADE%GOBP%GO:0046329		29	0.31154126	0.85869205	0.6738056	0.81386805	1.0	1239	tags=21%, list=10%, signal=23%	
MICROTUBULE POLYMERIZATION%GOBP%GO:0046785	MICROTUBULE POLYMERIZATION%GOBP%GO:0046785		32	0.30440766	0.85867286	0.68350166	0.8136396	1.0	3565	tags=41%, list=30%, signal=58%	
FLT3 SIGNALING%REACTOME%R-HSA-9607240.8	FLT3 SIGNALING%REACTOME%R-HSA-9607240.8		30	0.30467212	0.85842353	0.66856676	0.8138463	1.0	2572	tags=33%, list=21%, signal=42%	
SIGNALING BY LIGAND-RESPONSIVE EGFR VARIANTS IN CANCER%REACTOME%R-HSA-5637815.3	SIGNALING BY LIGAND-RESPONSIVE EGFR VARIANTS IN CANCER%REACTOME%R-HSA-5637815.3		16	0.355511	0.8583006	0.66723114	0.8138373	1.0	2333	tags=38%, list=19%, signal=46%	
NEUROTRANSMITTER RELEASE CYCLE%REACTOME DATABASE ID RELEASE 93%112310	NEUROTRANSMITTER RELEASE CYCLE%REACTOME DATABASE ID RELEASE 93%112310		26	0.3159656	0.8582264	0.6812816	0.81372005	1.0	2403	tags=27%, list=20%, signal=34%	
FORMATION OF NEURONAL PROGENITOR AND NEURONAL BAF (NPBAF AND NBAF)%REACTOME DATABASE ID RELEASE 93%9934037	FORMATION OF NEURONAL PROGENITOR AND NEURONAL BAF (NPBAF AND NBAF)%REACTOME DATABASE ID RELEASE 93%9934037		22	0.32933295	0.85795647	0.6542137	0.81399226	1.0	4354	tags=55%, list=36%, signal=85%	
MITOCHONDRIAL ATP SYNTHESIS COUPLED ELECTRON TRANSPORT%GOBP%GO:0042775	MITOCHONDRIAL ATP SYNTHESIS COUPLED ELECTRON TRANSPORT%GOBP%GO:0042775		62	0.2677017	0.85791093	0.7103085	0.8138193	1.0	2230	tags=21%, list=19%, signal=26%	
POSITIVE REGULATION OF CELL PROJECTION ORGANIZATION%GOBP%GO:0031346	POSITIVE REGULATION OF CELL PROJECTION ORGANIZATION%GOBP%GO:0031346		175	0.23021884	0.85778296	0.7752809	0.81380403	1.0	1809	tags=17%, list=15%, signal=19%	
POSITIVE REGULATION OF TRANSLATIONAL INITIATION%GOBP%GO:0045948	POSITIVE REGULATION OF TRANSLATIONAL INITIATION%GOBP%GO:0045948		22	0.32630458	0.85768116	0.651463	0.8137409	1.0	1225	tags=14%, list=10%, signal=15%	
REGULATION OF T CELL RECEPTOR SIGNALING PATHWAY%GOBP%GO:0050856	REGULATION OF T CELL RECEPTOR SIGNALING PATHWAY%GOBP%GO:0050856		31	0.30753106	0.85626006	0.68056715	0.8162319	1.0	3597	tags=42%, list=30%, signal=60%	
HIGH LAMINAR FLOW SHEAR STRESS ACTIVATES SIGNALING BY PIEZO1 AND PECAM1:CDH5:KDR IN ENDOTHELIAL CELLS%REACTOME DATABASE ID RELEASE 93%9856530	HIGH LAMINAR FLOW SHEAR STRESS ACTIVATES SIGNALING BY PIEZO1 AND PECAM1:CDH5:KDR IN ENDOTHELIAL CELLS%REACTOME DATABASE ID RELEASE 93%9856530		48	0.2761108	0.8559179	0.6841257	0.8166037	1.0	1958	tags=25%, list=16%, signal=30%	
HALLMARK_HEME_METABOLISM%MSIGDBHALLMARK%HALLMARK_HEME_METABOLISM	HALLMARK_HEME_METABOLISM%MSIGDBHALLMARK%HALLMARK_HEME_METABOLISM		113	0.24164046	0.85575736	0.76487255	0.81665134	1.0	1359	tags=14%, list=11%, signal=16%	
SUMO E3 LIGASES SUMOYLATE TARGET PROTEINS%REACTOME DATABASE ID RELEASE 93%3108232	SUMO E3 LIGASES SUMOYLATE TARGET PROTEINS%REACTOME DATABASE ID RELEASE 93%3108232		145	0.23651953	0.85532296	0.7741287	0.81721073	1.0	2323	tags=19%, list=19%, signal=24%	
RETINOL METABOLISM%SMPDB%SMP0000074	RETINOL METABOLISM%SMPDB%SMP0000074		20	0.33416358	0.8551428	0.660262	0.81730837	1.0	2207	tags=25%, list=18%, signal=31%	
LDL CLEARANCE%REACTOME%R-HSA-8964038.5	LDL CLEARANCE%REACTOME%R-HSA-8964038.5		17	0.35224226	0.854789	0.65502554	0.81773216	1.0	1871	tags=24%, list=16%, signal=28%	
SIGNALING BY FGFR1 IN DISEASE%REACTOME%R-HSA-5655302.4	SIGNALING BY FGFR1 IN DISEASE%REACTOME%R-HSA-5655302.4		26	0.3138608	0.85454583	0.67926115	0.8179348	1.0	937	tags=15%, list=8%, signal=17%	
REGULATION OF HEART GROWTH%GOBP%GO:0060420	REGULATION OF HEART GROWTH%GOBP%GO:0060420		16	0.35262576	0.85450894	0.65	0.8177439	1.0	69	tags=6%, list=1%, signal=6%	
REGULATION OF SODIUM ION TRANSPORT%GOBP%GO:0002028	REGULATION OF SODIUM ION TRANSPORT%GOBP%GO:0002028		41	0.28523996	0.85438067	0.683871	0.8177394	1.0	1329	tags=17%, list=11%, signal=19%	
REGULATION OF PROTEIN LOCALIZATION TO CELL PERIPHERY%GOBP%GO:1904375	REGULATION OF PROTEIN LOCALIZATION TO CELL PERIPHERY%GOBP%GO:1904375		101	0.24602471	0.85347736	0.7583274	0.8192471	1.0	2342	tags=25%, list=19%, signal=30%	
HALLMARK_DNA_REPAIR%MSIGDBHALLMARK%HALLMARK_DNA_REPAIR	HALLMARK_DNA_REPAIR%MSIGDBHALLMARK%HALLMARK_DNA_REPAIR		117	0.24066156	0.8533565	0.7552301	0.8192219	1.0	3362	tags=34%, list=28%, signal=47%	
BIOCARTA_G2_PATHWAY%MSIGDB_C2%BIOCARTA_G2_PATHWAY	BIOCARTA_G2_PATHWAY%MSIGDB_C2%BIOCARTA_G2_PATHWAY		18	0.34035325	0.8531712	0.6683938	0.8193022	1.0	837	tags=17%, list=7%, signal=18%	
NEGATIVE REGULATION OF PROTEIN CATABOLIC PROCESS%GOBP%GO:0042177	NEGATIVE REGULATION OF PROTEIN CATABOLIC PROCESS%GOBP%GO:0042177		79	0.2548233	0.85271376	0.74596184	0.81989855	1.0	3075	tags=34%, list=26%, signal=46%	
REGULATION OF EPITHELIAL CELL APOPTOTIC PROCESS%GOBP%GO:1904035	REGULATION OF EPITHELIAL CELL APOPTOTIC PROCESS%GOBP%GO:1904035		18	0.33890238	0.85252285	0.6518712	0.819994	1.0	26	tags=6%, list=0%, signal=6%	
PHOSPHOLIPID TRANSLOCATION%GOBP%GO:0045332	PHOSPHOLIPID TRANSLOCATION%GOBP%GO:0045332		28	0.30710635	0.852391	0.676397	0.8199918	1.0	241	tags=7%, list=2%, signal=7%	
REGULATION OF MRNA CATABOLIC PROCESS%GOBP%GO:0061013	REGULATION OF MRNA CATABOLIC PROCESS%GOBP%GO:0061013		138	0.23696533	0.85155755	0.78296703	0.82133424	1.0	1918	tags=15%, list=16%, signal=18%	
REGULATION OF MYOBLAST DIFFERENTIATION%GOBP%GO:0045661	REGULATION OF MYOBLAST DIFFERENTIATION%GOBP%GO:0045661		42	0.28481585	0.85145676	0.6956857	0.8212699	1.0	1866	tags=19%, list=15%, signal=22%	
CELLULAR RESPONSE TO NUTRIENT%GOBP%GO:0031670	CELLULAR RESPONSE TO NUTRIENT%GOBP%GO:0031670		20	0.33285925	0.8511632	0.6746167	0.8215824	1.0	1219	tags=25%, list=10%, signal=28%	
NEUTRAL LIPID CATABOLIC PROCESS%GOBP%GO:0046461	NEUTRAL LIPID CATABOLIC PROCESS%GOBP%GO:0046461		16	0.3481889	0.8507868	0.65505224	0.8220327	1.0	1432	tags=25%, list=12%, signal=28%	
RESPONSE TO TRANSFORMING GROWTH FACTOR BETA%GOBP%GO:0071559	RESPONSE TO TRANSFORMING GROWTH FACTOR BETA%GOBP%GO:0071559		83	0.25412175	0.8501773	0.73470837	0.82294524	1.0	2177	tags=27%, list=18%, signal=32%	
REGULATION OF CELL-SUBSTRATE JUNCTION ASSEMBLY%GOBP%GO:0090109	REGULATION OF CELL-SUBSTRATE JUNCTION ASSEMBLY%GOBP%GO:0090109		47	0.2774643	0.8496877	0.7125	0.8236184	1.0	2072	tags=28%, list=17%, signal=33%	
REGULATION OF ESTABLISHMENT OF PROTEIN LOCALIZATION TO MITOCHONDRION%GOBP%GO:1903747	REGULATION OF ESTABLISHMENT OF PROTEIN LOCALIZATION TO MITOCHONDRION%GOBP%GO:1903747		37	0.29069358	0.8494631	0.70454544	0.8237835	1.0	2560	tags=32%, list=21%, signal=41%	
PROTEIN UBIQUITINATION%REACTOME DATABASE ID RELEASE 93%8852135	PROTEIN UBIQUITINATION%REACTOME DATABASE ID RELEASE 93%8852135		60	0.26555663	0.84919244	0.7108896	0.82403815	1.0	1426	tags=17%, list=12%, signal=19%	
FAS SIGNALING PATHWAY%PANTHER PATHWAY%P00020	FAS SIGNALING PATHWAY%PANTHER PATHWAY%P00020		28	0.30307287	0.8482685	0.7018581	0.8255494	1.0	2902	tags=32%, list=24%, signal=42%	
CARDIAC MUSCLE TISSUE DEVELOPMENT%GOBP%GO:0048738	CARDIAC MUSCLE TISSUE DEVELOPMENT%GOBP%GO:0048738		61	0.2630954	0.84785426	0.72625697	0.82607394	1.0	2278	tags=25%, list=19%, signal=30%	
PID_CMYB_PATHWAY%MSIGDB_C2%PID_CMYB_PATHWAY	PID_CMYB_PATHWAY%MSIGDB_C2%PID_CMYB_PATHWAY		50	0.27497837	0.84684306	0.7189441	0.82775134	1.0	589	tags=8%, list=5%, signal=8%	
REGULATION OF B CELL MEDIATED IMMUNITY%GOBP%GO:0002712	REGULATION OF B CELL MEDIATED IMMUNITY%GOBP%GO:0002712		16	0.34908596	0.84656745	0.66608393	0.8280199	1.0	2109	tags=31%, list=18%, signal=38%	
MESODERM FORMATION%GOBP%GO:0001707	MESODERM FORMATION%GOBP%GO:0001707		15	0.35313034	0.8462405	0.6552331	0.82838553	1.0	86	tags=7%, list=1%, signal=7%	
CARGO TRAFFICKING TO THE PERICILIARY MEMBRANE%REACTOME%R-HSA-5620920.5	CARGO TRAFFICKING TO THE PERICILIARY MEMBRANE%REACTOME%R-HSA-5620920.5		46	0.27692968	0.8460208	0.7135008	0.8285469	1.0	3264	tags=37%, list=27%, signal=51%	
ONCOGENE INDUCED SENESCENCE%REACTOME DATABASE ID RELEASE 93%2559585	ONCOGENE INDUCED SENESCENCE%REACTOME DATABASE ID RELEASE 93%2559585		32	0.29843336	0.8458289	0.70951587	0.8286443	1.0	1361	tags=16%, list=11%, signal=18%	
REGULATION OF IMMUNOGLOBULIN MEDIATED IMMUNE RESPONSE%GOBP%GO:0002889	REGULATION OF IMMUNOGLOBULIN MEDIATED IMMUNE RESPONSE%GOBP%GO:0002889		16	0.34908596	0.84571457	0.68416524	0.82860464	1.0	2109	tags=31%, list=18%, signal=38%	
NOTCH-HLH TRANSCRIPTION PATHWAY%REACTOME DATABASE ID RELEASE 93%350054	NOTCH-HLH TRANSCRIPTION PATHWAY%REACTOME DATABASE ID RELEASE 93%350054		27	0.30300683	0.84541106	0.67674226	0.8289237	1.0	1945	tags=22%, list=16%, signal=26%	
ESTABLISHMENT OF CELL POLARITY%GOBP%GO:0030010	ESTABLISHMENT OF CELL POLARITY%GOBP%GO:0030010		75	0.25591114	0.84443724	0.7402502	0.83050716	1.0	2714	tags=28%, list=23%, signal=36%	
FCERI MEDIATED MAPK ACTIVATION%REACTOME%R-HSA-2871796.4	FCERI MEDIATED MAPK ACTIVATION%REACTOME%R-HSA-2871796.4		23	0.31674314	0.84423447	0.67629045	0.830627	1.0	824	tags=17%, list=7%, signal=19%	
REGULATION OF FOCAL ADHESION ASSEMBLY%GOBP%GO:0051893	REGULATION OF FOCAL ADHESION ASSEMBLY%GOBP%GO:0051893		47	0.2774643	0.8440005	0.7006221	0.83081394	1.0	2072	tags=28%, list=17%, signal=33%	
NEGATIVE REGULATION OF UBIQUITIN-DEPENDENT PROTEIN CATABOLIC PROCESS%GOBP%GO:2000059	NEGATIVE REGULATION OF UBIQUITIN-DEPENDENT PROTEIN CATABOLIC PROCESS%GOBP%GO:2000059		44	0.281897	0.84390265	0.7077519	0.83073825	1.0	1945	tags=27%, list=16%, signal=32%	
MICROTUBULE NUCLEATION%GOBP%GO:0007020	MICROTUBULE NUCLEATION%GOBP%GO:0007020		27	0.3051036	0.8431109	0.694859	0.831981	1.0	3565	tags=37%, list=30%, signal=53%	
TRANSCRIPTIONAL REGULATION OF WHITE ADIPOCYTE DIFFERENTIATION%REACTOME DATABASE ID RELEASE 93%381340	TRANSCRIPTIONAL REGULATION OF WHITE ADIPOCYTE DIFFERENTIATION%REACTOME DATABASE ID RELEASE 93%381340		73	0.25565454	0.8430687	0.7426901	0.83179754	1.0	871	tags=10%, list=7%, signal=10%	
ECTODERM DIFFERENTIATION%WIKIPATHWAYS_20250810%WP2858%HOMO SAPIENS	ECTODERM DIFFERENTIATION%WIKIPATHWAYS_20250810%WP2858%HOMO SAPIENS		83	0.2493026	0.84300125	0.7614943	0.8316625	1.0	2138	tags=20%, list=18%, signal=25%	
POSITIVE REGULATION OF ORGANELLE ASSEMBLY%GOBP%GO:1902117	POSITIVE REGULATION OF ORGANELLE ASSEMBLY%GOBP%GO:1902117		64	0.2594521	0.84241146	0.74319065	0.8325082	1.0	286	tags=5%, list=2%, signal=5%	
CELL DIVISION%GOBP%GO:0051301	CELL DIVISION%GOBP%GO:0051301		123	0.23692453	0.842216	0.7963989	0.8326154	1.0	2496	tags=25%, list=21%, signal=31%	
SUMOYLATION%REACTOME DATABASE ID RELEASE 93%2990846	SUMOYLATION%REACTOME DATABASE ID RELEASE 93%2990846		151	0.23045975	0.8421389	0.80284554	0.8324995	1.0	2323	tags=19%, list=19%, signal=23%	
2Q11 2 COPY NUMBER VARIATION SYNDROME%WIKIPATHWAYS_20250810%WP5221%HOMO SAPIENS	2Q11 2 COPY NUMBER VARIATION SYNDROME%WIKIPATHWAYS_20250810%WP5221%HOMO SAPIENS		19	0.33795413	0.8419644	0.69430053	0.83255965	1.0	2519	tags=32%, list=21%, signal=40%	
CYTOPLASMIC RIBOSOMAL PROTEINS%WIKIPATHWAYS_20250810%WP477%HOMO SAPIENS	CYTOPLASMIC RIBOSOMAL PROTEINS%WIKIPATHWAYS_20250810%WP477%HOMO SAPIENS		82	0.25088078	0.84180206	0.7571956	0.8325902	1.0	3593	tags=35%, list=30%, signal=50%	
PROTEIN HYDROXYLATION%REACTOME DATABASE ID RELEASE 93%9629569	PROTEIN HYDROXYLATION%REACTOME DATABASE ID RELEASE 93%9629569		17	0.3411977	0.8417377	0.68266666	0.8324561	1.0	3593	tags=41%, list=30%, signal=59%	
PLASMA LIPOPROTEIN CLEARANCE%REACTOME%R-HSA-8964043.3	PLASMA LIPOPROTEIN CLEARANCE%REACTOME%R-HSA-8964043.3		28	0.3023268	0.8415852	0.6970213	0.83247715	1.0	1871	tags=21%, list=16%, signal=25%	
REV-MEDIATED NUCLEAR EXPORT OF HIV RNA%REACTOME%R-HSA-165054.4	REV-MEDIATED NUCLEAR EXPORT OF HIV RNA%REACTOME%R-HSA-165054.4		29	0.30064082	0.8406612	0.68713695	0.83393013	1.0	2653	tags=31%, list=22%, signal=40%	
NUCLEAR ENVELOPE ORGANIZATION%GOBP%GO:0006998	NUCLEAR ENVELOPE ORGANIZATION%GOBP%GO:0006998		48	0.27268764	0.8404191	0.7297722	0.8341246	1.0	1994	tags=21%, list=17%, signal=25%	
COPII-COATED VESICLE BUDDING%GOBP%GO:0090114	COPII-COATED VESICLE BUDDING%GOBP%GO:0090114		38	0.28613412	0.8402979	0.7292181	0.8340895	1.0	3569	tags=34%, list=30%, signal=48%	
DNA CONFORMATION CHANGE%GOBP%GO:0071103	DNA CONFORMATION CHANGE%GOBP%GO:0071103		15	0.3507489	0.8395473	0.67261374	0.835224	1.0	1076	tags=20%, list=9%, signal=22%	
ACYLGLYCEROL CATABOLIC PROCESS%GOBP%GO:0046464	ACYLGLYCEROL CATABOLIC PROCESS%GOBP%GO:0046464		16	0.3481889	0.83928156	0.6838983	0.835453	1.0	1432	tags=25%, list=12%, signal=28%	
GPER1 SIGNALING%REACTOME%R-HSA-9634597.3	GPER1 SIGNALING%REACTOME%R-HSA-9634597.3		25	0.31177717	0.8389979	0.6916192	0.8357041	1.0	690	tags=12%, list=6%, signal=13%	
POSITIVE REGULATION OF TELOMERE MAINTENANCE VIA TELOMERASE%GOBP%GO:0032212	POSITIVE REGULATION OF TELOMERE MAINTENANCE VIA TELOMERASE%GOBP%GO:0032212		23	0.31796303	0.8388706	0.69340014	0.8356781	1.0	2636	tags=43%, list=22%, signal=56%	
IMMUNOGLOBULIN PRODUCTION%GOBP%GO:0002377	IMMUNOGLOBULIN PRODUCTION%GOBP%GO:0002377		24	0.3116998	0.8382741	0.6941581	0.83654934	1.0	1546	tags=13%, list=13%, signal=14%	
REGULATION OF SYNAPSE ASSEMBLY%GOBP%GO:0051963	REGULATION OF SYNAPSE ASSEMBLY%GOBP%GO:0051963		46	0.2762241	0.8381961	0.72979397	0.8364362	1.0	3037	tags=33%, list=25%, signal=43%	
SMALL GTPASE-MEDIATED SIGNAL TRANSDUCTION%GOBP%GO:0007264	SMALL GTPASE-MEDIATED SIGNAL TRANSDUCTION%GOBP%GO:0007264		152	0.23059759	0.8377249	0.8231246	0.8370503	1.0	2723	tags=28%, list=23%, signal=35%	
LIPID STORAGE%GOBP%GO:0019915	LIPID STORAGE%GOBP%GO:0019915		23	0.3155363	0.83703893	0.7	0.8380688	1.0	1626	tags=26%, list=14%, signal=30%	
LIPID TRANSLOCATION%GOBP%GO:0034204	LIPID TRANSLOCATION%GOBP%GO:0034204		30	0.29865322	0.836424	0.6995745	0.8389649	1.0	241	tags=7%, list=2%, signal=7%	
POSITIVE REGULATION OF MRNA METABOLIC PROCESS%GOBP%GO:1903313	POSITIVE REGULATION OF MRNA METABOLIC PROCESS%GOBP%GO:1903313		93	0.24324568	0.836289	0.7721701	0.83895636	1.0	1528	tags=12%, list=13%, signal=13%	
RESPONSE TO TOPOLOGICALLY INCORRECT PROTEIN%GOBP%GO:0035966	RESPONSE TO TOPOLOGICALLY INCORRECT PROTEIN%GOBP%GO:0035966		98	0.24260813	0.83604586	0.7681979	0.8391417	1.0	2139	tags=22%, list=18%, signal=27%	
NRAGE SIGNALS DEATH THROUGH JNK%REACTOME DATABASE ID RELEASE 93%193648	NRAGE SIGNALS DEATH THROUGH JNK%REACTOME DATABASE ID RELEASE 93%193648		49	0.27030912	0.8358856	0.72846156	0.8391808	1.0	1603	tags=20%, list=13%, signal=23%	
POSITIVE REGULATION OF OSSIFICATION%GOBP%GO:0045778	POSITIVE REGULATION OF OSSIFICATION%GOBP%GO:0045778		26	0.30925375	0.8358665	0.71690255	0.8389527	1.0	1165	tags=15%, list=10%, signal=17%	
SALLA DISEASE INFANTILE SIALIC ACID STORAGE DISEASE%SMPDB%SMP0000240	SALLA DISEASE INFANTILE SIALIC ACID STORAGE DISEASE%SMPDB%SMP0000240		15	0.34047148	0.8354177	0.6917808	0.8395418	1.0	2505	tags=40%, list=21%, signal=50%	
PYRIMIDINE DEOXYRIBONUCLEOTIDE METABOLIC PROCESS%GOBP%GO:0009219	PYRIMIDINE DEOXYRIBONUCLEOTIDE METABOLIC PROCESS%GOBP%GO:0009219		17	0.34178162	0.83473593	0.6722467	0.8405349	1.0	203	tags=6%, list=2%, signal=6%	
REGULATION OF NUCLEOBASE-CONTAINING COMPOUND TRANSPORT%GOBP%GO:0032239	REGULATION OF NUCLEOBASE-CONTAINING COMPOUND TRANSPORT%GOBP%GO:0032239		15	0.3466662	0.8345534	0.6861888	0.8406165	1.0	1212	tags=20%, list=10%, signal=22%	
NEGATIVE REGULATION OF T CELL RECEPTOR SIGNALING PATHWAY%GOBP%GO:0050860	NEGATIVE REGULATION OF T CELL RECEPTOR SIGNALING PATHWAY%GOBP%GO:0050860		22	0.32078883	0.8340198	0.6867271	0.84135354	1.0	1914	tags=23%, list=16%, signal=27%	
PID_VEGFR1_PATHWAY%MSIGDB_C2%PID_VEGFR1_PATHWAY	PID_VEGFR1_PATHWAY%MSIGDB_C2%PID_VEGFR1_PATHWAY		17	0.3319837	0.83374584	0.6760204	0.84159344	1.0	624	tags=12%, list=5%, signal=12%	
REGULATION OF CELL FATE COMMITMENT%GOBP%GO:0010453	REGULATION OF CELL FATE COMMITMENT%GOBP%GO:0010453		25	0.31041098	0.8334444	0.71774894	0.8418809	1.0	641	tags=8%, list=5%, signal=8%	
IL2 SIGNALING EVENTS MEDIATED BY STAT5%PATHWAY INTERACTION DATABASE NCI-NATURE CURATED DATA%IL2 SIGNALING EVENTS MEDIATED BY STAT5	IL2 SIGNALING EVENTS MEDIATED BY STAT5%PATHWAY INTERACTION DATABASE NCI-NATURE CURATED DATA%IL2 SIGNALING EVENTS MEDIATED BY STAT5		20	0.326941	0.83340955	0.6825397	0.8416755	1.0	2274	tags=40%, list=19%, signal=49%	
GLYCOSAMINOGLYCAN METABOLISM%REACTOME DATABASE ID RELEASE 93%1630316	GLYCOSAMINOGLYCAN METABOLISM%REACTOME DATABASE ID RELEASE 93%1630316		96	0.2421096	0.8333008	0.7826087	0.8416184	1.0	3224	tags=34%, list=27%, signal=47%	
INTRINSIC APOPTOTIC SIGNALING PATHWAY BY P53 CLASS MEDIATOR%GOBP%GO:0072332	INTRINSIC APOPTOTIC SIGNALING PATHWAY BY P53 CLASS MEDIATOR%GOBP%GO:0072332		34	0.29167837	0.8332315	0.7222672	0.84148	1.0	2868	tags=32%, list=24%, signal=42%	
VACUOLAR TRANSPORT%GOBP%GO:0007034	VACUOLAR TRANSPORT%GOBP%GO:0007034		137	0.2311845	0.83279616	0.82305086	0.84200466	1.0	2091	tags=21%, list=17%, signal=25%	
REGULATION OF TOR SIGNALING%GOBP%GO:0032006	REGULATION OF TOR SIGNALING%GOBP%GO:0032006		122	0.23481299	0.8320005	0.81448275	0.8432059	1.0	1452	tags=16%, list=12%, signal=18%	
MHC CLASS II ANTIGEN PRESENTATION%REACTOME DATABASE ID RELEASE 93%2132295	MHC CLASS II ANTIGEN PRESENTATION%REACTOME DATABASE ID RELEASE 93%2132295		85	0.24594335	0.8316009	0.7786825	0.8436635	1.0	2625	tags=29%, list=22%, signal=37%	
REGULATION OF ORGANELLE ASSEMBLY%GOBP%GO:1902115	REGULATION OF ORGANELLE ASSEMBLY%GOBP%GO:1902115		168	0.22422086	0.8310833	0.8445767	0.844341	1.0	2379	tags=18%, list=20%, signal=23%	
REGULATION OF LAMELLIPODIUM ORGANIZATION%GOBP%GO:1902743	REGULATION OF LAMELLIPODIUM ORGANIZATION%GOBP%GO:1902743		34	0.2874428	0.8308559	0.74358976	0.8445087	1.0	1781	tags=24%, list=15%, signal=28%	
NUTRIENT STORAGE%GOBP%GO:0170062	NUTRIENT STORAGE%GOBP%GO:0170062		23	0.3155363	0.83069426	0.7137901	0.8445382	1.0	1626	tags=26%, list=14%, signal=30%	
P38 MAPK SIGNALING PATHWAY%PATHWAY INTERACTION DATABASE NCI-NATURE CURATED DATA%P38 MAPK SIGNALING PATHWAY	P38 MAPK SIGNALING PATHWAY%PATHWAY INTERACTION DATABASE NCI-NATURE CURATED DATA%P38 MAPK SIGNALING PATHWAY		24	0.31066313	0.8305572	0.70238096	0.844531	1.0	1930	tags=21%, list=16%, signal=25%	
TRNA PROCESSING IN THE NUCLEUS%REACTOME%R-HSA-6784531.6	TRNA PROCESSING IN THE NUCLEUS%REACTOME%R-HSA-6784531.6		49	0.26866722	0.8302748	0.7371253	0.8447823	1.0	3320	tags=35%, list=28%, signal=48%	
PROTEIN TARGETING TO MEMBRANE%GOBP%GO:0006612	PROTEIN TARGETING TO MEMBRANE%GOBP%GO:0006612		65	0.25442344	0.8297567	0.7624434	0.84546226	1.0	2880	tags=25%, list=24%, signal=32%	
REGULATION OF G0 TO G1 TRANSITION%GOBP%GO:0070316	REGULATION OF G0 TO G1 TRANSITION%GOBP%GO:0070316		30	0.29467592	0.8287151	0.729983	0.8470735	1.0	3616	tags=40%, list=30%, signal=57%	
PROTEIN INSERTION INTO ER MEMBRANE%GOBP%GO:0045048	PROTEIN INSERTION INTO ER MEMBRANE%GOBP%GO:0045048		27	0.30413127	0.8286064	0.729983	0.8469972	1.0	2245	tags=33%, list=19%, signal=41%	
THROMBIN SIGNALLING THROUGH PROTEINASE ACTIVATED RECEPTORS (PARS)%REACTOME%R-HSA-456926.4	THROMBIN SIGNALLING THROUGH PROTEINASE ACTIVATED RECEPTORS (PARS)%REACTOME%R-HSA-456926.4		17	0.3369432	0.82820344	0.68294847	0.847461	1.0	624	tags=18%, list=5%, signal=19%	
REGULATION OF IMMUNE RESPONSE TO TUMOR CELL%GOBP%GO:0002837	REGULATION OF IMMUNE RESPONSE TO TUMOR CELL%GOBP%GO:0002837		16	0.3393021	0.8276616	0.69175625	0.848206	1.0	1866	tags=31%, list=15%, signal=37%	
FACTORS INVOLVED IN MEGAKARYOCYTE DEVELOPMENT AND PLATELET PRODUCTION%REACTOME DATABASE ID RELEASE 93%983231	FACTORS INVOLVED IN MEGAKARYOCYTE DEVELOPMENT AND PLATELET PRODUCTION%REACTOME DATABASE ID RELEASE 93%983231		96	0.24170355	0.827546	0.79562044	0.84814745	1.0	1356	tags=13%, list=11%, signal=14%	
SIALURIA OR FRENCH TYPE SIALURIA%SMPDB%SMP0000216	SIALURIA OR FRENCH TYPE SIALURIA%SMPDB%SMP0000216		15	0.34047148	0.827482	0.6856884	0.84799695	1.0	2505	tags=40%, list=21%, signal=50%	
CARBOHYDRATE DERIVATIVE TRANSPORT%GOBP%GO:1901264	CARBOHYDRATE DERIVATIVE TRANSPORT%GOBP%GO:1901264		56	0.26339507	0.8273562	0.7610209	0.84795654	1.0	2788	tags=36%, list=23%, signal=46%	
INHIBITION OF EXOSOME BIOGENESIS AND SECRETION BY MANUMYCIN A IN CRPC CELLS%WIKIPATHWAYS_20250810%WP4301%HOMO SAPIENS	INHIBITION OF EXOSOME BIOGENESIS AND SECRETION BY MANUMYCIN A IN CRPC CELLS%WIKIPATHWAYS_20250810%WP4301%HOMO SAPIENS		17	0.337993	0.8270205	0.70880556	0.84831196	1.0	2333	tags=29%, list=19%, signal=36%	
CHROMOSOMAL AND MICROSATELLITE INSTABILITY IN COLORECTAL CANCER %WIKIPATHWAYS_20250810%WP4216%HOMO SAPIENS	CHROMOSOMAL AND MICROSATELLITE INSTABILITY IN COLORECTAL CANCER %WIKIPATHWAYS_20250810%WP4216%HOMO SAPIENS		56	0.26310197	0.8269638	0.75818455	0.84815675	1.0	2398	tags=23%, list=20%, signal=29%	
MESODERM MORPHOGENESIS%GOBP%GO:0048332	MESODERM MORPHOGENESIS%GOBP%GO:0048332		16	0.34043345	0.826935	0.6899911	0.8479402	1.0	86	tags=6%, list=1%, signal=6%	
TSH%NETPATH%TSH	TSH%NETPATH%TSH		15	0.34982863	0.82667184	0.6888298	0.8481725	1.0	1326	tags=20%, list=11%, signal=22%	
NEGATIVE REGULATION OF PROTEIN LOCALIZATION TO CELL PERIPHERY%GOBP%GO:1904376	NEGATIVE REGULATION OF PROTEIN LOCALIZATION TO CELL PERIPHERY%GOBP%GO:1904376		26	0.30264992	0.8261152	0.72208434	0.84890574	1.0	2342	tags=38%, list=19%, signal=48%	
TAY-SACHS DISEASE%PATHWHIZ%PW000215	TAY-SACHS DISEASE%PATHWHIZ%PW000215		15	0.34047148	0.82607573	0.68	0.84871185	1.0	2505	tags=40%, list=21%, signal=50%	
NEGATIVE REGULATION OF PROTEIN LOCALIZATION TO MEMBRANE%GOBP%GO:1905476	NEGATIVE REGULATION OF PROTEIN LOCALIZATION TO MEMBRANE%GOBP%GO:1905476		25	0.30720216	0.82535475	0.7188581	0.8497542	1.0	2342	tags=40%, list=19%, signal=50%	
RETT SYNDROME%WIKIPATHWAYS_20250810%WP4312%HOMO SAPIENS	RETT SYNDROME%WIKIPATHWAYS_20250810%WP4312%HOMO SAPIENS		34	0.28639656	0.8251497	0.7175888	0.8498473	1.0	2699	tags=32%, list=22%, signal=42%	
DEPHOSPHORYLATION%GOBP%GO:0016311	DEPHOSPHORYLATION%GOBP%GO:0016311		92	0.24073437	0.8242101	0.79568344	0.8512927	1.0	2306	tags=21%, list=19%, signal=25%	
REGULATION OF CYTOPLASMIC AND NUCLEAR SMAD2 3 SIGNALING%PATHWAY INTERACTION DATABASE NCI-NATURE CURATED DATA%REGULATION OF CYTOPLASMIC AND NUCLEAR SMAD2 3 SIGNALING	REGULATION OF CYTOPLASMIC AND NUCLEAR SMAD2 3 SIGNALING%PATHWAY INTERACTION DATABASE NCI-NATURE CURATED DATA%REGULATION OF CYTOPLASMIC AND NUCLEAR SMAD2 3 SIGNALING		18	0.33114874	0.8241967	0.7094774	0.8510526	1.0	781	tags=17%, list=6%, signal=18%	
GLYCOPROTEIN CATABOLIC PROCESS%GOBP%GO:0006516	GLYCOPROTEIN CATABOLIC PROCESS%GOBP%GO:0006516		24	0.30685815	0.8236088	0.7095938	0.8518449	1.0	1989	tags=21%, list=17%, signal=25%	
EMBRYONIC SKELETAL SYSTEM MORPHOGENESIS%GOBP%GO:0048704	EMBRYONIC SKELETAL SYSTEM MORPHOGENESIS%GOBP%GO:0048704		21	0.31507295	0.8227401	0.7061293	0.85315204	1.0	1033	tags=14%, list=9%, signal=16%	
NEGATIVE REGULATION OF KINASE ACTIVITY%GOBP%GO:0033673	NEGATIVE REGULATION OF KINASE ACTIVITY%GOBP%GO:0033673		58	0.25953677	0.8225629	0.7727987	0.8532211	1.0	3308	tags=34%, list=27%, signal=47%	
EFFECT OF DASATINIB ON THE BCR ABL SIGNALING PATHWAY%WIKIPATHWAYS_20250810%WP5493%HOMO SAPIENS	EFFECT OF DASATINIB ON THE BCR ABL SIGNALING PATHWAY%WIKIPATHWAYS_20250810%WP5493%HOMO SAPIENS		38	0.28281668	0.82244796	0.7538586	0.85316974	1.0	2333	tags=29%, list=19%, signal=36%	
AMINO SUGAR METABOLISM%PATHWHIZ%PW000008	AMINO SUGAR METABOLISM%PATHWHIZ%PW000008		15	0.34047148	0.8223604	0.70510566	0.8530623	1.0	2505	tags=40%, list=21%, signal=50%	
L-AMINO ACID TRANSPORT%GOBP%GO:0015807	L-AMINO ACID TRANSPORT%GOBP%GO:0015807		32	0.28944805	0.8222741	0.72914946	0.852954	1.0	2483	tags=31%, list=21%, signal=39%	
OVERLAP BETWEEN SIGNAL TRANSDUCTION PATHWAYS CONTRIBUTING TO LMNA LAMINOPATHIES%WIKIPATHWAYS_20250810%WP4879%HOMO SAPIENS	OVERLAP BETWEEN SIGNAL TRANSDUCTION PATHWAYS CONTRIBUTING TO LMNA LAMINOPATHIES%WIKIPATHWAYS_20250810%WP4879%HOMO SAPIENS		38	0.2801719	0.8216974	0.7398509	0.8537275	1.0	768	tags=11%, list=6%, signal=11%	
BASE-EXCISION REPAIR%GOBP%GO:0006284	BASE-EXCISION REPAIR%GOBP%GO:0006284		40	0.27946514	0.8216689	0.7473599	0.85351694	1.0	2284	tags=20%, list=19%, signal=25%	
SOMATIC DIVERSIFICATION OF IMMUNOGLOBULINS%GOBP%GO:0016445	SOMATIC DIVERSIFICATION OF IMMUNOGLOBULINS%GOBP%GO:0016445		24	0.3116998	0.821419	0.7185629	0.8536949	1.0	1546	tags=13%, list=13%, signal=14%	
REGULATION OF PROTEIN LOCALIZATION TO MEMBRANE%GOBP%GO:1905475	REGULATION OF PROTEIN LOCALIZATION TO MEMBRANE%GOBP%GO:1905475		100	0.23766366	0.8213783	0.80503595	0.85350645	1.0	2342	tags=25%, list=19%, signal=31%	
T CELL ACTIVATION%PANTHER PATHWAY%P00053	T CELL ACTIVATION%PANTHER PATHWAY%P00053		48	0.26589638	0.8211959	0.76653385	0.8535753	1.0	2398	tags=31%, list=20%, signal=39%	
TRNA METABOLIC PROCESS%GOBP%GO:0006399	TRNA METABOLIC PROCESS%GOBP%GO:0006399		152	0.22330874	0.8210403	0.849534	0.85358775	1.0	3758	tags=38%, list=31%, signal=55%	
G(M2)-GANGLIOSIDOSIS: VARIANT B, TAY-SACHS DISEASE%SMPDB%SMP0000534	G(M2)-GANGLIOSIDOSIS: VARIANT B, TAY-SACHS DISEASE%SMPDB%SMP0000534		15	0.34047148	0.81968886	0.70651203	0.85573184	1.0	2505	tags=40%, list=21%, signal=50%	
REGULATION OF ACTIVIN RECEPTOR SIGNALING PATHWAY%GOBP%GO:0032925	REGULATION OF ACTIVIN RECEPTOR SIGNALING PATHWAY%GOBP%GO:0032925		16	0.33615455	0.8181305	0.72718894	0.8582192	1.0	2177	tags=38%, list=18%, signal=46%	
MEMBRANE PROTEIN PROTEOLYSIS%GOBP%GO:0033619	MEMBRANE PROTEIN PROTEOLYSIS%GOBP%GO:0033619		32	0.28861395	0.81756574	0.7313065	0.85897154	1.0	2757	tags=31%, list=23%, signal=40%	
CELLULAR RESPONSE TO ACID CHEMICAL%GOBP%GO:0071229	CELLULAR RESPONSE TO ACID CHEMICAL%GOBP%GO:0071229		35	0.28380698	0.81735873	0.74122447	0.85908234	1.0	1219	tags=20%, list=10%, signal=22%	
NEGATIVE REGULATION OF MICROTUBULE POLYMERIZATION OR DEPOLYMERIZATION%GOBP%GO:0031111	NEGATIVE REGULATION OF MICROTUBULE POLYMERIZATION OR DEPOLYMERIZATION%GOBP%GO:0031111		23	0.30586153	0.81608045	0.7168874	0.86107624	1.0	1779	tags=26%, list=15%, signal=31%	
CARDIAC CELL DEVELOPMENT%GOBP%GO:0055006	CARDIAC CELL DEVELOPMENT%GOBP%GO:0055006		21	0.3161357	0.81553936	0.72070485	0.8617524	1.0	969	tags=14%, list=8%, signal=16%	
MRNA STABILIZATION%GOBP%GO:0048255	MRNA STABILIZATION%GOBP%GO:0048255		35	0.28331393	0.8122915	0.74840254	0.86720014	1.0	3670	tags=43%, list=30%, signal=61%	
GANGLIOSIDE METABOLIC PROCESS%GOBP%GO:0001573	GANGLIOSIDE METABOLIC PROCESS%GOBP%GO:0001573		17	0.33038187	0.8119492	0.7164179	0.8675261	1.0	3592	tags=53%, list=30%, signal=75%	
SIGNALING RECEPTOR LIGAND PRECURSOR PROCESSING%GOBP%GO:0140448	SIGNALING RECEPTOR LIGAND PRECURSOR PROCESSING%GOBP%GO:0140448		21	0.31304526	0.81150097	0.71946084	0.86805004	1.0	2877	tags=38%, list=24%, signal=50%	
LONG-CHAIN FATTY ACID METABOLIC PROCESS%GOBP%GO:0001676	LONG-CHAIN FATTY ACID METABOLIC PROCESS%GOBP%GO:0001676		61	0.25250757	0.8114469	0.79137796	0.8678792	1.0	1875	tags=21%, list=16%, signal=25%	
PHENYTOIN (ANTIARRHYTHMIC) ACTION PATHWAY%PATHWHIZ%PW000380	PHENYTOIN (ANTIARRHYTHMIC) ACTION PATHWAY%PATHWHIZ%PW000380		34	0.28221795	0.8108591	0.74394184	0.86863613	1.0	2207	tags=21%, list=18%, signal=25%	
HALLMARK_REACTIVE_OXYGEN_SPECIES_PATHWAY%MSIGDBHALLMARK%HALLMARK_REACTIVE_OXYGEN_SPECIES_PATHWAY	HALLMARK_REACTIVE_OXYGEN_SPECIES_PATHWAY%MSIGDBHALLMARK%HALLMARK_REACTIVE_OXYGEN_SPECIES_PATHWAY		27	0.30052048	0.8108372	0.7531807	0.86841094	1.0	2465	tags=33%, list=20%, signal=42%	
INNER MITOCHONDRIAL MEMBRANE ORGANIZATION%GOBP%GO:0007007	INNER MITOCHONDRIAL MEMBRANE ORGANIZATION%GOBP%GO:0007007		32	0.28436074	0.81070167	0.7531592	0.86837417	1.0	3721	tags=38%, list=31%, signal=54%	
INTERACTIONS OF REV WITH HOST CELLULAR PROTEINS%REACTOME%R-HSA-177243.4	INTERACTIONS OF REV WITH HOST CELLULAR PROTEINS%REACTOME%R-HSA-177243.4		31	0.29143262	0.810687	0.74411047	0.8681323	1.0	2653	tags=29%, list=22%, signal=37%	
VEGFR1 SPECIFIC SIGNALS%PATHWAY INTERACTION DATABASE NCI-NATURE CURATED DATA%VEGFR1 SPECIFIC SIGNALS	VEGFR1 SPECIFIC SIGNALS%PATHWAY INTERACTION DATABASE NCI-NATURE CURATED DATA%VEGFR1 SPECIFIC SIGNALS		24	0.30243915	0.8104286	0.74917763	0.8683127	1.0	624	tags=13%, list=5%, signal=13%	
MRNA TRANSCRIPTION%GOBP%GO:0009299	MRNA TRANSCRIPTION%GOBP%GO:0009299		41	0.27070472	0.80918753	0.77572346	0.87021846	1.0	1165	tags=12%, list=10%, signal=13%	
NCRNAS IN WNT SIGNALING IN HEPATOCELLULAR CARCINOMA%WIKIPATHWAYS_20250810%WP4336%HOMO SAPIENS	NCRNAS IN WNT SIGNALING IN HEPATOCELLULAR CARCINOMA%WIKIPATHWAYS_20250810%WP4336%HOMO SAPIENS		56	0.25459987	0.80900586	0.78074867	0.87026685	1.0	2398	tags=25%, list=20%, signal=31%	
MRNA SPLICE SITE RECOGNITION%GOBP%GO:0006376	MRNA SPLICE SITE RECOGNITION%GOBP%GO:0006376		24	0.3000304	0.80899966	0.75643224	0.8700069	1.0	1676	tags=17%, list=14%, signal=19%	
DISEASES OF CARBOHYDRATE METABOLISM%REACTOME DATABASE ID RELEASE 93%5663084	DISEASES OF CARBOHYDRATE METABOLISM%REACTOME DATABASE ID RELEASE 93%5663084		28	0.29466617	0.8085204	0.73495936	0.87056404	1.0	1483	tags=21%, list=12%, signal=24%	
ALSTROM SYNDROME%WIKIPATHWAYS_20250810%WP5202%HOMO SAPIENS	ALSTROM SYNDROME%WIKIPATHWAYS_20250810%WP5202%HOMO SAPIENS		28	0.28926906	0.8084172	0.74626863	0.87047136	1.0	1317	tags=18%, list=11%, signal=20%	
MODIFIED AMINO ACID BIOSYNTHETIC PROCESS%GOBP%GO:0042398	MODIFIED AMINO ACID BIOSYNTHETIC PROCESS%GOBP%GO:0042398		22	0.3056148	0.80796957	0.7295652	0.87099445	1.0	2361	tags=36%, list=20%, signal=45%	
REGULATION OF MRNA STABILITY%GOBP%GO:0043488	REGULATION OF MRNA STABILITY%GOBP%GO:0043488		117	0.22966085	0.8073758	0.867182	0.8717543	1.0	1918	tags=15%, list=16%, signal=17%	
CELLULAR RESPONSE TO UNFOLDED PROTEIN%GOBP%GO:0034620	CELLULAR RESPONSE TO UNFOLDED PROTEIN%GOBP%GO:0034620		60	0.25377104	0.8072529	0.78554595	0.8716986	1.0	1190	tags=15%, list=10%, signal=17%	
REGULATION OF TP53 DEGRADATION%REACTOME DATABASE ID RELEASE 93%6804757	REGULATION OF TP53 DEGRADATION%REACTOME DATABASE ID RELEASE 93%6804757		36	0.27660605	0.8072211	0.7648953	0.87148213	1.0	1733	tags=22%, list=14%, signal=26%	
PRIMARY ALCOHOL METABOLIC PROCESS%GOBP%GO:0034308	PRIMARY ALCOHOL METABOLIC PROCESS%GOBP%GO:0034308		37	0.27455246	0.80657303	0.76054096	0.8723285	1.0	1926	tags=27%, list=16%, signal=32%	
SUMOYLATION OF UBIQUITINYLATION PROTEINS%REACTOME%R-HSA-3232142.5	SUMOYLATION OF UBIQUITINYLATION PROTEINS%REACTOME%R-HSA-3232142.5		32	0.2854821	0.80651057	0.75673467	0.8721684	1.0	2323	tags=25%, list=19%, signal=31%	
TOR SIGNALING%GOBP%GO:0031929	TOR SIGNALING%GOBP%GO:0031929		33	0.280353	0.8063073	0.755	0.8722541	1.0	1733	tags=21%, list=14%, signal=25%	
NEGATIVE REGULATION OF ENDOPLASMIC RETICULUM UNFOLDED PROTEIN RESPONSE%GOBP%GO:1900102	NEGATIVE REGULATION OF ENDOPLASMIC RETICULUM UNFOLDED PROTEIN RESPONSE%GOBP%GO:1900102		16	0.32932538	0.80593604	0.72134036	0.8726322	1.0	2025	tags=31%, list=17%, signal=38%	
NUCLEAR MEMBRANE REASSEMBLY%GOBP%GO:0031468	NUCLEAR MEMBRANE REASSEMBLY%GOBP%GO:0031468		24	0.29983965	0.8044378	0.7218045	0.8749228	1.0	1611	tags=21%, list=13%, signal=24%	
CELLULAR RESPONSE TO STEROID HORMONE STIMULUS%GOBP%GO:0071383	CELLULAR RESPONSE TO STEROID HORMONE STIMULUS%GOBP%GO:0071383		61	0.250879	0.80402064	0.8013443	0.8753795	1.0	2326	tags=28%, list=19%, signal=34%	
PROTEIN INSERTION INTO MEMBRANE%GOBP%GO:0051205	PROTEIN INSERTION INTO MEMBRANE%GOBP%GO:0051205		58	0.24919249	0.803602	0.79873717	0.87583536	1.0	3721	tags=40%, list=31%, signal=57%	
PDGFR-ALPHA SIGNALING PATHWAY%PATHWAY INTERACTION DATABASE NCI-NATURE CURATED DATA%PDGFR-ALPHA SIGNALING PATHWAY	PDGFR-ALPHA SIGNALING PATHWAY%PATHWAY INTERACTION DATABASE NCI-NATURE CURATED DATA%PDGFR-ALPHA SIGNALING PATHWAY		18	0.324397	0.8033926	0.75107294	0.87593484	1.0	2508	tags=39%, list=21%, signal=49%	
NEGATIVE REGULATION OF EXOCYTOSIS%GOBP%GO:0045920	NEGATIVE REGULATION OF EXOCYTOSIS%GOBP%GO:0045920		17	0.33033508	0.803124	0.74103945	0.8761138	1.0	302	tags=12%, list=3%, signal=12%	
OVARIAN INFERTILITY%WIKIPATHWAYS_20250810%WP34%HOMO SAPIENS	OVARIAN INFERTILITY%WIKIPATHWAYS_20250810%WP34%HOMO SAPIENS		17	0.32094336	0.8031086	0.7239537	0.875871	1.0	1219	tags=18%, list=10%, signal=20%	
PID_CDC42_PATHWAY%MSIGDB_C2%PID_CDC42_PATHWAY	PID_CDC42_PATHWAY%MSIGDB_C2%PID_CDC42_PATHWAY		50	0.26350597	0.803089	0.787015	0.8756345	1.0	1326	tags=14%, list=11%, signal=16%	
REGULATION OF ANOIKIS%GOBP%GO:2000209	REGULATION OF ANOIKIS%GOBP%GO:2000209		20	0.3168259	0.80290544	0.7398649	0.87567693	1.0	884	tags=15%, list=7%, signal=16%	
RNA METHYLATION%GOBP%GO:0001510	RNA METHYLATION%GOBP%GO:0001510		65	0.24737889	0.8015845	0.8166168	0.87765986	1.0	2628	tags=23%, list=22%, signal=29%	
REGULATION OF AEROBIC RESPIRATION%GOBP%GO:1903715	REGULATION OF AEROBIC RESPIRATION%GOBP%GO:1903715		18	0.31924668	0.8013928	0.734767	0.8777371	1.0	986	tags=17%, list=8%, signal=18%	
HETEROTRIMERIC G-PROTEIN SIGNALING PATHWAY-GI ALPHA AND GS ALPHA MEDIATED PATHWAY%PANTHER PATHWAY%P00026	HETEROTRIMERIC G-PROTEIN SIGNALING PATHWAY-GI ALPHA AND GS ALPHA MEDIATED PATHWAY%PANTHER PATHWAY%P00026		51	0.260665	0.80111694	0.801581	0.87793165	1.0	2754	tags=27%, list=23%, signal=35%	
ALZHEIMER DISEASE-AMYLOID SECRETASE PATHWAY%PANTHER PATHWAY%P00003	ALZHEIMER DISEASE-AMYLOID SECRETASE PATHWAY%PANTHER PATHWAY%P00003		40	0.26946935	0.8010337	0.78884465	0.87780625	1.0	3122	tags=38%, list=26%, signal=50%	
UBIQUITIN PROTEASOME PATHWAY%PANTHER PATHWAY%P00060	UBIQUITIN PROTEASOME PATHWAY%PANTHER PATHWAY%P00060		26	0.30100608	0.80017203	0.7465278	0.8790237	1.0	2071	tags=27%, list=17%, signal=32%	
OXIDATIVE PHOSPHORYLATION%GOBP%GO:0006119	OXIDATIVE PHOSPHORYLATION%GOBP%GO:0006119		67	0.24755388	0.7996862	0.80622566	0.87958205	1.0	3934	tags=39%, list=33%, signal=57%	
GLOBAL GENOME NUCLEOTIDE EXCISION REPAIR (GG-NER)%REACTOME%R-HSA-5696399.2	GLOBAL GENOME NUCLEOTIDE EXCISION REPAIR (GG-NER)%REACTOME%R-HSA-5696399.2		83	0.2379018	0.7995927	0.8459838	0.8794796	1.0	2544	tags=25%, list=21%, signal=32%	
REGULATION OF VESICLE FUSION%GOBP%GO:0031338	REGULATION OF VESICLE FUSION%GOBP%GO:0031338		15	0.33180544	0.79949385	0.7177204	0.87938917	1.0	702	tags=13%, list=6%, signal=14%	
HALLMARK_ADIPOGENESIS%MSIGDBHALLMARK%HALLMARK_ADIPOGENESIS	HALLMARK_ADIPOGENESIS%MSIGDBHALLMARK%HALLMARK_ADIPOGENESIS		141	0.22056617	0.7993022	0.8840678	0.8794331	1.0	2336	tags=22%, list=19%, signal=27%	
POSITIVE REGULATION OF MRNA CATABOLIC PROCESS%GOBP%GO:0061014	POSITIVE REGULATION OF MRNA CATABOLIC PROCESS%GOBP%GO:0061014		75	0.24200417	0.79929507	0.82419235	0.87917835	1.0	1528	tags=12%, list=13%, signal=14%	
AUTOPHAGOSOME MATURATION%GOBP%GO:0097352	AUTOPHAGOSOME MATURATION%GOBP%GO:0097352		42	0.2674957	0.79923743	0.7899432	0.87901074	1.0	2280	tags=24%, list=19%, signal=29%	
RNA STABILIZATION%GOBP%GO:0043489	RNA STABILIZATION%GOBP%GO:0043489		45	0.2653047	0.7987666	0.7835703	0.87954456	1.0	3670	tags=42%, list=30%, signal=61%	
PULMONARY VALVE DEVELOPMENT%GOBP%GO:0003177	PULMONARY VALVE DEVELOPMENT%GOBP%GO:0003177		16	0.32800937	0.7979544	0.72835314	0.8806302	1.0	2975	tags=44%, list=25%, signal=58%	
REGULATION OF REACTIVE OXYGEN SPECIES BIOSYNTHETIC PROCESS%GOBP%GO:1903426	REGULATION OF REACTIVE OXYGEN SPECIES BIOSYNTHETIC PROCESS%GOBP%GO:1903426		24	0.29822513	0.797665	0.7560345	0.8808465	1.0	854	tags=13%, list=7%, signal=13%	
DNA DOUBLE STRAND BREAK RESPONSE%REACTOME%R-HSA-5693606.4	DNA DOUBLE STRAND BREAK RESPONSE%REACTOME%R-HSA-5693606.4		40	0.26743343	0.79734766	0.7855382	0.8811088	1.0	1811	tags=20%, list=15%, signal=23%	
REGULATION OF STEM CELL POPULATION MAINTENANCE%GOBP%GO:2000036	REGULATION OF STEM CELL POPULATION MAINTENANCE%GOBP%GO:2000036		50	0.25734642	0.7962744	0.7923323	0.8826585	1.0	3445	tags=42%, list=29%, signal=59%	
NEGATIVE REGULATION OF MRNA CATABOLIC PROCESS%GOBP%GO:1902373	NEGATIVE REGULATION OF MRNA CATABOLIC PROCESS%GOBP%GO:1902373		45	0.2631114	0.7962387	0.7974583	0.8824517	1.0	3670	tags=40%, list=30%, signal=57%	
FATTY ACID TRANSPORT%GOBP%GO:0015908	FATTY ACID TRANSPORT%GOBP%GO:0015908		34	0.27627295	0.79579216	0.7763049	0.8829336	1.0	2212	tags=32%, list=18%, signal=40%	
PROTEIN INSERTION INTO MITOCHONDRIAL MEMBRANE%GOBP%GO:0051204	PROTEIN INSERTION INTO MITOCHONDRIAL MEMBRANE%GOBP%GO:0051204		27	0.2896993	0.7954863	0.77102417	0.8831804	1.0	3866	tags=41%, list=32%, signal=60%	
RMTS METHYLATE HISTONE ARGININES%REACTOME DATABASE ID RELEASE 93%3214858	RMTS METHYLATE HISTONE ARGININES%REACTOME DATABASE ID RELEASE 93%3214858		29	0.28902578	0.7948443	0.76641726	0.8839771	1.0	4419	tags=45%, list=37%, signal=71%	
ESTABLISHMENT OF PROTEIN LOCALIZATION TO MITOCHONDRIAL MEMBRANE%GOBP%GO:0090151	ESTABLISHMENT OF PROTEIN LOCALIZATION TO MITOCHONDRIAL MEMBRANE%GOBP%GO:0090151		27	0.2896993	0.79474455	0.76150626	0.883868	1.0	3866	tags=41%, list=32%, signal=60%	
NEGATIVE REGULATION OF DNA BIOSYNTHETIC PROCESS%GOBP%GO:2000279	NEGATIVE REGULATION OF DNA BIOSYNTHETIC PROCESS%GOBP%GO:2000279		20	0.31051254	0.7943111	0.75777966	0.8843229	1.0	3287	tags=50%, list=27%, signal=69%	
REGULATED EXOCYTOSIS%GOBP%GO:0045055	REGULATED EXOCYTOSIS%GOBP%GO:0045055		56	0.25152928	0.7939497	0.80657494	0.8846554	1.0	850	tags=11%, list=7%, signal=11%	
PROTEIN REFOLDING%GOBP%GO:0042026	PROTEIN REFOLDING%GOBP%GO:0042026		22	0.29731396	0.79359394	0.76324785	0.8849594	1.0	2912	tags=36%, list=24%, signal=48%	
REGULATION OF EXOCYTOSIS%GOBP%GO:0017157	REGULATION OF EXOCYTOSIS%GOBP%GO:0017157		85	0.23429662	0.7927687	0.84533143	0.88604736	1.0	1297	tags=15%, list=11%, signal=17%	
DIGESTIVE TRACT DEVELOPMENT%GOBP%GO:0048565	DIGESTIVE TRACT DEVELOPMENT%GOBP%GO:0048565		26	0.29086816	0.79273003	0.7789735	0.885841	1.0	2327	tags=31%, list=19%, signal=38%	
NEGATIVE REGULATION OF RNA CATABOLIC PROCESS%GOBP%GO:1902369	NEGATIVE REGULATION OF RNA CATABOLIC PROCESS%GOBP%GO:1902369		55	0.25319287	0.79269755	0.81397116	0.8856234	1.0	3670	tags=40%, list=30%, signal=57%	
REGULATION OF MITOCHONDRIAL MEMBRANE PERMEABILITY%GOBP%GO:0046902	REGULATION OF MITOCHONDRIAL MEMBRANE PERMEABILITY%GOBP%GO:0046902		33	0.2776864	0.7925725	0.7883212	0.8855561	1.0	2682	tags=27%, list=22%, signal=35%	
RNA POLYMERASE II TRANSCRIBES SNRNA GENES%REACTOME%R-HSA-6807505.4	RNA POLYMERASE II TRANSCRIBES SNRNA GENES%REACTOME%R-HSA-6807505.4		69	0.23922092	0.79245406	0.82543266	0.88547873	1.0	3654	tags=30%, list=30%, signal=43%	
MACROAUTOPHAGY%GOBP%GO:0016236	MACROAUTOPHAGY%GOBP%GO:0016236		172	0.21348296	0.7914386	0.9044415	0.88691425	1.0	2340	tags=23%, list=19%, signal=28%	
REGULATION OF PROTEIN TARGETING TO MITOCHONDRION%GOBP%GO:1903214	REGULATION OF PROTEIN TARGETING TO MITOCHONDRION%GOBP%GO:1903214		34	0.27261093	0.7903585	0.79464287	0.888447	1.0	2560	tags=32%, list=21%, signal=41%	
REGULATION OF DNA RECOMBINATION%GOBP%GO:0000018	REGULATION OF DNA RECOMBINATION%GOBP%GO:0000018		84	0.23507757	0.78991127	0.8460988	0.8889128	1.0	2304	tags=23%, list=19%, signal=28%	
SEMAPHORIN-PLEXIN SIGNALING PATHWAY%GOBP%GO:0071526	SEMAPHORIN-PLEXIN SIGNALING PATHWAY%GOBP%GO:0071526		32	0.28260547	0.78904116	0.7737595	0.8900857	1.0	3451	tags=50%, list=29%, signal=70%	
PID_NOTCH_PATHWAY%MSIGDB_C2%PID_NOTCH_PATHWAY	PID_NOTCH_PATHWAY%MSIGDB_C2%PID_NOTCH_PATHWAY		40	0.2662283	0.78902507	0.8009631	0.88984275	1.0	1723	tags=18%, list=14%, signal=20%	
PID_PI3K_PLC_TRK_PATHWAY%MSIGDB_C2%PID_PI3K_PLC_TRK_PATHWAY	PID_PI3K_PLC_TRK_PATHWAY%MSIGDB_C2%PID_PI3K_PLC_TRK_PATHWAY		21	0.30487943	0.78740263	0.7437011	0.89220977	1.0	2333	tags=29%, list=19%, signal=35%	
REGULATION OF NEURON MIGRATION%GOBP%GO:2001222	REGULATION OF NEURON MIGRATION%GOBP%GO:2001222		20	0.30485976	0.78735584	0.742591	0.8920143	1.0	369	tags=10%, list=3%, signal=10%	
REGULATION OF DENDRITE DEVELOPMENT%GOBP%GO:0050773	REGULATION OF DENDRITE DEVELOPMENT%GOBP%GO:0050773		39	0.26499274	0.78720856	0.80564785	0.89197505	1.0	2575	tags=28%, list=21%, signal=36%	
REGULATION OF MITOCHONDRIAL GENE EXPRESSION%GOBP%GO:0062125	REGULATION OF MITOCHONDRIAL GENE EXPRESSION%GOBP%GO:0062125		23	0.2973569	0.7869105	0.76430404	0.8921852	1.0	502	tags=9%, list=4%, signal=9%	
POSITIVE REGULATION OF NEURON PROJECTION DEVELOPMENT%GOBP%GO:0010976	POSITIVE REGULATION OF NEURON PROJECTION DEVELOPMENT%GOBP%GO:0010976		62	0.2447464	0.78677285	0.82320875	0.8921376	1.0	1781	tags=18%, list=15%, signal=21%	
REGULATION OF MACROAUTOPHAGY%GOBP%GO:0016241	REGULATION OF MACROAUTOPHAGY%GOBP%GO:0016241		155	0.21391958	0.7849391	0.90884537	0.89483994	1.0	2560	tags=21%, list=21%, signal=26%	
SRP-DEPENDENT COTRANSLATIONAL PROTEIN TARGETING TO MEMBRANE%REACTOME%R-HSA-1799339.4	SRP-DEPENDENT COTRANSLATIONAL PROTEIN TARGETING TO MEMBRANE%REACTOME%R-HSA-1799339.4		105	0.22534339	0.78353727	0.8828181	0.89684296	1.0	3828	tags=34%, list=32%, signal=50%	
NEGATIVE REGULATION OF TELOMERE MAINTENANCE VIA TELOMERASE%GOBP%GO:0032211	NEGATIVE REGULATION OF TELOMERE MAINTENANCE VIA TELOMERASE%GOBP%GO:0032211		18	0.31166553	0.7834274	0.7530435	0.8967406	1.0	2868	tags=44%, list=24%, signal=58%	
PID_HNF3A_PATHWAY%MSIGDB_C2%PID_HNF3A_PATHWAY	PID_HNF3A_PATHWAY%MSIGDB_C2%PID_HNF3A_PATHWAY		24	0.29403248	0.783036	0.76182574	0.89710355	1.0	1946	tags=29%, list=16%, signal=35%	
OXIDATION BY CYTOCHROME P450%WIKIPATHWAYS_20250810%WP43%HOMO SAPIENS	OXIDATION BY CYTOCHROME P450%WIKIPATHWAYS_20250810%WP43%HOMO SAPIENS		23	0.29759473	0.7822243	0.7770213	0.8981421	1.0	1875	tags=22%, list=16%, signal=26%	
VITAMIN TRANSPORT%GOBP%GO:0051180	VITAMIN TRANSPORT%GOBP%GO:0051180		29	0.28142413	0.7813222	0.77740306	0.89931834	1.0	1681	tags=21%, list=14%, signal=24%	
HEART LOOPING%GOBP%GO:0001947	HEART LOOPING%GOBP%GO:0001947		22	0.3005003	0.7810325	0.76669556	0.8995189	1.0	786	tags=14%, list=7%, signal=15%	
MIRNA PROCESSING%GOBP%GO:0035196	MIRNA PROCESSING%GOBP%GO:0035196		27	0.28693762	0.78062016	0.78222996	0.8998788	1.0	1290	tags=15%, list=11%, signal=17%	
GLYCOSYLATION AND RELATED CONGENITAL DEFECTS%WIKIPATHWAYS_20250810%WP4521%HOMO SAPIENS	GLYCOSYLATION AND RELATED CONGENITAL DEFECTS%WIKIPATHWAYS_20250810%WP4521%HOMO SAPIENS		22	0.29715	0.7805294	0.7762359	0.8997478	1.0	1790	tags=23%, list=15%, signal=27%	
GROWTH FACTORS AND HORMONES IN BETA CELL PROLIFERATION%WIKIPATHWAYS_20250810%WP5385%HOMO SAPIENS	GROWTH FACTORS AND HORMONES IN BETA CELL PROLIFERATION%WIKIPATHWAYS_20250810%WP5385%HOMO SAPIENS		16	0.32365248	0.780337	0.7703057	0.8997864	1.0	2723	tags=31%, list=23%, signal=40%	
REGULATION OF CALCINEURIN-NFAT SIGNALING CASCADE%GOBP%GO:0070884	REGULATION OF CALCINEURIN-NFAT SIGNALING CASCADE%GOBP%GO:0070884		23	0.29643264	0.7803136	0.7640068	0.8995456	1.0	1995	tags=17%, list=17%, signal=21%	
CILIUM ASSEMBLY%REACTOME%R-HSA-5617833.5	CILIUM ASSEMBLY%REACTOME%R-HSA-5617833.5		161	0.21350288	0.78013206	0.9170068	0.89955306	1.0	852	tags=9%, list=7%, signal=9%	
NEURAL PRECURSOR CELL PROLIFERATION%GOBP%GO:0061351	NEURAL PRECURSOR CELL PROLIFERATION%GOBP%GO:0061351		27	0.28286391	0.7798672	0.7837385	0.89968944	1.0	1043	tags=15%, list=9%, signal=16%	
TRANSCRIPTION OF E2F TARGETS UNDER NEGATIVE CONTROL BY DREAM COMPLEX%REACTOME DATABASE ID RELEASE 93%1362277	TRANSCRIPTION OF E2F TARGETS UNDER NEGATIVE CONTROL BY DREAM COMPLEX%REACTOME DATABASE ID RELEASE 93%1362277		19	0.30792174	0.7797691	0.77480584	0.89958066	1.0	317	tags=11%, list=3%, signal=11%	
POSITIVE REGULATION OF MRNA PROCESSING%GOBP%GO:0050685	POSITIVE REGULATION OF MRNA PROCESSING%GOBP%GO:0050685		19	0.3088142	0.77950734	0.75582397	0.89973104	1.0	3948	tags=47%, list=33%, signal=70%	
POSITIVE REGULATION OF NLRP3 INFLAMMASOME COMPLEX ASSEMBLY%GOBP%GO:1900227	POSITIVE REGULATION OF NLRP3 INFLAMMASOME COMPLEX ASSEMBLY%GOBP%GO:1900227		20	0.30611292	0.7784746	0.78540015	0.9010672	1.0	965	tags=10%, list=8%, signal=11%	
FOXA1 TRANSCRIPTION FACTOR NETWORK%PATHWAY INTERACTION DATABASE NCI-NATURE CURATED DATA%FOXA1 TRANSCRIPTION FACTOR NETWORK	FOXA1 TRANSCRIPTION FACTOR NETWORK%PATHWAY INTERACTION DATABASE NCI-NATURE CURATED DATA%FOXA1 TRANSCRIPTION FACTOR NETWORK		29	0.27833372	0.77832264	0.79322034	0.90102905	1.0	1946	tags=28%, list=16%, signal=33%	
HOST-MEDIATED PERTURBATION OF VIRAL TRANSCRIPTION%GOBP%GO:0043921	HOST-MEDIATED PERTURBATION OF VIRAL TRANSCRIPTION%GOBP%GO:0043921		23	0.2989052	0.7782944	0.78183436	0.90080106	1.0	2398	tags=30%, list=20%, signal=38%	
PID_ECADHERIN_KERATINOCYTE_PATHWAY%MSIGDB_C2%PID_ECADHERIN_KERATINOCYTE_PATHWAY	PID_ECADHERIN_KERATINOCYTE_PATHWAY%MSIGDB_C2%PID_ECADHERIN_KERATINOCYTE_PATHWAY		16	0.32063156	0.77816	0.77517986	0.90073234	1.0	854	tags=19%, list=7%, signal=20%	
INTERLEUKIN-37 SIGNALING%REACTOME DATABASE ID RELEASE 93%9008059	INTERLEUKIN-37 SIGNALING%REACTOME DATABASE ID RELEASE 93%9008059		17	0.31897682	0.77737373	0.74800354	0.90166724	1.0	937	tags=12%, list=8%, signal=13%	
COLLAGEN FIBRIL ORGANIZATION%GOBP%GO:0030199	COLLAGEN FIBRIL ORGANIZATION%GOBP%GO:0030199		31	0.2768508	0.777335	0.8056266	0.90145737	1.0	2148	tags=29%, list=18%, signal=35%	
UBIQUINONE METABOLIC PROCESS%GOBP%GO:0006743	UBIQUINONE METABOLIC PROCESS%GOBP%GO:0006743		16	0.3196858	0.7763993	0.76090753	0.90262604	1.0	1480	tags=19%, list=12%, signal=21%	
POSITIVE REGULATION OF TELOMERE MAINTENANCE VIA TELOMERE LENGTHENING%GOBP%GO:1904358	POSITIVE REGULATION OF TELOMERE MAINTENANCE VIA TELOMERE LENGTHENING%GOBP%GO:1904358		25	0.2900977	0.77608645	0.7725393	0.90282536	1.0	2636	tags=40%, list=22%, signal=51%	
TGF_BETA_RECEPTOR%NETPATH%TGF_BETA_RECEPTOR	TGF_BETA_RECEPTOR%NETPATH%TGF_BETA_RECEPTOR		103	0.22354227	0.7757918	0.8935252	0.90300196	1.0	998	tags=12%, list=8%, signal=13%	
TRISTETRAPROLIN (TTP, ZFP36) BINDS AND DESTABILIZES MRNA%REACTOME DATABASE ID RELEASE 93%450513	TRISTETRAPROLIN (TTP, ZFP36) BINDS AND DESTABILIZES MRNA%REACTOME DATABASE ID RELEASE 93%450513		17	0.31333935	0.775508	0.77145284	0.90317047	1.0	3656	tags=47%, list=30%, signal=67%	
GLYCOLIPID METABOLIC PROCESS%GOBP%GO:0006664	GLYCOLIPID METABOLIC PROCESS%GOBP%GO:0006664		71	0.23552704	0.77541476	0.84875184	0.9030423	1.0	3592	tags=32%, list=30%, signal=46%	
ELECTRON TRANSPORT CHAIN%GOBP%GO:0022900	ELECTRON TRANSPORT CHAIN%GOBP%GO:0022900		75	0.23215427	0.77513146	0.8619926	0.9032142	1.0	2366	tags=21%, list=20%, signal=26%	
CELLULAR RESPONSE TO EPIDERMAL GROWTH FACTOR STIMULUS%GOBP%GO:0071364	CELLULAR RESPONSE TO EPIDERMAL GROWTH FACTOR STIMULUS%GOBP%GO:0071364		24	0.28793687	0.77497816	0.7735523	0.9031782	1.0	2256	tags=25%, list=19%, signal=31%	
FATTY ACID DERIVATIVE BIOSYNTHETIC PROCESS%GOBP%GO:1901570	FATTY ACID DERIVATIVE BIOSYNTHETIC PROCESS%GOBP%GO:1901570		29	0.27904317	0.77448195	0.7926421	0.9036681	1.0	2187	tags=24%, list=18%, signal=29%	
CELLULAR RESPONSE TO TOPOLOGICALLY INCORRECT PROTEIN%GOBP%GO:0035967	CELLULAR RESPONSE TO TOPOLOGICALLY INCORRECT PROTEIN%GOBP%GO:0035967		74	0.23279873	0.77361506	0.8577745	0.90472054	1.0	2139	tags=22%, list=18%, signal=26%	
POSITIVE REGULATION OF MICROTUBULE POLYMERIZATION OR DEPOLYMERIZATION%GOBP%GO:0031112	POSITIVE REGULATION OF MICROTUBULE POLYMERIZATION OR DEPOLYMERIZATION%GOBP%GO:0031112		25	0.28767982	0.771933	0.784693	0.90704733	1.0	2898	tags=36%, list=24%, signal=47%	
ENDOSOME ORGANIZATION%GOBP%GO:0007032	ENDOSOME ORGANIZATION%GOBP%GO:0007032		76	0.23128773	0.7706657	0.86098653	0.9087372	1.0	2960	tags=32%, list=25%, signal=42%	
POSITIVE REGULATION OF PROTEIN UBIQUITINATION%GOBP%GO:0031398	POSITIVE REGULATION OF PROTEIN UBIQUITINATION%GOBP%GO:0031398		67	0.23835579	0.7705896	0.8643815	0.9085783	1.0	2617	tags=25%, list=22%, signal=32%	
MEMBRANE INVAGINATION%GOBP%GO:0010324	MEMBRANE INVAGINATION%GOBP%GO:0010324		31	0.27360204	0.77033126	0.8056266	0.9087045	1.0	3324	tags=45%, list=28%, signal=62%	
POSITIVE REGULATION OF INFLAMMASOME-MEDIATED SIGNALING PATHWAY%GOBP%GO:0141087	POSITIVE REGULATION OF INFLAMMASOME-MEDIATED SIGNALING PATHWAY%GOBP%GO:0141087		21	0.295808	0.77033126	0.78504676	0.90843236	1.0	965	tags=10%, list=8%, signal=10%	
INTERACTION BETWEEN L1 AND ANKYRINS%REACTOME DATABASE ID RELEASE 93%445095	INTERACTION BETWEEN L1 AND ANKYRINS%REACTOME DATABASE ID RELEASE 93%445095		16	0.31337073	0.76972634	0.77132803	0.9090748	1.0	1861	tags=31%, list=15%, signal=37%	
RXR AND RAR HETERODIMERIZATION WITH OTHER NUCLEAR RECEPTOR%PATHWAY INTERACTION DATABASE NCI-NATURE CURATED DATA%RXR AND RAR HETERODIMERIZATION WITH OTHER NUCLEAR RECEPTOR	RXR AND RAR HETERODIMERIZATION WITH OTHER NUCLEAR RECEPTOR%PATHWAY INTERACTION DATABASE NCI-NATURE CURATED DATA%RXR AND RAR HETERODIMERIZATION WITH OTHER NUCLEAR RECEPTOR		23	0.28877178	0.7696265	0.78673387	0.9089499	1.0	2664	tags=26%, list=22%, signal=33%	
PROTEIN TARGETING%GOBP%GO:0006605	PROTEIN TARGETING%GOBP%GO:0006605		163	0.2102196	0.76934826	0.936	0.9090943	1.0	3284	tags=29%, list=27%, signal=40%	
REGULATION OF ALTERNATIVE MRNA SPLICING, VIA SPLICEOSOME%GOBP%GO:0000381	REGULATION OF ALTERNATIVE MRNA SPLICING, VIA SPLICEOSOME%GOBP%GO:0000381		52	0.24689302	0.769328	0.8462709	0.90885144	1.0	2258	tags=19%, list=19%, signal=24%	
ANTIGEN PROCESSING AND PRESENTATION OF EXOGENOUS ANTIGEN%GOBP%GO:0019884	ANTIGEN PROCESSING AND PRESENTATION OF EXOGENOUS ANTIGEN%GOBP%GO:0019884		20	0.29751182	0.7690223	0.7823479	0.9090371	1.0	2850	tags=40%, list=24%, signal=52%	
PEROXISOMAL LIPID METABOLISM%REACTOME DATABASE ID RELEASE 93%390918	PEROXISOMAL LIPID METABOLISM%REACTOME DATABASE ID RELEASE 93%390918		18	0.30951473	0.7690146	0.7743026	0.9087776	1.0	1404	tags=17%, list=12%, signal=19%	
LIPOSACCHARIDE METABOLIC PROCESS%GOBP%GO:1903509	LIPOSACCHARIDE METABOLIC PROCESS%GOBP%GO:1903509		71	0.23552704	0.76895976	0.8664179	0.9085934	1.0	3592	tags=32%, list=30%, signal=46%	
REGULATION OF ARP2/3 COMPLEX-MEDIATED ACTIN NUCLEATION%GOBP%GO:0034315	REGULATION OF ARP2/3 COMPLEX-MEDIATED ACTIN NUCLEATION%GOBP%GO:0034315		17	0.31365567	0.7687698	0.767159	0.9085994	1.0	3506	tags=53%, list=29%, signal=75%	
ER-NUCLEUS SIGNALING PATHWAY%GOBP%GO:0006984	ER-NUCLEUS SIGNALING PATHWAY%GOBP%GO:0006984		27	0.2798915	0.7687037	0.7930449	0.90842295	1.0	2371	tags=26%, list=20%, signal=32%	
DETERMINATION OF HEART LEFT/RIGHT ASYMMETRY%GOBP%GO:0061371	DETERMINATION OF HEART LEFT/RIGHT ASYMMETRY%GOBP%GO:0061371		23	0.29027057	0.76851183	0.7836153	0.9084425	1.0	786	tags=13%, list=7%, signal=14%	
REGULATION OF ACTOMYOSIN STRUCTURE ORGANIZATION%GOBP%GO:0110020	REGULATION OF ACTOMYOSIN STRUCTURE ORGANIZATION%GOBP%GO:0110020		64	0.23807764	0.7682764	0.86143696	0.9085289	1.0	1603	tags=17%, list=13%, signal=20%	
POSITIVE REGULATION OF SODIUM ION TRANSPORT%GOBP%GO:0010765	POSITIVE REGULATION OF SODIUM ION TRANSPORT%GOBP%GO:0010765		19	0.30084425	0.7656819	0.77351916	0.91214377	1.0	253	tags=11%, list=2%, signal=11%	
NUCLEAR-TRANSCRIBED MRNA POLY(A) TAIL SHORTENING%GOBP%GO:0000289	NUCLEAR-TRANSCRIBED MRNA POLY(A) TAIL SHORTENING%GOBP%GO:0000289		17	0.30573696	0.7652747	0.7790198	0.9124778	1.0	1153	tags=12%, list=10%, signal=13%	
ADIPOGENESIS%REACTOME%R-HSA-9843745.1	ADIPOGENESIS%REACTOME%R-HSA-9843745.1		91	0.22641642	0.765075	0.89838	0.9124961	1.0	589	tags=7%, list=5%, signal=7%	
HEME METABOLIC PROCESS%GOBP%GO:0042168	HEME METABOLIC PROCESS%GOBP%GO:0042168		27	0.27725023	0.7647043	0.8107884	0.91276616	1.0	338	tags=7%, list=3%, signal=8%	
ESTROGEN METABOLIC PROCESS%GOBP%GO:0008210	ESTROGEN METABOLIC PROCESS%GOBP%GO:0008210		15	0.31663975	0.76460415	0.7689563	0.912642	1.0	1518	tags=20%, list=13%, signal=23%	
IGF1 PATHWAY%PATHWAY INTERACTION DATABASE NCI-NATURE CURATED DATA%IGF1 PATHWAY	IGF1 PATHWAY%PATHWAY INTERACTION DATABASE NCI-NATURE CURATED DATA%IGF1 PATHWAY		28	0.27480307	0.76394117	0.80432975	0.913343	1.0	3662	tags=46%, list=30%, signal=67%	
PROTEIN SECRETION%GOBP%GO:0009306	PROTEIN SECRETION%GOBP%GO:0009306		42	0.25378335	0.76388353	0.84372467	0.91315264	1.0	2288	tags=26%, list=19%, signal=32%	
RNA POLYMERASE II PRE-TRANSCRIPTION EVENTS%REACTOME DATABASE ID RELEASE 93%674695	RNA POLYMERASE II PRE-TRANSCRIPTION EVENTS%REACTOME DATABASE ID RELEASE 93%674695		73	0.23535277	0.76383746	0.87810385	0.91294646	1.0	3964	tags=34%, list=33%, signal=51%	
CLASS B 2 (SECRETIN FAMILY RECEPTORS)%REACTOME%R-HSA-373080.4	CLASS B 2 (SECRETIN FAMILY RECEPTORS)%REACTOME%R-HSA-373080.4		34	0.26719928	0.7636068	0.8209571	0.9130112	1.0	974	tags=15%, list=8%, signal=16%	
REGULATION OF TP53 ACTIVITY%REACTOME DATABASE ID RELEASE 93%5633007	REGULATION OF TP53 ACTIVITY%REACTOME DATABASE ID RELEASE 93%5633007		147	0.20927595	0.7635658	0.9361988	0.9128003	1.0	1930	tags=16%, list=16%, signal=18%	
RETINOID METABOLISM AND TRANSPORT%REACTOME%R-HSA-975634.4	RETINOID METABOLISM AND TRANSPORT%REACTOME%R-HSA-975634.4		26	0.28428376	0.7634263	0.81119466	0.9127268	1.0	1987	tags=19%, list=17%, signal=23%	
SUMOYLATION OF DNA DAMAGE RESPONSE AND REPAIR PROTEINS%REACTOME%R-HSA-3108214.4	SUMOYLATION OF DNA DAMAGE RESPONSE AND REPAIR PROTEINS%REACTOME%R-HSA-3108214.4		65	0.23443517	0.76339036	0.8780488	0.9125059	1.0	2323	tags=22%, list=19%, signal=27%	
GOLGI TO PLASMA MEMBRANE PROTEIN TRANSPORT%GOBP%GO:0043001	GOLGI TO PLASMA MEMBRANE PROTEIN TRANSPORT%GOBP%GO:0043001		28	0.27543595	0.761964	0.8168193	0.914303	1.0	1809	tags=25%, list=15%, signal=29%	
RESPONSE TO LAMINAR FLUID SHEAR STRESS%GOBP%GO:0034616	RESPONSE TO LAMINAR FLUID SHEAR STRESS%GOBP%GO:0034616		24	0.28594798	0.761626	0.793771	0.91451085	1.0	1733	tags=21%, list=14%, signal=24%	
PAUSING AND RECOVERY OF TAT-MEDIATED HIV ELONGATION%REACTOME%R-HSA-167238.4	PAUSING AND RECOVERY OF TAT-MEDIATED HIV ELONGATION%REACTOME%R-HSA-167238.4		27	0.27804703	0.7613786	0.79324895	0.91458726	1.0	4077	tags=44%, list=34%, signal=67%	
TAT-MEDIATED HIV ELONGATION ARREST AND RECOVERY%REACTOME DATABASE ID RELEASE 93%167243	TAT-MEDIATED HIV ELONGATION ARREST AND RECOVERY%REACTOME DATABASE ID RELEASE 93%167243		27	0.27804703	0.76090825	0.8056951	0.91499525	1.0	4077	tags=44%, list=34%, signal=67%	
VISUAL PHOTOTRANSDUCTION%REACTOME%R-HSA-2187338.3	VISUAL PHOTOTRANSDUCTION%REACTOME%R-HSA-2187338.3		48	0.24830663	0.7602222	0.83949643	0.91569114	1.0	2149	tags=19%, list=18%, signal=23%	
GAMMA CARBOXYLATION, HYPUSINYLATION, HYDROXYLATION, AND ARYLSULFATASE ACTIVATION%REACTOME DATABASE ID RELEASE 93%163841	GAMMA CARBOXYLATION, HYPUSINYLATION, HYDROXYLATION, AND ARYLSULFATASE ACTIVATION%REACTOME DATABASE ID RELEASE 93%163841		47	0.24567981	0.75993353	0.8534483	0.9158287	1.0	3198	tags=34%, list=27%, signal=46%	
CELLULAR RESPONSE TO PH%GOBP%GO:0071467	CELLULAR RESPONSE TO PH%GOBP%GO:0071467		15	0.31155834	0.7594972	0.78070176	0.9162083	1.0	2673	tags=40%, list=22%, signal=51%	
ESTABLISHMENT OF PROTEIN LOCALIZATION TO EXTRACELLULAR REGION%GOBP%GO:0035592	ESTABLISHMENT OF PROTEIN LOCALIZATION TO EXTRACELLULAR REGION%GOBP%GO:0035592		43	0.25279254	0.75927645	0.84455127	0.91625845	1.0	2288	tags=26%, list=19%, signal=31%	
NEGATIVE REGULATION OF CDH1 GENE TRANSCRIPTION%REACTOME DATABASE ID RELEASE 93%9764725	NEGATIVE REGULATION OF CDH1 GENE TRANSCRIPTION%REACTOME DATABASE ID RELEASE 93%9764725		28	0.2742766	0.7584053	0.8010248	0.9172684	1.0	978	tags=14%, list=8%, signal=16%	
POSITIVE REGULATION OF VIRAL GENOME REPLICATION%GOBP%GO:0045070	POSITIVE REGULATION OF VIRAL GENOME REPLICATION%GOBP%GO:0045070		24	0.28081715	0.75602627	0.7924686	0.9204335	1.0	2204	tags=21%, list=18%, signal=25%	
INORGANIC ANION TRANSPORT%GOBP%GO:0015698	INORGANIC ANION TRANSPORT%GOBP%GO:0015698		54	0.24110976	0.75584435	0.86158633	0.9204131	1.0	1165	tags=11%, list=10%, signal=12%	
RNA EXPORT FROM NUCLEUS%GOBP%GO:0006405	RNA EXPORT FROM NUCLEUS%GOBP%GO:0006405		70	0.23071666	0.7552832	0.8879699	0.9209259	1.0	3780	tags=37%, list=31%, signal=54%	
XENOBIOTIC TRANSPORT%GOBP%GO:0042908	XENOBIOTIC TRANSPORT%GOBP%GO:0042908		28	0.27318028	0.75511634	0.83040935	0.9208833	1.0	2317	tags=29%, list=19%, signal=35%	
PORPHYRIN-CONTAINING COMPOUND METABOLIC PROCESS%GOBP%GO:0006778	PORPHYRIN-CONTAINING COMPOUND METABOLIC PROCESS%GOBP%GO:0006778		29	0.2745128	0.7547916	0.8331915	0.92105854	1.0	338	tags=7%, list=3%, signal=7%	
DIGESTIVE SYSTEM DEVELOPMENT%GOBP%GO:0055123	DIGESTIVE SYSTEM DEVELOPMENT%GOBP%GO:0055123		27	0.27748045	0.754721	0.8165138	0.920885	1.0	2327	tags=30%, list=19%, signal=37%	
REGULATION OF CALCINEURIN-MEDIATED SIGNALING%GOBP%GO:0106056	REGULATION OF CALCINEURIN-MEDIATED SIGNALING%GOBP%GO:0106056		24	0.28145862	0.753914	0.81053525	0.9217598	1.0	1995	tags=17%, list=17%, signal=20%	
DOLICHOL-LINKED OLIGOSACCHARIDE BIOSYNTHETIC PROCESS%GOBP%GO:0006488	DOLICHOL-LINKED OLIGOSACCHARIDE BIOSYNTHETIC PROCESS%GOBP%GO:0006488		19	0.29653966	0.7537852	0.79363716	0.92167944	1.0	3214	tags=42%, list=27%, signal=57%	
WNT LIGAND BIOGENESIS AND TRAFFICKING%REACTOME DATABASE ID RELEASE 93%3238698	WNT LIGAND BIOGENESIS AND TRAFFICKING%REACTOME DATABASE ID RELEASE 93%3238698		15	0.31461647	0.75162673	0.7918871	0.9244649	1.0	1487	tags=20%, list=12%, signal=23%	
CELLULAR SENESCENCE%GOBP%GO:0090398	CELLULAR SENESCENCE%GOBP%GO:0090398		39	0.2535713	0.7509247	0.8615506	0.92515504	1.0	3260	tags=28%, list=27%, signal=39%	
TETRAPYRROLE METABOLIC PROCESS%GOBP%GO:0033013	TETRAPYRROLE METABOLIC PROCESS%GOBP%GO:0033013		36	0.25608456	0.7506978	0.85795456	0.9251987	1.0	338	tags=6%, list=3%, signal=6%	
DEVELOPMENTAL PIGMENTATION%GOBP%GO:0048066	DEVELOPMENTAL PIGMENTATION%GOBP%GO:0048066		16	0.30292985	0.7505434	0.7952381	0.92514753	1.0	2752	tags=44%, list=23%, signal=57%	
REGULATION OF MRNA SPLICING, VIA SPLICEOSOME%GOBP%GO:0048024	REGULATION OF MRNA SPLICING, VIA SPLICEOSOME%GOBP%GO:0048024		82	0.22416225	0.75046986	0.9096868	0.92497635	1.0	2329	tags=18%, list=19%, signal=23%	
PSEUDOURIDINE SYNTHESIS%GOBP%GO:0001522	PSEUDOURIDINE SYNTHESIS%GOBP%GO:0001522		18	0.29956615	0.749345	0.79338104	0.92623913	1.0	3882	tags=50%, list=32%, signal=74%	
QUINONE METABOLIC PROCESS%GOBP%GO:1901661	QUINONE METABOLIC PROCESS%GOBP%GO:1901661		17	0.3036394	0.74887186	0.8	0.926609	1.0	1480	tags=18%, list=12%, signal=20%	
INTEGRATION OF ENERGY METABOLISM%REACTOME%R-HSA-163685.6	INTEGRATION OF ENERGY METABOLISM%REACTOME%R-HSA-163685.6		63	0.23284963	0.7485576	0.8892284	0.9267586	1.0	2852	tags=33%, list=24%, signal=43%	
COPI-DEPENDENT GOLGI-TO-ER RETROGRADE TRAFFIC%REACTOME DATABASE ID RELEASE 93%6811434	COPI-DEPENDENT GOLGI-TO-ER RETROGRADE TRAFFIC%REACTOME DATABASE ID RELEASE 93%6811434		73	0.22495432	0.7485398	0.9010495	0.9265069	1.0	2580	tags=22%, list=21%, signal=28%	
CANNABINOID RECEPTOR SIGNALING%WIKIPATHWAYS_20250810%WP3869%HOMO SAPIENS	CANNABINOID RECEPTOR SIGNALING%WIKIPATHWAYS_20250810%WP3869%HOMO SAPIENS		18	0.2985466	0.74820656	0.7987533	0.92668754	1.0	1930	tags=28%, list=16%, signal=33%	
BASE EXCISION REPAIR%REACTOME%R-HSA-73884.4	BASE EXCISION REPAIR%REACTOME%R-HSA-73884.4		42	0.2495973	0.74808896	0.829421	0.9265682	1.0	597	tags=10%, list=5%, signal=10%	
O-LINKED GLYCOSYLATION%REACTOME DATABASE ID RELEASE 93%5173105	O-LINKED GLYCOSYLATION%REACTOME DATABASE ID RELEASE 93%5173105		70	0.23270313	0.7477283	0.9063422	0.92679137	1.0	1805	tags=21%, list=15%, signal=25%	
NS1 MEDIATED EFFECTS ON HOST PATHWAYS%REACTOME DATABASE ID RELEASE 93%168276	NS1 MEDIATED EFFECTS ON HOST PATHWAYS%REACTOME DATABASE ID RELEASE 93%168276		35	0.25582996	0.7474313	0.834521	0.92691535	1.0	2323	tags=23%, list=19%, signal=28%	
PROTEIN-DNA COMPLEX DISASSEMBLY%GOBP%GO:0032986	PROTEIN-DNA COMPLEX DISASSEMBLY%GOBP%GO:0032986		19	0.29610968	0.74714535	0.81650573	0.9270264	1.0	3720	tags=42%, list=31%, signal=61%	
HYDROGEN PEROXIDE METABOLIC PROCESS%GOBP%GO:0042743	HYDROGEN PEROXIDE METABOLIC PROCESS%GOBP%GO:0042743		17	0.30462414	0.7465839	0.80843586	0.92750543	1.0	2279	tags=35%, list=19%, signal=43%	
EXTENSION OF TELOMERES%REACTOME DATABASE ID RELEASE 93%180786	EXTENSION OF TELOMERES%REACTOME DATABASE ID RELEASE 93%180786		47	0.24106276	0.7465626	0.8572537	0.9272593	1.0	1870	tags=21%, list=16%, signal=25%	
FORMATION OF HIV-1 ELONGATION COMPLEX CONTAINING HIV-1 TAT%REACTOME%R-HSA-167200.5	FORMATION OF HIV-1 ELONGATION COMPLEX CONTAINING HIV-1 TAT%REACTOME%R-HSA-167200.5		39	0.25304246	0.7463723	0.8618267	0.92724234	1.0	4077	tags=41%, list=34%, signal=62%	
HIV TRANSCRIPTION ELONGATION%REACTOME%R-HSA-167169.4	HIV TRANSCRIPTION ELONGATION%REACTOME%R-HSA-167169.4		39	0.25304246	0.7458023	0.8446602	0.92774874	1.0	4077	tags=41%, list=34%, signal=62%	
NEGATIVE REGULATION OF PROTEASOMAL UBIQUITIN-DEPENDENT PROTEIN CATABOLIC PROCESS%GOBP%GO:0032435	NEGATIVE REGULATION OF PROTEASOMAL UBIQUITIN-DEPENDENT PROTEIN CATABOLIC PROCESS%GOBP%GO:0032435		34	0.25885913	0.7457824	0.835209	0.9275039	1.0	2986	tags=38%, list=25%, signal=51%	
MAINTENANCE OF PROTEIN LOCATION IN CELL%GOBP%GO:0032507	MAINTENANCE OF PROTEIN LOCATION IN CELL%GOBP%GO:0032507		42	0.24962877	0.7455464	0.8512736	0.9275527	1.0	518	tags=10%, list=4%, signal=10%	
ANGIOTENSIN II RECEPTOR TYPE 1 PATHWAY%WIKIPATHWAYS_20250810%WP5036%HOMO SAPIENS	ANGIOTENSIN II RECEPTOR TYPE 1 PATHWAY%WIKIPATHWAYS_20250810%WP5036%HOMO SAPIENS		19	0.29301748	0.74481523	0.80968565	0.9282637	1.0	1866	tags=26%, list=15%, signal=31%	
AXON GUIDANCE MEDIATED BY SEMAPHORINS%PANTHER PATHWAY%P00007	AXON GUIDANCE MEDIATED BY SEMAPHORINS%PANTHER PATHWAY%P00007		15	0.30817822	0.744396	0.7868421	0.92856985	1.0	2748	tags=40%, list=23%, signal=52%	
MITOPHAGY%GOBP%GO:0000423	MITOPHAGY%GOBP%GO:0000423		41	0.24973515	0.7443749	0.8478783	0.92832905	1.0	2191	tags=22%, list=18%, signal=27%	
ADENYLATE CYCLASE-ACTIVATING G PROTEIN-COUPLED RECEPTOR SIGNALING PATHWAY%GOBP%GO:0007189	ADENYLATE CYCLASE-ACTIVATING G PROTEIN-COUPLED RECEPTOR SIGNALING PATHWAY%GOBP%GO:0007189		50	0.24022868	0.7439494	0.87099236	0.928619	1.0	1859	tags=20%, list=15%, signal=24%	
VASCULOGENESIS%GOBP%GO:0001570	VASCULOGENESIS%GOBP%GO:0001570		20	0.29092455	0.7438199	0.8029134	0.9285129	1.0	1866	tags=20%, list=15%, signal=24%	
CHONDROITIN SULFATE DERMATAN SULFATE METABOLISM%REACTOME DATABASE ID RELEASE 93%1793185	CHONDROITIN SULFATE DERMATAN SULFATE METABOLISM%REACTOME DATABASE ID RELEASE 93%1793185		28	0.269391	0.7436076	0.8259442	0.92853016	1.0	1814	tags=21%, list=15%, signal=25%	
ESTABLISHMENT OF PROTEIN LOCALIZATION TO VACUOLE%GOBP%GO:0072666	ESTABLISHMENT OF PROTEIN LOCALIZATION TO VACUOLE%GOBP%GO:0072666		46	0.24262	0.7429215	0.88240063	0.9291808	1.0	2389	tags=30%, list=20%, signal=38%	
POSITIVE REGULATION OF PROTEIN TARGETING TO MITOCHONDRION%GOBP%GO:1903955	POSITIVE REGULATION OF PROTEIN TARGETING TO MITOCHONDRION%GOBP%GO:1903955		29	0.2649333	0.74238825	0.8520366	0.9296183	1.0	2560	tags=34%, list=21%, signal=44%	
POSITIVE REGULATION OF ESTABLISHMENT OF PROTEIN LOCALIZATION TO MITOCHONDRION%GOBP%GO:1903749	POSITIVE REGULATION OF ESTABLISHMENT OF PROTEIN LOCALIZATION TO MITOCHONDRION%GOBP%GO:1903749		31	0.26285222	0.74156326	0.84262294	0.93044966	1.0	2560	tags=32%, list=21%, signal=41%	
REGULATION OF FIBROBLAST GROWTH FACTOR RECEPTOR SIGNALING PATHWAY%GOBP%GO:0040036	REGULATION OF FIBROBLAST GROWTH FACTOR RECEPTOR SIGNALING PATHWAY%GOBP%GO:0040036		18	0.29611123	0.74122757	0.8116197	0.9306173	1.0	1557	tags=17%, list=13%, signal=19%	
TP53 REGULATES TRANSCRIPTION OF GENES INVOLVED IN G2 CELL CYCLE ARREST%REACTOME%R-HSA-6804114.3	TP53 REGULATES TRANSCRIPTION OF GENES INVOLVED IN G2 CELL CYCLE ARREST%REACTOME%R-HSA-6804114.3		18	0.29574624	0.7411364	0.80105174	0.93047166	1.0	491	tags=11%, list=4%, signal=12%	
REGULATION OF DENDRITE MORPHOGENESIS%GOBP%GO:0048814	REGULATION OF DENDRITE MORPHOGENESIS%GOBP%GO:0048814		25	0.27578956	0.7393078	0.8364407	0.9325635	1.0	2575	tags=32%, list=21%, signal=41%	
PAUSING AND RECOVERY OF HIV ELONGATION%REACTOME%R-HSA-167290.4	PAUSING AND RECOVERY OF HIV ELONGATION%REACTOME%R-HSA-167290.4		29	0.26658583	0.7389726	0.84246	0.93272364	1.0	4077	tags=45%, list=34%, signal=68%	
INHIBITION OF DNA RECOMBINATION AT TELOMERE%REACTOME DATABASE ID RELEASE 93%9670095	INHIBITION OF DNA RECOMBINATION AT TELOMERE%REACTOME DATABASE ID RELEASE 93%9670095		20	0.29113817	0.7386687	0.8077253	0.9328478	1.0	578	tags=10%, list=5%, signal=10%	
LYSOSOME VESICLE BIOGENESIS%REACTOME DATABASE ID RELEASE 93%432720	LYSOSOME VESICLE BIOGENESIS%REACTOME DATABASE ID RELEASE 93%432720		31	0.26163188	0.73840994	0.8474434	0.932905	1.0	2482	tags=35%, list=21%, signal=45%	
N GLYCAN BIOSYNTHESIS%WIKIPATHWAYS_20250810%WP5153%HOMO SAPIENS	N GLYCAN BIOSYNTHESIS%WIKIPATHWAYS_20250810%WP5153%HOMO SAPIENS		45	0.24393593	0.7384055	0.8744972	0.9326362	1.0	1790	tags=16%, list=15%, signal=18%	
POSITIVE REGULATION OF TORC1 SIGNALING%GOBP%GO:1904263	POSITIVE REGULATION OF TORC1 SIGNALING%GOBP%GO:1904263		47	0.2441102	0.7383248	0.8845554	0.93246776	1.0	2937	tags=30%, list=24%, signal=39%	
TAT-MEDIATED ELONGATION OF THE HIV-1 TRANSCRIPT%REACTOME%R-HSA-167246.4	TAT-MEDIATED ELONGATION OF THE HIV-1 TRANSCRIPT%REACTOME%R-HSA-167246.4		39	0.25304246	0.7380543	0.8545597	0.9325367	1.0	4077	tags=41%, list=34%, signal=62%	
REGULATION OF MEMBRANE REPOLARIZATION%GOBP%GO:0060306	REGULATION OF MEMBRANE REPOLARIZATION%GOBP%GO:0060306		17	0.3017978	0.7379921	0.81517	0.93234015	1.0	1329	tags=24%, list=11%, signal=26%	
SLC TRANSPORTER DISORDERS%REACTOME%R-HSA-5619102.8	SLC TRANSPORTER DISORDERS%REACTOME%R-HSA-5619102.8		55	0.23399523	0.7374936	0.8876494	0.93269795	1.0	1419	tags=13%, list=12%, signal=14%	
PROTEIN-CONTAINING COMPLEX LOCALIZATION%GOBP%GO:0031503	PROTEIN-CONTAINING COMPLEX LOCALIZATION%GOBP%GO:0031503		32	0.25997964	0.7370177	0.85367894	0.9330463	1.0	633	tags=6%, list=5%, signal=7%	
REGULATION OF RESPONSE TO TUMOR CELL%GOBP%GO:0002834	REGULATION OF RESPONSE TO TUMOR CELL%GOBP%GO:0002834		17	0.2966177	0.7368316	0.82711554	0.9330191	1.0	1123	tags=24%, list=9%, signal=26%	
MRNA EXPORT FROM NUCLEUS%GOBP%GO:0006406	MRNA EXPORT FROM NUCLEUS%GOBP%GO:0006406		55	0.23413199	0.73653245	0.89429015	0.93311864	1.0	3780	tags=36%, list=31%, signal=53%	
PROTEOGLYCAN BIOSYNTHETIC PROCESS%GOBP%GO:0030166	PROTEOGLYCAN BIOSYNTHETIC PROCESS%GOBP%GO:0030166		53	0.2365647	0.73607886	0.8984375	0.9334126	1.0	2421	tags=25%, list=20%, signal=31%	
TRANSCYTOSIS%GOBP%GO:0045056	TRANSCYTOSIS%GOBP%GO:0045056		15	0.30864152	0.7353062	0.80128205	0.9341187	1.0	241	tags=7%, list=2%, signal=7%	
AMIDE BIOSYNTHETIC PROCESS%GOBP%GO:0043604	AMIDE BIOSYNTHETIC PROCESS%GOBP%GO:0043604		91	0.21521476	0.73516846	0.92913383	0.9340183	1.0	2564	tags=27%, list=21%, signal=35%	
E-CADHERIN SIGNALING IN KERATINOCYTES%PATHWAY INTERACTION DATABASE NCI-NATURE CURATED DATA%E-CADHERIN SIGNALING IN KERATINOCYTES	E-CADHERIN SIGNALING IN KERATINOCYTES%PATHWAY INTERACTION DATABASE NCI-NATURE CURATED DATA%E-CADHERIN SIGNALING IN KERATINOCYTES		20	0.28667045	0.7351673	0.8319398	0.9337477	1.0	1911	tags=25%, list=16%, signal=30%	
TRNA PROCESSING%GOBP%GO:0008033	TRNA PROCESSING%GOBP%GO:0008033		107	0.21230374	0.7349294	0.9263538	0.93376106	1.0	3632	tags=36%, list=30%, signal=52%	
KETONE BIOSYNTHETIC PROCESS%GOBP%GO:0042181	KETONE BIOSYNTHETIC PROCESS%GOBP%GO:0042181		18	0.29967016	0.73452854	0.8192342	0.9339872	1.0	2890	tags=28%, list=24%, signal=36%	
VALIDATED TRANSCRIPTIONAL TARGETS OF TAP63 ISOFORMS%PATHWAY INTERACTION DATABASE NCI-NATURE CURATED DATA%VALIDATED TRANSCRIPTIONAL TARGETS OF TAP63 ISOFORMS	VALIDATED TRANSCRIPTIONAL TARGETS OF TAP63 ISOFORMS%PATHWAY INTERACTION DATABASE NCI-NATURE CURATED DATA%VALIDATED TRANSCRIPTIONAL TARGETS OF TAP63 ISOFORMS		52	0.23675413	0.7341432	0.8829953	0.93419176	1.0	1278	tags=15%, list=11%, signal=17%	
THE PHOTOTRANSDUCTION CASCADE%REACTOME DATABASE ID RELEASE 93%2514856	THE PHOTOTRANSDUCTION CASCADE%REACTOME DATABASE ID RELEASE 93%2514856		15	0.302824	0.7339061	0.8113879	0.93422794	1.0	2436	tags=27%, list=20%, signal=33%	
FORMATION OF HIV ELONGATION COMPLEX IN THE ABSENCE OF HIV TAT%REACTOME%R-HSA-167152.5	FORMATION OF HIV ELONGATION COMPLEX IN THE ABSENCE OF HIV TAT%REACTOME%R-HSA-167152.5		41	0.245942	0.7334008	0.881877	0.9346007	1.0	4077	tags=41%, list=34%, signal=62%	
RETINA DEVELOPMENT IN CAMERA-TYPE EYE%GOBP%GO:0060041	RETINA DEVELOPMENT IN CAMERA-TYPE EYE%GOBP%GO:0060041		33	0.25777674	0.73203015	0.8686543	0.9360394	1.0	2708	tags=27%, list=22%, signal=35%	
PROTEIN TARGETING TO ER%GOBP%GO:0045047	PROTEIN TARGETING TO ER%GOBP%GO:0045047		28	0.26631528	0.73197544	0.8432836	0.93583614	1.0	3811	tags=32%, list=32%, signal=47%	
GLYCOSPHINGOLIPID METABOLISM%REACTOME DATABASE ID RELEASE 93%1660662	GLYCOSPHINGOLIPID METABOLISM%REACTOME DATABASE ID RELEASE 93%1660662		44	0.24451938	0.7317018	0.8806202	0.9359045	1.0	3354	tags=36%, list=28%, signal=50%	
BIOCARTA_GSK3_PATHWAY%MSIGDB_C2%BIOCARTA_GSK3_PATHWAY	BIOCARTA_GSK3_PATHWAY%MSIGDB_C2%BIOCARTA_GSK3_PATHWAY		16	0.30055162	0.73106766	0.8257042	0.9364287	1.0	1778	tags=25%, list=15%, signal=29%	
ION TRANSPORT BY P-TYPE ATPASES%REACTOME DATABASE ID RELEASE 93%936837	ION TRANSPORT BY P-TYPE ATPASES%REACTOME DATABASE ID RELEASE 93%936837		34	0.2553315	0.7305537	0.8618211	0.93677396	1.0	1140	tags=15%, list=9%, signal=16%	
MAINTENANCE OF PROTEIN LOCATION%GOBP%GO:0045185	MAINTENANCE OF PROTEIN LOCATION%GOBP%GO:0045185		45	0.24087334	0.730387	0.89444447	0.9367108	1.0	518	tags=9%, list=4%, signal=9%	
MACROMOLECULE DEACYLATION%GOBP%GO:0098732	MACROMOLECULE DEACYLATION%GOBP%GO:0098732		15	0.30099568	0.7301271	0.8293119	0.9367543	1.0	2278	tags=33%, list=19%, signal=41%	
DNA DAMAGE CHECKPOINT SIGNALING%GOBP%GO:0000077	DNA DAMAGE CHECKPOINT SIGNALING%GOBP%GO:0000077		74	0.21953742	0.7298558	0.92250925	0.93682325	1.0	1989	tags=14%, list=17%, signal=16%	
PROTEIN DEPOLYMERIZATION%GOBP%GO:0051261	PROTEIN DEPOLYMERIZATION%GOBP%GO:0051261		29	0.26153663	0.72967196	0.8495798	0.9367769	1.0	2280	tags=28%, list=19%, signal=34%	
HIV ELONGATION ARREST AND RECOVERY%REACTOME DATABASE ID RELEASE 93%167287	HIV ELONGATION ARREST AND RECOVERY%REACTOME DATABASE ID RELEASE 93%167287		29	0.26658583	0.72838837	0.85855263	0.9380744	1.0	4077	tags=45%, list=34%, signal=68%	
REGULATION OF UBIQUITIN-PROTEIN TRANSFERASE ACTIVITY%GOBP%GO:0051438	REGULATION OF UBIQUITIN-PROTEIN TRANSFERASE ACTIVITY%GOBP%GO:0051438		15	0.30351034	0.72806567	0.8347032	0.9381772	1.0	714	tags=13%, list=6%, signal=14%	
PURINE-CONTAINING COMPOUND TRANSMEMBRANE TRANSPORT%GOBP%GO:0072530	PURINE-CONTAINING COMPOUND TRANSMEMBRANE TRANSPORT%GOBP%GO:0072530		21	0.2788653	0.72692883	0.8566372	0.93927866	1.0	1681	tags=19%, list=14%, signal=22%	
NEGATIVE REGULATION OF CALCIUM ION TRANSPORT%GOBP%GO:0051926	NEGATIVE REGULATION OF CALCIUM ION TRANSPORT%GOBP%GO:0051926		22	0.27891824	0.7237096	0.8325991	0.9428142	1.0	78	tags=5%, list=1%, signal=5%	
SIGNALING BY FGFR4%REACTOME%R-HSA-5654743.4	SIGNALING BY FGFR4%REACTOME%R-HSA-5654743.4		25	0.26924536	0.7226319	0.8638298	0.94379	1.0	1557	tags=24%, list=13%, signal=28%	
BIOCARTA_VDR_PATHWAY%MSIGDB_C2%BIOCARTA_VDR_PATHWAY	BIOCARTA_VDR_PATHWAY%MSIGDB_C2%BIOCARTA_VDR_PATHWAY		21	0.27426037	0.72225523	0.85629255	0.9439561	1.0	978	tags=10%, list=8%, signal=10%	
PROTEIN QUALITY CONTROL FOR MISFOLDED OR INCOMPLETELY SYNTHESIZED PROTEINS%GOBP%GO:0006515	PROTEIN QUALITY CONTROL FOR MISFOLDED OR INCOMPLETELY SYNTHESIZED PROTEINS%GOBP%GO:0006515		27	0.26340544	0.7219408	0.87159866	0.9440536	1.0	3554	tags=48%, list=30%, signal=68%	
PIGMENT METABOLIC PROCESS%GOBP%GO:0042440	PIGMENT METABOLIC PROCESS%GOBP%GO:0042440		31	0.25757372	0.7217312	0.8669355	0.9440138	1.0	338	tags=6%, list=3%, signal=7%	
SIGNALING BY FGFR3%REACTOME%R-HSA-5654741.4	SIGNALING BY FGFR3%REACTOME%R-HSA-5654741.4		26	0.26855168	0.7211371	0.8543273	0.9444318	1.0	1557	tags=23%, list=13%, signal=26%	
POSITIVE REGULATION OF SMALL GTPASE MEDIATED SIGNAL TRANSDUCTION%GOBP%GO:0051057	POSITIVE REGULATION OF SMALL GTPASE MEDIATED SIGNAL TRANSDUCTION%GOBP%GO:0051057		38	0.24508676	0.71998906	0.8704319	0.9454759	1.0	2591	tags=26%, list=22%, signal=33%	
PROTEIN IMPORT INTO NUCLEUS%GOBP%GO:0006606	PROTEIN IMPORT INTO NUCLEUS%GOBP%GO:0006606		69	0.21997072	0.71893597	0.9412639	0.94641614	1.0	2697	tags=26%, list=22%, signal=33%	
REGULATION OF ENDOPLASMIC RETICULUM UNFOLDED PROTEIN RESPONSE%GOBP%GO:1900101	REGULATION OF ENDOPLASMIC RETICULUM UNFOLDED PROTEIN RESPONSE%GOBP%GO:1900101		29	0.2611435	0.7181479	0.88264877	0.9470498	1.0	2025	tags=28%, list=17%, signal=33%	
REGULATION OF TRANSCRIPTION ELONGATION BY RNA POLYMERASE II%GOBP%GO:0034243	REGULATION OF TRANSCRIPTION ELONGATION BY RNA POLYMERASE II%GOBP%GO:0034243		78	0.2151697	0.7180484	0.93521965	0.9468838	1.0	4077	tags=33%, list=34%, signal=50%	
INSULIN-MEDIATED GLUCOSE TRANSPORT%PATHWAY INTERACTION DATABASE NCI-NATURE CURATED DATA%INSULIN-MEDIATED GLUCOSE TRANSPORT	INSULIN-MEDIATED GLUCOSE TRANSPORT%PATHWAY INTERACTION DATABASE NCI-NATURE CURATED DATA%INSULIN-MEDIATED GLUCOSE TRANSPORT		23	0.2729591	0.7179896	0.8639004	0.946678	1.0	1784	tags=26%, list=15%, signal=31%	
PROTEIN LOCALIZATION TO CELL SURFACE%GOBP%GO:0034394	PROTEIN LOCALIZATION TO CELL SURFACE%GOBP%GO:0034394		16	0.29696438	0.717796	0.8343722	0.9466214	1.0	3124	tags=31%, list=26%, signal=42%	
DETECTION OF EXTERNAL STIMULUS%GOBP%GO:0009581	DETECTION OF EXTERNAL STIMULUS%GOBP%GO:0009581		22	0.2717475	0.71731836	0.84782606	0.94689286	1.0	3822	tags=45%, list=32%, signal=66%	
OXIDATIVE STRESS INDUCED SENESCENCE%REACTOME DATABASE ID RELEASE 93%2559580	OXIDATIVE STRESS INDUCED SENESCENCE%REACTOME DATABASE ID RELEASE 93%2559580		59	0.22688988	0.7161703	0.91844815	0.9479246	1.0	3023	tags=29%, list=25%, signal=38%	
NEPHRIN FAMILY INTERACTIONS%REACTOME DATABASE ID RELEASE 93%373753	NEPHRIN FAMILY INTERACTIONS%REACTOME DATABASE ID RELEASE 93%373753		16	0.2923066	0.71614814	0.8479021	0.9476765	1.0	2025	tags=31%, list=17%, signal=38%	
PROTEIN LOCALIZATION TO EXTRACELLULAR REGION%GOBP%GO:0071692	PROTEIN LOCALIZATION TO EXTRACELLULAR REGION%GOBP%GO:0071692		45	0.23849942	0.71608776	0.9024	0.9474674	1.0	2288	tags=24%, list=19%, signal=30%	
HEDGEHOG SIGNALING EVENTS MEDIATED BY GLI PROTEINS%PATHWAY INTERACTION DATABASE NCI-NATURE CURATED DATA%HEDGEHOG SIGNALING EVENTS MEDIATED BY GLI PROTEINS	HEDGEHOG SIGNALING EVENTS MEDIATED BY GLI PROTEINS%PATHWAY INTERACTION DATABASE NCI-NATURE CURATED DATA%HEDGEHOG SIGNALING EVENTS MEDIATED BY GLI PROTEINS		42	0.23834626	0.7158364	0.908867	0.9474805	1.0	478	tags=7%, list=4%, signal=7%	
HALLMARK_NOTCH_SIGNALING%MSIGDBHALLMARK%HALLMARK_NOTCH_SIGNALING	HALLMARK_NOTCH_SIGNALING%MSIGDBHALLMARK%HALLMARK_NOTCH_SIGNALING		22	0.27633533	0.71547234	0.85596025	0.9476084	1.0	1945	tags=23%, list=16%, signal=27%	
PHOSPHATIDIC ACID BIOSYNTHETIC PROCESS%GOBP%GO:0006654	PHOSPHATIDIC ACID BIOSYNTHETIC PROCESS%GOBP%GO:0006654		24	0.26648164	0.71424615	0.84367037	0.9486791	1.0	1836	tags=25%, list=15%, signal=29%	
FORMATION OF INCISION COMPLEX IN GG-NER%REACTOME%R-HSA-5696395.2	FORMATION OF INCISION COMPLEX IN GG-NER%REACTOME%R-HSA-5696395.2		43	0.23881102	0.7126542	0.8999186	0.95014316	1.0	2339	tags=23%, list=19%, signal=29%	
MITOCHONDRIAL RESPIRATORY CHAIN COMPLEX ASSEMBLY%GOBP%GO:0033108	MITOCHONDRIAL RESPIRATORY CHAIN COMPLEX ASSEMBLY%GOBP%GO:0033108		64	0.22042319	0.7125168	0.93410856	0.9500213	1.0	2747	tags=28%, list=23%, signal=36%	
LIMB MORPHOGENESIS%GOBP%GO:0035108	LIMB MORPHOGENESIS%GOBP%GO:0035108		29	0.25522155	0.7099975	0.8779661	0.9524727	1.0	2349	tags=24%, list=20%, signal=30%	
PROTON TRANSMEMBRANE TRANSPORT%GOBP%GO:1902600	PROTON TRANSMEMBRANE TRANSPORT%GOBP%GO:1902600		34	0.2512678	0.70983016	0.8937397	0.9523787	1.0	1860	tags=18%, list=15%, signal=21%	
POSITIVE REGULATION OF MICROTUBULE POLYMERIZATION%GOBP%GO:0031116	POSITIVE REGULATION OF MICROTUBULE POLYMERIZATION%GOBP%GO:0031116		22	0.27295068	0.70930827	0.85763294	0.9526623	1.0	2898	tags=36%, list=24%, signal=48%	
NON SMALL CELL LUNG CANCER%WIKIPATHWAYS_20250810%WP4255%HOMO SAPIENS	NON SMALL CELL LUNG CANCER%WIKIPATHWAYS_20250810%WP4255%HOMO SAPIENS		54	0.22397475	0.70854837	0.91811025	0.95320344	1.0	1560	tags=15%, list=13%, signal=17%	
POSITIVE REGULATION OF TRANSCRIPTION ELONGATION BY RNA POLYMERASE II%GOBP%GO:0032968	POSITIVE REGULATION OF TRANSCRIPTION ELONGATION BY RNA POLYMERASE II%GOBP%GO:0032968		50	0.2299455	0.70847636	0.9119252	0.95300096	1.0	2130	tags=16%, list=18%, signal=19%	
RAS PROCESSING%REACTOME DATABASE ID RELEASE 93%9648002	RAS PROCESSING%REACTOME DATABASE ID RELEASE 93%9648002		16	0.29355794	0.7083434	0.85577756	0.95286685	1.0	2333	tags=25%, list=19%, signal=31%	
NEURAL RETINA DEVELOPMENT%GOBP%GO:0003407	NEURAL RETINA DEVELOPMENT%GOBP%GO:0003407		17	0.28709427	0.70805395	0.8463588	0.95290273	1.0	2701	tags=24%, list=22%, signal=30%	
ARRHYTHMOGENIC RIGHT VENTRICULAR CARDIOMYOPATHY%WIKIPATHWAYS_20250810%WP2118%HOMO SAPIENS	ARRHYTHMOGENIC RIGHT VENTRICULAR CARDIOMYOPATHY%WIKIPATHWAYS_20250810%WP2118%HOMO SAPIENS		36	0.24538419	0.7079975	0.8879804	0.95268756	1.0	255	tags=6%, list=2%, signal=6%	
APPENDAGE MORPHOGENESIS%GOBP%GO:0035107	APPENDAGE MORPHOGENESIS%GOBP%GO:0035107		29	0.25522155	0.7071711	0.87468463	0.95327824	1.0	2349	tags=24%, list=20%, signal=30%	
FANCONI ANEMIA PATHWAY%REACTOME DATABASE ID RELEASE 93%6783310	FANCONI ANEMIA PATHWAY%REACTOME DATABASE ID RELEASE 93%6783310		31	0.24941337	0.7049007	0.8923328	0.9554121	1.0	1754	tags=19%, list=15%, signal=23%	
EMBRYONIC LIMB MORPHOGENESIS%GOBP%GO:0030326	EMBRYONIC LIMB MORPHOGENESIS%GOBP%GO:0030326		24	0.2612484	0.70480466	0.87241095	0.9552386	1.0	2349	tags=21%, list=20%, signal=26%	
EXPORT ACROSS PLASMA MEMBRANE%GOBP%GO:0140115	EXPORT ACROSS PLASMA MEMBRANE%GOBP%GO:0140115		27	0.25561395	0.70461076	0.8753159	0.955162	1.0	2167	tags=26%, list=18%, signal=32%	
PROTEIN LOCALIZATION TO GOLGI APPARATUS%GOBP%GO:0034067	PROTEIN LOCALIZATION TO GOLGI APPARATUS%GOBP%GO:0034067		25	0.26170227	0.70419425	0.8908297	0.9553171	1.0	2061	tags=24%, list=17%, signal=29%	
EMBRYONIC APPENDAGE MORPHOGENESIS%GOBP%GO:0035113	EMBRYONIC APPENDAGE MORPHOGENESIS%GOBP%GO:0035113		24	0.2612484	0.7040075	0.8682432	0.9552363	1.0	2349	tags=21%, list=20%, signal=26%	
ANTIGEN PROCESSING AND PRESENTATION OF EXOGENOUS PEPTIDE ANTIGEN%GOBP%GO:0002478	ANTIGEN PROCESSING AND PRESENTATION OF EXOGENOUS PEPTIDE ANTIGEN%GOBP%GO:0002478		18	0.2816613	0.703835	0.86391574	0.95513743	1.0	2850	tags=39%, list=24%, signal=51%	
PID_AJDISS_2PATHWAY%MSIGDB_C2%PID_AJDISS_2PATHWAY	PID_AJDISS_2PATHWAY%MSIGDB_C2%PID_AJDISS_2PATHWAY		34	0.24658033	0.7033367	0.8994932	0.9553744	1.0	2333	tags=26%, list=19%, signal=33%	
CHROMATIN ORGANIZATION%REACTOME DATABASE ID RELEASE 93%4839726	CHROMATIN ORGANIZATION%REACTOME DATABASE ID RELEASE 93%4839726		193	0.18808734	0.7032731	0.99141914	0.9551655	1.0	1850	tags=11%, list=15%, signal=13%	
MULTIVESICULAR BODY SORTING PATHWAY%GOBP%GO:0071985	MULTIVESICULAR BODY SORTING PATHWAY%GOBP%GO:0071985		43	0.23148398	0.7027619	0.91883373	0.95541644	1.0	2325	tags=30%, list=19%, signal=37%	
REGULATION OF BEHAVIOR%GOBP%GO:0050795	REGULATION OF BEHAVIOR%GOBP%GO:0050795		19	0.27576065	0.70242065	0.8689534	0.9554906	1.0	2295	tags=32%, list=19%, signal=39%	
REGULATION OF PROTEIN SUMOYLATION%GOBP%GO:0033233	REGULATION OF PROTEIN SUMOYLATION%GOBP%GO:0033233		15	0.2902514	0.70219505	0.8521817	0.9554553	1.0	2948	tags=27%, list=24%, signal=35%	
REGULATION OF INTEGRIN-MEDIATED SIGNALING PATHWAY%GOBP%GO:2001044	REGULATION OF INTEGRIN-MEDIATED SIGNALING PATHWAY%GOBP%GO:2001044		17	0.2829233	0.70177805	0.85977215	0.95559436	1.0	3075	tags=41%, list=26%, signal=55%	
MITOCHONDRIAL COMPLEX I ASSEMBLY MODEL OXPHOS SYSTEM%WIKIPATHWAYS_20250810%WP4324%HOMO SAPIENS	MITOCHONDRIAL COMPLEX I ASSEMBLY MODEL OXPHOS SYSTEM%WIKIPATHWAYS_20250810%WP4324%HOMO SAPIENS		41	0.23239377	0.7015029	0.91321653	0.95560014	1.0	3725	tags=34%, list=31%, signal=49%	
PHOSPHOLIPID CATABOLIC PROCESS%GOBP%GO:0009395	PHOSPHOLIPID CATABOLIC PROCESS%GOBP%GO:0009395		24	0.26250032	0.70138603	0.8773585	0.9554434	1.0	2114	tags=25%, list=18%, signal=30%	
REGULATION OF CELLULAR SENESCENCE%GOBP%GO:2000772	REGULATION OF CELLULAR SENESCENCE%GOBP%GO:2000772		26	0.25613013	0.7005032	0.88289803	0.9560654	1.0	2506	tags=27%, list=21%, signal=34%	
PLASMA MEMBRANE INVAGINATION%GOBP%GO:0099024	PLASMA MEMBRANE INVAGINATION%GOBP%GO:0099024		24	0.2628584	0.69987756	0.87000847	0.9564283	1.0	1425	tags=21%, list=12%, signal=24%	
NUCLEUS ORGANIZATION%GOBP%GO:0006997	NUCLEUS ORGANIZATION%GOBP%GO:0006997		94	0.203063	0.69981724	0.96703297	0.9562121	1.0	1220	tags=11%, list=10%, signal=12%	
DETERMINATION OF BILATERAL SYMMETRY%GOBP%GO:0009855	DETERMINATION OF BILATERAL SYMMETRY%GOBP%GO:0009855		39	0.23429938	0.6997063	0.91167194	0.9560527	1.0	786	tags=10%, list=7%, signal=11%	
POSITIVE REGULATION OF MACROAUTOPHAGY%GOBP%GO:0016239	POSITIVE REGULATION OF MACROAUTOPHAGY%GOBP%GO:0016239		72	0.21155992	0.6996585	0.93426883	0.9558296	1.0	2000	tags=17%, list=17%, signal=20%	
HEPARAN SULFATE PROTEOGLYCAN BIOSYNTHETIC PROCESS%GOBP%GO:0015012	HEPARAN SULFATE PROTEOGLYCAN BIOSYNTHETIC PROCESS%GOBP%GO:0015012		19	0.2774649	0.6993813	0.8675439	0.95583516	1.0	3196	tags=37%, list=27%, signal=50%	
TELOMERE MAINTENANCE%REACTOME DATABASE ID RELEASE 93%157579	TELOMERE MAINTENANCE%REACTOME DATABASE ID RELEASE 93%157579		61	0.21827191	0.69885063	0.9378981	0.9560889	1.0	1870	tags=18%, list=16%, signal=21%	
PRE-NOTCH PROCESSING IN GOLGI%REACTOME DATABASE ID RELEASE 93%1912420	PRE-NOTCH PROCESSING IN GOLGI%REACTOME DATABASE ID RELEASE 93%1912420		16	0.2874681	0.69727397	0.86720145	0.9573681	1.0	1009	tags=13%, list=8%, signal=14%	
SOMATIC DIVERSIFICATION OF IMMUNE RECEPTORS%GOBP%GO:0002200	SOMATIC DIVERSIFICATION OF IMMUNE RECEPTORS%GOBP%GO:0002200		27	0.25320533	0.6972647	0.8876501	0.9571038	1.0	1546	tags=11%, list=13%, signal=13%	
SYNAPTIC VESICLE PATHWAY%WIKIPATHWAYS_20250810%WP2267%HOMO SAPIENS	SYNAPTIC VESICLE PATHWAY%WIKIPATHWAYS_20250810%WP2267%HOMO SAPIENS		20	0.26943538	0.69642735	0.87302905	0.95768607	1.0	2699	tags=30%, list=22%, signal=39%	
GOLGI TO VACUOLE TRANSPORT%GOBP%GO:0006896	GOLGI TO VACUOLE TRANSPORT%GOBP%GO:0006896		15	0.29008904	0.6960932	0.8478452	0.9577455	1.0	2061	tags=27%, list=17%, signal=32%	
REGULATION OF MITF-M-DEPENDENT GENES INVOLVED IN CELL CYCLE AND PROLIFERATION%REACTOME DATABASE ID RELEASE 93%9825892	REGULATION OF MITF-M-DEPENDENT GENES INVOLVED IN CELL CYCLE AND PROLIFERATION%REACTOME DATABASE ID RELEASE 93%9825892		15	0.29166043	0.6960772	0.85112107	0.9574871	1.0	198	tags=7%, list=2%, signal=7%	
HOST-MEDIATED ACTIVATION OF VIRAL PROCESS%GOBP%GO:0044794	HOST-MEDIATED ACTIVATION OF VIRAL PROCESS%GOBP%GO:0044794		32	0.24400413	0.69554514	0.89756507	0.95773506	1.0	2398	tags=28%, list=20%, signal=35%	
CELLULAR RESPONSE TO LAMINAR FLUID SHEAR STRESS%GOBP%GO:0071499	CELLULAR RESPONSE TO LAMINAR FLUID SHEAR STRESS%GOBP%GO:0071499		22	0.26284134	0.6952158	0.8757655	0.9577767	1.0	1733	tags=18%, list=14%, signal=21%	
DETERMINATION OF LEFT/RIGHT SYMMETRY%GOBP%GO:0007368	DETERMINATION OF LEFT/RIGHT SYMMETRY%GOBP%GO:0007368		38	0.23926786	0.69488895	0.8992506	0.95781904	1.0	786	tags=11%, list=7%, signal=11%	
RNA POLYMERASE III ABORTIVE AND RETRACTIVE INITIATION%REACTOME%R-HSA-749476.4	RNA POLYMERASE III ABORTIVE AND RETRACTIVE INITIATION%REACTOME%R-HSA-749476.4		41	0.23455611	0.69486785	0.91887677	0.9575657	1.0	3020	tags=24%, list=25%, signal=32%	
EXPORT OF VIRAL RIBONUCLEOPROTEINS FROM NUCLEUS%REACTOME DATABASE ID RELEASE 93%168274	EXPORT OF VIRAL RIBONUCLEOPROTEINS FROM NUCLEUS%REACTOME DATABASE ID RELEASE 93%168274		27	0.25395888	0.69339496	0.8798319	0.9586972	1.0	2653	tags=30%, list=22%, signal=38%	
G13 SIGNALING%WIKIPATHWAYS_20250810%WP524%HOMO SAPIENS	G13 SIGNALING%WIKIPATHWAYS_20250810%WP524%HOMO SAPIENS		26	0.26035857	0.6933929	0.8936906	0.9584256	1.0	938	tags=15%, list=8%, signal=17%	
RNA POLYMERASE III TRANSCRIPTION%REACTOME DATABASE ID RELEASE 93%74158	RNA POLYMERASE III TRANSCRIPTION%REACTOME DATABASE ID RELEASE 93%74158		41	0.23455611	0.6929894	0.9244232	0.95853716	1.0	3020	tags=24%, list=25%, signal=32%	
REGULATION OF INTRINSIC APOPTOTIC SIGNALING PATHWAY BY P53 CLASS MEDIATOR%GOBP%GO:1902253	REGULATION OF INTRINSIC APOPTOTIC SIGNALING PATHWAY BY P53 CLASS MEDIATOR%GOBP%GO:1902253		20	0.26812276	0.6929678	0.8730435	0.95828515	1.0	1240	tags=15%, list=10%, signal=17%	
POSITIVE REGULATION OF DNA REPAIR%GOBP%GO:0045739	POSITIVE REGULATION OF DNA REPAIR%GOBP%GO:0045739		108	0.19645208	0.69272727	0.97319585	0.958239	1.0	3445	tags=33%, list=29%, signal=46%	
METABOLISM OF FAT-SOLUBLE VITAMINS%REACTOME%R-HSA-6806667.8	METABOLISM OF FAT-SOLUBLE VITAMINS%REACTOME%R-HSA-6806667.8		29	0.24956582	0.6920524	0.91268533	0.95860195	1.0	286	tags=7%, list=2%, signal=7%	
PERTURBATIONS TO HOST CELL AUTOPHAGY INDUCED BY SARS COV 2 PROTEINS%WIKIPATHWAYS_20250810%WP4936%HOMO SAPIENS	PERTURBATIONS TO HOST CELL AUTOPHAGY INDUCED BY SARS COV 2 PROTEINS%WIKIPATHWAYS_20250810%WP4936%HOMO SAPIENS		35	0.23827693	0.6904336	0.9137792	0.959843	1.0	1357	tags=17%, list=11%, signal=19%	
ENVELOPE PROTEINS AND THEIR POTENTIAL ROLES IN EDMD PHYSIOPATHOLOGY%WIKIPATHWAYS_20250810%WP4535%HOMO SAPIENS	ENVELOPE PROTEINS AND THEIR POTENTIAL ROLES IN EDMD PHYSIOPATHOLOGY%WIKIPATHWAYS_20250810%WP4535%HOMO SAPIENS		30	0.24558657	0.6893515	0.9033079	0.9605747	1.0	3101	tags=47%, list=26%, signal=63%	
NUCLEOTIDE EXCISION REPAIR%REACTOME%R-HSA-5696398.4	NUCLEOTIDE EXCISION REPAIR%REACTOME%R-HSA-5696398.4		107	0.19797292	0.68919104	0.9734577	0.9604421	1.0	3192	tags=27%, list=27%, signal=37%	
N-CADHERIN SIGNALING EVENTS%PATHWAY INTERACTION DATABASE NCI-NATURE CURATED DATA%N-CADHERIN SIGNALING EVENTS	N-CADHERIN SIGNALING EVENTS%PATHWAY INTERACTION DATABASE NCI-NATURE CURATED DATA%N-CADHERIN SIGNALING EVENTS		30	0.24468389	0.68842417	0.895279	0.96085584	1.0	3639	tags=43%, list=30%, signal=62%	
RHOH GTPASE CYCLE%REACTOME%R-HSA-9013407.3	RHOH GTPASE CYCLE%REACTOME%R-HSA-9013407.3		31	0.24384211	0.6876385	0.90437603	0.96130556	1.0	2613	tags=26%, list=22%, signal=33%	
MRNA TRANSPORT%GOBP%GO:0051028	MRNA TRANSPORT%GOBP%GO:0051028		62	0.21527632	0.6874527	0.9519231	0.9611974	1.0	3780	tags=37%, list=31%, signal=54%	
REGULATION OF RESPONSE TO NUTRIENT LEVELS%GOBP%GO:0032107	REGULATION OF RESPONSE TO NUTRIENT LEVELS%GOBP%GO:0032107		17	0.27974734	0.68700224	0.87921846	0.9613367	1.0	1835	tags=24%, list=15%, signal=28%	
CHROMATIN MODIFYING ENZYMES%REACTOME%R-HSA-3247509.6	CHROMATIN MODIFYING ENZYMES%REACTOME%R-HSA-3247509.6		182	0.18327744	0.68593085	0.9954038	0.96202725	1.0	1945	tags=12%, list=16%, signal=14%	
FAS SIGNALING PATHWAY ( CD95 )%PATHWHIZ%PW070709	FAS SIGNALING PATHWAY ( CD95 )%PATHWHIZ%PW070709		29	0.24610366	0.6858684	0.91049635	0.96181154	1.0	2398	tags=21%, list=20%, signal=26%	
CELLULAR RESPONSE TO RETINOIC ACID%GOBP%GO:0071300	CELLULAR RESPONSE TO RETINOIC ACID%GOBP%GO:0071300		25	0.2566523	0.6856441	0.8962963	0.9617447	1.0	2287	tags=16%, list=19%, signal=20%	
TYPE I COLLAGEN SYNTHESIS IN THE CONTEXT OF OSTEOGENESIS IMPERFECTA%WIKIPATHWAYS_20250810%WP4786%HOMO SAPIENS	TYPE I COLLAGEN SYNTHESIS IN THE CONTEXT OF OSTEOGENESIS IMPERFECTA%WIKIPATHWAYS_20250810%WP4786%HOMO SAPIENS		18	0.27498168	0.6848605	0.8791111	0.9621717	1.0	2675	tags=33%, list=22%, signal=43%	
DNA-TEMPLATED TRANSCRIPTION INITIATION%GOBP%GO:0006352	DNA-TEMPLATED TRANSCRIPTION INITIATION%GOBP%GO:0006352		139	0.1910672	0.68463415	0.9843537	0.96209836	1.0	3659	tags=32%, list=30%, signal=46%	
PHENOL-CONTAINING COMPOUND METABOLIC PROCESS%GOBP%GO:0018958	PHENOL-CONTAINING COMPOUND METABOLIC PROCESS%GOBP%GO:0018958		25	0.25685552	0.68412274	0.897651	0.96227425	1.0	876	tags=12%, list=7%, signal=13%	
NAD BIOSYNTHETIC PATHWAYS%WIKIPATHWAYS_20250810%WP3645%HOMO SAPIENS	NAD BIOSYNTHETIC PATHWAYS%WIKIPATHWAYS_20250810%WP3645%HOMO SAPIENS		16	0.28200248	0.6840598	0.8705234	0.96205294	1.0	2278	tags=31%, list=19%, signal=38%	
ESTABLISHMENT OF VESICLE LOCALIZATION%GOBP%GO:0051650	ESTABLISHMENT OF VESICLE LOCALIZATION%GOBP%GO:0051650		129	0.19104414	0.68366456	0.98763734	0.9621258	1.0	2531	tags=19%, list=21%, signal=23%	
SPECIFICATION OF SYMMETRY%GOBP%GO:0009799	SPECIFICATION OF SYMMETRY%GOBP%GO:0009799		39	0.23429938	0.682959	0.9235105	0.962477	1.0	786	tags=10%, list=7%, signal=11%	
TRANSCRIPTION INITIATION AT RNA POLYMERASE II PROMOTER%GOBP%GO:0006367	TRANSCRIPTION INITIATION AT RNA POLYMERASE II PROMOTER%GOBP%GO:0006367		119	0.19216946	0.68163073	0.98275864	0.96337456	1.0	3659	tags=33%, list=30%, signal=47%	
LEFT/RIGHT PATTERN FORMATION%GOBP%GO:0060972	LEFT/RIGHT PATTERN FORMATION%GOBP%GO:0060972		39	0.23137772	0.6815454	0.9227166	0.96316874	1.0	786	tags=10%, list=7%, signal=11%	
MONOATOMIC ANION TRANSPORT%GOBP%GO:0006820	MONOATOMIC ANION TRANSPORT%GOBP%GO:0006820		49	0.21954137	0.6808486	0.94323486	0.96348536	1.0	3231	tags=29%, list=27%, signal=39%	
TRANSCRIPTIONAL REGULATION BY SMALL RNAS%REACTOME%R-HSA-5578749.7	TRANSCRIPTIONAL REGULATION BY SMALL RNAS%REACTOME%R-HSA-5578749.7		41	0.22989419	0.6806094	0.91572124	0.96342236	1.0	3167	tags=27%, list=26%, signal=36%	
PID_IGF1_PATHWAY%MSIGDB_C2%PID_IGF1_PATHWAY	PID_IGF1_PATHWAY%MSIGDB_C2%PID_IGF1_PATHWAY		22	0.25568736	0.6791121	0.88830715	0.9644478	1.0	3662	tags=45%, list=30%, signal=65%	
RNA 3'-END PROCESSING%GOBP%GO:0031123	RNA 3'-END PROCESSING%GOBP%GO:0031123		61	0.21041007	0.67850524	0.9561472	0.9646985	1.0	3960	tags=36%, list=33%, signal=53%	
ACYLGLYCEROL HOMEOSTASIS%GOBP%GO:0055090	ACYLGLYCEROL HOMEOSTASIS%GOBP%GO:0055090		16	0.27692702	0.6777525	0.8786325	0.9650627	1.0	1118	tags=13%, list=9%, signal=14%	
POSITIVE REGULATION OF DOUBLE-STRAND BREAK REPAIR%GOBP%GO:2000781	POSITIVE REGULATION OF DOUBLE-STRAND BREAK REPAIR%GOBP%GO:2000781		74	0.2057418	0.67644966	0.9660633	0.9658967	1.0	3195	tags=30%, list=27%, signal=40%	
POSITIVE REGULATION OF DNA-TEMPLATED TRANSCRIPTION, ELONGATION%GOBP%GO:0032786	POSITIVE REGULATION OF DNA-TEMPLATED TRANSCRIPTION, ELONGATION%GOBP%GO:0032786		58	0.21269675	0.6762468	0.95331323	0.96579266	1.0	2130	tags=16%, list=18%, signal=19%	
4P16 3 COPY NUMBER VARIATION%WIKIPATHWAYS_20250810%WP5365%HOMO SAPIENS	4P16 3 COPY NUMBER VARIATION%WIKIPATHWAYS_20250810%WP5365%HOMO SAPIENS		23	0.2546523	0.67515004	0.91369295	0.96645164	1.0	624	tags=9%, list=5%, signal=9%	
CTNNB1 S45 MUTANTS AREN'T PHOSPHORYLATED%REACTOME DATABASE ID RELEASE 93%5358751	CTNNB1 S45 MUTANTS AREN'T PHOSPHORYLATED%REACTOME DATABASE ID RELEASE 93%5358751		15	0.27893892	0.6747773	0.88606405	0.9664779	1.0	643	tags=13%, list=5%, signal=14%	
RECRUITMENT AND ATM-MEDIATED PHOSPHORYLATION OF REPAIR AND SIGNALING PROTEINS AT DNA DOUBLE STRAND BREAKS%REACTOME%R-HSA-5693565.6	RECRUITMENT AND ATM-MEDIATED PHOSPHORYLATION OF REPAIR AND SIGNALING PROTEINS AT DNA DOUBLE STRAND BREAKS%REACTOME%R-HSA-5693565.6		39	0.22945367	0.6740004	0.91876525	0.9668328	1.0	1811	tags=18%, list=15%, signal=21%	
CTNNB1 S33 MUTANTS AREN'T PHOSPHORYLATED%REACTOME DATABASE ID RELEASE 93%5358747	CTNNB1 S33 MUTANTS AREN'T PHOSPHORYLATED%REACTOME DATABASE ID RELEASE 93%5358747		15	0.27893892	0.6735806	0.8777485	0.96690494	1.0	643	tags=13%, list=5%, signal=14%	
REGULATION OF HSF1-MEDIATED HEAT SHOCK RESPONSE%REACTOME DATABASE ID RELEASE 93%3371453	REGULATION OF HSF1-MEDIATED HEAT SHOCK RESPONSE%REACTOME DATABASE ID RELEASE 93%3371453		61	0.20853494	0.67199695	0.963991	0.96789986	1.0	2427	tags=21%, list=20%, signal=27%	
ACTION POTENTIAL%GOBP%GO:0001508	ACTION POTENTIAL%GOBP%GO:0001508		41	0.22529587	0.6718136	0.9361874	0.9677759	1.0	2213	tags=24%, list=18%, signal=30%	
GAP-FILLING DNA REPAIR SYNTHESIS AND LIGATION IN GG-NER%REACTOME%R-HSA-5696397.3	GAP-FILLING DNA REPAIR SYNTHESIS AND LIGATION IN GG-NER%REACTOME%R-HSA-5696397.3		25	0.24963167	0.67061543	0.90901434	0.9684517	1.0	1240	tags=16%, list=10%, signal=18%	
DETECTION OF ABIOTIC STIMULUS%GOBP%GO:0009582	DETECTION OF ABIOTIC STIMULUS%GOBP%GO:0009582		23	0.25107294	0.6705189	0.92244226	0.9682523	1.0	3822	tags=43%, list=32%, signal=64%	
DARPP-32 EVENTS%REACTOME%R-HSA-180024.6	DARPP-32 EVENTS%REACTOME%R-HSA-180024.6		20	0.25836092	0.66768426	0.9036458	0.97018135	1.0	676	tags=10%, list=6%, signal=11%	
POSITIVE REGULATION OF REGULATED SECRETORY PATHWAY%GOBP%GO:1903307	POSITIVE REGULATION OF REGULATED SECRETORY PATHWAY%GOBP%GO:1903307		21	0.25797045	0.6673625	0.8990257	0.9701526	1.0	1297	tags=19%, list=11%, signal=21%	
PHAGOSOME MATURATION%GOBP%GO:0090382	PHAGOSOME MATURATION%GOBP%GO:0090382		19	0.26481566	0.66659725	0.8932536	0.97045904	1.0	2488	tags=32%, list=21%, signal=40%	
ESTABLISHMENT OR MAINTENANCE OF EPITHELIAL CELL APICAL/BASAL POLARITY%GOBP%GO:0045197	ESTABLISHMENT OR MAINTENANCE OF EPITHELIAL CELL APICAL/BASAL POLARITY%GOBP%GO:0045197		27	0.24074392	0.6664725	0.9151973	0.970274	1.0	2931	tags=37%, list=24%, signal=49%	
SIGNALING BY GSK3BETA MUTANTS%REACTOME%R-HSA-5339716.5	SIGNALING BY GSK3BETA MUTANTS%REACTOME%R-HSA-5339716.5		15	0.27893892	0.6661526	0.8913624	0.97023463	1.0	643	tags=13%, list=5%, signal=14%	
MRNA TRANSCRIPTION BY RNA POLYMERASE II%GOBP%GO:0042789	MRNA TRANSCRIPTION BY RNA POLYMERASE II%GOBP%GO:0042789		37	0.22786333	0.66559637	0.943336	0.970384	1.0	1165	tags=11%, list=10%, signal=12%	
POSITIVE REGULATION OF CELL MORPHOGENESIS%GOBP%GO:0010770	POSITIVE REGULATION OF CELL MORPHOGENESIS%GOBP%GO:0010770		15	0.2767382	0.6649603	0.8869101	0.9705891	1.0	2516	tags=27%, list=21%, signal=34%	
NUCLEAR-TRANSCRIBED MRNA CATABOLIC PROCESS, DEADENYLATION-DEPENDENT DECAY%GOBP%GO:0000288	NUCLEAR-TRANSCRIBED MRNA CATABOLIC PROCESS, DEADENYLATION-DEPENDENT DECAY%GOBP%GO:0000288		28	0.24112175	0.66449684	0.92491466	0.9706655	1.0	1338	tags=11%, list=11%, signal=12%	
FAT CELL DIFFERENTIATION%GOBP%GO:0045444	FAT CELL DIFFERENTIATION%GOBP%GO:0045444		51	0.21437591	0.6644378	0.95734596	0.97044235	1.0	2870	tags=25%, list=24%, signal=33%	
TRIGLYCERIDE HOMEOSTASIS%GOBP%GO:0070328	TRIGLYCERIDE HOMEOSTASIS%GOBP%GO:0070328		16	0.27692702	0.6643061	0.8893885	0.97026044	1.0	1118	tags=13%, list=9%, signal=14%	
TBC RABGAPS%REACTOME%R-HSA-8854214.2	TBC RABGAPS%REACTOME%R-HSA-8854214.2		40	0.22451605	0.6642852	0.9466019	0.97000444	1.0	3060	tags=30%, list=25%, signal=40%	
SENSORY PERCEPTION OF SOUND%GOBP%GO:0007605	SENSORY PERCEPTION OF SOUND%GOBP%GO:0007605		47	0.21826011	0.6636947	0.95106035	0.97016853	1.0	2738	tags=28%, list=23%, signal=36%	
PID_RETINOIC_ACID_PATHWAY%MSIGDB_C2%PID_RETINOIC_ACID_PATHWAY	PID_RETINOIC_ACID_PATHWAY%MSIGDB_C2%PID_RETINOIC_ACID_PATHWAY		20	0.25995237	0.6629935	0.90254235	0.9704305	1.0	624	tags=10%, list=5%, signal=11%	
CTNNB1 T41 MUTANTS AREN'T PHOSPHORYLATED%REACTOME DATABASE ID RELEASE 93%5358752	CTNNB1 T41 MUTANTS AREN'T PHOSPHORYLATED%REACTOME DATABASE ID RELEASE 93%5358752		15	0.27893892	0.6627537	0.87985545	0.9703392	1.0	643	tags=13%, list=5%, signal=14%	
SUBSTANTIA NIGRA DEVELOPMENT%GOBP%GO:0021762	SUBSTANTIA NIGRA DEVELOPMENT%GOBP%GO:0021762		31	0.23272143	0.662659	0.9359401	0.9701381	1.0	2714	tags=32%, list=23%, signal=42%	
NEGATIVE REGULATION OF ORGANELLE ASSEMBLY%GOBP%GO:1902116	NEGATIVE REGULATION OF ORGANELLE ASSEMBLY%GOBP%GO:1902116		42	0.2203985	0.6624723	0.94076383	0.97000295	1.0	3295	tags=33%, list=27%, signal=46%	
RESOLUTION OF ABASIC SITES (AP SITES)%REACTOME DATABASE ID RELEASE 93%73933	RESOLUTION OF ABASIC SITES (AP SITES)%REACTOME DATABASE ID RELEASE 93%73933		35	0.2283092	0.6617507	0.9424342	0.97025406	1.0	597	tags=9%, list=5%, signal=9%	
L-AMINO ACID CATABOLIC PROCESS%GOBP%GO:0170035	L-AMINO ACID CATABOLIC PROCESS%GOBP%GO:0170035		37	0.22444643	0.6615012	0.9375514	0.970173	1.0	1752	tags=14%, list=15%, signal=16%	
CTNNB1 S37 MUTANTS AREN'T PHOSPHORYLATED%REACTOME DATABASE ID RELEASE 93%5358749	CTNNB1 S37 MUTANTS AREN'T PHOSPHORYLATED%REACTOME DATABASE ID RELEASE 93%5358749		15	0.27893892	0.6614612	0.8929188	0.96992654	1.0	643	tags=13%, list=5%, signal=14%	
ESTABLISHMENT OR MAINTENANCE OF APICAL/BASAL CELL POLARITY%GOBP%GO:0035088	ESTABLISHMENT OR MAINTENANCE OF APICAL/BASAL CELL POLARITY%GOBP%GO:0035088		29	0.23688202	0.66140383	0.9262364	0.96969783	1.0	2931	tags=34%, list=24%, signal=45%	
REGULATORY NCRNA PROCESSING%GOBP%GO:0070918	REGULATORY NCRNA PROCESSING%GOBP%GO:0070918		34	0.22738753	0.6599494	0.94041866	0.97046095	1.0	1290	tags=12%, list=11%, signal=13%	
GOLGI-TO-ER RETROGRADE TRANSPORT%REACTOME DATABASE ID RELEASE 93%8856688	GOLGI-TO-ER RETROGRADE TRANSPORT%REACTOME DATABASE ID RELEASE 93%8856688		106	0.18949683	0.6595603	0.9864091	0.9704638	1.0	2147	tags=18%, list=18%, signal=22%	
PROTEIN HETEROOLIGOMERIZATION%GOBP%GO:0051291	PROTEIN HETEROOLIGOMERIZATION%GOBP%GO:0051291		15	0.27428454	0.6595185	0.8959484	0.9702182	1.0	784	tags=13%, list=7%, signal=14%	
TAIL-ANCHORED MEMBRANE PROTEIN INSERTION INTO ER MEMBRANE%GOBP%GO:0071816	TAIL-ANCHORED MEMBRANE PROTEIN INSERTION INTO ER MEMBRANE%GOBP%GO:0071816		15	0.27231365	0.65864545	0.8927614	0.9705602	1.0	2245	tags=33%, list=19%, signal=41%	
RESPIRATORY ELECTRON TRANSPORT CHAIN%GOBP%GO:0022904	RESPIRATORY ELECTRON TRANSPORT CHAIN%GOBP%GO:0022904		68	0.20095271	0.65720624	0.9708084	0.97130007	1.0	2230	tags=19%, list=19%, signal=23%	
SYNTHESIS OF PIPS AT THE GOLGI MEMBRANE%REACTOME DATABASE ID RELEASE 93%1660514	SYNTHESIS OF PIPS AT THE GOLGI MEMBRANE%REACTOME DATABASE ID RELEASE 93%1660514		15	0.27483267	0.65663177	0.88928574	0.97142524	1.0	2846	tags=33%, list=24%, signal=44%	
MECHANOREGULATION AND PATHOLOGY OF YAP TAZ VIA HIPPO AND NON HIPPO MECHANISMS%WIKIPATHWAYS_20250810%WP4534%HOMO SAPIENS	MECHANOREGULATION AND PATHOLOGY OF YAP TAZ VIA HIPPO AND NON HIPPO MECHANISMS%WIKIPATHWAYS_20250810%WP4534%HOMO SAPIENS		30	0.23607902	0.656063	0.9303279	0.97154695	1.0	2450	tags=20%, list=20%, signal=25%	
SIGNALING BY CTNNB1 PHOSPHO-SITE MUTANTS%REACTOME DATABASE ID RELEASE 93%4839743	SIGNALING BY CTNNB1 PHOSPHO-SITE MUTANTS%REACTOME DATABASE ID RELEASE 93%4839743		15	0.27893892	0.6558115	0.8948763	0.9714523	1.0	643	tags=13%, list=5%, signal=14%	
PHOSPHOLIPID DEPHOSPHORYLATION%GOBP%GO:0046839	PHOSPHOLIPID DEPHOSPHORYLATION%GOBP%GO:0046839		19	0.25761336	0.65570277	0.91105354	0.97125286	1.0	181	tags=5%, list=2%, signal=5%	
ESTABLISHMENT OR MAINTENANCE OF BIPOLAR CELL POLARITY%GOBP%GO:0061245	ESTABLISHMENT OR MAINTENANCE OF BIPOLAR CELL POLARITY%GOBP%GO:0061245		29	0.23688202	0.65519863	0.92963576	0.9713329	1.0	2931	tags=34%, list=24%, signal=45%	
NUCLEAR IMPORT OF REV PROTEIN%REACTOME%R-HSA-180746.3	NUCLEAR IMPORT OF REV PROTEIN%REACTOME%R-HSA-180746.3		28	0.23620453	0.65439874	0.9261745	0.971606	1.0	2653	tags=25%, list=22%, signal=32%	
VESICLE LOCALIZATION%GOBP%GO:0051648	VESICLE LOCALIZATION%GOBP%GO:0051648		132	0.18263705	0.65406156	0.99387753	0.97156143	1.0	2531	tags=18%, list=21%, signal=23%	
METABOLISM OF NITRIC OXIDE: NOS3 ACTIVATION AND REGULATION%REACTOME DATABASE ID RELEASE 93%202131	METABOLISM OF NITRIC OXIDE: NOS3 ACTIVATION AND REGULATION%REACTOME DATABASE ID RELEASE 93%202131		16	0.26981062	0.65336156	0.88709676	0.9717569	1.0	3802	tags=44%, list=32%, signal=64%	
REGULATION OF NEURAL PRECURSOR CELL PROLIFERATION%GOBP%GO:2000177	REGULATION OF NEURAL PRECURSOR CELL PROLIFERATION%GOBP%GO:2000177		20	0.25361657	0.65237796	0.9059534	0.97216994	1.0	117	tags=5%, list=1%, signal=5%	
PROTEIN LOCALIZATION TO CILIUM%GOBP%GO:0061512	PROTEIN LOCALIZATION TO CILIUM%GOBP%GO:0061512		41	0.21829282	0.6507759	0.9504	0.97297776	1.0	1443	tags=10%, list=12%, signal=11%	
REGULATION OF DNA REPAIR%GOBP%GO:0006282	REGULATION OF DNA REPAIR%GOBP%GO:0006282		180	0.17406873	0.65030146	0.9993373	0.97302735	1.0	3445	tags=30%, list=29%, signal=41%	
PID_INSULIN_PATHWAY%MSIGDB_C2%PID_INSULIN_PATHWAY	PID_INSULIN_PATHWAY%MSIGDB_C2%PID_INSULIN_PATHWAY		33	0.22939017	0.65029967	0.9413681	0.97275627	1.0	2882	tags=30%, list=24%, signal=40%	
LYSOSOME LOCALIZATION%GOBP%GO:0032418	LYSOSOME LOCALIZATION%GOBP%GO:0032418		31	0.2304629	0.65000683	0.9397394	0.9726753	1.0	3887	tags=48%, list=32%, signal=71%	
NEPHRIN NEPH1 SIGNALING IN THE KIDNEY PODOCYTE%PATHWAY INTERACTION DATABASE NCI-NATURE CURATED DATA%NEPHRIN NEPH1 SIGNALING IN THE KIDNEY PODOCYTE	NEPHRIN NEPH1 SIGNALING IN THE KIDNEY PODOCYTE%PATHWAY INTERACTION DATABASE NCI-NATURE CURATED DATA%NEPHRIN NEPH1 SIGNALING IN THE KIDNEY PODOCYTE		22	0.24422969	0.6495915	0.9183147	0.9726754	1.0	2398	tags=27%, list=20%, signal=34%	
L-ALPHA-AMINO ACID TRANSMEMBRANE TRANSPORT%GOBP%GO:1902475	L-ALPHA-AMINO ACID TRANSMEMBRANE TRANSPORT%GOBP%GO:1902475		25	0.24159421	0.64900655	0.9262712	0.9728005	1.0	2046	tags=24%, list=17%, signal=29%	
ZINC ION TRANSMEMBRANE TRANSPORT%GOBP%GO:0071577	ZINC ION TRANSMEMBRANE TRANSPORT%GOBP%GO:0071577		17	0.26134184	0.6488896	0.911187	0.9726053	1.0	1944	tags=24%, list=16%, signal=28%	
G PROTEIN SIGNALING%WIKIPATHWAYS_20250810%WP35%HOMO SAPIENS	G PROTEIN SIGNALING%WIKIPATHWAYS_20250810%WP35%HOMO SAPIENS		46	0.21469545	0.6483301	0.9672524	0.97270584	1.0	2436	tags=24%, list=20%, signal=30%	
DOUBLE-STRAND BREAK REPAIR%GOBP%GO:0006302	DOUBLE-STRAND BREAK REPAIR%GOBP%GO:0006302		179	0.17379016	0.64746433	0.9993464	0.97299856	1.0	2339	tags=16%, list=19%, signal=20%	
POSITIVE REGULATION OF DENDRITIC SPINE DEVELOPMENT%GOBP%GO:0060999	POSITIVE REGULATION OF DENDRITIC SPINE DEVELOPMENT%GOBP%GO:0060999		15	0.27105972	0.6453344	0.89754814	0.97409546	1.0	3121	tags=53%, list=26%, signal=72%	
CYTOPLASMIC MICROTUBULE ORGANIZATION%GOBP%GO:0031122	CYTOPLASMIC MICROTUBULE ORGANIZATION%GOBP%GO:0031122		48	0.20939608	0.64411026	0.9723054	0.97457594	1.0	1991	tags=21%, list=17%, signal=25%	
TRANSCRIPTION REGULATION BY BZIP TRANSCRIPTION FACTOR%PANTHER PATHWAY%P00055	TRANSCRIPTION REGULATION BY BZIP TRANSCRIPTION FACTOR%PANTHER PATHWAY%P00055		41	0.21769665	0.6429715	0.96674776	0.97500813	1.0	1799	tags=12%, list=15%, signal=14%	
REGULATION OF DNA-TEMPLATED TRANSCRIPTION ELONGATION%GOBP%GO:0032784	REGULATION OF DNA-TEMPLATED TRANSCRIPTION ELONGATION%GOBP%GO:0032784		88	0.18958056	0.6417604	0.98841417	0.97548807	1.0	2278	tags=16%, list=19%, signal=19%	
FATTY ACID DERIVATIVE METABOLIC PROCESS%GOBP%GO:1901568	FATTY ACID DERIVATIVE METABOLIC PROCESS%GOBP%GO:1901568		49	0.20914152	0.64153457	0.96597064	0.9753564	1.0	2187	tags=20%, list=18%, signal=25%	
SELENIUM METABOLISM AND SELENOPROTEINS%WIKIPATHWAYS_20250810%WP28%HOMO SAPIENS	SELENIUM METABOLISM AND SELENOPROTEINS%WIKIPATHWAYS_20250810%WP28%HOMO SAPIENS		24	0.23944053	0.64139116	0.93534845	0.97517216	1.0	3032	tags=33%, list=25%, signal=44%	
DNA INTEGRITY CHECKPOINT SIGNALING%GOBP%GO:0031570	DNA INTEGRITY CHECKPOINT SIGNALING%GOBP%GO:0031570		83	0.19036147	0.6406762	0.9881657	0.9753351	1.0	285	tags=4%, list=2%, signal=4%	
PID_INSULIN_GLUCOSE_PATHWAY%MSIGDB_C2%PID_INSULIN_GLUCOSE_PATHWAY	PID_INSULIN_GLUCOSE_PATHWAY%MSIGDB_C2%PID_INSULIN_GLUCOSE_PATHWAY		15	0.2622595	0.63998175	0.9034296	0.9754676	1.0	1784	tags=27%, list=15%, signal=31%	
RUNX1 REGULATES GENES INVOLVED IN MEGAKARYOCYTE DIFFERENTIATION AND PLATELET FUNCTION%REACTOME DATABASE ID RELEASE 93%8936459	RUNX1 REGULATES GENES INVOLVED IN MEGAKARYOCYTE DIFFERENTIATION AND PLATELET FUNCTION%REACTOME DATABASE ID RELEASE 93%8936459		26	0.23334558	0.63980687	0.9283909	0.97529477	1.0	689	tags=8%, list=6%, signal=8%	
E3 UBIQUITIN LIGASES UBIQUITINATE TARGET PROTEINS%REACTOME%R-HSA-8866654.5	E3 UBIQUITIN LIGASES UBIQUITINATE TARGET PROTEINS%REACTOME%R-HSA-8866654.5		41	0.21345784	0.6380187	0.96144766	0.976094	1.0	1240	tags=12%, list=10%, signal=14%	
REGULATION OF PTEN GENE TRANSCRIPTION%REACTOME%R-HSA-8943724.2	REGULATION OF PTEN GENE TRANSCRIPTION%REACTOME%R-HSA-8943724.2		56	0.2034499	0.6366463	0.96902305	0.97662556	1.0	1490	tags=14%, list=12%, signal=16%	
POSITIVE REGULATION OF VACUOLE ORGANIZATION%GOBP%GO:0044090	POSITIVE REGULATION OF VACUOLE ORGANIZATION%GOBP%GO:0044090		22	0.24307092	0.6358765	0.93299407	0.97680587	1.0	809	tags=9%, list=7%, signal=10%	
BIOCARTA_FAS_PATHWAY%MSIGDB_C2%BIOCARTA_FAS_PATHWAY	BIOCARTA_FAS_PATHWAY%MSIGDB_C2%BIOCARTA_FAS_PATHWAY		24	0.23924832	0.63585347	0.9347458	0.9765486	1.0	4223	tags=38%, list=35%, signal=58%	
PROTEIN K11-LINKED UBIQUITINATION%GOBP%GO:0070979	PROTEIN K11-LINKED UBIQUITINATION%GOBP%GO:0070979		35	0.22045816	0.6351313	0.952988	0.9766912	1.0	2535	tags=26%, list=21%, signal=32%	
PROTEINOGENIC AMINO ACID CATABOLIC PROCESS%GOBP%GO:0170040	PROTEINOGENIC AMINO ACID CATABOLIC PROCESS%GOBP%GO:0170040		39	0.21607333	0.6332115	0.96387523	0.9775216	1.0	1752	tags=13%, list=15%, signal=15%	
TRNA MODIFICATION%GOBP%GO:0006400	TRNA MODIFICATION%GOBP%GO:0006400		81	0.1872376	0.63268	0.9910913	0.9775458	1.0	2528	tags=23%, list=21%, signal=29%	
PROXIMAL TUBULE TRANSPORT%WIKIPATHWAYS_20250810%WP4917%HOMO SAPIENS	PROXIMAL TUBULE TRANSPORT%WIKIPATHWAYS_20250810%WP4917%HOMO SAPIENS		17	0.25896508	0.6316433	0.9291408	0.97785157	1.0	253	tags=6%, list=2%, signal=6%	
BIOCARTA_ERAD_PATHWAY%MSIGDB_C2%BIOCARTA_ERAD_PATHWAY	BIOCARTA_ERAD_PATHWAY%MSIGDB_C2%BIOCARTA_ERAD_PATHWAY		15	0.26001185	0.63106346	0.91847825	0.9779006	1.0	3550	tags=47%, list=29%, signal=66%	
POLYSACCHARIDE METABOLIC PROCESS%GOBP%GO:0005976	POLYSACCHARIDE METABOLIC PROCESS%GOBP%GO:0005976		34	0.21664459	0.62963456	0.9604938	0.9784137	1.0	586	tags=9%, list=5%, signal=9%	
REGULATION OF MITOTIC SPINDLE ASSEMBLY%GOBP%GO:1901673	REGULATION OF MITOTIC SPINDLE ASSEMBLY%GOBP%GO:1901673		21	0.24173917	0.62877613	0.9382925	0.9785968	1.0	1611	tags=19%, list=13%, signal=22%	
SENSORY PERCEPTION OF MECHANICAL STIMULUS%GOBP%GO:0050954	SENSORY PERCEPTION OF MECHANICAL STIMULUS%GOBP%GO:0050954		51	0.20293769	0.62816983	0.9823755	0.9786449	1.0	2997	tags=29%, list=25%, signal=39%	
REGULATION OF MITOCHONDRIAL FISSION%GOBP%GO:0090140	REGULATION OF MITOCHONDRIAL FISSION%GOBP%GO:0090140		17	0.25134972	0.6269109	0.92636985	0.97904813	1.0	407	tags=6%, list=3%, signal=6%	
CARDIAC MUSCLE TISSUE MORPHOGENESIS%GOBP%GO:0055008	CARDIAC MUSCLE TISSUE MORPHOGENESIS%GOBP%GO:0055008		22	0.23962906	0.6251221	0.93133044	0.97971046	1.0	2487	tags=23%, list=21%, signal=29%	
MATURATION OF SPIKE PROTEIN%REACTOME%R-HSA-9694548.5	MATURATION OF SPIKE PROTEIN%REACTOME%R-HSA-9694548.5		39	0.21101257	0.6238983	0.967923	0.9800597	1.0	3592	tags=36%, list=30%, signal=51%	
REGULATION OF POTASSIUM ION TRANSPORT%GOBP%GO:0043266	REGULATION OF POTASSIUM ION TRANSPORT%GOBP%GO:0043266		30	0.22174446	0.6230782	0.95424837	0.9801978	1.0	3244	tags=37%, list=27%, signal=50%	
AMPK REGULATION OF MAMMARY MILK PROTEIN SYNTHESIS%WIKIPATHWAYS_20250810%WP5492%HOMO SAPIENS	AMPK REGULATION OF MAMMARY MILK PROTEIN SYNTHESIS%WIKIPATHWAYS_20250810%WP5492%HOMO SAPIENS		16	0.2546712	0.6225046	0.9151671	0.9802142	1.0	2697	tags=38%, list=22%, signal=48%	
BASE-EXCISION REPAIR, AP SITE FORMATION%REACTOME%R-HSA-73929.5	BASE-EXCISION REPAIR, AP SITE FORMATION%REACTOME%R-HSA-73929.5		15	0.2568951	0.62147677	0.91787004	0.9804766	1.0	271	tags=7%, list=2%, signal=7%	
ELECTRON TRANSPORT CHAIN OXPHOS SYSTEM IN MITOCHONDRIA%WIKIPATHWAYS_20250810%WP111%HOMO SAPIENS	ELECTRON TRANSPORT CHAIN OXPHOS SYSTEM IN MITOCHONDRIA%WIKIPATHWAYS_20250810%WP111%HOMO SAPIENS		63	0.19249234	0.62120867	0.98928845	0.9803478	1.0	2230	tags=16%, list=19%, signal=19%	
HDMS DEMETHYLATE HISTONES%REACTOME DATABASE ID RELEASE 93%3214842	HDMS DEMETHYLATE HISTONES%REACTOME DATABASE ID RELEASE 93%3214842		19	0.24161895	0.6188134	0.93339026	0.9812406	1.0	4445	tags=37%, list=37%, signal=58%	
RNA POL II CTD PHOSPHORYLATION AND INTERACTION WITH CE DURING HIV INFECTION%REACTOME%R-HSA-167160.4	RNA POL II CTD PHOSPHORYLATION AND INTERACTION WITH CE DURING HIV INFECTION%REACTOME%R-HSA-167160.4		27	0.22185025	0.618434	0.9506383	0.9811565	1.0	3527	tags=30%, list=29%, signal=42%	
MITOCHONDRIAL FATTY ACID BETA-OXIDATION%REACTOME DATABASE ID RELEASE 93%77289	MITOCHONDRIAL FATTY ACID BETA-OXIDATION%REACTOME DATABASE ID RELEASE 93%77289		29	0.22102477	0.6170213	0.96045196	0.9815678	1.0	3365	tags=31%, list=28%, signal=43%	
RESCUE OF STALLED RIBOSOME%GOBP%GO:0072344	RESCUE OF STALLED RIBOSOME%GOBP%GO:0072344		25	0.2280849	0.61653876	0.9493671	0.9815356	1.0	1848	tags=20%, list=15%, signal=24%	
OXIDATIVE PHOSPHORYLATION%WIKIPATHWAYS_20250810%WP623%HOMO SAPIENS	OXIDATIVE PHOSPHORYLATION%WIKIPATHWAYS_20250810%WP623%HOMO SAPIENS		31	0.21982934	0.61650276	0.9571311	0.98128116	1.0	2082	tags=16%, list=17%, signal=19%	
HOST-MEDIATED ACTIVATION OF VIRAL TRANSCRIPTION%GOBP%GO:0043923	HOST-MEDIATED ACTIVATION OF VIRAL TRANSCRIPTION%GOBP%GO:0043923		15	0.2567297	0.6162057	0.92432433	0.98115075	1.0	2398	tags=33%, list=20%, signal=42%	
MEMBRANE FUSION%GOBP%GO:0061025	MEMBRANE FUSION%GOBP%GO:0061025		104	0.17750081	0.61381185	0.99716514	0.9819862	1.0	2769	tags=23%, list=23%, signal=30%	
CREB1 PHOSPHORYLATION THROUGH NMDA RECEPTOR-MEDIATED ACTIVATION OF RAS SIGNALING%REACTOME DATABASE ID RELEASE 93%442742	CREB1 PHOSPHORYLATION THROUGH NMDA RECEPTOR-MEDIATED ACTIVATION OF RAS SIGNALING%REACTOME DATABASE ID RELEASE 93%442742		17	0.25141144	0.6118369	0.9302736	0.9826191	1.0	987	tags=18%, list=8%, signal=19%	
REGULATION OF ESTABLISHMENT OR MAINTENANCE OF CELL POLARITY%GOBP%GO:0032878	REGULATION OF ESTABLISHMENT OR MAINTENANCE OF CELL POLARITY%GOBP%GO:0032878		16	0.24705662	0.6103037	0.9331527	0.98304105	1.0	2901	tags=38%, list=24%, signal=49%	
RNA POL II CTD PHOSPHORYLATION AND INTERACTION WITH CE%REACTOME%R-HSA-77075.4	RNA POL II CTD PHOSPHORYLATION AND INTERACTION WITH CE%REACTOME%R-HSA-77075.4		27	0.22185025	0.6090695	0.95850974	0.9833086	1.0	3527	tags=30%, list=29%, signal=42%	
COMPLEX III ASSEMBLY%REACTOME%R-HSA-9865881.2	COMPLEX III ASSEMBLY%REACTOME%R-HSA-9865881.2		18	0.242241	0.6054301	0.9450046	0.9846083	1.0	2570	tags=28%, list=21%, signal=35%	
TRANSFERRIN ENDOCYTOSIS AND RECYCLING%REACTOME DATABASE ID RELEASE 93%917977	TRANSFERRIN ENDOCYTOSIS AND RECYCLING%REACTOME DATABASE ID RELEASE 93%917977		25	0.22356623	0.6007335	0.9585492	0.9862486	1.0	3427	tags=36%, list=28%, signal=50%	
MATERNAL TO ZYGOTIC TRANSITION (MZT)%REACTOME%R-HSA-9816359.2	MATERNAL TO ZYGOTIC TRANSITION (MZT)%REACTOME%R-HSA-9816359.2		38	0.20477584	0.59997886	0.971924	0.9862823	1.0	2173	tags=18%, list=18%, signal=22%	
MITOCHONDRIAL CYTOCHROME C OXIDASE ASSEMBLY%GOBP%GO:0033617	MITOCHONDRIAL CYTOCHROME C OXIDASE ASSEMBLY%GOBP%GO:0033617		19	0.23536624	0.5998432	0.9423581	0.9860621	1.0	2570	tags=26%, list=21%, signal=33%	
MORPHOGENESIS OF A POLARIZED EPITHELIUM%GOBP%GO:0001738	MORPHOGENESIS OF A POLARIZED EPITHELIUM%GOBP%GO:0001738		21	0.23138197	0.5985158	0.9541985	0.9863181	1.0	1440	tags=14%, list=12%, signal=16%	
NEP NS2 INTERACTS WITH THE CELLULAR EXPORT MACHINERY%REACTOME DATABASE ID RELEASE 93%168333	NEP NS2 INTERACTS WITH THE CELLULAR EXPORT MACHINERY%REACTOME DATABASE ID RELEASE 93%168333		26	0.21781123	0.59789306	0.9569983	0.98629093	1.0	2653	tags=27%, list=22%, signal=34%	
C4-DICARBOXYLATE TRANSPORT%GOBP%GO:0015740	C4-DICARBOXYLATE TRANSPORT%GOBP%GO:0015740		17	0.2421731	0.59391063	0.9546667	0.98753893	1.0	2735	tags=24%, list=23%, signal=30%	
MRNA CAPPING%REACTOME DATABASE ID RELEASE 93%72086	MRNA CAPPING%REACTOME DATABASE ID RELEASE 93%72086		29	0.21515131	0.59360224	0.9613017	0.98738414	1.0	3964	tags=34%, list=33%, signal=51%	
NEURODEGENERATION WITH BRAIN IRON ACCUMULATION NBIA SUBTYPES PATHWAY%WIKIPATHWAYS_20250810%WP4577%HOMO SAPIENS	NEURODEGENERATION WITH BRAIN IRON ACCUMULATION NBIA SUBTYPES PATHWAY%WIKIPATHWAYS_20250810%WP4577%HOMO SAPIENS		34	0.20645016	0.5929741	0.97744364	0.98735005	1.0	3387	tags=38%, list=28%, signal=53%	
ESTABLISHMENT OF MITOCHONDRION LOCALIZATION%GOBP%GO:0051654	ESTABLISHMENT OF MITOCHONDRION LOCALIZATION%GOBP%GO:0051654		17	0.23517658	0.5839717	0.9550562	0.99028	1.0	3370	tags=24%, list=28%, signal=33%	
APOPTOTIC FACTOR-MEDIATED RESPONSE%REACTOME DATABASE ID RELEASE 93%111471	APOPTOTIC FACTOR-MEDIATED RESPONSE%REACTOME DATABASE ID RELEASE 93%111471		18	0.23348647	0.583556	0.96103895	0.9901448	1.0	3803	tags=33%, list=32%, signal=49%	
VACUOLAR LOCALIZATION%GOBP%GO:1990849	VACUOLAR LOCALIZATION%GOBP%GO:1990849		32	0.20368256	0.58189464	0.98627925	0.99041766	1.0	3887	tags=47%, list=32%, signal=69%	
TRNA WOBBLE BASE MODIFICATION%GOBP%GO:0002097	TRNA WOBBLE BASE MODIFICATION%GOBP%GO:0002097		21	0.22213058	0.5811863	0.96686	0.99038947	1.0	929	tags=10%, list=8%, signal=10%	
PROCESSING OF CAPPED INTRONLESS PRE-MRNA%REACTOME DATABASE ID RELEASE 93%75067	PROCESSING OF CAPPED INTRONLESS PRE-MRNA%REACTOME DATABASE ID RELEASE 93%75067		28	0.21106227	0.58058596	0.9735099	0.990307	1.0	3960	tags=36%, list=33%, signal=53%	
ALPHA-AMINO ACID CATABOLIC PROCESS%GOBP%GO:1901606	ALPHA-AMINO ACID CATABOLIC PROCESS%GOBP%GO:1901606		43	0.1912524	0.5793558	0.98710716	0.99044704	1.0	1752	tags=12%, list=15%, signal=14%	
PROTEIN INSERTION INTO MITOCHONDRIAL INNER MEMBRANE%GOBP%GO:0045039	PROTEIN INSERTION INTO MITOCHONDRIAL INNER MEMBRANE%GOBP%GO:0045039		15	0.24319585	0.5764058	0.96045697	0.9910768	1.0	3590	tags=33%, list=30%, signal=47%	
TRANSCRIPTION OF THE HIV GENOME%REACTOME%R-HSA-167172.4	TRANSCRIPTION OF THE HIV GENOME%REACTOME%R-HSA-167172.4		64	0.17707188	0.5758231	0.9932229	0.990986	1.0	4077	tags=34%, list=34%, signal=52%	
INSULIN RECEPTOR RECYCLING%REACTOME DATABASE ID RELEASE 93%77387	INSULIN RECEPTOR RECYCLING%REACTOME DATABASE ID RELEASE 93%77387		25	0.21600291	0.5757676	0.97408026	0.99073017	1.0	3427	tags=32%, list=28%, signal=45%	
POSITIVE REGULATION OF SMOOTHENED SIGNALING PATHWAY%GOBP%GO:0045880	POSITIVE REGULATION OF SMOOTHENED SIGNALING PATHWAY%GOBP%GO:0045880		15	0.24279553	0.5747505	0.9584071	0.9907601	1.0	2597	tags=27%, list=22%, signal=34%	
AMINO ACID CATABOLIC PROCESS%GOBP%GO:0009063	AMINO ACID CATABOLIC PROCESS%GOBP%GO:0009063		55	0.18311897	0.57418555	0.99275947	0.99065083	1.0	3770	tags=35%, list=31%, signal=50%	
TRANSPORT OF MATURE MRNA DERIVED FROM AN INTRONLESS TRANSCRIPT%REACTOME%R-HSA-159231.4	TRANSPORT OF MATURE MRNA DERIVED FROM AN INTRONLESS TRANSCRIPT%REACTOME%R-HSA-159231.4		36	0.19664884	0.57158536	0.9830918	0.9911339	1.0	2653	tags=22%, list=22%, signal=28%	
ORGANELLE FUSION%GOBP%GO:0048284	ORGANELLE FUSION%GOBP%GO:0048284		100	0.16226935	0.56724775	0.9978479	0.99210304	1.0	2448	tags=17%, list=20%, signal=21%	
CALNEXIN CALRETICULIN CYCLE%REACTOME DATABASE ID RELEASE 93%901042	CALNEXIN CALRETICULIN CYCLE%REACTOME DATABASE ID RELEASE 93%901042		24	0.21258755	0.5646063	0.97118646	0.99253607	1.0	1965	tags=21%, list=16%, signal=25%	
POTASSIUM CHANNELS%REACTOME DATABASE ID RELEASE 93%1296071	POTASSIUM CHANNELS%REACTOME DATABASE ID RELEASE 93%1296071		30	0.19827777	0.56055415	0.9855442	0.99332386	1.0	3081	tags=30%, list=26%, signal=40%	
METALLO-SULFUR CLUSTER ASSEMBLY%GOBP%GO:0031163	METALLO-SULFUR CLUSTER ASSEMBLY%GOBP%GO:0031163		22	0.21201628	0.5590906	0.97271955	0.99341315	1.0	3346	tags=36%, list=28%, signal=50%	
IRON-SULFUR CLUSTER ASSEMBLY%GOBP%GO:0016226	IRON-SULFUR CLUSTER ASSEMBLY%GOBP%GO:0016226		22	0.21201628	0.55864984	0.9722922	0.99324995	1.0	3346	tags=36%, list=28%, signal=50%	
PLASMA MEMBRANE REPAIR%GOBP%GO:0001778	PLASMA MEMBRANE REPAIR%GOBP%GO:0001778		21	0.21744403	0.55841106	0.9715719	0.9930336	1.0	1611	tags=19%, list=13%, signal=22%	
REGUCALCIN IN PROXIMAL TUBULE EPITHELIAL KIDNEY CELLS%WIKIPATHWAYS_20250810%WP4838%HOMO SAPIENS	REGUCALCIN IN PROXIMAL TUBULE EPITHELIAL KIDNEY CELLS%WIKIPATHWAYS_20250810%WP4838%HOMO SAPIENS		21	0.21237375	0.5560394	0.969697	0.99332654	1.0	3307	tags=29%, list=27%, signal=39%	
RNA POLYMERASE II TRANSCRIPTION INITIATION%REACTOME%R-HSA-75953.4	RNA POLYMERASE II TRANSCRIPTION INITIATION%REACTOME%R-HSA-75953.4		45	0.18054213	0.54892707	0.9929578	0.9946742	1.0	3654	tags=27%, list=30%, signal=38%	
NUCLEOSOME DISASSEMBLY%GOBP%GO:0006337	NUCLEOSOME DISASSEMBLY%GOBP%GO:0006337		17	0.2256247	0.548116	0.9725322	0.9945771	1.0	3720	tags=41%, list=31%, signal=60%	
SUMOYLATION OF SUMOYLATION PROTEINS%REACTOME DATABASE ID RELEASE 93%4085377	SUMOYLATION OF SUMOYLATION PROTEINS%REACTOME DATABASE ID RELEASE 93%4085377		29	0.19577858	0.54774946	0.9851658	0.9943812	1.0	2653	tags=24%, list=22%, signal=31%	
RNA POLYMERASE II TRANSCRIPTION INITIATION AND PROMOTER CLEARANCE%REACTOME%R-HSA-76042.5	RNA POLYMERASE II TRANSCRIPTION INITIATION AND PROMOTER CLEARANCE%REACTOME%R-HSA-76042.5		45	0.18054213	0.5476692	0.9975826	0.9941265	1.0	3654	tags=27%, list=30%, signal=38%	
HIV TRANSCRIPTION INITIATION%REACTOME%R-HSA-167161.4	HIV TRANSCRIPTION INITIATION%REACTOME%R-HSA-167161.4		45	0.18054213	0.54587686	0.9937107	0.9942339	1.0	3654	tags=27%, list=30%, signal=38%	
VIRAL MESSENGER RNA SYNTHESIS%REACTOME%R-HSA-168325.6	VIRAL MESSENGER RNA SYNTHESIS%REACTOME%R-HSA-168325.6		38	0.18631786	0.54565245	0.99265903	0.9940068	1.0	3167	tags=26%, list=26%, signal=36%	
REGULATION OF AUTOPHAGOSOME ASSEMBLY%GOBP%GO:2000785	REGULATION OF AUTOPHAGOSOME ASSEMBLY%GOBP%GO:2000785		41	0.1793937	0.5448158	0.9936	0.9939045	1.0	1219	tags=7%, list=10%, signal=8%	
GAP-FILLING DNA REPAIR SYNTHESIS AND LIGATION IN TC-NER%REACTOME%R-HSA-6782210.3	GAP-FILLING DNA REPAIR SYNTHESIS AND LIGATION IN TC-NER%REACTOME%R-HSA-6782210.3		62	0.17002353	0.5445007	0.99923664	0.993692	1.0	1240	tags=10%, list=10%, signal=11%	
DEADENYLATION-DEPENDENT MRNA DECAY%REACTOME%R-HSA-429914.4	DEADENYLATION-DEPENDENT MRNA DECAY%REACTOME%R-HSA-429914.4		49	0.17626114	0.543172	0.9969064	0.99368644	1.0	3905	tags=41%, list=32%, signal=60%	
RNA POLYMERASE II TRANSCRIPTION PRE-INITIATION AND PROMOTER OPENING%REACTOME%R-HSA-73779.4	RNA POLYMERASE II TRANSCRIPTION PRE-INITIATION AND PROMOTER OPENING%REACTOME%R-HSA-73779.4		45	0.18054213	0.54262656	0.9937255	0.99352545	1.0	3654	tags=27%, list=30%, signal=38%	
RNA POLYMERASE II PROMOTER ESCAPE%REACTOME DATABASE ID RELEASE 93%73776	RNA POLYMERASE II PROMOTER ESCAPE%REACTOME DATABASE ID RELEASE 93%73776		45	0.18054213	0.5424225	0.995173	0.9932927	1.0	3654	tags=27%, list=30%, signal=38%	
RNA POLYMERASE II HIV PROMOTER ESCAPE%REACTOME%R-HSA-167162.5	RNA POLYMERASE II HIV PROMOTER ESCAPE%REACTOME%R-HSA-167162.5		45	0.18054213	0.5400626	0.9952644	0.9934783	1.0	3654	tags=27%, list=30%, signal=38%	
HEME BIOSYNTHETIC PROCESS%GOBP%GO:0006783	HEME BIOSYNTHETIC PROCESS%GOBP%GO:0006783		18	0.21570458	0.5398833	0.98061675	0.9932424	1.0	338	tags=6%, list=3%, signal=6%	
NUCLEOTIDE-EXCISION REPAIR%GOBP%GO:0006289	NUCLEOTIDE-EXCISION REPAIR%GOBP%GO:0006289		50	0.17472537	0.5390896	0.9984472	0.9931248	1.0	3063	tags=28%, list=25%, signal=37%	
DEFECTIVE TPR MAY CONFER SUSCEPTIBILITY TOWARDS THYROID PAPILLARY CARCINOMA (TPC)%REACTOME DATABASE ID RELEASE 93%5619107	DEFECTIVE TPR MAY CONFER SUSCEPTIBILITY TOWARDS THYROID PAPILLARY CARCINOMA (TPC)%REACTOME DATABASE ID RELEASE 93%5619107		24	0.19929561	0.5343327	0.9889924	0.99375516	1.0	2653	tags=25%, list=22%, signal=32%	
22Q11 2 COPY NUMBER VARIATION SYNDROME%WIKIPATHWAYS_20250810%WP4657%HOMO SAPIENS	22Q11 2 COPY NUMBER VARIATION SYNDROME%WIKIPATHWAYS_20250810%WP4657%HOMO SAPIENS		58	0.1682452	0.5330399	0.9977477	0.9937199	1.0	3718	tags=31%, list=31%, signal=45%	
REGULATION OF GLUCOKINASE BY GLUCOKINASE REGULATORY PROTEIN%REACTOME%R-HSA-170822.5	REGULATION OF GLUCOKINASE BY GLUCOKINASE REGULATORY PROTEIN%REACTOME%R-HSA-170822.5		24	0.19929561	0.5320631	0.9889173	0.99362123	1.0	2653	tags=25%, list=22%, signal=32%	
NEGATIVE REGULATION OF SMOOTHENED SIGNALING PATHWAY%GOBP%GO:0045879	NEGATIVE REGULATION OF SMOOTHENED SIGNALING PATHWAY%GOBP%GO:0045879		18	0.21070386	0.5266576	0.978223	0.99425447	1.0	2349	tags=22%, list=20%, signal=28%	
TRANSPORT OF MATURE MRNAS DERIVED FROM INTRONLESS TRANSCRIPTS%REACTOME%R-HSA-159234.4	TRANSPORT OF MATURE MRNAS DERIVED FROM INTRONLESS TRANSCRIPTS%REACTOME%R-HSA-159234.4		37	0.17923792	0.5261955	0.9919355	0.99406326	1.0	761	tags=8%, list=6%, signal=9%	
FGFR2 ALTERNATIVE SPLICING%REACTOME%R-HSA-6803529.3	FGFR2 ALTERNATIVE SPLICING%REACTOME%R-HSA-6803529.3		26	0.18933815	0.51730096	0.99335545	0.9951194	1.0	4524	tags=42%, list=38%, signal=68%	
MITOCHONDRION LOCALIZATION%GOBP%GO:0051646	MITOCHONDRION LOCALIZATION%GOBP%GO:0051646		30	0.18036471	0.5064821	0.9942149	0.99624	1.0	9872	tags=100%, list=82%, signal=554%	
PIGMENT BIOSYNTHETIC PROCESS%GOBP%GO:0046148	PIGMENT BIOSYNTHETIC PROCESS%GOBP%GO:0046148		21	0.19397712	0.50340027	0.9906701	0.9963346	1.0	338	tags=5%, list=3%, signal=5%	
15Q11Q13 COPY NUMBER VARIATION%WIKIPATHWAYS_20250810%WP5407%HOMO SAPIENS	15Q11Q13 COPY NUMBER VARIATION%WIKIPATHWAYS_20250810%WP5407%HOMO SAPIENS		30	0.18009889	0.5030403	0.9942857	0.9961043	1.0	3260	tags=33%, list=27%, signal=46%	
LATE ENDOSOME TO LYSOSOME TRANSPORT%GOBP%GO:1902774	LATE ENDOSOME TO LYSOSOME TRANSPORT%GOBP%GO:1902774		18	0.19659853	0.49503505	0.990161	0.9967023	1.0	2280	tags=22%, list=19%, signal=27%	
FORMATION OF TC-NER PRE-INCISION COMPLEX%REACTOME%R-HSA-6781823.4	FORMATION OF TC-NER PRE-INCISION COMPLEX%REACTOME%R-HSA-6781823.4		51	0.15882939	0.49454188	1.0	0.9964819	1.0	3527	tags=29%, list=29%, signal=41%	
ESTABLISHMENT OF PROTEIN LOCALIZATION TO ENDOPLASMIC RETICULUM%GOBP%GO:0072599	ESTABLISHMENT OF PROTEIN LOCALIZATION TO ENDOPLASMIC RETICULUM%GOBP%GO:0072599		31	0.17041853	0.48335862	0.9983051	0.9972217	1.0	3811	tags=29%, list=32%, signal=42%	
DNA MODIFICATION%GOBP%GO:0006304	DNA MODIFICATION%GOBP%GO:0006304		24	0.18236947	0.48234293	0.9930374	0.99703336	1.0	3523	tags=38%, list=29%, signal=53%	
MRNA 3'-END PROCESSING%GOBP%GO:0031124	MRNA 3'-END PROCESSING%GOBP%GO:0031124		25	0.169593	0.45520356	0.9947507	0.9985673	1.0	2002	tags=16%, list=17%, signal=19%	
KLEEFSTRA SYNDROME%WIKIPATHWAYS_20250810%WP5351%HOMO SAPIENS	KLEEFSTRA SYNDROME%WIKIPATHWAYS_20250810%WP5351%HOMO SAPIENS		21	0.17551096	0.45020774	0.9948052	0.9985405	1.0	4596	tags=57%, list=38%, signal=92%	
REGULATION OF ENDOGENOUS RETROELEMENTS%REACTOME%R-HSA-9842860.2	REGULATION OF ENDOGENOUS RETROELEMENTS%REACTOME%R-HSA-9842860.2		74	0.13038933	0.432231	1.0	0.9989888	1.0	4377	tags=39%, list=36%, signal=61%	
PROCESSING OF INTRONLESS PRE-MRNAS%REACTOME%R-HSA-77595.4	PROCESSING OF INTRONLESS PRE-MRNAS%REACTOME%R-HSA-77595.4		19	0.15772037	0.4012083	1.0	0.9994747	1.0	2524	tags=16%, list=21%, signal=20%	
